nk,sample,steady_blocks,psi[0]_sin,psi[0]_cos,psi[0]_amp,Jpsi[0]_y_sin,vx_sin,pi_xy_sin,psi[0]_mean,Jpsi[0]_y_cos,Jpsi[0]_y_amp,Jpsi[0]_y_mean,vx_cos,vx_amp,vx_mean,pi_xy_cos,pi_xy_amp,pi_xy_mean
1,0,251,0.016830779718345873,-0.00023903776472175645,0.01684188614368519,1.2983062754974e-07,-0.00011220608093036399,5.894806935446515e-07,-6.911248908274132e-21,-1.8394053861591176e-05,1.8403454720520352e-05,2.7431323087145512e-08,-0.00021497227724396847,0.00032684509991850585,6.272318345139414e-21,-1.2291054562986118e-06,1.0225192794649856e-05,7.522619966484904e-23
1,1,251,0.017177090545565883,-3.906085447368667e-05,0.017181195278057077,2.6568712081564887e-08,-0.0002621481375632367,-1.0689373936778606e-07,-2.3037496360913813e-21,-1.8421989278598454e-05,1.842996859710486e-05,-1.9325371487456352e-07,-4.964376910093147e-05,0.0003236180670166557,-1.6153244518687586e-21,2.8316831461034747e-07,1.0524985399362488e-05,-6.313376383087332e-23
1,2,251,0.01630939118947066,0.00022051848921448693,0.01631352131861528,8.400090214627227e-08,-0.0004983268756143338,-1.660082955376623e-08,6.911248908274135e-21,-1.8321578316232233e-05,1.832833418872578e-05,-7.682988480666916e-07,-0.00037467150473875175,0.0006706615572725669,1.0708836199018513e-21,2.6110411302666798e-08,1.0509217932783536e-05,5.230681546789504e-23
1,3,251,0.016867594440381713,0.0002618110112391812,0.01687740359414077,1.2541241549870579e-08,-0.00014232609324428297,-2.0843284681397814e-07,-7.141623871883269e-20,-1.8302654514101315e-05,1.831370324788784e-05,7.545699013174545e-07,0.00014707121566550453,0.0003238143061274572,6.43430074142709e-22,2.698044168260202e-07,1.0688173590427003e-05,4.358901288991255e-23
1,4,251,0.016491794285583058,-0.0003648438222868875,0.016500221403955902,4.029478301807401e-08,0.0001627367111230492,-2.1393647864677644e-07,5.759374090228443e-20,-1.8414828011323362e-05,1.84233143403006e-05,1.71502083786997e-07,-5.486317038883057e-05,0.0004169892780942401,7.109227392625735e-22,-3.3244989841183546e-07,1.0221612565812149e-05,-1.165654570507661e-22
1,5,251,0.0158834047286859,-0.0004934982195813777,0.015903584072068173,1.573852655447739e-07,0.00032436151757818464,4.7502079437111404e-07,-9.214998544365513e-21,-1.8476754117707554e-05,1.848877287154067e-05,1.780903790525556e-07,-0.00022886893618795405,0.00048501831168347876,-2.141767239803702e-21,3.233228325038124e-07,1.1396849339589254e-05,-8.141302730083665e-23
1,6,251,0.01689536332100311,3.5360056639908443e-06,0.01689772574180467,-2.7076016241353163e-08,5.051546065099172e-05,5.04609200425128e-07,6.220124017446719e-20,-1.845854056970302e-05,1.8467592661633306e-05,6.281978673336563e-07,0.00018402078019824202,0.0003456030535771067,-6.389305631347176e-22,4.278107812119184e-08,1.0162284767305369e-05,-5.708754591388547e-23
1,7,251,0.016168238380414705,0.0003269282010841626,0.016189499547955555,1.1305129912417761e-07,6.633101461555512e-05,-2.6577566063266815e-07,-2.5341245997005152e-20,-1.8373419643056237e-05,1.8387948211087795e-05,-6.050738353735435e-07,0.00024249793199916344,0.0003436083455655893,-1.3835996349572236e-21,8.325593364396471e-07,1.0724503907770622e-05,-7.367949275585216e-23
1,8,251,0.01742558537623806,-5.212798207585847e-05,0.017442260069887534,1.0664249035112889e-07,-0.000330092157077887,-3.880461959356126e-07,2.0733746724822392e-20,-1.8400451120586508e-05,1.8408226685472236e-05,-4.353861113926343e-07,4.067537525585905e-05,0.0003583597587786614,-2.1147701737557553e-22,4.0068132317018993e-07,1.1051593784853265e-05,8.942778128382056e-23
1,9,251,0.01628248840655639,0.000319555572939495,0.016303934445114878,-2.8711233963256846e-08,-0.00022835159544177866,1.0593568635668212e-06,3.225249490527928e-20,-1.854236436417043e-05,1.8552476655151765e-05,8.13841030603275e-07,-0.0001245638443507031,0.0003288843979406664,-5.0844474390298e-22,4.7335367609837036e-07,1.0997367732708521e-05,-2.3622432791952616e-23
1,10,251,0.01730528225078505,-0.00023969181765598382,0.01731241726674912,-8.962530275550203e-09,8.031968899069421e-05,-2.2423371240861886e-08,4.6074992721827547e-20,-1.8219915507086187e-05,1.8229316931906864e-05,-5.065060075252682e-07,0.00012102938790225838,0.00043651036435797,-9.67394866718059e-22,3.7059933765325465e-07,1.0717969190410348e-05,-4.1339257385917035e-23
1,11,251,0.01636323108113806,-8.913480854165286e-05,0.016367131665152655,-1.2570390398602248e-09,-4.658782434013059e-05,-5.0224584869047e-07,-3.685999417746204e-20,-1.8498074825131e-05,1.8510645054169182e-05,9.259251903768404e-07,-0.0002575449329639073,0.0004398328897257208,-1.8582980463002714e-21,3.3379171132059926e-07,1.0868860477607016e-05,-9.533338948180868e-23
1,12,251,0.01738338904519179,0.0002560292354007911,0.01740413409083798,-1.3944131744182713e-07,0.0002732887828505698,7.742932080145504e-07,1.1518748180456891e-20,-1.8409993830156862e-05,1.842386103251482e-05,-5.533953869846044e-07,-0.0005868181901925647,0.000664521444762902,-1.4173459675171562e-21,-3.302832974879617e-07,1.1262598184180456e-05,-1.6521641982466833e-23
1,13,251,0.01636805410760394,-0.00015436668765998385,0.016375759196899778,-6.100407157678371e-08,-4.761103744739487e-06,-3.9532035777529677e-07,-6.911248908274132e-21,-1.844824690669458e-05,1.8461615545930963e-05,-1.833926832106745e-07,-6.900785965511485e-05,0.0003659722488877659,-1.255363571229481e-21,5.661186620351531e-07,1.0909076347333734e-05,-1.040511920597911e-23
1,14,251,0.017380812869305796,8.115805879343342e-05,0.017385375047513068,-1.4125370636093713e-08,5.1683742512013686e-05,9.004069103496639e-08,4.146749344964479e-20,-1.8350989752582195e-05,1.8360014518455452e-05,-2.0961782866064387e-08,-0.00019321491316337774,0.00037513654954429243,5.039452328949886e-22,7.504513917678012e-07,9.919352422378565e-06,1.354071593967283e-22
1,15,251,0.016793123294744684,-0.0004181111028359979,0.01681096803678724,1.181826926666703e-07,-8.427300103798056e-05,-1.0033997834600332e-07,2.3037496360913798e-21,-1.8415083079341416e-05,1.8426643504456518e-05,1.500863713145706e-07,-0.00013685734124684715,0.00023760691408054074,-1.0843821529258242e-21,6.148505622241602e-07,1.0915210968790783e-05,-5.877486254188205e-23
1,16,251,0.017084526914278128,0.000336363810925701,0.017096551090797083,-7.618101247004093e-09,1.4596517902541506e-05,1.7291207427928596e-07,-1.382249781654826e-20,-1.8444847815596026e-05,1.8454887159686845e-05,4.6295666348894895e-07,0.0005551124875724522,0.0005837641445342973,1.3948484124772024e-22,2.1943541710582598e-07,1.0597706580638005e-05,-1.6577885870066734e-22
1,17,251,0.016790557463338324,-0.00033879714376389776,0.016799586563831324,-4.736154972927112e-08,0.0001292800898269319,1.2996739287855404e-06,-4.377124308573617e-20,-1.8410354179218135e-05,1.8422879424697192e-05,3.5201290453341565e-07,-0.00017967074569646144,0.00047048251848012845,9.808933997420316e-22,8.154274010597059e-08,1.0913854743672791e-05,3.121535761793735e-23
1,18,251,0.017454197223959113,-0.0005219600208879613,0.017467851328408026,-1.0561077470104668e-07,-0.0005672900866360086,-3.976052433059539e-07,9.214998544365513e-21,-1.8345103007575517e-05,1.8353675431092748e-05,2.9445606588425795e-07,-0.00020776943358938863,0.0006372391492557131,-4.715487536374538e-21,7.079159553065336e-08,1.0228053994504437e-05,-6.411803186387134e-23
1,19,251,0.01667625532742226,-0.0001472821176582629,0.01670105777068323,-1.0242191376172384e-07,-6.923142130575721e-05,1.8610131053644695e-07,-6.91124890827413e-21,-1.8479857685582153e-05,1.848941831512215e-05,1.745147217144355e-07,-0.00013824753320522488,0.0002156244747670329,7.019237172465918e-22,-5.734746038906456e-08,1.0789785281589588e-05,1.4693715635470514e-22
1,20,251,0.017435087929979044,8.729322707009749e-05,0.017444279498345934,-8.68877413079113e-08,0.00030898346150449194,5.233486157760633e-07,-2.303749636091377e-20,-1.819867449958965e-05,1.820858651491989e-05,-1.8055173430232062e-07,7.707196511839554e-05,0.00036556129070082147,-2.375741812219233e-21,7.063500574095451e-08,1.0825948308303461e-05,1.2317411384375285e-22
1,21,251,0.016278691025408572,0.00022441168939837684,0.01628752838178745,4.012187749432916e-08,-0.00023340557752908508,1.1446425219974031e-07,6.911248908274129e-21,-1.8372112635565516e-05,1.838032395726802e-05,2.8501004861887684e-07,0.00034852437059809514,0.0004518161601811648,1.1338767740137249e-21,1.8427156588725228e-07,1.0662077027126751e-05,-1.7857434312964184e-23
1,22,251,0.01709282742444067,-0.00020619957126369714,0.017098671588734994,1.8147275465880107e-08,-0.00018515090505586066,3.6118659202019485e-07,5.06824919940103e-20,-1.8362255784394135e-05,1.8373272630404755e-05,-3.8491253692141516e-07,0.00017758712639637394,0.00036258880405975037,1.286860148285418e-21,-4.415441330965662e-07,1.0549155773414015e-05,-8.647497718482648e-23
1,23,251,0.018049902493288656,-3.813740973160846e-05,0.018056733599206537,-4.67700258828581e-09,0.0005383660154167508,2.8283814944095537e-07,9.214998544365507e-21,-1.8447541031184824e-05,1.8456144147456593e-05,7.781984968409471e-08,0.00035355423726091654,0.0007036152757670166,3.9235735989681265e-21,-5.379210831634578e-07,1.024879562130742e-05,-7.030485949985891e-23
1,24,251,0.016279582958339995,0.0005272314039659424,0.016296582251042042,-9.278808302191545e-08,-9.894212000391967e-06,-1.917518955757982e-07,-4.377124308573616e-20,-1.8397581075936747e-05,1.8412154718169184e-05,-3.312495865335789e-07,-0.00019487137039323458,0.0004128372230993753,3.1496577055936813e-22,4.2965568600237064e-08,1.0635617223776076e-05,-7.564802882184822e-23
1,25,251,0.01655929651108704,1.341200113055152e-05,0.016573858081713515,-2.167591993184085e-08,0.0001466372541022609,-1.1252326343542153e-06,2.073374672482239e-20,-1.8417689113470517e-05,1.8430327539470682e-05,-5.4199459660408704e-08,-9.091264378306119e-05,0.00034787789630418193,-1.7728073371484426e-21,8.871316258382941e-07,1.097628038096704e-05,9.75831449858042e-23
1,26,251,0.016589490734374292,0.00012108988837588318,0.01660829517644155,5.234578296763575e-09,-0.00017698748225721038,5.028175175329424e-07,4.6074992721827595e-21,-1.8504890992337935e-05,1.8520105873080646e-05,4.493215558049762e-07,0.00032906530090163154,0.00046513930625151134,1.777306848156434e-21,6.842300358392943e-07,1.070175210808474e-05,-5.736876535188487e-23
1,27,251,0.017084054398161963,-0.00013916406812600727,0.017089656196448828,5.4919719658399065e-08,-0.0001785943359946697,-9.158005096029383e-07,-1.1518748180456882e-20,-1.827962811720318e-05,1.8287472023061008e-05,1.4304798768835557e-07,-1.663835288343635e-05,0.00046116949103228557,-1.088881663933815e-21,1.9008060262303533e-07,1.0580882268338318e-05,-7.719473573084509e-23
1,28,251,0.016401054370993103,-1.7520178395196014e-05,0.016406952051943185,5.1766011300434317e-08,0.00011565363158881112,4.897967447278523e-07,-3.455624454137066e-20,-1.8700397210610886e-05,1.8709869063094492e-05,1.5818746626001408e-07,-0.00041823083438000423,0.0005524764901679181,1.7683078261404516e-21,-1.814814051592452e-08,1.0474875516588556e-05,-2.356618890435271e-22
1,29,251,0.01690042872026206,0.00013118777486281023,0.016918746133687972,-1.7447117866223859e-07,0.0003805232350306686,1.1930634942951306e-08,-6.91124890827413e-21,-1.8442490330887344e-05,1.8453227351961616e-05,-3.742637092138534e-07,5.98395445029847e-05,0.0005122860230964627,1.2643625932454633e-21,-7.20966425370652e-07,1.009885814573937e-05,1.926353150296134e-23
1,30,251,0.017163782571584647,-1.7276608161713167e-05,0.017174253355348498,-7.400807672115949e-08,-3.398440666754322e-05,1.0271519285038692e-06,4.837874235791891e-20,-1.8354224655437266e-05,1.83623933308054e-05,5.278255249779477e-07,-0.00025016663590918367,0.00040047519060917516,-2.1912618608916026e-21,-5.140663357751753e-07,1.0744538678316938e-05,-1.1248777519977268e-24
1,31,251,0.016738984776761334,0.0003567300887945858,0.01675133594139553,-3.556511781849069e-08,0.0002292188611594727,9.79757929576646e-08,5.98974905383758e-20,-1.8514137220781347e-05,1.8524151641037506e-05,3.362850401347459e-07,-7.323688462261805e-05,0.00042856788830067583,-2.780697802938421e-21,2.4138597886447684e-07,1.1041248325704024e-05,-4.091742822891789e-23
1,32,251,0.01693610314361885,-0.0003180474176993068,0.016951972130970456,-9.159364560047861e-08,0.00022889043163015627,3.9264424022861205e-07,-5.298624163010167e-20,-1.8362284843794898e-05,1.8370066780419257e-05,1.0171226226403616e-07,0.00019949535770769818,0.0004716612866927457,3.991066264087992e-21,6.887106709707174e-07,1.0699195565785548e-05,1.4806203410670288e-22
1,33,251,0.016412675764039902,-0.00022877943057414708,0.016422425463076016,3.903662031595773e-08,-0.0002709932927336809,3.4806746819213565e-07,1.6126247452639642e-20,-1.8320450238420996e-05,1.833181144191542e-05,-1.8055253448875254e-07,0.00010536229537504449,0.0003460891127858677,1.2688621042534539e-21,3.169209601036315e-07,1.083217160450459e-05,1.757621487496473e-23
1,34,251,0.017161973880539947,5.177037427022206e-05,0.017170382881303816,1.0023576336452432e-07,4.752376597167389e-05,1.1568163501203234e-07,1.8429997088731017e-20,-1.8465046665467538e-05,1.8473833601744985e-05,2.6328994582595213e-07,0.00039470130970595415,0.00047402799365596157,2.879687045114222e-22,5.941442811594163e-07,1.0607665945326985e-05,-1.2373655271975172e-22
1,35,251,0.016116011482803158,0.00011943702773742729,0.016119835457871996,-3.723515914617303e-08,0.00014647869126481713,-4.7023574406220226e-07,2.5341245997005137e-20,-1.8533612255783453e-05,1.8544072439102606e-05,5.783911192719237e-07,0.00012956339890230845,0.00037667862481099214,-1.5748288527968407e-22,-2.1241315131193968e-07,1.107819075413042e-05,1.0616033784478698e-22
1,36,251,0.017752191448167313,-0.00012109515760140148,0.017756201306361904,3.7349161144591476e-08,-0.00024163760889140396,2.586155658112363e-07,2.3037496360913798e-21,-1.8544461934245223e-05,1.8552548807939565e-05,-1.471349415102088e-07,0.00017517119307960805,0.0003900755690290195,-2.5107271424589616e-21,-6.804993196042458e-07,1.0870457515621336e-05,1.214867972157562e-22
1,37,251,0.015512840998721767,0.0002755664108007763,0.015526404940939586,7.191474478330484e-08,-1.6291536985791787e-05,-1.4677465964527218e-07,-2.303749636091377e-20,-1.8367635885818527e-05,1.838644139512755e-05,-2.3322952578895606e-07,-3.9014391581193e-05,0.00029667887552694416,3.109162106521761e-21,4.245477516453128e-07,1.0939843117509151e-05,1.7154385717965563e-23
1,38,251,0.01761337922889095,-4.717867145311691e-05,0.017627793548290846,-2.6788341189119836e-08,-0.0001086530400737968,-2.3560088583681355e-07,-5.2986241630101685e-20,-1.8391651624653955e-05,1.8403367002475983e-05,-3.8804192956844835e-07,-0.00038230497242934585,0.00047406397447964107,5.759374090228444e-22,-3.4395082064955443e-07,9.953138544000333e-06,9.730192554780474e-23
1,39,251,0.017251934263692,-0.0005070028239999968,0.017270270958533635,9.133800338757884e-08,-0.00027740367674300003,2.4153663635480215e-07,2.7644995633096527e-20,-1.826304061068419e-05,1.8276766852729618e-05,3.67060700429038e-07,-0.0001687258302804673,0.0003818313266213722,3.5996088063927757e-22,2.4565593339928123e-07,1.062594380372845e-05,-2.8121943799943472e-24
1,40,251,0.017456478971141075,0.00022973654693330162,0.017477325231750853,1.1337038184657024e-07,-3.925159867710096e-05,-3.5486372649156483e-07,1.1518748180456885e-20,-1.860382012474627e-05,1.8611772762764286e-05,-2.66705547621802e-07,0.00039818770819373015,0.00047296706045163597,-6.839256732146277e-22,-6.559986087420403e-07,1.014403124612188e-05,1.8701092626962472e-23
1,41,251,0.01776724303640496,1.4603772514340858e-05,0.01777353136639863,-2.7764957660776977e-08,0.00016600750986770575,-5.890273322698717e-07,-5.298624163010167e-20,-1.842741195359333e-05,1.8435131897501444e-05,2.649874652262093e-07,9.52103520724475e-05,0.0003925657806180071,-2.6704597832426413e-21,-2.86332834493898e-07,1.0349353500388962e-05,-1.926353150296134e-23
1,42,251,0.016785936514775668,-1.4910318642148177e-05,0.01678769448897885,-4.367086869240162e-08,-0.00030207735549922206,-7.835567739505439e-07,-1.8429997088731023e-20,-1.859694215262516e-05,1.8604723487402163e-05,8.235167238720573e-07,3.2030014552080396e-05,0.00041197237891913373,-1.8268014692443346e-21,-1.4995567851535853e-07,1.0619880996802853e-05,1.9122921783961626e-23
1,43,251,0.016661459822271657,-0.0004404122506729048,0.016678319214332608,-1.233973023475488e-07,0.00015161432312410956,3.1600112887942114e-07,-1.3822497816548266e-20,-1.8246059585259352e-05,1.8261003258157335e-05,-4.6109863360548613e-07,0.00017366981001287318,0.00039779390115315206,4.0495599071918743e-22,8.292921726986893e-07,1.0594054171461263e-05,-4.865096277390236e-23
1,44,251,0.017925001512563266,-0.00015632617800435798,0.017932894619558628,2.3089095578575115e-08,-0.00048640406229499,-1.2553719764772183e-07,6.911248908274132e-20,-1.841102236753017e-05,1.8418749829867104e-05,-1.0555054682866865e-09,0.000638256536312314,0.0008581136665706672,-6.614281181746721e-22,-2.7956365515430444e-07,1.0548898502711926e-05,-6.678961652486621e-24
1,45,251,0.017029317517552458,-0.00030920251341792375,0.017048002787283644,2.3482200515558808e-08,0.00016734163779700008,-3.683236901954952e-07,-5.528999126619304e-20,-1.8344964710369846e-05,1.8356244481779397e-05,1.9358465016390908e-07,-0.00048277774128597004,0.000578231836820977,-5.579393649908806e-22,7.107401979540661e-07,1.0057615250493175e-05,6.93205914668609e-23
1,46,251,0.017303829376352713,-0.0001556211483173118,0.01730936657162546,8.608683268057702e-09,-8.140506105420397e-05,-5.010498613241796e-07,3.455624454137065e-20,-1.8426189933978758e-05,1.8433927523384796e-05,1.8633202714385263e-07,-0.0003235926383816817,0.00047897382222131225,-1.844799513276298e-21,-8.456680533737415e-07,1.0478055819787425e-05,1.88417023459622e-23
1,47,251,0.015590014004167582,-0.0001998250794607598,0.015606710999435116,7.710654606071083e-09,0.00013876997326195802,1.762688200538669e-07,1.8429997088731017e-20,-1.8380911087420674e-05,1.8396252169485635e-05,1.2558761256133573e-06,-2.5445440349869112e-05,0.00027832998203102097,2.0922726187158017e-22,-5.758448255760019e-08,1.0629862086675898e-05,-1.2514264990974887e-22
1,48,251,0.016597286493599907,0.0003715666264072037,0.016609593373540593,-7.363692555585572e-08,7.12209760790712e-05,4.5316132267623574e-07,-1.5346055333762835e-36,-1.8586529074992386e-05,1.859566531274884e-05,-2.5686726460918464e-07,-3.791260022555671e-05,0.000314493461293134,-2.5242256754829345e-21,3.8448754689533486e-07,1.0726545753693331e-05,1.9854092322760157e-22
1,49,251,0.016752020625138343,7.154920555800938e-05,0.016756365619568506,-2.2355424100259538e-08,-0.0001867335441297299,-3.4979816181842194e-07,-1.3822497816548263e-20,-1.834805164469965e-05,1.835803712231068e-05,1.5390630289357313e-07,0.00032521964403733574,0.00046604377996358896,-2.699706604794586e-22,-3.35235733830065e-07,1.0396452660715104e-05,-3.9089501881921563e-23
1,50,251,0.016722890581873383,7.012184208818063e-05,0.016728596228735598,-7.284562009910147e-08,8.053060233156457e-05,-3.5400481348234086e-07,-6.680873944664994e-20,-1.8445577882680002e-05,1.84521546988411e-05,-8.294264010098735e-08,0.00024837994553259863,0.0003429057043793552,1.5343332537249215e-21,-1.1360286266297848e-06,1.0120647225977629e-05,-3.7402185253924956e-23
1,51,251,0.0165445903490215,8.548773503667878e-05,0.01655642281471566,5.1351395874986846e-08,-8.724140731295638e-05,8.270309035472162e-07,-1.612624745263964e-20,-1.8604674752054988e-05,1.861611486359654e-05,3.995763261762699e-07,-4.604928847851833e-05,0.00029913746862291304,-1.5793283638048304e-21,6.20873618254008e-07,1.04690491797806e-05,1.3090764838873732e-22
1,52,251,0.017311871356576577,-0.00014219914312861443,0.017320758841440916,3.191186151529191e-08,-5.391478141747398e-05,-1.4023064341806358e-07,3.455624454137065e-20,-1.8341427549764428e-05,1.8349397313036407e-05,3.3359587442473984e-08,-0.0002683463831739939,0.00035253927244393733,-1.842549757772303e-21,2.836425308126683e-08,1.0797911619044572e-05,-1.630369691801728e-22
1,53,251,0.016523547366381498,7.341403510525964e-05,0.016533689155675695,2.9516064059335933e-08,-0.00024298573895158818,-5.161487131586337e-07,2.3037496360913692e-21,-1.859650514172907e-05,1.860851674062993e-05,6.290186180758723e-07,-0.0005322272859328214,0.0007168138646959789,9.44897311678104e-23,3.3327151272769495e-07,1.0675138301422245e-05,4.780730445990393e-24
1,54,251,0.017252725810822107,-0.0003120291482902261,0.017260905352312145,-5.706712196661294e-08,-4.35516091405976e-05,7.095385098085689e-08,-4.607499272182754e-20,-1.835703402868716e-05,1.8362283804916266e-05,1.3452884252695922e-07,-0.0003572136199311173,0.0004298919274221302,-1.849299024284289e-21,4.3670263630164677e-07,1.0401147542287841e-05,-6.327437354987291e-24
1,55,251,0.017302248529982876,-0.000212589521790572,0.01731416150346337,-1.5334225941309877e-08,0.0002670019547785557,1.2481989600440476e-06,7.371998835492407e-20,-1.8282792719184087e-05,1.8295960931797028e-05,-6.164903831570319e-07,-0.00031427730018949545,0.0005222638819235663,1.7098141830365734e-22,-1.4740849590709133e-07,1.0794599628008552e-05,1.0897253222478136e-22
1,56,251,0.017336265787106044,-3.238477126089903e-05,0.017345033276461252,-9.049190745911026e-08,-0.00042195011934423164,1.359557612840546e-06,1.3822497816548263e-20,-1.8510686302419477e-05,1.852319519643066e-05,-2.6067862734968557e-08,-5.9997627717302455e-05,0.000497828935990271,-8.009129594223932e-22,1.2714190529534002e-07,1.0450188364257658e-05,-8.239729533383467e-23
1,57,251,0.016572714266849628,0.00010402913579503077,0.016585798037354,-1.637092693134105e-09,7.144320187547622e-05,2.558918158085164e-07,-6.911248908274126e-21,-1.8375083799086833e-05,1.8385745572792365e-05,5.170359679286989e-07,7.514704573319618e-05,0.000347091904604398,2.924682155194135e-22,4.5006045776124837e-07,1.0685320468995164e-05,5.947791113688065e-23
1,58,251,0.017639546657398978,-3.429527220070727e-05,0.017642840060718205,-8.089915244452803e-09,3.614835688421356e-05,3.2862950454036583e-07,-2.994874526918791e-20,-1.839240324253689e-05,1.839976181956068e-05,-1.1305488628307595e-07,-0.00018748994346953936,0.0002855953780264842,-1.9122921783961634e-22,-7.085604610055713e-07,1.1110802489204667e-05,2.3622432791952616e-23
1,59,251,0.016644649168245193,9.551088103872224e-05,0.016649525810141667,6.819089058202323e-08,-9.227723743122965e-05,1.0528659559557087e-06,9.214998544365508e-21,-1.842913354988108e-05,1.8435977082742283e-05,-4.106384101267363e-07,-0.0005462623291765448,0.0006074282917906492,-1.1608738400616705e-21,-2.8069570204781447e-07,1.0237143917616103e-05,1.6873166279966142e-23
1,60,251,0.016923271407935887,-1.5109469682301167e-05,0.016927326934939868,7.991348072189737e-09,-0.00036694781175213525,1.6954828841931235e-07,-1.842999708873102e-20,-1.8407525024031586e-05,1.8416687485961698e-05,6.023868373614449e-07,-0.00024307369111862775,0.0005156919027143746,-1.696315650012596e-21,-9.210495388612383e-07,1.0211461106093325e-05,2.1063335906157737e-22
1,61,251,0.017632784891353656,-0.0003093487005304904,0.01764055941322247,-1.5851456154301097e-08,0.0004396514956015503,5.731721075665676e-07,7.832748762710684e-20,-1.8467464196021687e-05,1.8475320568234723e-05,3.6210893845119144e-07,2.3610767723961707e-05,0.0005115656199448685,9.313987786541306e-22,4.951293722486274e-07,1.079984031124616e-05,-3.6558526939926674e-23
1,62,251,0.016536580595837062,3.739390154171213e-05,0.0165465509485059,1.355416408735172e-07,-7.856957522864772e-06,-1.1924102619598176e-07,1.0827623289629472e-19,-1.8528312880365784e-05,1.854277037346962e-05,5.698819930822814e-07,-0.00011278939956753626,0.00035106299116167636,-9.673948667180589e-22,3.9719315952905116e-07,1.0669589250197199e-05,5.230681546789504e-23
1,63,251,0.016957505796524577,4.566839419957436e-05,0.016967770668596924,-6.436754723339951e-08,0.00019525920918653299,5.652158531848221e-07,3.069211066752567e-36,-1.8373694263278118e-05,1.838227912606983e-05,-1.769434987953012e-07,0.0002089428050046631,0.0005168316470081225,-2.7222041598345404e-22,-2.2723769247687103e-07,1.0677067549551843e-05,1.2233045552975466e-23
1,64,251,0.017144336939433447,0.00011098154838711426,0.017151831208332646,-5.820743674061852e-08,0.0002705889793680827,6.373701056366542e-07,-1.382249781654826e-20,-1.830817535274237e-05,1.831666359640369e-05,-1.8564980513426166e-07,0.00031876099417489114,0.0004587949951713659,1.7098141830365725e-22,-2.3257282313616268e-07,1.0591983752474175e-05,1.0953497110078018e-22
1,65,251,0.017329464412402025,0.0007161062098124329,0.017357214766030072,6.083543741384411e-08,-5.7637513855014715e-05,-2.447234883669373e-07,-5.989749053837582e-20,-1.8387559585852562e-05,1.8400588206334707e-05,-1.6836883305032264e-07,-0.00012384504213997028,0.00035309811704503793,-5.354418099509258e-22,1.2499627208081662e-06,1.0981427187846256e-05,3.346511312193285e-23
1,66,251,0.016786184533306183,8.544470806676882e-05,0.016788710965515388,2.6079672685552234e-08,-0.00041347178180369486,3.848298568750035e-07,5.068249199401029e-20,-1.8610041317382268e-05,1.8616467701106352e-05,-5.47689514843634e-07,-0.0002393412215630151,0.0005024453752176183,4.499511007990907e-24,6.534011884738049e-07,1.0843476960584937e-05,1.4145337731371615e-22
1,67,251,0.017463092697559177,-0.0003040047697724733,0.017468110406745046,1.3944217269561155e-08,3.168883306721287e-05,3.954838746727156e-07,1.5346055333762835e-36,-1.8546528499416778e-05,1.8552793851587034e-05,3.6194329553929885e-07,-0.00020700880846904576,0.0003731023656743939,-2.2002608829075845e-21,-7.615441735509061e-07,1.0625411558991442e-05,-4.4573280922910555e-23
1,68,251,0.01663491656981398,-0.00037617532946508116,0.016657900452111823,1.869400507393931e-07,0.00026482870307671273,-2.484908169441944e-07,-4.146749344964479e-20,-1.8630606971301104e-05,1.8641664169560475e-05,1.3185680662228037e-08,-8.562317127686483e-05,0.0003547297262035356,-1.9572872884760726e-21,6.615073860044343e-07,1.0312014165381855e-05,-4.7104255864905456e-23
1,69,251,0.017212693859625466,0.0004300980245572625,0.017221844676890027,-1.9866843358348734e-09,0.00013674542614391672,-9.134915426163421e-07,-2.3037496360913752e-21,-1.852499452377889e-05,1.853198282670838e-05,2.9413776835997133e-08,8.450812615035949e-06,0.0003145571237071348,-1.3948484124772008e-21,-7.018348503087436e-08,1.0678835329790295e-05,8.4365831399831e-25
1,70,251,0.016025873255462664,7.176014520253532e-06,0.016044836984176303,1.3179055185503455e-07,0.00019137770304373752,5.606910823466826e-07,-1.3822497816548263e-20,-1.833687442514431e-05,1.834880792337548e-05,1.7359469603862433e-06,-0.00048311545772603855,0.0006336155797032651,4.904466998710155e-22,-5.550111894358028e-07,1.1278426254033e-05,3.683974637792609e-23
1,71,251,0.016990055000926103,7.459144518480028e-05,0.016998403770674457,4.745084771252575e-08,-0.00020635409208777784,-3.089677643987457e-08,2.303749636091378e-20,-1.8476304931685006e-05,1.848604246025897e-05,6.085571160215085e-07,-0.00023306858768038744,0.00041531826619973947,-3.4196283660731337e-22,4.02166922313643e-07,1.0493058033086563e-05,1.0137960739879654e-22
2,0,251,0.018218261595095594,-8.251734620514952e-05,0.01822144924561742,-9.172085741461055e-09,1.3413633223251068e-05,-4.2482933166666504e-07,2.0112814205719627e-21,-3.6866081746704264e-05,3.687321994892699e-05,3.2625992356576665e-08,0.0002808789588923112,0.0004689736278930576,-5.1744376591896535e-23,-1.5013366883097394e-07,1.0528473451465925e-05,-1.6873166279966136e-23
2,1,251,0.017937696403927384,3.03187486084413e-05,0.017945270719681095,-5.180860563710868e-09,0.0004067970107422333,1.0041032242737037e-07,-9.40397800670113e-21,-3.685350365903338e-05,3.686252116252811e-05,5.361386665890433e-07,-0.00033148334009237753,0.000623719760692317,1.6783176059806321e-21,4.122150335609973e-07,1.0869245610945555e-05,-1.9544750940960767e-23
2,2,251,0.01765634974261831,-0.00021385327268452653,0.017668126703378046,-1.130616544334809e-08,6.987904622877983e-06,-1.674520219537048e-07,1.0393870428459144e-21,-3.6799011879307946e-05,3.6807025696251166e-05,1.3574416360838873e-07,4.6661333474159635e-05,0.0004314270823763625,4.7244865583905175e-22,-4.154415863220379e-07,1.0950885250635324e-05,5.666571675688631e-23
2,3,251,0.018043017082358156,0.000125600787535123,0.018048671948984515,-3.783167381408976e-08,-0.00025373405659109117,8.021436364396419e-07,4.6907402258305894e-21,-3.6821329031492785e-05,3.6829696432406016e-05,1.5669095001954694e-08,-0.00015621600157339876,0.00047277571198565336,-1.6018259188447857e-21,8.343559384298757e-07,1.0870286674173707e-05,3.866767272492241e-23
2,4,251,0.017447916298425903,0.00033722402193869555,0.01745742147626741,-1.095244474488052e-08,-0.00010725468004586307,-6.39760535144618e-07,-5.525399517812917e-21,-3.680456912100685e-05,3.681127732065794e-05,9.839709994196872e-07,5.27943732773982e-05,0.0004243837003175748,-3.4961200532089846e-21,-2.6802653091842794e-07,1.0169452742421355e-05,-7.564802882184822e-23
2,5,251,0.017882235799076888,0.0002237726754063632,0.017888865375555976,-2.6301818132918588e-08,7.94207309047321e-05,1.037655291028722e-06,-3.0619172409378532e-21,-3.673202144948682e-05,3.674111683965181e-05,3.9108191800123704e-07,-1.861469793298381e-05,0.0003653542027138664,-5.444408319669074e-22,-1.9493398357034506e-07,1.0585289813858175e-05,-2.952804098994075e-23
2,6,251,0.018186227365813445,-0.0001061436053653796,0.018191812987400968,-1.8364361089035396e-08,-3.938589309325787e-05,-1.8987532007316262e-07,2.5896935606492035e-20,-3.6885643580692215e-05,3.689232023510684e-05,-2.528272109196112e-07,-3.960328607369454e-05,0.0004223678071819558,-7.379198053105196e-22,1.8362557600252403e-07,1.0429137681540144e-05,1.1867460283576188e-22
2,7,251,0.018392415611054168,-2.6828010958751574e-05,0.018398147518685595,2.6464147024436366e-08,-9.539747843718761e-05,-8.240414658339835e-07,9.363482407629215e-21,-3.682803097053195e-05,3.683817874422535e-05,-4.514520676751896e-07,7.068857370762616e-05,0.00045416655237476554,1.4398435225571142e-22,-5.238030069802403e-07,1.0427946874852067e-05,-3.0934138179937922e-24
2,8,251,0.01825354007188982,0.00010998452955118578,0.01825782273003048,-9.837736037002792e-09,-3.954702299333494e-05,5.410194966083293e-07,1.1095794145705733e-20,-3.681916296619321e-05,3.6825967208662154e-05,-1.6620561000646412e-07,-1.681860178035776e-05,0.00035531601538503217,-1.1698728620776526e-21,7.375610235814562e-07,1.0704448457706574e-05,2.1372677287957115e-23
2,9,251,0.017668330191021875,-0.00016589161725202221,0.01767295136459659,1.8075880040418616e-08,0.000266653645144864,3.399542576364378e-07,5.759374090228441e-21,-3.684876190549425e-05,3.685598524729571e-05,-3.6903982642234453e-07,-4.333121469070891e-05,0.0004960320589712797,2.3847408342352145e-21,8.755321924047756e-07,9.75765139963483e-06,-7.874144263984199e-23
2,10,251,0.017995403558572636,-2.0838697348111255e-05,0.01800516482706788,6.349640556056421e-09,-0.00012145435656506229,-1.3339284811931506e-07,-6.0743398607878126e-21,-3.6833556033825047e-05,3.684363455695705e-05,6.419924366115081e-07,6.732662250409412e-05,0.0004234425043186533,9.988914437739957e-22,-8.084608351834361e-07,1.084006959342635e-05,1.968536065996049e-23
2,11,251,0.018164578727981537,-0.00019984799078398552,0.018173447856613203,7.534040538058055e-09,-0.00018907080956474955,-5.208634377459062e-08,-1.5802282660064292e-20,-3.6790263354987786e-05,3.6798938891883276e-05,2.349965382150431e-07,-8.317900692850517e-05,0.0005122656018746274,-2.1192696847637475e-21,9.192833197972455e-07,1.0417322758758507e-05,5.652510703788656e-23
2,12,251,0.017811011275142896,0.0001483105452325083,0.017817596261328648,-7.507976870604924e-09,-5.9168994147915e-05,2.193859561760753e-08,1.4960874101569978e-20,-3.6811477065871233e-05,3.681901763054096e-05,-5.171991501809396e-07,-4.9086816534772906e-05,0.00044082988091638016,-1.8268014692443342e-21,9.874671105807562e-08,1.1118912678483402e-05,6.186827635987586e-23
2,13,251,0.018012866412862906,0.00010093869088981445,0.01801830909442401,9.028123907189041e-09,-3.277476519043641e-05,-7.463203212912101e-07,6.339811010259278e-21,-3.680729453039899e-05,3.681593684185573e-05,6.422363487737849e-07,-2.2125195222762285e-05,0.00046783403028712213,-1.6423215179167047e-21,-1.4072140273730931e-07,1.0684986903800994e-05,8.844351325082253e-23
2,14,251,0.017983835811003546,5.822555264544249e-05,0.01798974466574937,3.1770572548949815e-10,-0.0002024433988159844,5.583118011071328e-07,3.3858820335132055e-21,-3.676383995430238e-05,3.6771983178868564e-05,7.319057368178837e-07,8.537092109880506e-05,0.0004211274823460242,1.0483860648618963e-21,-3.4871753983086016e-07,1.0610364886097472e-05,4.696364614590578e-23
2,15,251,0.01810476749233063,-3.239734170084553e-05,0.018108061350148263,-8.067714346407228e-10,-2.66901754282312e-05,-3.0504993537149263e-07,-6.888751353234174e-21,-3.6779600557907916e-05,3.678574018624011e-05,1.0793561727725347e-07,7.952575142734105e-06,0.00037432871629252844,-6.974242062386009e-22,-1.9054368531489796e-07,1.0617983691365663e-05,-1.2345533328175228e-22
2,16,251,0.01761079782626558,0.00011300497435829167,0.01761995247082449,-3.119666860719164e-08,-0.00016663103115348987,-1.0279467088597829e-06,2.7492012258824844e-21,-3.6805197466221174e-05,3.68129893548041e-05,3.2601728267317524e-07,0.00014769071293963616,0.0006143200332032729,-3.824584356792326e-21,-5.991567036583721e-07,1.0600039190998827e-05,2.3341213353953187e-23
2,17,251,0.018346805410974068,0.00016399019772376388,0.018351347763325816,-8.573023447755358e-09,-0.00017926083263677904,-1.164464615622831e-07,-1.2072188034439776e-20,-3.681203298408863e-05,3.681953584133335e-05,-2.0227598245220523e-08,-0.00028661556575221303,0.0004661974062037782,-1.525334231708939e-21,3.441089437025158e-07,1.0404352113080283e-05,-1.3048581923173817e-22
2,18,251,0.018485213772485562,-0.00011820535034873845,0.018487752528933515,8.665211602457171e-09,2.3937006544460897e-05,-8.115369741018964e-08,-1.5446821290433006e-20,-3.683539433168459e-05,3.6841639087192646e-05,-1.2603693983987332e-07,-0.00018877084886465445,0.00034958843968644227,1.3970981679811968e-21,2.1190229506177588e-07,1.1053070618405841e-05,1.9825970378960217e-23
2,19,251,0.01812582928187187,-0.0001998165999607084,0.018131812278170005,1.9791918259666566e-08,-0.0002819901067805621,-6.089908850828313e-07,-2.031079269007125e-20,-3.680929322680847e-05,3.6818876464641036e-05,3.844255266054702e-08,-0.0003169090064018285,0.0005676629839826157,2.69970660479458e-22,-4.728374690755994e-08,1.1091090326227795e-05,-6.439925130187078e-23
2,20,251,0.01807040294764042,-7.349073572331776e-05,0.01807479425362316,1.4572847911575624e-08,5.43915960507167e-05,-7.239878682507742e-08,8.954026905902032e-21,-3.683818367616387e-05,3.684618284772093e-05,1.8936967127439683e-07,0.0001986000889679887,0.000356751686041912,-2.724453915338533e-21,3.178320102071638e-08,1.0722300351454169e-05,1.9797848435160277e-22
2,21,251,0.018214156261255488,-0.0001390325240343159,0.018219453214454066,1.846941053411676e-08,8.936953060038915e-05,3.686106443156076e-07,2.355269037132874e-20,-3.67859955767725e-05,3.6793367612049164e-05,-8.202774313636614e-07,-1.4784078370337505e-06,0.000437083676362849,1.696315650012596e-21,3.272796669093353e-07,1.0466796704942196e-05,-1.4967904587519964e-22
2,22,251,0.01812655866007927,-0.00010075702554459859,0.018130345494548554,2.302160254301966e-08,-5.430888883367277e-05,3.3003742619317125e-07,-8.679556734414583e-21,-3.6786805088773104e-05,3.679301118853253e-05,-1.968326144059049e-07,-0.0002433412615751049,0.0005039640251272933,1.5388327647329117e-21,-4.840189064027713e-07,1.1016688382041593e-05,2.826255351894329e-23
2,23,251,0.018258851371155602,-2.4810641892447528e-05,0.018262342464955884,4.019062300516596e-08,5.6563107557026044e-05,-5.009066440609631e-07,2.0697750636758365e-22,-3.683616325348784e-05,3.684210213542795e-05,3.2719583500342243e-07,4.9966727760278285e-05,0.00048327644301393775,-3.869579466872231e-22,4.5828810000860315e-07,1.0765897338329625e-05,-1.0658216700178613e-22
2,24,251,0.01821578249747859,1.4567451989523577e-05,0.01822189014177177,2.3518468601450477e-08,-0.00011424585558653244,7.484048050598359e-07,1.4324193293939258e-20,-3.683249511833727e-05,3.684032235236812e-05,4.196612899882282e-08,4.3754001060956886e-05,0.0003781963037112144,-3.050668463417878e-21,6.109062819351514e-07,1.0673812747229565e-05,-2.67158466099464e-23
2,25,251,0.018155119907830048,-6.187212601462065e-06,0.018159426456330643,1.3942984390914107e-08,-1.9687574902148642e-05,5.998020312638443e-07,2.349194697272086e-20,-3.6835960364258335e-05,3.6845518434896694e-05,2.416509201463961e-07,0.0001384505345885257,0.0004492039524143922,-1.9820345990200226e-21,9.3717545471749e-07,1.0431065883902994e-05,-9.58958283578076e-23
2,26,251,0.017999181542574186,-0.00016485289830926448,0.018005250264193196,8.432182599940646e-09,0.00013439454138356772,3.0171164966126355e-07,6.796511377570364e-21,-3.680183778383305e-05,3.681075728398305e-05,-5.76505752088637e-08,-0.00021082535371670823,0.000361725476519589,3.0146723753539503e-21,-4.733355100568316e-07,1.0507135815964999e-05,-2.390365222995203e-23
2,27,251,0.01786694888772947,-7.993383789648238e-06,0.017870746679698558,-2.885743186923994e-08,0.0001263755645794407,-7.958115875832199e-08,1.8252266403915372e-20,-3.6787299771862314e-05,3.679522052428616e-05,-4.439295405565007e-07,4.703371853444863e-05,0.0004203427911013758,-1.4848386326370205e-21,-8.153781496547554e-07,1.111085173645676e-05,-6.749266511986454e-23
2,28,251,0.01779492541325746,5.115754297410462e-05,0.01779874430857133,-2.0711126880752535e-08,4.6078497856568446e-05,-1.1432788967359046e-06,1.0312879230315303e-20,-3.687203237027059e-05,3.687918889471896e-05,-1.153124482057423e-06,-0.00012500370318064625,0.0003504675497236922,-1.781806359164424e-21,-7.995125548036167e-08,1.1098178705332471e-05,2.1372677287957097e-23
2,29,251,0.018228116599294727,6.122303376865064e-05,0.01823285606323544,-7.870321985349676e-09,-0.00013317568933281132,-1.5124658903927025e-06,6.960743529362034e-21,-3.678080463746601e-05,3.6789853229110076e-05,-2.537742937782589e-07,0.00016644547590448827,0.00048146202930002995,1.7098141830365694e-21,-4.762824513666095e-07,1.1174173985722246e-05,-6.468047073987013e-24
2,30,251,0.018453799821027732,-0.00011097653984226157,0.0184587416902175,-4.0233345760901606e-09,-8.432778058233224e-06,2.3629898476710833e-07,3.037169930393867e-22,-3.67927359866401e-05,3.6798918659154325e-05,-1.3529468022512897e-07,4.7456163450366815e-05,0.00044030406976309757,-3.698598048568578e-21,8.774196988745653e-07,1.0791910154754115e-05,2.6406505228147013e-22
2,31,251,0.017882591917821617,-0.00016654476768796823,0.01788932978032903,2.961350309983525e-10,-0.00014597287501363573,1.0291026660207538e-07,5.0214542849179225e-21,-3.680752633897089e-05,3.681585975356011e-05,8.94730657088799e-07,3.716989812929191e-05,0.0003875598867571069,-4.12605159432772e-21,9.773686983005168e-07,1.1078324518363053e-05,1.3779752461972375e-23
2,32,251,0.018240615917002986,9.188852014107505e-05,0.0182435183367229,-3.4689888133185654e-09,2.6125083403851454e-05,-5.3495571577929306e-08,1.2747114685638421e-20,-3.678644499146201e-05,3.679382562741385e-05,-1.728181186486183e-07,-0.00018798541307860599,0.00037924229760771057,-2.645712472698691e-21,4.603085973376816e-08,1.0396671966417634e-05,6.74926651198648e-24
2,33,251,0.017678969581570916,-0.00010728937504704536,0.017684549340639347,8.81989556081949e-09,6.401792504319027e-06,1.1637948282360195e-07,-1.0924812727402079e-20,-3.684302340519415e-05,3.685074580769374e-05,-1.2156060033011856e-07,8.555286990289036e-05,0.00033951636648883363,1.9347897334361174e-21,-3.565743171074916e-08,1.0836080960132508e-05,1.6113873797367666e-22
2,34,251,0.018102039455233435,-0.0002602760643529138,0.01810818013230317,4.29950817577784e-09,1.4477335192447461e-05,-3.668507012608941e-07,-7.064232282545823e-21,-3.683023012269958e-05,3.6838200008611875e-05,4.856213441685443e-07,-0.00025279144648129187,0.0004921830290764368,1.6828171169886233e-21,5.029679840548261e-07,1.021168158527077e-05,3.698035609692577e-23
2,35,251,0.01807345555156391,5.496855203727856e-05,0.01807660051990537,2.0131802579353164e-09,-9.845194258280415e-05,1.814277685105959e-07,1.4902380458466096e-20,-3.6772696396473866e-05,3.6781703125699244e-05,-2.8704390552326927e-08,0.0001259379457717418,0.0004991424222423127,-2.069775063675847e-22,-4.337888492834353e-07,1.039523654589646e-05,1.6198239628767494e-22
2,36,251,0.01835522540810741,3.8203100695687784e-05,0.018358593582458498,9.225210688949323e-09,0.0001803461429292742,2.0516363181749512e-07,-3.7012977551733727e-20,-3.677565260730972e-05,3.678351274573701e-05,2.987788123890055e-07,9.00100572969195e-05,0.0003445830025466021,2.0877731077078107e-21,3.0794709910216674e-07,1.0166312718507018e-05,8.155363701983627e-24
2,37,251,0.01807330179483909,8.781117097125494e-05,0.018080064785957962,3.1602705761937937e-08,6.438329596768045e-05,3.2793480561060526e-07,3.757091691672463e-21,-3.680986697005766e-05,3.681867785602941e-05,6.658696464477087e-07,-0.00011706213617616759,0.00034572049604344833,-4.454515897911065e-22,-4.5099159295117026e-08,1.039985652159368e-05,1.341416719257308e-22
2,38,251,0.018298125707916703,4.442427563845736e-05,0.018302092812287507,-7.3598648457788925e-09,6.892316418897974e-06,-4.980573510616211e-07,6.299315411187156e-23,-3.677568628081553e-05,3.6783015137383226e-05,5.299888603367074e-07,9.220497221953612e-05,0.00038447491613193463,5.390414187573184e-21,1.218765719960048e-06,1.0782292454524483e-05,-2.7278285485945257e-23
2,39,251,0.018483680112848126,0.0001354055872697144,0.01848919306008743,-2.559436368185945e-08,9.732836534392585e-05,-5.019454262003931e-07,-1.5302836938177292e-20,-3.6823507625186606e-05,3.6830070825956934e-05,3.7232951229520006e-07,0.00012651369449988764,0.00032523801654582574,-1.1248777519977424e-21,-4.490894454003683e-07,1.0335058833413608e-05,1.0264509486979407e-23
2,40,251,0.018176793222714635,-8.541696915244758e-05,0.01818072719899571,1.918041363470066e-08,0.00011494437511075973,-5.085286109057099e-07,3.9595696870320534e-21,-3.678811698098007e-05,3.6795388605402214e-05,-1.7482159431376954e-08,1.5635307017781514e-05,0.0003835743237931531,9.808933997420324e-22,-1.4244417341677522e-07,1.0915848422590246e-05,-8.380339252383184e-23
2,41,251,0.017898857407147663,-6.68834999102378e-05,0.01790315425161141,-1.5106360728160226e-08,6.296257926742969e-05,-3.7309670243761446e-07,-9.54346284794885e-21,-3.68672922406433e-05,3.6875952953526035e-05,-4.1916493092835615e-07,3.352100212082637e-05,0.0003449622308008499,2.2947506140753948e-21,-8.717229398777197e-07,1.1143520329467111e-05,-2.8403163237943e-23
2,42,251,0.01827245378730128,7.524574171230938e-05,0.018275952609418472,-3.2179269703461575e-09,-0.0002627061770487346,5.560862184878032e-07,-4.19579401495158e-20,-3.6849980105788445e-05,3.685762313097912e-05,2.384924656861903e-07,-4.3508371160624077e-05,0.00043319782008642967,-2.1687643058516485e-21,3.0709927975779064e-07,1.093750773450579e-05,2.5169139700949497e-23
2,43,251,0.018066193859538546,2.8150582530686164e-05,0.01806874753197015,-1.5556125429937394e-08,5.78978573557836e-05,-6.209074063051205e-08,4.724486558390519e-21,-3.681430975877981e-05,3.682030716626038e-05,5.963408058001967e-08,1.6433617017897546e-05,0.0005041074099674653,-1.048386064861896e-21,-1.5748738341412362e-07,1.118244123234433e-05,-3.3746332559932166e-24
2,44,251,0.01829052630516643,-0.0003107618310651631,0.01830027528848683,-1.4339077823775525e-08,0.0002151506694672672,-1.8334977909638311e-07,-2.325797240030533e-20,-3.68557394534836e-05,3.686367005679873e-05,1.0038380997920811e-07,-0.0001307076164112291,0.0004023317829180037,-1.754809293116479e-21,-3.568928975659612e-08,1.0643726262544986e-05,-7.339827331785272e-23
2,45,251,0.01814205641199298,0.000187481828293905,0.018146198301804223,2.1880825656415918e-08,-0.00014247117060289748,5.697963974593651e-07,-5.426410275637109e-21,-3.6813819175384374e-05,3.682099241806125e-05,6.844696516969734e-07,2.169783834315735e-05,0.0003496313827013604,2.9539289767460726e-21,-1.9103631812533664e-07,1.0284483907034731e-05,8.099119814383747e-23
2,46,251,0.0173336814845769,-5.2907832467657335e-05,0.017338993089844677,1.0980123885216763e-08,6.0772202801941046e-05,5.117908690258083e-07,2.346719966217691e-20,-3.682808296034911e-05,3.6836141276229455e-05,2.0754560441583422e-07,-8.04313189028338e-05,0.0003944148612344846,-1.2193674831655529e-21,3.0456045377115364e-07,1.0599362327547153e-05,-7.452315106985051e-24
2,47,251,0.017945381190880193,9.955496308917287e-05,0.017952486232132876,-2.4582788439507156e-09,0.0001464846547461801,2.680023724027127e-08,-1.163573546666465e-20,-3.677012850529193e-05,3.677935183510242e-05,-7.319761504982968e-07,0.00023988193025223015,0.0003799771594306677,-2.9696772652740403e-22,-8.518694002974562e-07,1.0365491454190769e-05,9.139631734981657e-24
2,48,251,0.017838613650237915,0.00011852851497258783,0.017843375187682434,-2.3655501688590183e-08,2.300738898089487e-05,5.090253842666688e-07,-1.169872862077655e-22,-3.67426911689695e-05,3.67500992635677e-05,-6.214198827384443e-07,-4.250713121064608e-05,0.00039086437161675125,1.2148679721575642e-22,2.1244898535655718e-08,1.102979097268022e-05,1.299233803557393e-22
2,49,251,0.018171930619832976,6.363602364397836e-05,0.01817983671183102,1.29016117849711e-08,3.9220996304938006e-05,-1.6154849154316188e-07,-1.941988951048903e-20,-3.6821064398413304e-05,3.682963739470342e-05,1.7040207959229138e-07,0.00017847945885968508,0.00034221544289539044,1.71431369404456e-21,-1.7455912623574028e-07,9.973594663337536e-06,-4.921340164990127e-24
2,50,251,0.017771073583152063,0.00010823918287706202,0.017775932317100427,7.6917795524695e-09,-7.012946229649821e-05,-4.664946806568093e-07,6.029344750707902e-21,-3.674464712165786e-05,3.675214289517362e-05,2.0467866060600801e-07,-6.258757024816683e-05,0.0002899373149631508,-1.2643625932454627e-21,1.1523127112168894e-06,9.998162866901917e-06,5.286925434389391e-23
2,51,251,0.018160873255390658,-6.603794716707908e-05,0.018164906815390854,2.8004351660890598e-08,0.00014833340051950933,-2.158277327682973e-08,7.097978615105757e-21,-3.6769323185346506e-05,3.677753171883702e-05,4.236009491727434e-08,0.00012134966502772331,0.0004441830668853413,-5.1294425491097055e-22,9.681301073758964e-07,1.0723288279026952e-05,-9.814558386180307e-23
2,52,251,0.018457091712571455,-7.663434000577005e-05,0.018462078620272812,9.948174333891615e-09,2.7550007766186235e-06,-6.166038011960846e-08,1.9458135354056954e-20,-3.680211056844812e-05,3.680846529259495e-05,1.6599399342253653e-07,-6.553783934966888e-05,0.0004745135394622473,1.273361615261445e-21,1.1873410085453716e-06,1.079569387893645e-05,-9.955168105180027e-23
2,53,251,0.018208366484671723,1.3718025149620523e-05,0.018214979773493824,-2.225245428410737e-09,1.942507036925944e-05,-1.9399764813049377e-07,4.121552083319729e-21,-3.683493151179447e-05,3.68436880549922e-05,8.884827571766385e-07,3.56638787869484e-05,0.0003098854920010456,1.1676231065736571e-21,-4.452552261133903e-07,1.0301571586908896e-05,-1.1586240845576752e-22
2,54,251,0.018186733215607077,0.00019813712132198894,0.018190682653407318,-1.722700171925366e-08,-8.290694067864771e-05,1.3580643156525565e-07,1.729612031471729e-20,-3.6766875661473995e-05,3.677375535162069e-05,2.4778624160904025e-08,-0.00016543449756937798,0.00044565650371153706,-9.448973116781039e-22,2.3928335571373183e-07,1.0755927579744921e-05,-2.0810238411958235e-23
2,55,251,0.017795400025691775,-8.341933162467573e-05,0.017800253533887315,6.9828107622652005e-09,0.00013937741845042683,-5.860005627471644e-07,4.580502206134808e-21,-3.682733238248544e-05,3.6835452501455463e-05,-2.694284275781585e-07,0.0002543921647178765,0.00045092318913890223,-9.089012236141763e-22,1.7410561111552304e-07,1.0915968528879484e-05,-3.4589990873930567e-23
2,56,251,0.01801346638085003,9.978750586088524e-05,0.018019191732459704,1.548265805601705e-08,0.00015783468373389937,2.9169745568082177e-07,-1.781806359164425e-20,-3.6830066572563934e-05,3.683878529067364e-05,3.5179025324224567e-07,0.00010385315479120805,0.00039533216496616484,-2.0922726187158024e-21,4.428070621078263e-07,1.0617153897883537e-05,2.007906787315971e-22
2,57,251,0.017855711480546533,-2.4071564360135268e-05,0.017860938646197224,-1.847595689789066e-08,-0.00032210513999562625,-6.86088420298521e-07,-3.275644013817427e-21,-3.68299305759678e-05,3.683778249342166e-05,-5.631702545497803e-07,0.0001386908847507574,0.00048779488852833744,-5.939354530548083e-22,1.568241320764996e-07,1.0288757138975385e-05,1.18112163959763e-22
2,58,251,0.01819457572490941,0.0002638422541511885,0.018200235086587163,2.8053423745964697e-08,6.675101052925215e-05,-1.2794903684168628e-06,9.435474583757067e-21,-3.683140869541099e-05,3.683782892262623e-05,2.7449602386514956e-07,9.377804362642097e-06,0.0003551637651251847,2.8886860671302032e-21,-7.341423369046522e-07,1.0432173437730753e-05,1.6029507965967824e-23
2,59,251,0.018094745446210255,6.290722198607721e-05,0.018099628730704774,1.1740864529061277e-08,0.00022149460771076648,-6.64369577402811e-08,-2.5966678027115893e-20,-3.6875011812417975e-05,3.688284440546415e-05,-5.15747073185615e-07,4.4218471623653714e-05,0.0004461548438276148,2.0247799535959371e-22,-2.764114354518369e-07,1.0152263716025746e-05,-1.4707776607370486e-22
2,60,251,0.018137942046097998,-0.00020659462973872064,0.018147877617945386,-1.7935664523393435e-08,6.221851648349622e-05,6.725186133845233e-07,7.50518436132894e-21,-3.678710284004979e-05,3.679614715252174e-05,3.5808146409548153e-07,7.099175132147416e-06,0.0003771263843885162,5.354418099509253e-22,-2.881120076370443e-07,1.1255400065083087e-05,-2.1850750332556154e-22
2,61,251,0.01839920725433681,0.00021418302384214525,0.018409369254555878,7.251476793725942e-09,0.0001471870895725767,-2.876624810646973e-07,-2.0517770196438833e-21,-3.682025371684601e-05,3.682876960057105e-05,-3.0337469937688445e-07,7.756214751473183e-05,0.0004449642529127496,-1.745810271100496e-21,-4.3333758228656073e-07,1.05261279565274e-05,3.571486862592832e-23
2,62,251,0.017764881017863894,-0.0003143502720553168,0.017773452182324203,2.9799119183255184e-08,-1.682913025507968e-05,-2.9926757127046306e-07,1.3624519332196664e-20,-3.6873373967551923e-05,3.6883426178442945e-05,-7.295054212723083e-07,-8.454130055504079e-05,0.0005245808267339781,-1.5208347207009483e-21,2.6883944323889485e-07,1.0832593013913695e-05,9.58958283578076e-23
2,63,251,0.01797762875360164,9.62018830067893e-05,0.01798374944100969,-7.225296008122265e-09,3.355419192586227e-05,-2.211721765152528e-07,-8.625562602318689e-21,-3.6826603724927373e-05,3.683739997352174e-05,3.1587950977284796e-07,3.633136226587284e-05,0.0003711804407004557,-9.85392910750023e-22,-5.518329646022666e-07,1.024952123699465e-05,8.099119814383748e-23
2,64,251,0.018097541897856242,9.611385777426363e-05,0.018104145876612254,8.544480242050343e-09,-0.00023008478508558986,-3.50702330993519e-07,1.0614346467850707e-20,-3.6823008657757016e-05,3.6835170026772943e-05,-6.913502835570508e-07,9.536357788247495e-05,0.00045028827947141327,-8.031627149263882e-22,2.1747134042033948e-07,1.06996557879711e-05,6.285254439287391e-23
2,65,251,0.01795689810913574,-3.087933596312575e-05,0.017962747427865335,-5.09593188404625e-09,0.00018660932325669253,-1.325761706550973e-07,-1.1806716884968307e-20,-3.67839955921598e-05,3.679346867665222e-05,-6.338996767706061e-07,-2.6151845250132975e-05,0.0003860216439291969,5.93935453054808e-22,2.673537777421982e-07,1.0675008316937762e-05,3.9089501881921563e-23
2,66,251,0.01790839490474273,-0.00023133361779063778,0.0179144526883876,-1.9617261707073412e-08,4.688973364792045e-05,4.989660073390415e-07,-3.77283998020043e-21,-3.6846888524180805e-05,3.6853432752604884e-05,-2.777203526220064e-07,-3.6369879878946514e-05,0.00041881166431024163,-2.371242301211242e-21,6.520685343455987e-07,1.0969832398159694e-05,-1.3695386630572516e-22
2,67,251,0.018673473289279145,-1.8369063566484965e-05,0.018676529733961004,-7.082099546535926e-09,2.2014102172426877e-05,-2.719564331856095e-07,4.62999682722271e-21,-3.685765629427487e-05,3.686568870544128e-05,-4.964458103094857e-08,4.848217541294046e-05,0.00039733064303637544,2.4927290984269985e-21,8.524395988942563e-07,1.1486107129901389e-05,-1.07144605877785e-22
2,68,251,0.018524700860103372,0.00016339253977330588,0.018531353136047663,-6.817125302874874e-09,-0.00011219791190662532,-7.358440132712178e-07,8.369090474863205e-21,-3.6786442961812057e-05,3.679473958597014e-05,-3.709390920432333e-07,-0.0001429494395557308,0.0004611805480648721,-1.4488425445730932e-21,4.7076903809363725e-07,1.0212583071853954e-05,-3.0793528460938235e-23
2,69,251,0.01825420739324825,-0.0003379436350633783,0.018260592236449383,-2.088175043107106e-08,-0.0001318989793695022,-1.1754361015361431e-07,-1.2202673853671514e-20,-3.683598255991834e-05,3.684222464559465e-05,1.8642057057997296e-08,0.00019880647325567702,0.0005100733988712517,8.999022015982007e-24,-4.913397416649481e-07,1.0471902221783833e-05,-1.7716824593964454e-23
2,70,251,0.01822436217737585,0.00021263303274713055,0.018233419971258984,1.3127322925424448e-08,3.66290347373806e-05,-4.554493126828433e-07,1.57932836380483e-21,-3.6808324123194895e-05,3.6815892796427824e-05,-7.762010035163034e-07,-9.496310084291103e-06,0.0003414113524070089,-2.879687045114223e-22,5.989323895139326e-07,1.0565605236822163e-05,-2.0065006901259736e-22
2,71,251,0.017879934600559744,-0.0002053697309567117,0.017889293860771066,5.894632122489767e-10,0.00029394612044371534,-1.268395013989241e-07,-1.1610988156120699e-20,-3.6835441766950904e-05,3.6844496837886074e-05,5.476320177604373e-07,0.00015109024878006541,0.0004934300517809186,-9.235246343901473e-22,-5.083808394024723e-07,1.0342370168308268e-05,1.5565495893268764e-22
3,0,251,0.019010872169657064,3.258806090724533e-05,0.01901412714089399,-2.2906169163610347e-08,7.146498626880655e-05,-2.8227228761528244e-07,8.063123726319821e-21,-5.521592119245399e-05,5.522273349217149e-05,-1.7431321064206506e-08,2.815509049282214e-05,0.00044513545596900093,4.58950122815079e-22,-1.0719254120925368e-07,1.0761806504222036e-05,2.812194379994497e-25
3,1,251,0.01917655283941501,9.812121449704665e-05,0.019181593589531216,8.783153783446223e-09,-0.0001367927113828001,1.8613541776113078e-07,8.06312372631982e-21,-5.523008576777411e-05,5.5236809094794e-05,-5.797647293808984e-08,-5.0774005945569814e-05,0.00037320942945333335,2.0067819095639733e-21,-3.13161803636815e-07,1.0662612956256251e-05,-9.983290048979966e-23
3,2,251,0.019456548534851424,2.9199391179476153e-05,0.019459907880544823,5.27745164916217e-09,-0.00010751667686429407,4.3698895105781546e-07,-3.0524682678210746e-20,-5.521042957458574e-05,5.521588439934992e-05,2.61622964657911e-07,-6.973241044702319e-05,0.00044254681017810385,2.8751875341062307e-21,6.345921991097975e-07,1.0574574965516415e-05,-7.761656488784426e-23
3,3,251,0.019188544473913622,3.0105216914528623e-05,0.019191804810942705,1.2049889153952367e-08,7.130423306026024e-05,8.517854694907022e-07,-1.0366873362411198e-20,-5.519361617322386e-05,5.51996773408222e-05,1.0214878566610659e-07,-2.5214334675168607e-05,0.000431597334764489,7.199217612785509e-23,-7.626379284506909e-07,1.0466087568018103e-05,1.9249470531061376e-22
3,4,251,0.019287846924774487,-5.339507444136993e-05,0.019290657656718654,8.916576226197464e-10,6.803829953299048e-05,4.814864221931806e-07,-3.6859994177462034e-20,-5.5232202406841385e-05,5.5237856662134235e-05,-2.695002364676682e-07,5.67694641258618e-05,0.000380361899263041,-1.3048581923173803e-22,7.378654970894227e-07,1.096551046254224e-05,-3.430877143593116e-23
3,5,251,0.019549850713862078,-6.856685982990399e-05,0.01955363791191735,5.371487036959864e-10,5.277662382887106e-05,-1.91980297819652e-08,-9.21499854436551e-21,-5.5224031470059806e-05,5.5230912935641944e-05,-2.628586592218865e-07,2.363017986339125e-05,0.00041200038814076886,8.751548910542443e-22,7.942914273125719e-07,9.457358618028237e-06,-9.392729229181154e-23
3,6,251,0.019379273980136006,-5.171445229919937e-05,0.019382519818295706,2.404092022091316e-09,-6.65911939167876e-05,-2.374378223933228e-07,-8.063123726319821e-21,-5.520686882431255e-05,5.521310077364834e-05,4.0157743404572854e-07,9.508990201028841e-05,0.00042816457898790507,1.5748288527968399e-21,-7.9016597419433e-08,1.0491360551991148e-05,5.807181394688347e-23
3,7,251,0.019065816936263722,-1.8081920498355638e-05,0.019069112540594246,-1.112923603874006e-09,-4.2103920395674734e-05,-2.6615131234169625e-07,2.534124599700515e-20,-5.5221544696343916e-05,5.522846650250883e-05,9.601012765529204e-08,-0.00014269757657816437,0.00038779780929264467,-7.064232282545823e-22,-9.397196279267232e-07,1.0607390377866352e-05,-4.499511007990979e-24
3,8,251,0.01942932246912221,2.7916735836200838e-05,0.019433317462493865,-1.3704941062496449e-08,-5.2114149557912166e-05,-9.954745437791801e-08,-1.8429997088731014e-20,-5.5192034773412905e-05,5.5197504975759084e-05,-4.0235357693622197e-07,-6.628862637096397e-05,0.00041558463000859644,8.819041575662305e-22,5.553918507598989e-07,1.0402801052023704e-05,-2.0950848130957962e-23
3,9,251,0.019135393475365976,9.635485951440246e-05,0.01914002014539167,-1.7031963107561794e-08,-5.586352158540247e-07,-4.118223209059261e-07,-3.225249490527928e-20,-5.524899098742149e-05,5.5254728565240605e-05,7.709468718589095e-07,6.801564345538752e-05,0.00040436755292635914,-1.5253342317089392e-21,-6.095437484824731e-07,1.0834404395978072e-05,-1.7168446689865549e-22
3,10,251,0.01915158177375258,-0.00017171739169404785,0.019155282060789768,2.5118451308544478e-08,0.00015823504486550726,7.816377653429473e-07,-1.3822497816548266e-20,-5.521432002134059e-05,5.521943200747648e-05,-2.840851900128142e-07,-9.394866189251525e-05,0.0003971808525253912,1.0168894878059595e-21,5.651133641361351e-07,1.1217429156180602e-05,-4.836974333590295e-23
3,11,251,0.019032044242478445,0.00011773489467500535,0.019036613490676264,-1.5137499570114863e-08,-7.51171143176786e-05,1.8191585205833385e-07,-5.759374090228469e-22,-5.523727711304955e-05,5.524373614633174e-05,3.6171136653709735e-07,0.00014613001116134123,0.0003754139308749516,-2.492729098426998e-21,-1.4159295959249366e-06,1.039361790231315e-05,1.687316627996613e-23
3,12,251,0.01935097873015892,-1.593390846929685e-05,0.019355327597345495,-1.4881345147464586e-10,-3.187439795319443e-05,1.1918151108573509e-07,-8.063123726319822e-21,-5.523721711966818e-05,5.5242385376591564e-05,2.0394977742371418e-07,-2.2828179638100153e-05,0.00046007794535308236,-3.5546136963128684e-22,-1.2906374690762184e-06,1.0976121433452725e-05,-1.377975246197234e-23
3,13,251,0.019345738363615257,-4.7009663982437314e-05,0.01934889709312984,4.7230583517698265e-09,6.469835080109052e-05,-9.985394876725923e-07,1.5346055333762835e-36,-5.517954280434297e-05,5.518483073197295e-05,-3.755830528423867e-07,0.00013646151403147306,0.00041166865393125866,3.176654771641626e-21,5.524374869523993e-07,1.0439873700267294e-05,1.5888898246968127e-23
3,14,251,0.019048429735384086,4.566212763220053e-06,0.019051467090251125,7.704202411276406e-09,-8.136420768244957e-05,2.8215646044928475e-07,1.1518748180456885e-20,-5.522502640619413e-05,5.5231317810973664e-05,-1.3363319061699774e-07,-5.373484040563054e-05,0.00039872211995935615,4.1215520833197305e-21,1.1086875937227428e-06,9.821916609644193e-06,1.0601972812578726e-22
3,15,251,0.019277470316215198,6.398070978450059e-05,0.019281465788820513,-1.235049379150617e-08,-2.8683434708960214e-05,-8.641914646536428e-07,-1.1518748180456888e-20,-5.520884193268092e-05,5.5215353232678444e-05,-2.67558721576992e-07,-3.864961114857189e-05,0.00034747166288090427,-2.1192696847637475e-21,-3.17592113602973e-07,1.0008875840445957e-05,3.2902674245933983e-23
3,16,251,0.018943385474963388,7.549117545472939e-05,0.018947540700970537,-4.5921461018062726e-10,-7.847486050343547e-05,-7.676157771851995e-07,-5.759374090228453e-22,-5.521482541654694e-05,5.522204894612603e-05,1.909122895867493e-07,0.00010222235992145508,0.00047039731454345015,1.0281382653259366e-21,-7.66030498295558e-07,1.0830038589794728e-05,-1.238771624387514e-22
3,17,251,0.019226118206333968,-5.430597198362899e-05,0.019230828125631465,-3.8972084024451214e-09,0.0001641698948221865,1.1331585727631516e-06,7.487186317296979e-21,-5.522692994471943e-05,5.523285078374324e-05,-4.171483027445242e-07,-0.00011791113659735164,0.00046060146930752274,1.583827874812822e-21,2.383697018604228e-08,1.0915681859428774e-05,-3.3465113121932854e-23
3,18,251,0.019101207336115,-4.936226402307761e-05,0.01910515682338076,2.781643370513107e-08,-9.418777906875559e-05,-2.1677889843532402e-07,1.727812227068534e-21,-5.5173691847659384e-05,5.517981653159371e-05,9.224252715978251e-07,-4.321878236660497e-05,0.0004153012989771403,-8.774046465582396e-22,5.691107405740338e-07,1.026941936573539e-05,-1.2247106524875426e-22
3,19,251,0.019415825765670348,0.00013325546043602718,0.01941963624393429,-2.6736202977143108e-09,1.023288588179734e-05,7.978805148741365e-08,-8.639061135342662e-21,-5.523210708025827e-05,5.523759504846628e-05,3.5682588141577776e-07,6.950790839769844e-05,0.00043111604569442936,2.074274574683838e-21,1.3003702164869982e-07,1.017259794401011e-05,2.0247799535959382e-23
3,20,251,0.01875404138858074,-0.00010928791598970691,0.018757295460109413,-1.4094213402174088e-08,1.2165672393428802e-05,1.0713483924688518e-07,-2.1885621542868083e-20,-5.5227169716480634e-05,5.5233425697522945e-05,3.0162541932723555e-07,-0.00016934742431242,0.0004565946266986787,4.634496338230701e-22,-1.8487898924774817e-07,1.1244010573808747e-05,-4.8932182211901787e-23
3,21,251,0.01913676472908881,5.764990865135213e-05,0.019139794726185475,7.0445349325416875e-09,2.6200163243819812e-05,4.926432884876497e-07,-5.759374090228442e-21,-5.520742201050864e-05,5.521305031915939e-05,4.1612043269778323e-07,0.00015311916259217446,0.0004714962932980549,1.007890465789977e-21,2.0524288514901293e-07,1.0653695707563174e-05,1.9179165671561517e-22
3,22,251,0.019409541023033508,-8.436021096361504e-05,0.019415256480442462,1.8832165198954355e-09,-2.5656136337373635e-05,1.5982690126551265e-07,-5.183436681205599e-21,-5.52338349573314e-05,5.524020973519256e-05,5.176543424647859e-07,-0.00012059510787565911,0.00038274041550577097,1.0078904657899769e-21,3.8540650624892084e-07,1.0716036855355926e-05,-5.596266816188769e-23
3,23,251,0.01908813292541494,0.00010749725144893942,0.01909257831150139,1.7332484211728873e-08,-0.00011360028146011923,9.564007174076298e-07,-3.51321819503935e-20,-5.5207554185834045e-05,5.52148490752928e-05,-5.410359944133851e-07,-0.00013235606283146272,0.0004355291036376734,1.3363547693733182e-21,-1.5328883544833542e-08,1.0644403268837462e-05,-3.515242974992971e-24
3,24,251,0.019302498950374992,8.824479026177898e-05,0.019305619654950427,-1.663719032364469e-09,4.229200817003361e-05,-5.117084031564364e-07,3.069211066752567e-36,-5.522173662804516e-05,5.5227885306156995e-05,5.166691485507806e-07,-6.433603603493428e-05,0.00041463066750462046,-7.5366809383848805e-22,-4.927153124554103e-07,1.0505879907117419e-05,3.683974637792606e-23
3,25,251,0.019288017423423082,-8.923162627320991e-05,0.01929113689311277,5.53243624713708e-09,-6.83519420092937e-05,-7.530076065885462e-08,-1.3822497816548263e-20,-5.521701563896492e-05,5.522282992066084e-05,-5.7790681822660704e-08,0.0001457593501281778,0.00045583007326655277,-2.2047603939155772e-22,3.53483921811898e-07,1.11057725374048e-05,-1.0306692402679321e-22
3,26,251,0.019233491411157103,-6.735419750852452e-05,0.01923813121429835,-2.5340964289901814e-08,6.87239531825041e-05,-4.1492609794675064e-07,1.497437263459395e-20,-5.52117304946273e-05,5.521881032433497e-05,3.8572732334391245e-07,-2.840929092602818e-05,0.00038945669890525224,-3.3071405908733643e-21,3.635056050317242e-07,1.055712930466666e-05,-1.1333143351377258e-22
3,27,251,0.018934834660169826,0.00010114243958908988,0.01893808584788816,1.3592614275275339e-08,-2.023317455156208e-06,6.203523045229263e-07,-1.7278122270685337e-21,-5.5257808576900364e-05,5.52632647088345e-05,-1.3586577839337644e-07,4.147152580775025e-05,0.00045405184574859775,-6.074339860787815e-22,1.0457330257443404e-06,1.0392041551519246e-05,-9.139631734981662e-23
3,28,251,0.01897758590722401,4.500604275679625e-05,0.01898165585259702,-5.484866533292332e-09,-6.0530565203331e-05,-8.105980431308538e-07,2.102171542933382e-20,-5.522064627765648e-05,5.522725088141954e-05,-6.111347228965387e-07,-0.00012107254012350766,0.00041233337614909866,2.452233499355079e-21,-4.076564908961177e-07,1.092016097592362e-05,-2.6350261340547126e-22
3,29,251,0.018826832390729076,-0.00015900023567891474,0.01883220115526891,1.1232745290284157e-08,-2.1666581023165777e-05,9.26792776339295e-07,2.418937117895946e-20,-5.520524920899723e-05,5.5211135687032645e-05,5.802303304516033e-07,4.948464178047924e-05,0.0003604004961386408,1.0573850868778788e-21,-2.7783498958653764e-07,1.0431485266818738e-05,-6.678961652486594e-23
3,30,251,0.019154439857510214,-7.96038097811284e-05,0.019157833161265375,-1.769434546212963e-09,-1.5739493220898805e-05,3.8466897586940764e-07,2.3037496360913782e-21,-5.522723544742961e-05,5.523347155662787e-05,2.8965737421670254e-07,-4.2383149196952146e-05,0.0003960287754520837,2.2385067264755085e-21,3.477356100642887e-07,1.0231231064557881e-05,-8.802168409382338e-23
3,31,251,0.019208006433201877,2.686604420362773e-05,0.019211010379174113,4.919496871343057e-09,-4.619450069898745e-05,7.982707670613238e-07,3.455624454137066e-20,-5.521084579121048e-05,5.521646255332497e-05,-2.555283534335714e-07,-8.334011113325795e-05,0.00047904077421665007,-3.3746332559932273e-22,9.664759264514738e-08,1.028126054173622e-05,1.3428228164473055e-22
3,32,251,0.018947747703116035,-9.768980827163892e-05,0.01895174873031278,-3.153207680999705e-09,-3.339065722938507e-05,-4.398937530172089e-08,-5.7593740902284426e-21,-5.523177804606169e-05,5.5237951461847453e-05,-6.302158489492852e-07,1.2735532500941888e-05,0.0003916379956525705,4.814476778550342e-22,-1.5244707675654338e-06,1.0485375073043232e-05,-2.0304043423559259e-22
3,33,251,0.019222090562362692,0.00021933205037920478,0.019226645723633768,-9.240419796300721e-09,-2.5832270866813714e-06,-2.854190536938028e-07,2.8796870451142206e-21,-5.522213495863692e-05,5.5228299603823345e-05,-4.74128638687808e-08,-2.2979859547101736e-05,0.0004784181487831074,1.2148679721575625e-21,5.294150727114302e-07,1.060159817912391e-05,-4.218291569991535e-23
3,34,251,0.019107288589885814,1.3591157337571653e-05,0.019111778699814078,-5.37544501509452e-10,0.00011745001875847731,-1.3959380400698943e-07,1.209468558947973e-20,-5.5252755627344094e-05,5.5258825893859316e-05,3.0320296074921796e-07,-0.00014507201212014305,0.00043704273292157137,7.739158933744472e-22,1.0437512601650732e-08,9.841794513329977e-06,-1.1473753070376976e-22
3,35,251,0.01887264673527516,-2.5087090183751574e-06,0.018875711472371465,1.1230708631547237e-08,2.092040868118643e-05,-1.0564933186707993e-06,-2.8796870451142206e-21,-5.521585072644468e-05,5.522117940834599e-05,7.215275083587507e-07,9.394816159423975e-07,0.0003245382650322017,1.0798826419178327e-21,2.525325701485855e-07,1.0109144290064888e-05,-6.243071523587473e-23
3,36,251,0.01922450311008291,-5.0389155652318876e-05,0.019227814253972627,-6.053154734122672e-11,-5.5074527840384765e-05,8.872756659046447e-07,5.7593740902284426e-21,-5.5251007881926716e-05,5.525688169198074e-05,2.2617185089848129e-07,-1.9109416303097322e-06,0.0004209980081340259,-2.443234477339097e-21,3.026191658105098e-07,1.1218109196771947e-05,-1.7484818557614916e-22
3,37,251,0.01923192816115545,2.0593271527210185e-05,0.01923505517759257,1.0532705031249504e-09,3.926476773061455e-05,7.334079117077924e-07,2.1309684133845242e-20,-5.5209416968032475e-05,5.52154550779906e-05,-2.5647287185116155e-07,-2.9385234181896806e-05,0.0004102479834683268,1.862797557308262e-21,5.013653072502965e-07,1.0496874859366452e-05,-3.5152429749929455e-23
3,38,251,0.01904755243658131,-8.057085387105619e-05,0.019052175203317777,9.674716013148945e-09,4.319678347631363e-05,-4.806495073403186e-07,-4.607499272182755e-21,-5.5239888344022316e-05,5.524516897676755e-05,1.215788360180779e-07,-4.244614740915108e-05,0.00046473131714797245,-2.6614607612266598e-21,1.7186834290742518e-08,1.0986608474853634e-05,-7.339827331785272e-23
3,39,251,0.019691265819799873,3.386535291958985e-05,0.019693428217700693,6.941518376595919e-09,-3.1033517291676446e-05,-5.741694187345834e-07,3.455624454137066e-21,-5.522420897015576e-05,5.52293835058544e-05,1.7603038967960927e-07,0.0001325381302975337,0.0003895111277757253,-1.4443430335651014e-21,4.577366779286882e-07,1.0159313206856579e-05,8.155363701983627e-24
3,40,251,0.019427327795056036,-3.74518899844115e-06,0.019431126541367104,-6.406077408994531e-09,0.0001006777974490206,-2.4952840381924816e-07,-6.911248908274132e-21,-5.520837475929837e-05,5.521351985108403e-05,9.311101362735587e-07,-0.00015794946435883445,0.0004683490279349701,-9.268992676461404e-22,-1.1291945193082035e-07,1.0366045929129695e-05,-1.9966580097959934e-22
3,41,251,0.019269794538827652,7.923605835094145e-05,0.019273067678011725,3.299904488683993e-09,1.8369171309846073e-05,-1.6890018531835704e-07,-2.015780931579955e-20,-5.522524812547567e-05,5.523085556444031e-05,3.1029394142868577e-07,-5.8086520920426416e-05,0.00041418018711486223,-1.6558200509406773e-21,-9.269519245540748e-08,1.1070223517309119e-05,-1.9502568025260863e-22
3,42,251,0.019474558854964293,-2.7441378654446892e-05,0.0194777050991075,-1.0830292007327262e-08,3.7479995317874585e-05,-4.1158363325825236e-08,-1.612624745263964e-20,-5.522312836616515e-05,5.5229281931454984e-05,1.4635862406416955e-07,2.3289199056648615e-06,0.00046804506788025426,-1.5748288527968397e-21,-7.420608492822227e-07,1.0616367596858856e-05,-2.7278285485945286e-23
3,43,251,0.01924343108245558,6.992039235613399e-05,0.019246553689703298,-3.0257529545690536e-09,-8.7678385000588e-05,6.649420892493873e-07,4.261936826769048e-20,-5.521936794471315e-05,5.522508260759661e-05,-4.5166727249599213e-07,-7.396641451570047e-06,0.0004126966989432815,1.1563743290536793e-21,4.264540434014527e-07,1.0572514797290093e-05,1.9453354623610964e-22
3,44,251,0.01913192537122965,6.216368501402732e-06,0.019136047441515175,7.235910873105832e-09,-0.00010180641642849427,-4.7625312224247005e-07,-4.607499272182756e-21,-5.5215238461658005e-05,5.522054486903174e-05,-2.813150414415105e-07,-3.045332281815787e-05,0.00038514451704666137,-1.3228562363493457e-21,8.867464172335835e-07,1.0515165729144087e-05,-2.882499239494214e-23
3,45,251,0.01928156824814546,-4.5901511232754867e-05,0.01928579579655387,7.551987302759686e-09,0.00013837480583330763,5.743704186389963e-07,5.759374090228444e-21,-5.5202890141103084e-05,5.5209864638785624e-05,-2.6169140214514514e-07,2.6430833080281042e-05,0.0004532269635206785,-8.774046465582392e-22,2.141763056375222e-07,1.1001444743731558e-05,-9.828619358080276e-23
3,46,251,0.01900652888747486,-4.4688591495849204e-05,0.019011385251791146,-1.0470419441316797e-08,-4.7393924660079494e-05,-5.739872945490769e-07,-2.0733746724822395e-20,-5.522143273031933e-05,5.522805412552987e-05,-5.9094503869685644e-08,-7.904904241445146e-06,0.00043457350497115517,-1.6513205399326863e-21,-3.367931574162574e-07,1.0183513884913217e-05,1.0573850868778785e-22
3,47,251,0.019150965151255712,5.5344600095967036e-05,0.019153866014015763,1.9877960834901316e-08,7.09226471826343e-05,2.2336754927839596e-07,-4.031561863159907e-21,-5.52471608019108e-05,5.5253232868730024e-05,-2.3778270331149855e-07,-8.254586726556528e-06,0.00043581206981049283,-1.2913596592934085e-21,-1.0494352806101578e-07,1.0669607919887374e-05,2.7840724361944145e-23
3,48,251,0.01943490530099561,6.9954542114763495e-06,0.01943837236369828,-8.540515696978891e-09,9.364966791527471e-05,-1.7870998799152475e-07,2.3613433769936614e-20,-5.522965203234648e-05,5.5235101382605845e-05,-7.045144902982702e-07,-0.00014582355579726152,0.00044440835106355066,9.426475561741086e-22,4.799661189805161e-07,1.0650086858007824e-05,7.227339556585497e-23
3,49,251,0.019227269836351913,3.0380310336561862e-05,0.01923041384120924,-6.492951672785523e-09,-0.0001816055254574527,-7.518037385648828e-08,-3.455624454137066e-21,-5.5252421272727286e-05,5.525798093278216e-05,3.1931333947691397e-07,0.00012224544820748666,0.0004091241465069221,-5.399413209589184e-23,-6.586349225177265e-07,1.0969560745641274e-05,6.946120118586065e-23
3,50,251,0.018965192509505072,-3.511231053603585e-05,0.018968380607965112,-2.2481655603543372e-08,4.056072569713505e-05,1.7684040049421687e-07,-1.1518748180456876e-21,-5.5216039000102784e-05,5.522148327329224e-05,7.635100603986394e-07,-5.133048715964283e-05,0.000409229334152147,-1.934789733436118e-22,-5.024831395923461e-07,9.930352016569243e-06,5.104132799689758e-23
3,51,251,0.019232210488107304,-5.063046491498977e-06,0.019235988612352456,1.5271310133555415e-08,7.341146622050069e-05,4.6020953434191836e-08,-1.5346055333762835e-36,-5.523487599312328e-05,5.524039672735416e-05,4.3252587940825135e-07,-0.0003008406726602979,0.00046737931981982955,-1.2148679721575642e-22,-5.984239757316459e-07,1.056240827753863e-05,-5.45565709718905e-23
3,52,251,0.019089724787055378,0.00014564943235277134,0.019092624174076863,1.3369923883271492e-08,-1.469516681186571e-05,-2.2225477305866725e-07,3.4556244541370666e-21,-5.523057220463424e-05,5.523640656186437e-05,7.948622078536215e-07,2.2673895844375838e-05,0.00041116804484442603,2.2092599049235664e-21,-5.610651160913355e-07,1.0555455577550055e-05,-8.267851477183409e-23
3,53,251,0.019186284667606024,-9.377217620546756e-05,0.01918923870203729,-2.211176381085321e-09,0.00012584626270212464,-6.659476982025652e-07,1.2670622998502573e-20,-5.521375253254051e-05,5.521938442080834e-05,4.887750667853928e-07,-6.325644135184188e-05,0.0004032454035168426,8.3240953647833e-22,3.9871309656469866e-07,1.0719681803739523e-05,-1.5881867761018131e-22
3,54,251,0.019202550382815018,-4.708466191043285e-06,0.019204495410867675,1.751645412827151e-08,2.067665152729989e-05,3.402963473227473e-07,-1.7278122270685326e-20,-5.5215985161807864e-05,5.5220812912834706e-05,1.4726157541646543e-07,-7.101266952716626e-05,0.00041513075103528766,-1.2688621042534537e-21,1.3084731765238667e-07,1.0249738571044797e-05,-8.8584122969822e-24
3,55,251,0.01919116455944768,-2.0422398436179935e-05,0.0191937364247237,-2.96131327224909e-09,-5.8643532393873915e-05,5.08870201152315e-07,-1.612624745263964e-20,-5.521830292343351e-05,5.522352815893673e-05,-1.5020910448776016e-07,-2.2675535547163845e-05,0.0003696682754232049,4.2677861910794355e-21,5.23522036721213e-07,1.0843732641320427e-05,-4.4151451765911396e-23
3,56,251,0.01932780475324951,-2.2928615510837236e-05,0.01933007026592997,1.5275151638497048e-09,-4.8299080724922054e-05,-6.513504021421302e-07,-2.1885621542868083e-20,-5.524655458694856e-05,5.525147873389514e-05,-4.464848776793085e-08,-0.0001269795157092676,0.00041075449543456413,1.736811249084515e-21,1.017779059572199e-07,1.0855170296593362e-05,3.0231089584939347e-23
3,57,251,0.019391571631580267,3.820426512622266e-05,0.019394529960543753,4.7475581648060825e-09,9.210805911720678e-06,4.1161381791245157e-07,-2.0733746724822395e-20,-5.5216845196138915e-05,5.522347114809637e-05,-1.7027951481413554e-08,1.3628192478615295e-05,0.00039422688241349087,1.5860776303168177e-21,1.921444172175912e-07,1.1050636210656595e-05,-2.221633560195542e-23
3,58,251,0.019276443681527467,-1.4907808820397295e-05,0.01927969382020065,5.9135633998433715e-09,6.429463446521006e-05,-1.0528998309058794e-06,4.607499272182756e-21,-5.521941345968533e-05,5.522546531526252e-05,2.12969104673058e-07,-1.1682724440567939e-06,0.00034117770043071225,1.8155526917243568e-21,-6.39161101767618e-07,1.0336878228148796e-05,-7.930388151584088e-23
3,59,251,0.01925074863056083,-0.00010521626614866779,0.01925409503944719,1.5381197229340302e-08,-9.159221275386575e-05,-3.8258284700207246e-07,-1.1518748180456885e-20,-5.519864878533739e-05,5.520427687892816e-05,6.416730855748968e-08,-2.1697915137183785e-05,0.0004817516527459519,-2.8616890010822574e-21,-1.0269591675575392e-06,1.1201238072879705e-05,-1.0166082683679601e-22
3,60,251,0.019265138462497156,9.375234697018214e-05,0.019269176384772404,-1.138265245044004e-08,-8.074394397066005e-06,1.8433616942570417e-07,-1.2670622998502573e-20,-5.522879114219391e-05,5.523507253820281e-05,3.0475789641238665e-07,-0.00011201322424407761,0.0004076759644851396,-3.4601239651450576e-21,-8.988055232814242e-08,1.081087657416775e-05,2.052901897395881e-23
3,61,251,0.01943106561833112,6.45944416409368e-05,0.019435250234976494,4.3233897128513065e-09,7.801723481645169e-05,2.9129950052247767e-07,-3.455624454137065e-21,-5.521602131906181e-05,5.5222962028932666e-05,6.110049336363279e-08,-1.1681009838922002e-05,0.0003808789544978612,7.8516467089442435e-22,-1.243532588547194e-07,1.0006867615624532e-05,3.009047986593959e-23
3,62,251,0.019275878096343176,0.0001414740238960812,0.019279501619958263,-1.164066211379763e-08,-6.8588611993250456e-06,-4.670778965166131e-08,6.911248908274132e-21,-5.5245676113852944e-05,5.5251317730915346e-05,1.7210074040962246e-07,6.724002248670312e-06,0.0003985087019038995,-3.5546136963128674e-22,3.507405422713492e-07,9.825367665225493e-06,-8.984961044081971e-23
3,63,251,0.019154497182282248,4.528581658333535e-05,0.019158020891628286,1.4992818020138452e-09,1.132932248176831e-05,6.301136897177884e-07,1.727812227068533e-21,-5.5190967642009534e-05,5.519541655642184e-05,7.969164968230081e-08,6.193465569402903e-05,0.00041446687107066276,-1.2598630822374694e-22,-3.9098014950074426e-07,1.0395448700222512e-05,-1.2036191946375844e-22
3,64,251,0.019042140475390913,8.852356000528296e-05,0.019045421358926198,-1.7375069111887547e-08,4.620514810369751e-05,4.4328268965807837e-07,1.7278122270685323e-20,-5.523359666545053e-05,5.523896088952922e-05,-1.2128952248063943e-07,-3.233990301162231e-05,0.0004155348595002393,-1.1248777519977428e-21,-1.4488414594018604e-07,1.0851242678016091e-05,7.817900376384311e-23
3,65,251,0.019332410996211788,-6.861553943666155e-05,0.019335574093809996,-6.266220584937638e-09,-5.476100072684971e-05,-8.650978200739071e-07,9.214998544365507e-21,-5.5246254689413134e-05,5.5251435925528805e-05,-1.8021251833966585e-07,0.00010197263360617528,0.0004595781249831023,-1.6738180949726415e-21,6.871326036347459e-08,1.0501829427748261e-05,3.318389368393339e-23
3,66,251,0.019374788837264376,-3.383538714404481e-05,0.019378091006248068,8.337781495976132e-09,-4.5041486765642284e-05,-5.9347778805499506e-08,9.21499854436551e-21,-5.524939769767996e-05,5.525539717947897e-05,-8.694367966887474e-08,0.00019477659870481524,0.0004318545276273254,-1.3948484124772008e-21,5.129697285001879e-07,1.0487712808658144e-05,7.002364006185948e-23
3,67,251,0.019346354599058844,-9.868548456242315e-06,0.019349617914607885,8.125107332300972e-09,0.0001856318393268194,-4.373286683131362e-07,-1.3822497816548263e-20,-5.524900133487688e-05,5.525389381689491e-05,-5.261950788100669e-07,6.699866459994556e-05,0.00041006141373387466,9.62895355710068e-22,4.84250191878608e-07,1.037838080254796e-05,-5.757967993038446e-23
3,68,251,0.019237532546047344,0.0001390277098839804,0.0192407999202432,2.013405344500516e-09,-6.702587172616215e-05,2.2989260196976012e-07,-1.7278122270685344e-21,-5.5203858569670965e-05,5.5209062838310645e-05,-1.9247407548546866e-07,-1.4836459875573577e-05,0.0004635476949007152,-1.5703293417888493e-21,2.1463346867595245e-07,9.693896658626773e-06,9.645826723380645e-23
3,69,251,0.01917325162506009,-3.7975655990250504e-05,0.01917615446264051,1.3355604611880607e-08,4.654307019425099e-05,3.0378250078506285e-08,-4.6074992721827505e-21,-5.523998099709612e-05,5.524653803604385e-05,2.3259467507766872e-07,-0.00014019383647074542,0.0004557598834270235,-7.289207832945372e-22,-2.207340473988145e-07,1.0559636137770956e-05,2.812194379994389e-24
3,70,251,0.01930490937826145,6.286573170561797e-05,0.019308337381707518,2.405819011145036e-10,8.439051437593174e-05,2.1730042341338635e-07,-1.0366873362411198e-20,-5.524899025387899e-05,5.525494876475555e-05,-7.582744345541231e-07,6.0966741025830525e-06,0.0005149949253099043,1.1698728620776494e-22,-1.2951813348215478e-07,9.94921456496358e-06,-8.970900072181999e-23
3,71,251,0.019054381742096303,-0.00012205981960203693,0.019058052256867908,1.983725269461798e-09,4.189756631160297e-05,3.512208281215583e-09,-5.759374090228441e-21,-5.523235922649505e-05,5.5238007227770264e-05,-3.2950836831160373e-07,-0.00018455155695884547,0.0005017117582517636,-2.924682155194133e-22,3.510214446177369e-07,1.0759074302170395e-05,-3.9089501881921563e-23
4,0,251,0.020261869848634994,-6.747889630018851e-05,0.020264758516612438,-8.050760921743827e-09,-4.5908448446751747e-05,8.87569764858503e-07,1.073583326506646e-20,-7.36383473770054e-05,7.364291369703012e-05,3.908237359076967e-07,-5.464939837618542e-06,0.0004069522370446782,2.4567330103630704e-21,-4.925482690498957e-07,1.0757764645639324e-05,4.541693923690887e-23
4,1,251,0.020061890277505715,-2.206783310847886e-06,0.020064174060425908,-1.7770095949098514e-09,1.4825548719248412e-05,2.1404888170171314e-08,-1.1428757960297069e-20,-7.361800003935465e-05,7.362239100748165e-05,-1.321079462008149e-07,-5.751448823470589e-05,0.00043164585225589534,1.6558200509406776e-21,-2.85523038791232e-07,1.0487834578087472e-05,-8.183485645783578e-23
4,2,251,0.019939216041276204,1.4700463111409747e-05,0.019942458832850785,-8.181020325446753e-09,1.0499993597549974e-05,1.4373546520031707e-07,3.680600004536611e-21,-7.363425936454753e-05,7.363897733738132e-05,1.10940480438018e-07,1.2356716646910057e-06,0.0004247041421043633,3.7570916916724614e-21,1.0996319815468943e-07,1.0511942888173471e-05,7.058607893785838e-23
4,3,251,0.020024562659175658,-1.5415939285647376e-06,0.020027620376530015,6.171017484530752e-09,-0.00011437088546699605,-8.321955332767166e-07,4.908966509718149e-21,-7.364687930374098e-05,7.365173663721984e-05,8.038909378625563e-07,2.655975980251826e-05,0.00042384986487230795,2.4657320323790516e-21,9.95639227682924e-07,1.1293542090988675e-05,6.74926651198649e-24
4,4,251,0.019736910107868492,-9.965446776066482e-05,0.01973922582337047,2.384152352742448e-09,2.295968207529764e-06,-4.5274432347801704e-07,-1.0978806859497985e-21,-7.363170456344993e-05,7.36362480958171e-05,-6.710429911380375e-07,1.0787602383340165e-05,0.000401226880092899,3.217150370713544e-21,1.1747937522417146e-07,1.0242012189674916e-05,-5.540022928588884e-23
4,5,251,0.020019424739695788,-1.68016735414352e-05,0.02002190831906462,1.8935808815209128e-09,-8.59769431292413e-06,-7.430377410914002e-09,-1.653570295436682e-20,-7.362562501707194e-05,7.363005156741108e-05,-3.168964569532411e-07,3.5491216306335795e-05,0.0004250600003344457,-1.7053146720285777e-21,2.7988441287003286e-07,1.0693959146133003e-05,6.875815259086204e-23
4,6,251,0.019945556835508024,9.730225023346404e-06,0.019947883998157293,-9.553857583563177e-09,0.00010305861532682103,5.76338123106085e-07,-2.9876753093060064e-21,-7.36245497702571e-05,7.362916286489999e-05,5.5421847792369146e-08,-9.685352800734737e-05,0.00041854878215775374,-5.309422989429347e-22,-1.7094685217239261e-07,1.0404070319969168e-05,7.480437050784989e-23
4,7,251,0.020297350405510332,-3.096431543365284e-06,0.020299427024463697,-1.0197545018026226e-08,3.808571381537934e-05,1.713147021676271e-07,-1.1995696347303925e-20,-7.36141265288953e-05,7.361819691476698e-05,-1.0566298870178654e-07,1.5985067478732607e-05,0.0004043124673650247,-1.8358004912603165e-21,-9.830991060580676e-09,1.001323905757948e-05,-1.9347897334361176e-22
4,8,251,0.02007344831472924,-1.3579409835975366e-05,0.02007679966522045,-6.107096218322463e-09,-0.00010214116384507342,-3.585977449391165e-07,2.159765283835665e-21,-7.361706099532485e-05,7.362228869007234e-05,-1.6137257899451563e-07,6.140574789525992e-06,0.0004289135353882498,-1.4083469455011737e-21,1.7703983941377557e-07,1.0081112295078708e-05,1.3189191642173532e-22
4,9,251,0.019895827062362526,-9.204710782153475e-05,0.01989919543669631,8.035013374073869e-10,4.803094943532983e-06,-7.09632957158009e-07,-4.1638474867948453e-20,-7.364835588341716e-05,7.365315686754836e-05,4.0725134940829113e-07,0.00018094032257030427,0.0004890880289660214,-2.1350179732917155e-21,2.9322540677340334e-07,1.016812053915107e-05,2.1232067568957406e-23
4,10,251,0.01995696789401121,-4.72357913783562e-06,0.01995938047610911,1.1350704791299515e-08,-2.6055448645052502e-05,-5.550878361199257e-07,1.607675283155174e-20,-7.363760068688147e-05,7.36427485670207e-05,-1.3824853398273764e-07,-1.9660363707297245e-05,0.000461980128558004,-2.3937398562511965e-21,2.88394816032067e-07,1.1004495789428287e-05,9.77237547048039e-23
4,11,251,0.020011057039753987,4.366951246473696e-06,0.020013023954735348,-5.022117960656004e-09,-1.9855738972483705e-05,1.8887733811517178e-08,-8.450081673007044e-21,-7.36040555200243e-05,7.360843068043854e-05,-5.984160562630494e-07,3.7788350826873863e-05,0.000454524448194556,-7.874144263984203e-22,-8.563496037748822e-07,1.066168569834819e-05,-8.549070915182848e-23
4,12,251,0.020147526971313223,6.656686925814573e-05,0.020150333989279883,-1.6111390873295433e-09,0.00010542497228302045,-3.8945775884289885e-08,1.0618845978858686e-21,-7.363450136022241e-05,7.363898075901021e-05,-1.9100691794297322e-07,-0.0001142462315036306,0.0004263698440144951,-4.6794914483106135e-22,4.0930484713439655e-07,1.0503622995917693e-05,6.889876230986142e-24
4,13,251,0.01998109133002129,5.742303295127822e-05,0.01998367190499261,-6.872980594442729e-09,-2.489162322610681e-05,-1.230727374180507e-07,-5.210433747253546e-21,-7.362575555482613e-05,7.362998323984568e-05,-1.786259168203687e-08,-4.522196627750558e-05,0.0003599031880291997,-1.457841566589075e-21,4.4458919792510025e-07,1.0101095191534451e-05,-6.461016588037037e-23
4,14,251,0.020017174320254225,-5.767339252543342e-05,0.020019531462037384,-5.052805146364631e-09,5.7078117342921334e-05,6.615150205856995e-07,-2.8999348446501807e-21,-7.364183950254037e-05,7.364677512605846e-05,-1.46522271014252e-07,5.649539803252113e-05,0.00043136192168957325,-3.2396479257534997e-22,-3.7899376396053147e-07,1.0510272071191412e-05,-5.554083900488856e-23
4,15,251,0.020312262504527268,-2.2299010450398404e-07,0.020315096819859775,-1.8860870401107463e-08,1.4839930499938273e-05,-2.1170526858830755e-07,-8.76504744356641e-21,-7.362711151514885e-05,7.363198255454527e-05,-1.969541410945252e-09,2.811980553476002e-05,0.0004289668662395472,4.589501228150789e-22,-5.532478990219237e-07,1.1275345743777424e-05,1.4623410775970655e-22
4,16,251,0.02023352076138137,-3.9224834101333144e-05,0.02023596217404149,-3.765668077318208e-09,0.00010739124847519469,3.690119769420902e-07,2.1741637190612375e-20,-7.36629092168646e-05,7.366715008929841e-05,1.3668574738111492e-07,6.0372922424568644e-05,0.0003968065911986693,-1.9122921783961626e-21,-5.945489552725061e-08,1.016165252180499e-05,-1.5649861724668602e-22
4,17,251,0.02022254172908806,6.304865684017606e-05,0.020225734785115586,-1.403076057006178e-08,-0.0001230134601684379,9.880544445122805e-07,-1.0735833265066457e-20,-7.362563278351149e-05,7.363044492853802e-05,3.0099064937955215e-08,6.707483104773367e-05,0.00038774472935738843,3.532116141272913e-21,2.5776465475460426e-08,1.1021036483120553e-05,3.683974637792609e-23
4,18,251,0.020132344456950075,-6.378140356539102e-05,0.020135718424648518,1.0096050161112199e-08,5.725762842711734e-05,-1.998472856767906e-07,-9.340984852589259e-21,-7.364061714080083e-05,7.364529058130074e-05,3.043254457257757e-07,-8.994283783645585e-05,0.00040805709292362634,-1.417345967517156e-21,1.049613401261605e-06,1.0908951775671347e-05,-1.546706908996897e-23
4,19,251,0.02011412414491913,-8.337444682694708e-05,0.02011703190009823,8.454327932230065e-09,-1.838934736597475e-05,-4.6784968156877516e-07,1.8178024472283523e-20,-7.362060238944409e-05,7.362534508950362e-05,1.2292409540402558e-07,6.727347260970443e-05,0.0004498107094958045,-3.2846430358334085e-22,-2.7101468613240046e-07,1.0652832122108593e-05,-6.271193467387413e-23
4,20,251,0.020142619004679483,5.450620837107869e-05,0.02014493135042259,4.190563702618671e-09,-4.843010546988102e-05,-6.564048180124212e-07,1.6261232782879368e-20,-7.362258147399384e-05,7.362673422123937e-05,2.611435149793439e-08,-1.3653486632160406e-05,0.00040597155295666405,3.599608806392793e-23,-9.244426373571099e-08,1.016141481674468e-05,1.269705762567452e-22
4,21,251,0.020228369252691725,-5.847112956852092e-05,0.020230789006552605,5.931992000629505e-09,-7.415712128368178e-05,-3.154712202935507e-08,1.0272383631243387e-20,-7.363681647574212e-05,7.364174069778408e-05,1.8286377095127364e-07,-5.452271606162148e-05,0.000363880179818858,1.163123595565666e-21,1.190843863174208e-08,1.0729368415780039e-05,2.4044261948951764e-23
4,22,251,0.02012694310733039,-2.1902036391382995e-05,0.020129715789209465,1.0417695240255834e-09,0.00011485719543349425,-1.0028265893708985e-06,-3.320639123897337e-21,-7.363126995149937e-05,7.363627384146396e-05,1.407514101192702e-07,-9.189653593790033e-05,0.00040560257480109693,6.321812966227312e-22,8.839500923822308e-07,1.046270582849599e-05,6.749266511986457e-24
4,23,251,0.019919122749510413,-1.9169158747136363e-06,0.01992094685110032,-6.3949371838818235e-09,2.434756902201474e-05,1.117032347027786e-07,6.227323235059505e-21,-7.364857385532866e-05,7.36527673107376e-05,-1.324877128131802e-07,-0.00010011319560802824,0.0003788984428059776,1.5793283638048306e-21,-9.901744629262563e-08,1.051343309894648e-05,7.114851781385725e-23
4,24,251,0.02018119541284145,-1.469673813943347e-05,0.020184440941165668,-2.749453056160874e-08,-5.044292655771524e-05,-5.687068927371575e-07,-1.0960808815466005e-20,-7.363513445003868e-05,7.364072953229444e-05,1.481521472339307e-07,-0.00012156110509352493,0.00041767464067171684,-7.379198053105196e-22,-5.909491961577494e-07,1.027633644937766e-05,7.367949275585214e-23
4,25,251,0.02025187923035272,4.692233638730058e-06,0.02025350353138246,6.004496217426454e-09,-8.97594002229773e-05,3.593876182161141e-07,6.299315411187308e-23,-7.362267845168038e-05,7.362639977807892e-05,1.1576436890033807e-07,3.971075813273633e-05,0.0004407986826617158,-1.5973264078367945e-21,-6.301996143493219e-07,1.1186714679327496e-05,1.6957532111365972e-22
4,26,251,0.01982552359636663,-0.00010344070765817651,0.019828087353583653,-4.354098179755379e-09,-0.00011855110988071184,-3.7226562790384573e-07,-2.6061167758283706e-20,-7.363997375918696e-05,7.364483133090162e-05,2.740423857846511e-07,-5.1583403755637014e-05,0.00036627731467414967,-6.344310521267262e-22,-6.321098718002806e-07,1.126359799396194e-05,1.0841009334878246e-22
4,27,251,0.020099337015400197,0.00017300514452004556,0.020102095997647857,-4.847723719009568e-09,2.5341254560887327e-05,1.0463912596303839e-07,9.318487297549304e-21,-7.363149314932403e-05,7.363588049734144e-05,1.5307187519227246e-07,5.5526955095680295e-05,0.00043019394824385013,1.7278122270685333e-21,3.122711073735327e-07,1.1162863612267273e-05,-1.9685360659960502e-23
4,28,251,0.02011649771764791,4.368641991132364e-05,0.020118878298237372,9.625430451670299e-09,2.008401169244532e-05,3.890891474493235e-07,-3.910075065944155e-21,-7.362849534318895e-05,7.363265071089389e-05,-2.371226557794256e-08,2.849085228378464e-05,0.00037817706188917255,-1.5208347207009486e-21,9.252994546939304e-07,1.0680840707977866e-05,9.29430242588135e-23
4,29,251,0.019892889217637995,2.6559744057743198e-05,0.01989557544546685,-2.250409021620217e-08,-7.4006377130053565e-06,2.1259330998082158e-07,-2.591718340602801e-21,-7.363275123699248e-05,7.363753986263912e-05,-1.9926041918756587e-07,-1.3384504377853013e-05,0.000424758098209244,2.9876753093060045e-21,3.6227263745415525e-07,1.0657505947330464e-05,-1.4075032871871756e-22
4,30,251,0.02017332157934692,-2.542442801017448e-05,0.020176620244019724,5.940196218177847e-09,7.558415161653147e-06,-3.725394380934336e-07,-2.7429019104712954e-20,-7.362056617773084e-05,7.362613568164347e-05,1.6306211364906144e-07,-1.1908970687871074e-05,0.00041470589413253236,-7.244212722865466e-22,6.028197453996388e-07,1.0905626009433593e-05,-2.629401745294724e-23
4,31,251,0.019929286173928102,4.131203398361677e-05,0.01993195727241949,-1.4875199273522149e-09,2.4617573372374677e-05,-7.212831707790271e-08,-3.402980175343572e-20,-7.362835333567386e-05,7.36331348629699e-05,5.864253313071626e-07,-0.00011497499601974562,0.00044459693593153454,-3.1294099060577204e-21,2.330390986299692e-08,1.0665162792604148e-05,-8.155363701983636e-23
4,32,251,0.019997715029531026,-8.05168995689935e-06,0.01999927100542054,1.434257747772472e-08,5.603698652910657e-05,-4.3126314200231423e-07,2.5233257732813362e-20,-7.363005715564095e-05,7.363420086854622e-05,6.388800396808978e-07,3.274038745148913e-05,0.00037064140274734714,-1.2801108817734311e-21,-4.654597695856381e-09,1.0059584219042172e-05,-2.9106211832941605e-23
4,33,251,0.02008804167575458,-3.874118644253671e-05,0.020091046400666144,2.0044531047012854e-08,0.00011437237162467249,6.468900621259423e-07,-1.0078904657899767e-21,-7.36034731411238e-05,7.360874935642215e-05,-3.932231702636857e-07,-1.5322074632595114e-06,0.0003876326164151709,-2.0832735966998193e-21,1.0224527732751635e-07,1.0875024010808687e-05,2.5590968857948662e-23
4,34,251,0.020160799297109514,4.3029405996638046e-05,0.02016273690330818,4.243625934344106e-09,-2.174328066266932e-05,3.9351122544009463e-07,1.6702184861662483e-20,-7.364923793090691e-05,7.365292557577715e-05,-3.8926899073275887e-07,7.15317185957907e-06,0.0003844946813564818,-6.569286071666818e-22,-4.1602741470869626e-07,9.979373541465916e-06,-9.702070610980531e-23
4,35,251,0.02014220453307076,7.077533791384561e-06,0.020144229237688563,-2.296256865606055e-09,1.7639135920786326e-05,9.25972487056278e-07,-1.7143136940445594e-20,-7.362815844423596e-05,7.363185924249127e-05,7.166380902626406e-08,-1.4319345446721785e-05,0.00038914679407838604,-1.8335507357563214e-21,6.508666104436973e-07,1.0570247704459924e-05,-3.480090545243017e-23
4,36,251,0.01997695649124982,9.494177794463792e-06,0.01997925017848744,-1.2713099473522325e-08,-3.799876045940022e-05,-3.641995721122608e-08,5.768373112244424e-21,-7.362475632697612e-05,7.36291380567653e-05,-6.367479111418786e-07,7.044750902578724e-06,0.0003970710474122158,1.5028366766689844e-21,6.3805102268810476e-09,1.0792998103748166e-05,-1.4131276759471646e-22
4,37,251,0.020055195162105237,0.00012579395782540292,0.020057991683955126,-1.4618045947049886e-08,4.274566762994469e-05,3.3701188685272303e-07,1.7494098799068893e-20,-7.363908754372066e-05,7.364406799357701e-05,-3.890541896426145e-07,3.794954991001628e-06,0.00046572648927554826,-4.679491448310607e-22,5.055922481095608e-08,1.1186830602650994e-05,4.0073769914919564e-23
4,38,251,0.020341915651427143,-2.8566390290833574e-05,0.020344861440966713,-3.6623767119181863e-09,-2.4413518880072293e-05,-1.1708366128375546e-08,-1.307107947821377e-20,-7.364408350796929e-05,7.364900737828459e-05,1.7122411028010088e-07,0.000201987467235481,0.0004617274115653192,-3.590609784376794e-21,6.830933298753175e-07,1.0816992581501989e-05,7.002364006185946e-23
4,39,251,0.019931377654186372,-5.355134952265485e-05,0.019933673940616858,-9.176402931596893e-10,0.00019105352697975416,2.099128057715024e-07,3.32963814591332e-21,-7.363317791255768e-05,7.363770021987443e-05,-7.86395795468648e-07,-5.214492408201774e-05,0.00046743116832839726,-3.131659661561716e-21,-1.010561092533038e-07,1.0267959710990052e-05,-2.727828548594527e-23
4,40,251,0.020038745406325897,2.8918179705094667e-05,0.020041972478896476,1.1387658781963238e-09,-4.28323872630396e-05,6.201298355375069e-07,7.658167735600628e-21,-7.362314132768534e-05,7.362820176024909e-05,4.5463854233720043e-07,1.2591323699176515e-05,0.0005088249029758787,2.767199269914448e-21,5.237554067110245e-07,1.0895805498162274e-05,2.9528040989940734e-23
4,41,251,0.020148371029894623,7.5622310894731134e-06,0.020150614289750762,-8.24816470177456e-09,-8.359919845269404e-05,-1.9109290870906702e-08,-1.6396218113119097e-20,-7.362192872485665e-05,7.362596150497927e-05,-2.756606972039898e-07,-4.703612577679319e-05,0.0004237258994559545,-1.988783865532009e-21,8.390942795746589e-07,1.0114448668359643e-05,3.838645328692298e-23
4,42,251,0.01998151090366993,3.942340904414137e-05,0.019984738186944087,9.23329566711922e-09,-3.8815325929919664e-05,-4.620603933276927e-07,-2.5624715190508555e-21,-7.36227550218652e-05,7.362807316743317e-05,-4.027957092523954e-07,-0.0001329301700910037,0.00047685600031702733,1.4308445005411287e-21,-1.0033345698468385e-06,1.0574672728880612e-05,-8.633436746582673e-23
4,43,251,0.020072842419597222,9.674913056875466e-06,0.020075331211891236,6.305152431857813e-09,2.2122191725017206e-05,2.9774088171799646e-07,-7.74815795576045e-21,-7.363636992535876e-05,7.364054440515288e-05,9.933250432582595e-08,4.0380246984535054e-05,0.0003827616955105423,-1.4645908331010617e-21,1.5246052886438787e-07,1.0295911097114365e-05,9.139631734981668e-24
4,44,251,0.020058125524953837,-3.904306690829064e-05,0.020060196631511894,5.871863903861772e-09,-3.6548162129173595e-05,-1.3553299297984964e-07,-8.549070915182823e-22,-7.361671881487554e-05,7.362109824796188e-05,-4.993521319764973e-07,3.550989694982043e-05,0.0003873891433915104,-1.7098141830365706e-22,3.6963159517744216e-08,1.099773689240976e-05,9.702070610980532e-24
4,45,251,0.020011378831681113,1.3443037266198013e-05,0.02001397656251612,1.0449082992495038e-08,9.103524827010035e-05,-3.257134062482636e-07,1.2562634734310793e-20,-7.362533099982961e-05,7.363000963066052e-05,6.36489557153965e-07,8.304318559865537e-05,0.0004523759550652816,-6.6142811817467275e-22,-6.781063351987921e-07,1.009746564504949e-05,2.168201866975649e-22
4,46,251,0.020031599648461133,-8.535814184478472e-07,0.020034274779405534,2.1550154623749426e-09,1.7760263723347325e-05,2.1009670229765888e-08,1.1194783387881539e-20,-7.363289920809053e-05,7.363767715585348e-05,6.665923437220808e-07,-5.0675998583317366e-05,0.00040093327549322683,5.624388759988717e-22,2.4893697006416256e-07,1.0675015374623636e-05,-6.55241290538685e-23
4,47,251,0.02014616110815184,2.1683728791205555e-05,0.020148486015445513,-6.208583210757778e-09,-5.014542988556324e-07,-2.7064407383288644e-07,1.316556920938158e-20,-7.361036326626613e-05,7.361486742080079e-05,6.631628422535066e-07,5.040873711127768e-06,0.0004875093535373571,3.0101728643459597e-21,9.33498129810051e-07,1.1180247464580096e-05,-1.4370313281771168e-22
4,48,251,0.02006356247126776,7.806087459978072e-05,0.020065960364090044,-4.866291343288839e-10,6.75723897997887e-05,-5.314013907725882e-07,2.2497555039954836e-21,-7.363554542340565e-05,7.36399951501399e-05,8.955329671354612e-08,6.851195141839445e-06,0.0004446763482726228,1.381349879453228e-21,-6.330487226554179e-07,1.0491609827683897e-05,-1.9910336210360051e-22
4,49,251,0.020217278410169185,-2.9834152555283364e-05,0.020220152404809226,1.329486875652273e-08,-1.5419181488404345e-05,-1.20566684369154e-07,5.1721879036856244e-21,-7.362023669392859e-05,7.362549409062657e-05,2.1587587635473477e-07,-5.577133653248483e-05,0.00042825403097708676,-3.89207702191219e-22,-7.882691642152143e-07,1.0706784313599417e-05,4.780730445990393e-24
4,50,251,0.020027934722440324,-2.3568937407174757e-05,0.020030559408304654,-1.1071742051370823e-08,-2.8100164549911703e-05,3.9148208895522135e-07,1.0047408080843837e-20,-7.364583474450967e-05,7.365060809551807e-05,-2.4887901789235643e-07,-2.1753156747599597e-06,0.0004316242720978728,2.5197261644749435e-22,-4.1084198176924745e-07,1.0661173038832928e-05,-1.715438571796556e-23
4,51,251,0.019998193716816975,-9.730229273109353e-05,0.020000878937045108,4.452954078796536e-09,3.634515276799571e-05,-1.5778840898415364e-07,1.5910270924256078e-20,-7.360458518337693e-05,7.360899376439211e-05,6.750711319474691e-07,-9.504199072181585e-05,0.00039073980883372263,4.234039858519504e-21,-6.196031818331254e-07,1.1259099208170193e-05,4.021437963391932e-23
4,52,251,0.020146428295892107,1.0700759781154686e-05,0.020149467724728642,-1.0116654123479525e-09,-4.918823659189025e-05,5.050278806130058e-07,-1.2058689501415792e-21,-7.362676910402755e-05,7.363145214415057e-05,5.102101802473052e-07,9.403830544046794e-05,0.0004090358114142411,3.7795892467124167e-22,-3.54898565658264e-07,1.0856648525993876e-05,-9.814558386180307e-23
4,53,251,0.02018383037600092,4.854488422369534e-05,0.020185857889873232,-3.820987916210086e-09,3.1369156868233854e-05,9.77825795066968e-07,9.988914437739994e-22,-7.36454170897648e-05,7.364967133249114e-05,-1.3757669243721129e-07,4.7801361141221296e-05,0.00046639626354097794,9.358982896621223e-22,-1.9458732559772262e-07,9.902076040370289e-06,3.9933160195919864e-23
4,54,251,0.020184014887470188,6.027299549859648e-05,0.02018663819925817,6.423148393056816e-09,-4.777433747644152e-05,-1.343121247489118e-06,5.579393649908786e-22,-7.367186312542138e-05,7.367630494099042e-05,-1.5251359008802529e-07,-4.838144555557288e-05,0.00041251949025909,-4.004564797111964e-21,-6.77715301478847e-07,1.0888658764107854e-05,-2.598467607114786e-22
4,55,251,0.019983184660352017,-2.138739906463589e-05,0.01998530869857261,-6.22154433142908e-09,5.728232705751464e-06,-2.369730218110168e-07,-2.7447017148744945e-21,-7.362298594877155e-05,7.362685834707311e-05,-7.293079622140462e-07,-3.522040963381223e-05,0.00037618052696630587,-5.849364310388266e-23,-1.5572178027543386e-06,1.044889160463277e-05,-5.118193771589731e-23
4,56,251,0.020128480201310476,3.3563869784017348e-06,0.020131262087977192,1.0924039967934352e-08,-6.946567539675311e-06,4.441719994642736e-07,-7.766155999792417e-21,-7.363279937734271e-05,7.36378011997282e-05,5.758770625539149e-09,-2.519433592839099e-05,0.0003958140626686948,8.976524460941987e-22,5.457197652255978e-07,1.0101258162537787e-05,1.4060971899971585e-24
4,57,251,0.02022439949356367,9.901388894613898e-06,0.020226505825347834,1.8342858235639613e-09,2.007662553945634e-05,2.9572332996972308e-09,3.752592180664465e-21,-7.362112954127211e-05,7.362532416681932e-05,1.7987699837700397e-07,9.73441418411508e-06,0.0004323307262598446,-4.814476778550342e-22,9.225052666595301e-07,1.0097551719599733e-05,5.624388759988714e-23
4,58,251,0.02004549706512156,2.7638771379677593e-05,0.02004824685015616,1.4117052322927885e-09,3.902582027482271e-05,1.6776763501947757e-07,2.7537007368904746e-21,-7.362353818098546e-05,7.36277974101078e-05,-2.058251841585536e-07,-6.479904708912183e-05,0.0003896351679907863,-2.6097163846347615e-22,5.184102970165384e-07,1.00522803851457e-05,4.387023232791195e-23
4,59,251,0.020079168524849395,-6.188596584341231e-05,0.020082310894109202,-5.556121241913606e-09,-2.5626042450364396e-05,-1.5821393041903998e-07,9.54346284794885e-21,-7.362432170821549e-05,7.362856053733293e-05,1.0456175317192838e-07,8.994241124995572e-05,0.00044632536698484775,-1.874046334828239e-21,-1.341319344581945e-08,1.0705541217374728e-05,-1.968536065996034e-24
4,60,251,0.020161984108780177,-9.008261367343654e-06,0.020163961484887433,-6.826424252470707e-11,-8.878788472115708e-06,-5.464347916600518e-07,2.1102706627477636e-21,-7.362254109868866e-05,7.362661539177893e-05,1.0717088780694734e-07,5.45959806678881e-05,0.00041500163578696395,-1.9527877774680817e-21,1.6247129015758973e-07,1.0482033446486404e-05,1.4539044944570825e-22
4,61,251,0.02017071365026834,-2.6483480375273972e-06,0.020173374620339475,2.067616372693269e-08,1.1000939126967142e-05,4.305596947562803e-07,1.0501858692650927e-20,-7.364412673544167e-05,7.364917615399846e-05,-2.947586323646668e-07,9.55556497078338e-06,0.0004543794051689776,-3.7570916916724624e-22,-4.798362869179222e-07,1.098545962913846e-05,-4.3026574013913654e-23
4,62,251,0.020186272517957442,-9.712688247683758e-06,0.02018805953708974,1.6000218725324518e-08,1.255635968059304e-05,1.0048239213306992e-06,-1.889794623356208e-22,-7.36373402176604e-05,7.364131934886266e-05,6.737053796793866e-08,3.837759331455211e-05,0.00041165355006346786,-1.6648190729566594e-21,5.363567505631285e-07,1.1265576784848207e-05,-8.717802577982503e-24
4,63,251,0.020188236388495654,-8.895658237779065e-05,0.02019083293453572,-4.251934462031216e-09,-8.772964401135224e-05,-2.5054923178500054e-07,5.529899028820904e-21,-7.362775074696647e-05,7.363218878984671e-05,-1.1517062155054499e-07,1.4582695186137477e-05,0.0003914834390434802,1.7098141830365701e-22,-2.2896907667063233e-07,1.0282845134564435e-05,2.812194379994257e-25
4,64,251,0.01998426334509413,-7.26881778652578e-05,0.01998659838189315,-1.3421106134975296e-09,-7.006585013000613e-05,3.1844435646042097e-07,-9.754939865324425e-21,-7.363578411379844e-05,7.363994417451722e-05,-5.744987399626104e-07,-6.776923383911999e-05,0.00042851424055289955,7.199217612785586e-23,1.019954001544309e-07,1.0830723824777266e-05,5.73687653518849e-23
4,65,251,0.02024717306507975,0.00010315098843017428,0.02025096116361342,1.8696707228453228e-09,-1.2341496325614008e-05,-1.1921702681979202e-06,-1.034887531837922e-21,-7.360993747431571e-05,7.36152578857344e-05,-5.341243309173468e-07,-2.0930188540604764e-05,0.00046206483033317384,4.2295403475115097e-22,-6.702510277375869e-08,1.0168206913044524e-05,-8.900595212682142e-23
4,66,251,0.020209826274906525,-4.471020802518828e-05,0.02021225674472678,-2.2792211758190104e-09,-3.5730497298282244e-05,-8.465650593652188e-07,2.094972325320596e-20,-7.36400589831246e-05,7.364433698022751e-05,5.3096488001853915e-08,8.412047453186067e-05,0.0004245132079014271,1.1968699281255982e-21,2.282743442142679e-07,1.0914679202205731e-05,6.960181090486032e-23
4,67,251,0.02027703008385267,-2.7045572785739154e-05,0.02027999439059231,-1.4527816141719797e-09,6.4813866388419e-05,-1.5674532525267962e-07,5.309422989429332e-22,-7.360935684751673e-05,7.361339392058955e-05,2.4384186863623922e-08,-6.809830853951284e-05,0.0004304562700208238,-6.186827635987585e-21,-8.839975128438019e-07,1.0460107287484354e-05,-1.0559789896878811e-22
4,68,251,0.020218694488044114,-2.0604450485568958e-05,0.020220818050623104,5.595819575312746e-09,-2.1711484893473216e-05,-3.840825657273158e-07,-3.662601960504654e-21,-7.36338766241213e-05,7.363816849385456e-05,-3.03645249918311e-08,6.167752030526259e-06,0.000360527398068118,1.5298337427169304e-21,1.4004436113647211e-07,1.0264057486734901e-05,-5.061949883989873e-24
4,69,251,0.019937792962902486,2.2975786529370496e-05,0.01994137039365137,-5.819235999082152e-09,-1.965758086457932e-05,-3.0603634307791116e-09,-1.1001304414537922e-20,-7.362007067667139e-05,7.362526538949879e-05,-1.985700467280814e-07,-2.62956342467111e-05,0.00047845735117929886,9.538963336940858e-22,8.116087805187204e-07,1.0351958001014625e-05,6.186827635987586e-23
4,70,251,0.02011358741123703,8.668789777518986e-05,0.02011685346017508,-4.26004986860929e-09,2.6773755328175087e-05,-2.546860963576897e-07,2.0157809315799533e-21,-7.366504090055929e-05,7.367041977095297e-05,3.905046352004731e-07,-4.132103764462494e-05,0.0004195328468561992,-2.913433377674154e-21,-5.325397453981091e-07,1.047579249721211e-05,-8.956839100282026e-23
4,71,251,0.019957925038482288,-5.24284071039672e-06,0.019960451752233717,1.2282496193142782e-08,1.0506277363809118e-05,-9.556262659294587e-07,1.0857320062282213e-20,-7.362700389131172e-05,7.36316691239085e-05,-7.760153950069648e-08,-6.233255285784937e-05,0.00045987233097616906,1.304858192317382e-21,-1.7094201694477327e-07,1.0590540982009698e-05,4.527632951790913e-23
5,0,251,0.02090310192368741,-3.353604354402484e-05,0.020905057829527326,5.621095603956298e-09,-2.3560052197258026e-05,-1.1487095582471442e-07,3.167655749625641e-21,-9.205493993979216e-05,9.205808382027008e-05,5.563086607587852e-07,-7.790167661442242e-05,0.00044362476518800437,1.2103684611495711e-21,2.603591069416315e-07,1.020711883838209e-05,4.935401136890097e-23
5,1,251,0.020823502777447364,-1.6692025970313436e-05,0.020825575052935332,8.480308589666904e-09,4.343306349589435e-05,2.3818505199704596e-09,-3.1676557496256434e-20,-9.203739188308665e-05,9.204080009095105e-05,-3.851443036390794e-07,-0.00010586591086135717,0.0004555962759721584,1.862797557308262e-21,-2.904623124979041e-07,1.05633427604115e-05,2.727828548594527e-23
5,2,251,0.020974503418250565,4.144291060098187e-05,0.020976442112375628,-9.815315461138225e-09,4.910341844740615e-06,-3.285776984788299e-07,-1.3534529112036845e-20,-9.203342838458378e-05,9.203716451357744e-05,-1.1859393573862927e-07,-2.2062156401773548e-05,0.00040965038645847135,-5.444408319669072e-22,6.815436851969158e-07,1.0386219526000947e-05,1.2936094147974075e-23
5,3,251,0.020980810799304507,3.757772732674598e-05,0.02098265495649025,-1.2502733419581305e-09,7.100326284644753e-05,-6.359114482155229e-07,9.790935953388352e-21,-9.204538697505925e-05,9.204881324639135e-05,6.074532314312861e-07,4.4608203913913e-05,0.0004122519257363409,-2.969677265274041e-22,-6.31577122199361e-07,1.0140199694124873e-05,-7.311705387985332e-24
5,4,251,0.021052944426741122,1.5447380238663576e-06,0.021054658913139207,-9.606811549103552e-10,3.347223887114716e-05,-3.095688136533125e-07,3.167655749625644e-21,-9.202996051077496e-05,9.203346788994947e-05,-8.126044485573853e-09,-6.16793586805216e-05,0.0003731094022350402,2.609716384634763e-21,-3.2847083755809693e-07,1.1384977669006772e-05,1.6395093235367103e-22
5,5,251,0.02106316478841997,-8.570793483723183e-06,0.021065180689864932,-2.4043401463514433e-09,2.696351488301587e-05,6.76402256292298e-07,9.790935953388351e-21,-9.205360367036417e-05,9.205681002172488e-05,-5.612367896467346e-08,-3.9301089621602174e-05,0.00043285482127505625,2.6952070937865913e-21,-1.4729154383001743e-07,9.708195429702202e-06,-7.536680938384877e-23
5,6,251,0.0208205496785213,-3.782832984849904e-05,0.020822527535279686,-5.274297532563023e-10,2.05121406403988e-05,1.8235969939485616e-08,-4.895467976694174e-21,-9.204705296438924e-05,9.205028386191455e-05,-2.124176205551335e-07,2.1714834667466215e-05,0.00045004799030287315,3.5658624738328446e-21,2.7619873695333703e-07,1.0400065433478259e-05,1.0306692402679318e-22
5,7,251,0.021020868163700607,5.120122949001344e-05,0.021022187787605336,3.072398321702512e-09,-9.046257051504396e-05,-1.5753384282016083e-09,-3.455624454137064e-21,-9.203121626261131e-05,9.203419384610789e-05,1.865772329318261e-07,6.25876047995341e-06,0.0004323444226805429,-5.129442549109704e-22,-7.791381981167133e-07,1.0480742001513588e-05,-4.597937811290771e-23
5,8,251,0.020901444627154046,5.139513595694646e-08,0.020903626172528868,2.4723494876574423e-09,-6.018061627819306e-05,-2.508484679749085e-07,1.1518748180456846e-21,-9.204192835053469e-05,9.204531752573952e-05,-4.448575676036263e-07,-2.008843045155717e-05,0.0003867422150058299,-1.214867972157562e-21,1.6008857754188844e-08,1.054254996662142e-05,-3.965194075792043e-23
5,9,251,0.02089195179947857,-1.3951657319723905e-05,0.02089399724726115,1.1805432274996277e-09,-9.548845324588668e-05,-2.684644809222402e-07,-2.879687045114219e-21,-9.20538359461942e-05,9.20570973025287e-05,3.982356323373601e-07,-1.3439561228638557e-05,0.0004205828362642554,2.141767239803702e-21,7.311732467976606e-07,1.0449927901751606e-05,-8.717802577982506e-23
5,10,251,0.020808097010311152,2.0052644456483662e-05,0.020810121003737563,-3.213629869388229e-10,-7.003583332474508e-05,-6.179340950677139e-07,2.3037496360913782e-21,-9.203767085798361e-05,9.204115587864085e-05,-8.032988428729368e-08,-2.089849410724732e-05,0.0004424587782826484,2.5512227415308807e-21,3.458761888272998e-07,1.0847276173240775e-05,7.789778432584368e-23
5,11,251,0.021013046540597255,-4.603181665376254e-05,0.021014750143024175,-9.296716993458369e-09,5.653331942983576e-05,-1.1908685117200112e-06,-2.879687045114222e-21,-9.203812219052072e-05,9.20413826244998e-05,2.83145187089192e-07,5.071497723025032e-05,0.0003903210609738234,7.514183383344921e-22,5.1760707157583735e-08,1.057516915169023e-05,2.840316323794301e-23
5,12,251,0.02075071440484312,-3.738667168043546e-05,0.02075308274064736,6.657566130512536e-10,-7.367469406253036e-05,2.390787119591547e-07,-1.5550310043616798e-20,-9.205165342410258e-05,9.205520407785875e-05,2.954126670807014e-08,-4.4941924052136385e-05,0.0004402656679765059,-2.699706604794582e-22,-6.752137045978405e-07,1.0177685010876274e-05,-1.0362936290279205e-22
5,13,251,0.02102816838679494,-3.600290827606675e-05,0.021030030388883476,4.244567652854111e-09,-6.224126258604433e-05,-4.1669717713995917e-07,9.214998544365507e-21,-9.20513836577034e-05,9.205485065091074e-05,-4.297189102698832e-07,3.8668230724370466e-05,0.00038148377570657255,-1.7323117380765235e-21,-5.600329450369022e-09,1.0751868926650084e-05,-4.724486558390518e-23
5,14,251,0.0209782744236014,1.2307727825338919e-05,0.020980250470914216,-5.172725697779534e-10,3.5030820120396623e-06,3.202270823654676e-07,9.502967248876929e-21,-9.20440996555766e-05,9.204783805952932e-05,-4.779204792606241e-07,4.05380199916647e-05,0.000421857031896175,1.475839610621039e-21,3.7811472311812957e-07,1.0617808323678627e-05,1.6479459066766934e-22
5,15,251,0.02091083065909278,-3.750638987238794e-05,0.02091319343666827,8.209786986364707e-09,2.7387389346271505e-05,4.803392011778478e-07,1.0942810771434041e-20,-9.203256854598434e-05,9.20364173161584e-05,-2.125983036494015e-07,4.947837489431816e-05,0.00041325591894110514,3.8695794668722333e-22,-2.87245752526948e-07,1.1270294833790053e-05,6.721144568186514e-23
5,16,251,0.021036641138735043,-3.6197292052005754e-05,0.02103862164963905,-2.155470602985802e-09,-3.002081882138211e-05,-9.296675658041174e-07,-9.502967248876926e-21,-9.204411895428537e-05,9.204693378915834e-05,2.6354473196947493e-08,3.636028311611054e-05,0.0004435603464524879,1.862797557308262e-21,1.028315828005472e-06,1.0276570129768355e-05,-1.448280105697095e-23
5,17,251,0.020876227358383723,-1.0590924209900554e-05,0.020877879723021492,1.5418523324774503e-11,-4.2135162151014135e-05,-6.200743271616916e-07,1.2958591703013995e-20,-9.203909491920497e-05,9.204229281269919e-05,-5.598023604056572e-07,6.875726564403501e-05,0.00039009516463586627,-8.3015978097433365e-22,3.440194250803442e-07,1.0537708317340244e-05,1.3948484124772013e-22
5,18,251,0.020706756819644293,5.452827638112651e-05,0.02070896091974132,-1.2643075982723958e-08,0.00010115146057166595,2.809640832318526e-09,3.225249490527928e-20,-9.203805841385223e-05,9.20416820247646e-05,7.73981353612534e-07,3.5366165908712787e-05,0.00043503723630516146,3.149657705593693e-23,-3.6872087861243726e-07,1.0201739156704225e-05,-4.555754895590859e-23
5,19,251,0.02085348699992783,-1.0393936332351579e-05,0.020855564153912903,1.1468929030349338e-08,3.5279588071785386e-05,1.2854242088639274e-07,1.1518748180456885e-20,-9.20194149454712e-05,9.202296245433524e-05,9.624359834485199e-08,4.620108479576582e-05,0.0003895075423858509,8.32409536478329e-22,3.9487330025223105e-07,1.0359628377034863e-05,7.297644416085357e-23
5,20,251,0.02093156220988543,4.943656672124059e-05,0.02093339267916997,4.3175493811347636e-09,-0.00011877071084666703,4.073498994165479e-07,-9.790935953388355e-21,-9.205488988764443e-05,9.205796315909674e-05,-1.857697346686892e-07,-2.7316722366735067e-05,0.0004124540820758701,-3.0146723753539537e-22,-1.9662527028921112e-07,9.960653762063146e-06,-2.9528040989940746e-23
5,21,251,0.020909804098857936,-5.2712681378504176e-05,0.020911924368584786,-2.9133768924884543e-09,-3.830030158132829e-05,-7.399946863533004e-08,3.069211066752567e-36,-9.204194013697824e-05,9.204572113870683e-05,-2.1400273560767648e-07,8.467894355995824e-06,0.0004318328413967715,4.387023232791195e-22,-2.182948748902221e-07,1.0668162831643294e-05,1.6268544488267353e-22
5,22,251,0.020966819751236723,-1.965221400402497e-05,0.020969094436458544,-8.236934986488285e-09,-3.064653759532204e-05,6.723718819843726e-08,-1.7710075327452462e-20,-9.204604991635912e-05,9.204966039232447e-05,-3.8492316210786786e-07,0.00012579898773364405,0.0004137479821517614,1.421845478525147e-21,-2.3845104463027557e-07,1.0500856109492477e-05,-1.261269179427469e-22
5,23,251,0.021040885656152145,3.3139870811605055e-06,0.021042793435767253,-7.958452317893393e-09,-5.1117699904129755e-05,4.7096055951842884e-07,1.9005934497753864e-20,-9.204167298513087e-05,9.204495874688322e-05,-4.0950411015029423e-07,1.4635136105797588e-05,0.0004213338702191397,-1.2171177276615578e-21,-1.7137348647095654e-07,1.0393955628221314e-05,-4.696364614590573e-23
5,24,251,0.02094043962521626,-2.8036830362124655e-05,0.020942185369734564,-5.496283581258598e-09,6.53621778127981e-05,-1.6078391984591215e-07,1.0654842066922623e-20,-9.204045588683916e-05,9.204362345801762e-05,5.174597245231302e-07,-1.029232170818532e-05,0.0003887829320179718,2.0202804425879458e-21,7.738828828833854e-07,1.046415627973746e-05,7.649168713584653e-23
5,25,251,0.020964884685637692,-1.8712022363717384e-05,0.020966910875695997,4.3372008455162135e-09,-1.959115351286276e-05,-8.839783639499233e-08,2.5917183406028024e-21,-9.203681740874366e-05,9.20394444549382e-05,3.142178743273453e-07,0.00012216801837362475,0.00040849613638845077,-1.705314672028578e-21,-9.485953050224015e-07,1.070158913214629e-05,-3.079352846093822e-23
5,26,251,0.0207514340726459,-2.6722581105284788e-05,0.02075346703907116,1.4748717741226935e-09,0.00010351090687672666,-8.598782306856609e-07,8.927029839854088e-21,-9.204134319601326e-05,9.204485763260507e-05,-2.0158293152459877e-07,-6.683351430688296e-06,0.0004235208457275956,-3.748092669656479e-21,-3.7360692252529295e-08,1.0927172874581199e-05,-1.601544699406786e-22
5,27,251,0.020862303844428238,1.8930374191302303e-05,0.020864352706011623,-2.284299573576771e-09,-2.453592790973902e-05,5.214594677170554e-07,1.8142028384219595e-20,-9.204085808400014e-05,9.204421292903942e-05,1.3797365354212523e-07,3.8762446765756896e-05,0.00041140417482470667,7.919139374064106e-22,3.3025095768481165e-07,1.0548406346285484e-05,1.2964216091773989e-22
5,28,251,0.020807996964632345,-8.112235435054825e-05,0.02080998864560579,1.2325705141234832e-08,5.2349847313417213e-05,4.268256676133483e-07,-1.1806716884968309e-20,-9.202631841287085e-05,9.202985867478154e-05,-3.1110990438048514e-07,-2.880794270306015e-05,0.00043732295892965847,-1.3048581923173765e-22,4.542025445513816e-07,1.035161444151915e-05,-5.905608197988142e-24
5,29,251,0.020858147343894233,2.7778328356871082e-05,0.020860308242119947,7.383216973137075e-09,0.00011198920369217391,2.8015652712998784e-07,-2.2173590247379505e-20,-9.203298258350594e-05,9.203687479307398e-05,2.1737594085658244e-07,-1.3210365871789912e-05,0.00043333080365314127,-4.679491448310605e-22,-8.100703652402766e-07,1.053807639891811e-05,1.8869824289762135e-22
5,30,251,0.020970120633613067,-2.689759691878682e-05,0.020971641073310267,9.422300643925831e-09,5.459912177755002e-05,-6.922773758314923e-07,5.1834366812055965e-21,-9.203449782146234e-05,9.2037006738937e-05,-1.3318730821737152e-07,-2.607085319453118e-05,0.0004175078416924304,-1.5928268968288041e-21,-9.776752919373863e-08,1.0522129347884117e-05,1.07144605877785e-22
5,31,251,0.02096668406687921,-2.4304230288742817e-05,0.020968416849967208,-4.751738259422176e-09,-0.00010694468810701052,-1.2694409520689629e-06,1.5550310043616798e-20,-9.203774530464054e-05,9.204080973910391e-05,3.577855752506067e-07,1.3454071506594193e-05,0.0004123251998104097,-7.289207832945374e-22,-6.835132113733097e-07,1.0724621367440736e-05,-1.3498533023972925e-23
5,32,251,0.020942551488192906,-8.369801813116752e-06,0.020944599370066153,2.7237714618503127e-09,3.227588627363749e-05,-5.935351472054238e-07,7.487186317296974e-21,-9.203674499483082e-05,9.20397735923916e-05,-1.8708358160135374e-07,-1.732764566263221e-05,0.00042492718559533616,-1.1608738400616703e-21,1.0475095184183228e-06,9.847336983337558e-06,-1.5790471443668315e-22
5,33,251,0.0208141699668855,-3.2407294013963766e-05,0.020816284238244522,-3.976336634398652e-09,2.2311096493438623e-05,5.220157299547375e-07,1.1518748180456885e-20,-9.202547839697583e-05,9.202939510281746e-05,-4.50398143580402e-08,3.956664189765068e-05,0.00044388556884171254,-9.898924217580134e-22,-3.1642966444582815e-07,1.045396593243016e-05,-1.0770704475378387e-22
5,34,251,0.02094894358367753,3.4882829978119655e-05,0.02095103040841023,-2.7650959698032906e-09,0.00010270347135983949,-5.4333981453873346e-08,-8.639061135342662e-21,-9.203731355952169e-05,9.204125358278907e-05,2.366792088920588e-09,-7.755975028415904e-05,0.00043518288200675213,-5.556896094868851e-22,-5.596120417313936e-07,1.034776913022825e-05,7.958510095384032e-23
5,35,251,0.020980159825961974,-4.603002883180869e-05,0.020981835962256,9.65765609277075e-09,-6.482863866126245e-05,-3.2822072499488974e-07,1.1518748180456874e-21,-9.204285322765647e-05,9.204596222368996e-05,6.402528396130825e-07,5.611345614599526e-05,0.0004123419033841853,-1.0438865538539055e-21,-1.1529313892217565e-07,1.0780625306202312e-05,-1.9572872884760722e-22
5,36,251,0.021022831772041953,-5.056330795427228e-05,0.021024807577646454,2.6695491033703866e-09,-5.513696016332882e-05,4.4016869278733287e-07,-1.4686403930082526e-20,-9.204230914126066e-05,9.204583948368084e-05,6.457438312801231e-07,-1.1237598401325417e-05,0.0004284103854252099,-8.684056245422574e-22,-2.714085398546647e-07,1.0173702707740845e-05,-1.2598630822374718e-22
5,37,251,0.020890080164627088,-5.7125154346635915e-05,0.020891883345537134,-2.301431447650527e-09,-5.297261840823759e-05,4.773336286476677e-08,-1.727812227068533e-20,-9.204644595210275e-05,9.205002641036153e-05,-2.3773548527061033e-08,2.72720479863104e-05,0.0003905380305580905,-2.497228609434989e-21,-1.83856556747342e-07,1.0967080672305879e-05,7.452315106985051e-24
5,38,251,0.020743451871662114,-6.713808921067493e-05,0.020745470001851875,3.4126330552137295e-09,3.1308338483522026e-05,-1.2571690236809924e-07,1.0654842066922616e-20,-9.204186640720167e-05,9.204563579705356e-05,2.2778921273376387e-07,0.00011720274552756388,0.00040528944377704113,1.750309782108488e-21,-4.849274880270829e-07,1.0765652760562909e-05,-7.592924825984762e-23
5,39,251,0.021063028071444764,4.374822042506043e-05,0.02106473078180537,-6.388178171670326e-09,1.5811193435276326e-05,2.172621224386242e-07,1.1230779475945463e-20,-9.204544267698359e-05,9.204879944547221e-05,-3.88105185132343e-08,9.235602540572152e-05,0.0003997202249089587,-2.1665145503476526e-21,-2.2800052513643676e-07,1.0524813382128531e-05,-1.8687031655062502e-22
5,40,251,0.02085296776725651,-1.4088290596833234e-05,0.020855601214811136,6.338834082659908e-09,-6.912052743487804e-05,6.718555692247702e-07,6.3353114992512864e-21,-9.202913438225335e-05,9.203263227994359e-05,2.069031071432437e-07,-1.1426837069079416e-05,0.0004325141655262383,1.1518748180456884e-21,9.430910621255965e-08,1.0672075191289605e-05,1.9685360659960485e-23
5,41,251,0.02084911772694561,1.1263012437281428e-06,0.02085133597822637,-9.16039312061902e-09,-2.2179783798040786e-05,1.7304551562533667e-07,4.6074992721827565e-21,-9.204828343642065e-05,9.205162247898465e-05,-1.5816713344386114e-07,2.645382793725256e-05,0.0004326852202514862,-1.9887838655320094e-21,-3.9319665161234667e-07,1.0382700357587784e-05,2.0107189816959644e-23
5,42,251,0.020901731961276076,-4.5542119076860546e-05,0.020903188573964865,1.4335604311368162e-09,1.4656800533006324e-05,-4.076615407875214e-07,-6.911248908274135e-21,-9.20391259183365e-05,9.204217479438242e-05,-5.259975119110452e-07,-6.962573135333362e-05,0.00038296578842771204,-3.0146723753539503e-21,5.230919737945764e-07,9.894766259202044e-06,2.5872188295948076e-23
5,43,251,0.02100722803503197,-7.965564723902954e-05,0.02100917449505713,-3.2189746723475676e-09,2.2299686342772168e-05,5.312181698444129e-07,1.7278122270685314e-21,-9.202916255851044e-05,9.203234848036941e-05,3.8458080959442617e-07,-8.257382700427752e-05,0.00035776971348380694,-1.862797557308262e-21,1.636108019977992e-07,1.0122921494557588e-05,-6.271193467387414e-23
5,44,251,0.02085432105663849,4.33080503175868e-05,0.020856157697462477,4.146533078838283e-09,0.00011327187969276374,-7.891646955941838e-07,1.7278122270685337e-21,-9.20290969042243e-05,9.203281644983733e-05,6.286317083415141e-07,-0.00010498498192833164,0.0004396388836890782,-1.3026084368133858e-21,1.73739189211735e-07,1.0894438930274088e-05,6.186827635987586e-23
5,45,251,0.020802260007609846,2.1613340442380868e-05,0.020804098020650034,-1.200866943747372e-08,-1.774367171571599e-05,1.1524660680174477e-06,1.6702184861662483e-20,-9.204331995502561e-05,9.204670530562564e-05,3.397398362795157e-07,-3.7344672835188315e-05,0.00039151510228641783,-1.5883273858208131e-21,1.593602781276549e-07,1.0425957197990433e-05,-7.564802882184822e-23
5,46,251,0.020797938748476765,-1.3769652419568316e-05,0.02079969543941333,-3.490836068728228e-09,2.5818955170882817e-05,1.1820016901556552e-07,-8.063123726319822e-21,-9.203588190818606e-05,9.203936286022633e-05,5.152858057740161e-07,5.1733900806458195e-05,0.0004068519341235441,3.1946528156735933e-22,-8.51369507614016e-07,1.061443035593361e-05,7.888205235884173e-23
5,47,251,0.02100131809177688,3.483748767458352e-05,0.021003081674775072,2.2709616204387907e-09,-6.641308565596118e-05,1.1294098141198317e-07,5.759374090228442e-21,-9.20367821035723e-05,9.204026330450338e-05,-3.395108997761125e-07,4.432917784414554e-05,0.00038900968134477644,3.748092669656479e-21,7.624762794391154e-07,1.0251186525247415e-05,4.611998783190746e-23
5,48,251,0.021001314434597518,-5.651888434905035e-05,0.0210030922634816,-1.8959731596155794e-09,-0.00012703878440766924,8.845903915576262e-08,6.3353114992512864e-21,-9.205357306615821e-05,9.205623033920921e-05,-5.102387419424579e-07,-9.54709209605666e-05,0.0004054848213197158,1.183371395101625e-21,-4.907729209582124e-07,1.0538570994777964e-05,-6.819571371486318e-23
5,49,251,0.021024580715338522,8.463735312032412e-06,0.021026541341499904,-2.884113468212813e-10,4.527703738849751e-05,-1.9799998990206578e-07,4.319530567671317e-22,-9.203743975551439e-05,9.204075480960367e-05,-1.602961941993808e-07,-2.4391579272699348e-05,0.0004050598905593405,3.0596674854338516e-22,8.628601573862804e-07,1.0392751158302876e-05,-6.805510399586342e-23
5,50,251,0.020954607421132795,-5.860022281720677e-06,0.02095663413389997,7.595751884694567e-09,0.0001380726613942625,-2.50960706707964e-07,5.759374090228446e-22,-9.203408586906286e-05,9.203757191315807e-05,-2.1925730742420433e-07,5.246446046083869e-05,0.00041909142717938384,-2.924682155194133e-22,-7.912455631000064e-07,1.0440236357961957e-05,6.186827635987584e-23
5,51,251,0.021003747444479658,-1.351414982553047e-05,0.021005942369671408,2.841766193766122e-09,1.885996262729852e-05,-6.993148969501568e-10,-2.3037496360913745e-21,-9.204623000417413e-05,9.204969945376581e-05,2.974222366379459e-08,1.0273766873928839e-05,0.0004132851154751167,4.769481668470427e-22,-2.9448856985660197e-07,1.0398308494787324e-05,3.290267424593398e-23
5,52,251,0.020985621583611686,2.9958605059824702e-05,0.020987655501271893,-7.040689737406308e-10,2.8926418092676088e-05,2.272624398113896e-07,-6.91124890827413e-21,-9.203744466990715e-05,9.204154674552946e-05,-9.352516962356672e-09,-4.2005039682015095e-05,0.0004121741617194908,-8.819041575662307e-22,6.036082570860065e-07,1.1067980283272146e-05,-1.4454679113170999e-22
5,53,251,0.02103418600660114,2.7753076162687295e-05,0.02103578795241258,-6.935803903867881e-09,-9.162878211989375e-05,2.4651211103560983e-07,1.612624745263964e-20,-9.203933911268209e-05,9.204224183860545e-05,4.988618672175369e-07,-2.0734949719885632e-05,0.00038617895633137297,-9.493968226860948e-22,2.1396428638557676e-07,1.043267948733507e-05,7.339827331785272e-23
5,54,251,0.020909717173915227,7.733307593472454e-06,0.020911762741274365,-3.704860755055324e-09,-1.6535354120996066e-05,4.200438450993788e-08,-1.7854059679708173e-20,-9.204116033198045e-05,9.20447380558668e-05,5.847969373536889e-07,8.282888754909878e-05,0.0004116037808819544,-9.718943777260497e-22,-3.5964688751117767e-07,9.931320235203066e-06,5.877486254188206e-23
5,55,251,0.020893974773688172,-2.7429359488249452e-05,0.02089597866466275,6.343777970949864e-09,7.629269604703287e-05,-4.892225315864822e-07,1.209468558947973e-20,-9.20385725466378e-05,9.204207881771619e-05,3.643410198848865e-07,3.082323180687134e-05,0.00044421715625585337,-2.41173790028316e-21,4.225381719283343e-07,1.1175013439071205e-05,1.0039533936579855e-22
5,56,251,0.020732115826716052,2.8270214172854323e-05,0.020734344848506045,-8.701631252055983e-10,6.657443067283617e-05,-3.2401559361625396e-07,5.759374090228469e-22,-9.204624517142647e-05,9.204976502768089e-05,2.273009729397531e-07,-5.388323419499248e-05,0.0004067754778381668,-5.174437659189614e-22,-3.2599274912438477e-07,1.029525148242204e-05,-1.1965887086875988e-22
5,57,251,0.02078406010240873,-8.825116677359346e-05,0.020786682605619285,4.752196730004911e-09,0.00012983928337589282,5.749873816909197e-07,-2.649312081505084e-20,-9.204097884356342e-05,9.204449474627157e-05,-1.3810599391105575e-07,-1.5795332309289417e-05,0.00037747309464419837,-1.979784843516026e-22,-7.311806398316887e-07,1.079105915097841e-05,-6.594595821086767e-23
5,58,251,0.020947339220904245,-3.5637392054237536e-05,0.020949416339709252,-1.3090918569637716e-09,-1.2222867506868933e-05,-8.408131830363574e-07,-1.8429997088731014e-20,-9.20443647920773e-05,9.204787674730141e-05,4.1201155395213763e-07,2.7448738828620383e-05,0.00039325189466839623,9.58395844702077e-22,-2.1415527169277936e-07,1.0493067605957705e-05,-7.761656488784423e-23
5,59,251,0.02101238999295088,-2.9204630186918593e-05,0.021013495188932838,-6.912777127512216e-10,1.5062957213408821e-05,9.966761170240608e-07,-2.3037496360913773e-20,-9.203330115138353e-05,9.203592619165386e-05,-3.2029011026340543e-07,-5.2021798139828855e-05,0.00046045671878609313,-3.1631562386176526e-21,-5.621693609406883e-07,1.0905222518413551e-05,2.0810238411958247e-23
5,60,251,0.020931234253570914,7.130926065514364e-06,0.020933181999599072,7.84112730349318e-09,7.07367204123363e-05,-7.145644151426174e-07,-6.911248908274132e-21,-9.203574604545344e-05,9.203928976059447e-05,-2.2824706096545077e-07,-0.00010886188483491641,0.00044219343139098593,1.844799513276299e-22,8.336282167685414e-07,1.0556506777944594e-05,7.944449123484059e-23
5,61,251,0.020966852160467394,-2.768821385106808e-05,0.02096876642313754,-1.932686494863566e-09,2.7409708739050437e-05,-5.437134462540398e-07,-1.2382654293991151e-20,-9.204651086367952e-05,9.205014779308687e-05,-3.7905748127949675e-08,1.4241169060684246e-05,0.0004252728070672738,-1.3048581923173814e-21,-9.10123467702976e-08,1.0753465847423716e-05,5.989974029387981e-23
5,62,251,0.02097898581046971,6.535725146992411e-06,0.02098090418116455,-1.3154045407409471e-08,2.9251094918549147e-05,-1.1722982321451598e-06,1.1518748180456885e-20,-9.204336167397605e-05,9.204697222388563e-05,1.0933998715159483e-07,2.724312567085854e-05,0.0004124652704137341,1.6288229848927315e-21,-5.336605117425714e-07,1.0787121635523997e-05,6.229010551687501e-23
5,63,251,0.02098429686060028,4.7380709827138254e-05,0.02098602012804591,6.661176755004598e-10,-4.726212300850016e-05,-4.2429674885230717e-07,-1.209468558947973e-20,-9.204235073605212e-05,9.204567712094554e-05,-1.20182121822468e-07,7.297344809768716e-05,0.00043387249650373116,-4.364525677751239e-22,1.7881235857281884e-07,1.035497525723206e-05,1.8391751245163095e-22
5,64,251,0.021026079128434468,-4.123434409672311e-05,0.021028077110045517,-6.97181573999953e-10,3.0198510442699787e-05,5.302224392406519e-07,9.502967248876935e-21,-9.20346970141383e-05,9.203812528927978e-05,9.777611141007665e-08,-6.5297481021866e-05,0.0004172171905994504,-6.479295851507003e-22,2.879695507855568e-07,1.0694066828457129e-05,-5.891547226088176e-23
5,65,251,0.02104100313164661,-4.9026641509326815e-05,0.021043583172833096,-2.8493837430910044e-09,0.00011340525204768901,3.0200420951088655e-07,1.612624745263964e-20,-9.204472114261242e-05,9.204877108806922e-05,1.2380229324478844e-07,1.8505644934689654e-05,0.00040097712190358066,1.0348875318379202e-22,2.5090140407111875e-07,1.0196503596085543e-05,1.2893911232274127e-22
5,66,251,0.02083082699113737,-3.390570455967942e-05,0.020832834703396294,-6.086185025780613e-09,6.174915356203304e-05,5.090746995955005e-07,7.487186317296976e-21,-9.205261999059636e-05,9.205604496694346e-05,-3.504701016108683e-07,1.295898493375351e-05,0.000448879424902183,-9.955168105180023e-22,-6.194857698033755e-07,1.0531175688100449e-05,-5.554083900488858e-23
5,67,251,0.020983583402871885,2.9981673130218784e-05,0.020984894437722567,7.633492148170911e-10,1.8430673044278871e-06,6.328120621297713e-07,1.1518748180456869e-21,-9.203399530151921e-05,9.203696599693106e-05,2.168685186229729e-08,-4.19241255793097e-05,0.00046531559197640144,3.1586567276096616e-21,3.6371137127858195e-07,1.0525308178829452e-05,-5.624388759988718e-24
5,68,251,0.02074475244770753,-5.069193207953437e-06,0.020746498707311434,6.133943313920455e-10,0.00011287370259119211,3.841516494324142e-07,2.879687045114221e-21,-9.20404525139514e-05,9.204373074270577e-05,-2.479306952510458e-07,3.300554668005677e-05,0.00043601517493791847,4.567003673110837e-22,-5.322356358481498e-07,1.0658268092512749e-05,-1.143157015467706e-22
5,69,251,0.02098429186268256,-1.2484060446884334e-05,0.020986373918746203,2.954163155287967e-09,9.222296757364277e-05,1.521972225829008e-07,4.607499272182755e-21,-9.202305472259158e-05,9.202708969596068e-05,1.793338684173913e-07,-6.200108966749568e-05,0.0003988845742268861,3.1856537936576075e-21,-5.705073740455e-07,1.08318605658141e-05,1.1600301817476722e-22
5,70,251,0.0209940469553839,1.6991242153741165e-05,0.020995874118428168,2.0870441273625456e-09,1.2488674701003668e-06,-1.4575558439179356e-06,1.439843522557111e-20,-9.202881066324094e-05,9.203256783460777e-05,-1.1499442836666542e-07,-4.5909730802781927e-07,0.00038837509538040073,-2.9291816662021227e-21,4.989753867097435e-07,1.053793915682395e-05,1.1979948058775962e-22
5,71,251,0.020986468618382083,-5.9835568512595763e-05,0.020988966772092027,1.3901286724259433e-08,4.719859985129755e-05,5.928415262819935e-07,-9.214998544365505e-21,-9.202636879931782e-05,9.202973814839757e-05,8.704597935763767e-07,-3.30864867360438e-05,0.000356701722900362,8.954026905902032e-22,4.592645650750362e-07,1.0631445284113508e-05,2.8121943799946167e-25
6,0,251,0.021667598062615,9.87562718183458e-06,0.02166910506001533,1.1263908747657788e-09,5.381177703960939e-06,-2.9672614895048906e-08,-4.013563819127947e-21,-0.00011045345666302973,0.00011045589764580973,1.2611515703959988e-07,2.9442605741429923e-05,0.00039190854064582195,9.561460891980813e-22,-6.689207821879483e-07,1.158772432795655e-05,7.199217612785556e-23
6,1,251,0.021653873017262872,1.5716852639105895e-05,0.021655772002684197,-3.392798716341056e-09,-6.985523119771412e-05,6.970927385967661e-07,7.469188273265017e-22,-0.00011045345564574784,0.00011045625944418003,-4.990656140172861e-07,2.2722833910577853e-05,0.0003974351593490184,4.409520787831153e-22,-4.579216624956505e-07,1.0328217675191398e-05,1.119253363237754e-22
6,2,251,0.02182633072284333,-2.7463588559633773e-05,0.021827667764998664,3.6355021940925676e-09,-4.1221932981423825e-05,5.322664033728139e-07,-5.102445483061763e-21,-0.0001104492084084364,0.00011045183928011974,-1.6959184107073546e-07,2.6818417063181943e-05,0.0003892349354202442,9.134007346221675e-22,-1.8700012780160462e-07,1.087100069999396e-05,7.17109566898562e-24
6,3,251,0.021499564629899454,2.6870835394274822e-05,0.021501198728630593,8.741157884867428e-10,-3.4073393205089566e-05,5.562083930640589e-07,-5.453407341685055e-21,-0.00011044807785699847,0.00011045090403886033,4.4645374485150767e-07,1.2425729484884668e-05,0.00043489642084130326,1.2823606372774264e-21,-6.981791588506689e-07,1.0825184340173228e-05,-6.749266511986457e-24
6,4,251,0.021639946021218607,-2.200604844519755e-06,0.0216411443008407,-4.715060079813466e-10,-5.840440081122187e-05,5.765388630119343e-07,-7.973133506159998e-21,-0.0001104479978586542,0.0001104504868302585,1.3437664096299199e-08,-1.5464454188217302e-05,0.00037641217521240574,1.8223019582363415e-22,-5.202388755518491e-07,1.0805202003635425e-05,-5.4837790409889965e-24
6,5,251,0.021704996117466714,-2.804506425374455e-05,0.021706304102256015,2.3529454563273932e-09,-7.521054648075374e-05,-5.594498426559467e-07,2.2353570687699146e-20,-0.0001104563378439617,0.00011045885889104859,2.1504481680511368e-07,-9.033763062531e-05,0.0004226265922071208,-6.299315411187366e-23,-6.428244577350401e-07,1.0740623586221763e-05,-1.659194684196668e-23
6,6,251,0.021488921958398657,-1.158474231894353e-05,0.021490094421569024,-3.3700204061323e-09,9.17665964210839e-05,-8.333723059788505e-07,-1.6990153566173904e-20,-0.00011046100157096619,0.00011046317573700552,-2.048758697770078e-07,-3.4858777880275415e-06,0.0004333410829320577,2.2812520810514223e-21,-2.1252364685573107e-07,1.0404626088426382e-05,1.2148679721575619e-22
6,7,251,0.021593845933229695,-1.861145625824332e-05,0.021595481589875065,-2.2017777508534514e-09,5.076195896738468e-05,1.0880893771820798e-06,-7.37019903108921e-21,-0.00011044284256869683,0.00011044544203482845,-2.0827102894723006e-07,1.718658013521883e-05,0.00039432579408099036,2.1327682177877204e-21,-1.0497486430624844e-06,1.0125775994797684e-05,-1.0939436138178049e-22
6,8,251,0.02165096886936694,-1.3429629003378905e-05,0.021652472581182646,-2.264103703204899e-09,-8.496067901278914e-06,7.47040204250241e-07,-4.454515897911062e-21,-0.00011044920316131298,0.00011045164839189081,3.5482317121270735e-07,-6.16967155641841e-05,0.000414729050826591,9.67394866718059e-22,3.8507080448231813e-07,1.0243137378087852e-05,3.894889216292185e-23
6,9,251,0.021727675741559982,-3.397753121730438e-07,0.021729037697591443,6.380753526995778e-10,-3.6362810518677317e-06,7.870391934862598e-07,-1.1518748180456846e-21,-0.00011045506637850954,0.00011045732605428222,-3.1771163187719933e-07,-7.212988250233152e-05,0.000389444030159419,-1.0348875318379236e-21,-1.133020034687523e-07,1.0598734942281664e-05,-1.299233803557393e-22
6,10,251,0.021663640214288966,-1.6244440487694275e-05,0.021665063591603705,-2.8959649209351314e-09,3.0729726242977374e-05,-8.890816997374904e-07,1.0717835221034492e-20,-0.0001104517555362518,0.00011045389830561661,4.090365135570738e-07,-0.00010160814402979549,0.0003747649720425197,1.8672970683162537e-21,-2.72163096641096e-07,1.0448399520461138e-05,5.033827940189897e-23
6,11,251,0.021646064627017896,3.5688259467947786e-05,0.021647534682154423,-6.8181949241331395e-09,-8.77661635064204e-05,-5.41274405059625e-07,-1.1833713951016256e-20,-0.00011044399597528109,0.0001104463173676402,-5.442579626273582e-07,-2.9291871567713495e-06,0.00041061247849291383,4.4792632084550124e-21,2.948086377986266e-07,9.89306523349959e-06,3.7683404691924374e-23
6,12,251,0.021595463818560968,-1.3452127883154149e-05,0.021596832794114913,1.0143693027477133e-09,3.0539564660248396e-05,-1.0035148231294149e-06,2.490929294023802e-20,-0.00011045308186110132,0.00011045531532897498,-3.062707787207282e-07,-5.48750650134029e-05,0.0003975768428232993,2.3847408342352136e-22,-3.684563770874201e-07,1.033779218110244e-05,2.25256769837548e-22
6,13,251,0.02170247398985509,-7.655801134923148e-06,0.02170384019233426,4.429391294669806e-09,-2.507620903075983e-05,6.611525060762945e-07,-3.2756440138174294e-21,-0.00011044088317018814,0.00011044346232871477,-5.334625913117931e-07,3.2426968586892033e-06,0.0004412031747686926,-1.0033909547819868e-21,-5.66066976021076e-07,1.0804900887749022e-05,8.492827027582958e-23
6,14,251,0.021610107446748968,3.752986534375549e-05,0.021611617958767832,-6.887203846384497e-10,2.8162238649681182e-05,3.382825103071063e-08,1.019139243309955e-20,-0.00011046027008741926,0.00011046264566755433,3.311607492657465e-07,-3.0883895610788266e-05,0.0004281820868077498,-2.2070101494195717e-21,6.958838392539877e-07,1.0875751517104603e-05,8.436583139983071e-24
6,15,251,0.021636898150727127,2.8887436801613745e-05,0.02163852817353103,-3.661630570891218e-09,2.990078674141996e-05,2.01261953922588e-07,-8.999022015981944e-21,-0.0001104416633725167,0.00011044406199180804,-1.0796743483455381e-07,-2.0647269156383715e-05,0.00042208203362012643,1.201369439133589e-21,4.4672903120600065e-07,1.1307202503750416e-05,1.4679654663570545e-22
6,16,251,0.021607964468886885,1.7427564016134196e-05,0.0216091919826559,-3.4766757999290783e-09,-1.4298878353934886e-06,1.343433133752548e-07,-3.2576459697854607e-21,-0.00011044891762324952,0.00011045147069555937,-4.829726365404923e-08,-5.801858899341603e-06,0.0004393416046669562,-4.940463086774086e-21,8.153244511269107e-08,1.0194876966591796e-05,-1.884170234596221e-23
6,17,251,0.021734114121479783,1.771701229506743e-05,0.021735508012147152,-3.92658847670915e-11,-5.871767517240542e-05,-3.968387972455212e-07,-1.680117410383829e-20,-0.00011044389018528959,0.00011044620478683375,-1.1945523924510825e-07,5.995212747305882e-05,0.00043807735021563984,-2.0832735966998193e-21,8.662005976301308e-07,1.102114334058861e-05,-5.2025596029895606e-23
6,18,251,0.02176836082866371,-4.298098853690195e-06,0.02176975224343431,2.9680047547180115e-09,-6.937153703822789e-05,-2.0751734292237808e-07,2.2407564819795055e-21,-0.00011044906430609648,0.00011045143526724216,2.406410606748327e-07,2.247332557129537e-05,0.00040552581255177587,-1.1878709061096165e-21,-5.593902814135523e-07,1.104830489864885e-05,8.577192858982817e-24
6,19,251,0.021678640984022828,2.876008657619296e-06,0.02168014948378462,5.62330176282008e-09,-3.5339498207086397e-06,5.579717341172721e-07,-1.4371438159523164e-20,-0.00011045450855328715,0.00011045696030831712,-1.877966863700955e-08,9.76466024772335e-05,0.0004192695242309417,-3.7795892467124177e-22,7.170531026575375e-07,1.1165384637197005e-05,-5.891547226088177e-23
6,20,251,0.02167069360035102,6.762483301347726e-06,0.021672150560212437,1.8583304468768087e-09,-8.8380543982343e-05,7.101459510991181e-07,-6.362308565299237e-21,-0.00011043557135590402,0.00011043828377373475,-1.2248813383985824e-07,-2.717629167543184e-05,0.0004055503818449179,-1.5748288527968425e-22,-4.138282907896707e-07,1.0482415633562617e-05,9.927046161380082e-23
6,21,251,0.021686364013955933,3.435235085404449e-05,0.021687911110671105,5.588034117162531e-09,-6.620331168858582e-05,-5.429388498012113e-07,6.38930563134718e-21,-0.00011045873840436827,0.00011046131719730901,2.8779359737722293e-07,3.7978378107558285e-05,0.00038549573257384774,-1.6558200509406773e-21,-5.11786643286142e-07,1.0758314435519705e-05,-5.905608197988144e-24
6,22,251,0.021697246348437796,-5.1433608383478856e-05,0.021698764702519316,-1.6996234016152784e-09,-7.237475781531187e-05,2.917796923122058e-08,9.223997566381492e-21,-0.00011044490140372376,0.00011044742791447376,2.002575602483366e-07,4.720871846120449e-05,0.00042997041672304806,-7.289207832945374e-22,1.2509199173090866e-07,1.0397881502470126e-05,1.0883192250578161e-22
6,23,251,0.021687360152328555,-3.228846753560661e-05,0.021689001215452905,-4.238215836183933e-09,-6.154937058627035e-06,1.1711971210081615e-06,1.8052038164059773e-20,-0.00011045133354788297,0.00011045383130478625,2.7516598694126594e-07,-9.519889580630109e-05,0.00038965873346844654,2.654711494714668e-22,2.3928859244323947e-07,1.0545538468108096e-05,8.310034392883327e-23
6,24,251,0.02165957090132883,2.019667027324241e-05,0.021660998902741146,4.4338455867975514e-10,-4.144138515444365e-05,-2.4203607653928324e-07,-2.0229801491927407e-20,-0.00011044895890531554,0.00011045109645535315,1.392111524748313e-07,5.338622238373813e-05,0.0004399840400647111,1.8897946233562041e-22,1.0956001267515788e-07,1.0558894628241704e-05,1.799804403196387e-23
6,25,251,0.021697122571373212,-3.5069893915966413e-06,0.021698310424861065,-8.364961934453194e-09,6.693358589203144e-08,1.2366673536154306e-06,1.2634626910438645e-20,-0.00011045182470513828,0.00011045422221706705,5.195407996175919e-08,7.997384045123435e-05,0.00040495933191732277,1.822301958236343e-21,-1.0419755384126725e-06,1.0689127443093646e-05,-3.2340235369935083e-23
6,26,251,0.021499170527302963,-1.2645249267352368e-05,0.021500495816204154,-1.0876974587539435e-09,1.6078706102118196e-05,1.708967973705613e-07,-6.0653408387718284e-21,-0.00011045209417879168,0.00011045444187314838,1.244174674782796e-07,5.6571267243054256e-05,0.0003793658142369732,2.4117379002831607e-21,7.550672463183384e-07,1.0933591576261481e-05,-7.100790809485752e-23
6,27,251,0.021772438311079938,1.0980997992645121e-05,0.0217740171082661,-2.3993552390098563e-09,8.970573459886342e-05,-4.889705648786112e-07,4.355526655735258e-21,-0.00011044445346539548,0.00011044649045010183,1.4111534212803454e-07,-1.2386233526849345e-05,0.0003883165071167345,-4.499511007990971e-22,2.1223370681011543e-07,1.0090904145591633e-05,4.4713890641910284e-23
6,28,251,0.02167346266451988,1.2021971531044647e-05,0.02167490065168264,2.866136991760426e-09,-1.5689632475332803e-05,8.097959586829215e-07,-4.634496338230701e-21,-0.00011045893713496417,0.00011046095434346962,-5.3304083428173026e-08,-1.6255284674671015e-05,0.0004038742594134378,-3.3881317890172014e-21,6.936534465532318e-08,1.009833487764741e-05,2.7840724361944157e-23
6,29,251,0.021751970982085058,1.9229731934577463e-05,0.02175342511668005,-2.3772635839791043e-09,-1.9406399291506143e-05,6.378977034487404e-07,-1.4713400996130475e-20,-0.0001104376819939487,0.00011044043153011442,4.6381684157137683e-07,1.5432730156817858e-05,0.00035793609794030766,-4.724486558390519e-22,1.489955754580712e-07,1.0182533117901848e-05,5.750937507088459e-23
6,30,251,0.021630857162335024,-3.113915855538357e-05,0.021632678618334504,1.520958988200982e-09,-1.7152526107996436e-05,4.7355584117680295e-07,1.5397326669345102e-20,-0.000110455635560115,0.00011045804743504276,3.160558436794958e-07,-7.142621374599e-05,0.000437021127763162,-7.649168713584648e-22,4.110690739019831e-07,1.0260698046351584e-05,3.5152429749929455e-23
6,31,251,0.02172127172280436,-3.605875559320107e-05,0.02172266238513017,-1.6804836630042316e-09,-5.0174146707203045e-05,-1.212126658363842e-06,5.462406363701042e-21,-0.00011045395023581952,0.00011045609596646683,9.825445635411282e-08,7.712130835475549e-05,0.0004455193731433768,2.879687045114222e-21,-5.554130558858163e-07,1.0345034739799462e-05,2.403020097705178e-22
6,32,251,0.021703064473525845,4.488033304573274e-06,0.02170436380634402,-5.550785699492348e-09,4.9796314745025536e-05,1.6722178561353797e-07,1.8079035230107725e-20,-0.00011044288879569486,0.00011044546394037608,-3.56029577016667e-07,2.0430128474749362e-05,0.00040355248612703674,1.079882641917833e-22,-5.771910392540513e-07,1.137888618916012e-05,-3.374633255993237e-24
6,33,251,0.02168959461346745,2.798870419391905e-05,0.02169134048377839,-6.4625330831530885e-09,-2.4855016012126627e-05,3.4301792225675823e-07,-1.534333253724921e-20,-0.00011044718340017993,0.00011044978574022093,6.351607400873536e-08,-2.7421721760888717e-05,0.0004268284733867552,-8.684056245422572e-22,3.638547361435947e-09,1.0382062740637848e-05,-5.624388759988718e-24
6,34,251,0.021668526005887832,3.681640010946975e-05,0.021669881290882712,2.224963661836315e-09,1.8557085822985375e-05,1.0054270297346968e-07,-6.299315411187378e-22,-0.00011044406069221298,0.00011044652298968295,-5.114026049780457e-07,-8.309089920762103e-05,0.00038505635821824185,1.061884597885869e-21,-1.1908818345038887e-07,1.0868154613971386e-05,2.1091457849957678e-22
6,35,251,0.021709575479290533,1.5544676887139592e-06,0.021710863926009846,1.1925977099105128e-09,2.029663226266439e-05,-3.063099445928761e-07,2.7177046488265465e-21,-0.00011043275165018993,0.00011043470398137754,1.0685415412663574e-06,1.6860634833216707e-05,0.00039443413160335775,5.444408319669072e-22,7.468107705349088e-07,1.047516097258583e-05,6.538351933486883e-23
6,36,251,0.021671683610301213,1.2479764543000886e-05,0.021672975083379845,-1.4660936759560038e-09,-7.090314278378234e-05,-2.3093791967462442e-07,1.5190349162977518e-20,-0.00011045101101349054,0.00011045351995798897,4.409138624424699e-07,-8.495641410141558e-05,0.00042839054832212914,-6.704271401906552e-22,-7.094836446388911e-07,1.1017592847339906e-05,-5.34316932198928e-23
6,37,251,0.021629486796780333,-4.719948742677165e-05,0.021631296613335155,-4.324539913523044e-09,-3.071714428897237e-05,2.2179304696512487e-07,-9.646951601132643e-21,-0.00011045262577740955,0.00011045531912678737,-1.8773024856686232e-07,2.6314043035479933e-05,0.00041760025471982717,-1.6445712734207004e-21,4.757123407652566e-07,1.096948697299984e-05,1.6451337122966988e-22
6,38,251,0.021746123693462557,2.381464998241798e-05,0.02174772575169878,-9.576606308007173e-09,4.803766015668868e-05,-1.3962376439153158e-07,1.0861819573290205e-20,-0.000110447021191419,0.00011044960121964812,-5.41601625283494e-07,2.3782684324954532e-05,0.0003806759469012527,-1.2058689501415807e-21,6.253307794457403e-07,1.0598914094094396e-05,9.294302425881349e-23
6,39,251,0.02174634780856801,-1.4562878463564422e-05,0.021747812890345015,2.187002879664832e-09,-2.073654926313601e-05,-5.103023741775038e-07,-4.0675579512238374e-21,-0.00011044231009522552,0.00011044493343402918,-1.482097742184044e-07,8.630512259306e-06,0.0003853519297741381,2.7492012258824833e-21,-2.79212751386334e-08,1.0704219164856376e-05,-1.1023801969577882e-22
6,40,251,0.021566489257486228,-2.0702354043574693e-05,0.0215683130713632,-4.753808737646369e-09,4.235772792169324e-05,5.302219126259094e-08,-4.5355070960549e-21,-0.00011045335038451652,0.00011045585939144512,3.768958370560283e-07,6.073130971885111e-05,0.0004423471526161435,1.0348875318379221e-22,1.2899219820012355e-07,1.0474886607424752e-05,8.675619662282592e-23
6,41,251,0.02149204684648975,-8.082897237525272e-06,0.021493164914752484,-1.263097135997547e-09,-3.501444086161233e-05,3.970554091451712e-08,-1.2058689501415804e-20,-0.0001104432568793753,0.00011044590819957618,7.399225757249245e-08,-6.296176751472172e-05,0.00038150781497903717,-4.859471888630248e-22,-2.36775129841645e-07,9.81963084294033e-06,-2.5028529981949776e-23
6,42,251,0.021559288042028994,-2.1557819641128522e-05,0.021560847197154186,-3.224792107922509e-09,2.817783454939654e-05,6.731539963255341e-07,1.4101467499043706e-20,-0.00011043776917039537,0.00011044012583307831,-1.4235506775142306e-07,-5.013375554405348e-05,0.00047029086030564416,-5.624388759988713e-22,8.317209070116492e-07,1.076203620510419e-05,-2.1232067568957394e-23
6,43,251,0.021635363666939026,5.0744305758231255e-05,0.021636705340231707,1.2082085596730993e-10,-0.0001113550284568021,-5.5541016907789164e-08,3.8875775109041995e-21,-0.00011043753825354529,0.00011043989260572848,2.416830311506589e-07,8.603981985669562e-05,0.00041540113227795804,-1.034887531837924e-22,-1.0176047538736679e-06,1.0736318568533502e-05,-1.2331472356275252e-22
6,44,251,0.021598620023704277,4.236711153621226e-05,0.02160047229742883,-2.534168554726714e-09,-5.5567373370645265e-05,-5.484312545452083e-07,1.2958591703013997e-21,-0.00011044680657844881,0.00011044963192648622,2.9728031413674394e-08,-8.270725389451843e-05,0.0003875099746129668,6.749266511986466e-23,4.242616429442322e-07,1.0868079004423537e-05,1.12628384918774e-22
6,45,251,0.021623904967828258,-1.1824913111102923e-05,0.021625225882863714,-2.204718831494854e-09,-2.138747521948587e-05,1.2870619021040345e-07,-7.343201965041263e-21,-0.00011045086978713133,0.00011045317142824796,3.5002754400923653e-07,-3.097766393134051e-05,0.0003879559501040248,-6.524290961586907e-22,-5.782416852545401e-07,1.0816513754065055e-05,3.458999087393059e-23
6,46,251,0.02165482169841633,-3.163927540156087e-05,0.02165621983688156,-3.649802109604735e-10,-4.2086071951476607e-05,1.1664086755650093e-06,6.605282159730747e-21,-0.00011045271064418871,0.00011045531497984007,-1.6937421134729128e-07,-7.122794286884276e-06,0.00041218962134916914,1.115878729981761e-21,3.9453677333124275e-07,1.1047445948538184e-05,1.1867460283576183e-22
6,47,251,0.021616794896242915,1.75550177199888e-05,0.02161817443550693,7.279728790811025e-10,-2.232340760599409e-05,-3.652888322569728e-07,-1.2004695369319913e-20,-0.00011044558559135503,0.00011044822743778208,3.8062473128146014e-07,3.730327305331847e-05,0.0003944543417298363,-1.5343332537249212e-21,6.473650001547786e-07,1.1066702584958455e-05,-1.8701092626962455e-23
6,48,251,0.021596643889371908,7.016444829649288e-06,0.02159796417224845,-9.601013697551348e-10,1.1493130583519138e-05,-1.0601362097191125e-06,1.2472644514150972e-20,-0.0001104561771446963,0.00011045874936251272,-8.714943390908799e-08,2.151778583525805e-05,0.00041612608647138426,-3.1946528156735877e-22,5.972441893107395e-08,1.1007404089701304e-05,5.343169321989286e-24
6,49,251,0.021625118773835387,2.7616671134720126e-05,0.021626318051918544,-2.2140714640287297e-09,3.553988706544464e-05,-6.729196614317449e-07,5.804369200308356e-21,-0.00011044943218649102,0.0001104520525694912,7.006044640231055e-07,2.0581290184412335e-05,0.0004034453814710754,-4.252037902551468e-22,-5.593243358929238e-07,1.0593163785591311e-05,-1.2373655271975175e-23
6,50,251,0.021671571844215167,5.807770173246559e-06,0.021673229249838846,2.136699019623803e-09,-1.4245983426276682e-05,-6.12423407498746e-07,-1.1005803925545918e-20,-0.00011044426535966435,0.00011044665517161747,-1.734977011572092e-07,-7.596571484160926e-06,0.00037793211276012864,5.579393649908804e-22,4.7262131004983486e-07,1.0244808129688916e-05,3.2902674245933983e-23
6,51,251,0.021451951963211712,2.7821955866091503e-05,0.021453121085503443,-6.825991278439163e-09,-0.00010447585744910895,-1.3488312866764118e-07,7.820150131888306e-21,-0.00011045759017765247,0.00011045989895535629,5.132637870208614e-07,6.169991512544029e-06,0.00045021810758437945,-2.112520418251761e-21,2.322191633409957e-07,1.0435263502730509e-05,9.842680329980251e-24
6,52,251,0.021763325721105804,-3.973339968959299e-05,0.021765024197414645,-5.5020541198656e-09,3.604944498317109e-05,-8.051379276678195e-07,8.999022015981891e-23,-0.00011045339757027277,0.00011045616819039306,-7.855372891308695e-08,1.9049571666675013e-05,0.00041110649815076934,-2.6682100277386455e-21,-8.049315353891721e-07,1.0290403191974104e-05,-3.7402185253924956e-23
6,53,251,0.021668996032627466,-2.231018262498405e-05,0.02167042808235451,-6.166197336115876e-10,-6.375159381621508e-05,-6.888562349850319e-07,7.172220546737608e-21,-0.00011045257817118525,0.00011045496387567224,2.77899329079834e-07,-0.00010862934416202533,0.0004298735836399285,3.653602938488669e-21,2.566169092646349e-07,1.0902345775137643e-05,1.3611020799172688e-22
6,54,251,0.021539862279507084,-1.027139855831454e-05,0.02154135128256495,1.0415358145993414e-09,-4.3142902224061914e-05,3.669886295126237e-07,-3.3836322780092123e-21,-0.00011044661242687471,0.00011044906708511838,4.0784087195677545e-07,-0.00010326701736445414,0.00040435262304107063,-1.4398435225571173e-22,4.19843969634823e-07,1.048616638315094e-05,-6.69302262438657e-23
6,55,251,0.021686736530636484,1.0399130767690262e-05,0.021688076222792646,1.7544246944537036e-09,-1.5497796515497193e-05,-6.437729200808495e-07,1.4677404908066547e-20,-0.00011044911167950779,0.00011045160439075904,-1.2941535791789185e-07,2.49562489702e-05,0.0004457143778695754,4.049559907191912e-23,-1.415601790422448e-06,1.0623722309098883e-05,2.8121943799943652e-24
6,56,251,0.021625279268561576,-1.701293888723091e-05,0.021626819922659753,-4.8655024079057586e-09,7.3359462520432e-05,7.214597582902224e-07,6.668275313842618e-21,-0.00011044204444570712,0.00011044441064973801,2.34857286321137e-07,-7.13942364287402e-06,0.0003938158687591619,1.077632886413837e-21,-3.7476155473862875e-07,1.047538874896599e-05,1.4060971899971814e-23
6,57,251,0.02161393586819961,3.1872555686233724e-05,0.021615765818398407,-3.353672656114049e-10,1.1533935992900825e-05,2.020781307294897e-08,-7.49618533931296e-21,-0.00011043541856129707,0.00011043782529164213,1.2722476462439742e-07,-1.897635865674653e-05,0.00036102777950732125,8.414085584943115e-22,6.63643308170498e-07,1.0588545010086248e-05,4.274535457591424e-23
6,58,251,0.021718850907800912,1.2154190352059723e-05,0.021720200726582137,-5.401929678617128e-09,-6.789124050871955e-05,6.624748842603117e-07,-1.528033938313734e-20,-0.00011044304970007187,0.00011044515212495558,-1.7682637164819283e-07,-3.8334659819136465e-05,0.000409878029838515,-5.714378980148535e-22,5.104839684270287e-07,1.050379242813438e-05,9.139631734981651e-24
6,59,251,0.021689724010024433,-5.756537937462932e-06,0.021691022624202524,9.3372292478081e-10,-1.9371182591488226e-05,-1.2562794671673912e-07,-3.869579466872261e-22,-0.00011045206140128991,0.00011045431771474797,1.4743098027250048e-07,-1.8875204533512124e-05,0.00039721630851228683,-9.134007346221673e-22,-3.399260629731022e-07,1.0882734153417761e-05,1.1951826114976019e-22
6,60,251,0.02164764553119822,-4.472796287030598e-06,0.021648994067419564,-1.819846990975894e-09,5.53532887620692e-05,-6.906014566805729e-07,-8.369090474863222e-22,-0.00011044750044209001,0.00011045026871402644,1.9391790403137225e-07,-1.2470564225108428e-06,0.0003750055500468597,-1.1316270185097294e-21,1.729212491782791e-07,9.875976318328893e-06,7.297644416085355e-23
6,61,251,0.021751059012538973,3.3411511848453633e-06,0.021752608067144918,-6.020537427233272e-10,8.601359021156298e-05,6.851880886289619e-07,1.2265667007783387e-20,-0.00011045039134961588,0.00011045246437745154,-8.577363431596143e-08,4.896193924237231e-05,0.00044097116689798395,2.6997066047945827e-22,2.954735945984572e-07,1.0455914184224414e-05,1.8138653750963578e-23
6,62,251,0.02172833607657302,-7.413038531172319e-06,0.021730031018583246,-6.792236138082119e-09,3.174674763736074e-05,-3.7546636784471294e-07,1.7098141830365946e-22,-0.00011045298329483654,0.00011045606212525774,-3.971659407239456e-07,-2.6989417366291605e-05,0.00040300119177611756,-1.426344989533138e-21,9.333819279441794e-08,1.0422995938602035e-05,9.730192554780477e-23
6,63,251,0.021694538753824648,-4.353108692077873e-05,0.02169591201682742,-4.986631691537225e-10,-9.08760014304372e-05,8.038839677926395e-07,1.1293772630057338e-20,-0.00011044273829839231,0.00011044522025263261,2.95612730650326e-07,-1.135864475957452e-05,0.00041255923339583126,7.109227392625732e-22,-1.2320525645793052e-06,1.0824038004496375e-05,1.5242093539569413e-22
6,64,251,0.021684855146416257,-6.418729138262357e-06,0.021686306512858314,3.741577468871395e-09,-1.8119625634335585e-05,-5.559554270871928e-07,6.591783626706772e-21,-0.00011045468963703924,0.000110457495438787,3.6807276106772e-07,3.661369657098264e-07,0.0003977465976449408,2.9876753093060045e-21,2.877792939181002e-07,1.0761488009767312e-05,3.093413817993793e-23
6,65,251,0.021539882596550715,2.1886363542831452e-05,0.02154161559136037,4.925535563166918e-10,7.709928965290204e-06,-1.2035644239895716e-07,-6.614281181746725e-21,-0.00011044672444371459,0.00011044900091821697,-5.8075945821326545e-08,4.382078857113927e-06,0.00039388878415898667,7.064232282545826e-22,1.7427667627926142e-07,1.0098756648698043e-05,-1.0348875318379235e-22
6,66,251,0.021725495934788692,-1.1693547101786444e-05,0.021726689688219787,6.455868533366737e-09,3.6253668801491605e-05,-3.8057343355169095e-09,-1.4713400996130484e-21,-0.00011044179943492888,0.00011044415379239076,-4.1138305343713304e-07,0.00011697207685458334,0.00041853593220611275,8.099119814383745e-22,6.187295791380118e-07,1.0186877697140506e-05,-1.6226361572567437e-22
6,67,251,0.021639567566491963,-3.5438660681925452e-06,0.021640909663002444,5.634136273716466e-09,-5.805438195752115e-05,1.033264712280355e-06,6.227323235059501e-21,-0.00011045496967392051,0.00011045733240937776,-1.1796554847664466e-07,-3.604416350324074e-05,0.00041350431105307986,1.8088034252123703e-21,5.086828590025435e-07,1.0237562634077705e-05,-2.727828548594527e-23
6,68,251,0.021639751116941466,-2.14936173540228e-05,0.02164120342590598,-5.800672017154204e-09,-4.547347255011472e-05,1.1591804022752248e-06,-1.8879948189530114e-20,-0.00011044401011990488,0.00011044666804317768,-4.6016286775032014e-07,-3.595962733264837e-05,0.00037180115668245916,1.6738180949726411e-21,3.2879042735237643e-07,1.1028125726654473e-05,3.2059015931935677e-23
6,69,251,0.021645695345308226,1.4956533452122015e-05,0.021647384867020347,-1.7235324583820706e-09,5.303505706209663e-05,-2.4513471850902597e-07,-5.651385826036661e-21,-0.00011045032500958314,0.00011045267678919366,2.4531648495545897e-07,-7.677722017769598e-05,0.0003563090150862963,-1.5680795862848534e-21,-1.1489426054458485e-07,1.0941379987143417e-05,-2.545035913894897e-23
6,70,251,0.021687862688993406,5.816617933626329e-05,0.02168959293593579,-3.945441822859115e-09,-0.00012152076830016347,-1.4700627869828143e-08,-8.036126660271874e-21,-0.00011045152689368854,0.00011045430284124938,2.3040777585995805e-07,-4.9781151740570524e-05,0.00042152795353704575,-1.930290222428127e-21,-5.7242088512484026e-09,1.044783878961332e-05,4.2604744856914483e-23
6,71,251,0.0216975943222474,-2.183276058380593e-05,0.02169914833894522,-3.932763978388923e-09,1.2157019209212338e-05,1.342277845438655e-06,-5.507401473780949e-21,-0.00011044850418031653,0.00011045114555978668,4.2459585846604366e-07,2.8174572818342186e-05,0.00034016721650560364,-2.2407564819795036e-21,3.1461062093907674e-07,1.0546035029871189e-05,7.649168713584653e-23
8,0,251,0.023081514016357108,5.2376998320880915e-06,0.023082400888986457,6.632990019432048e-10,-7.258612818525312e-07,-1.0283430354845104e-06,1.245464647011901e-20,-0.00014725871121441952,0.00014726007609005493,1.4909041056220136e-08,-5.303515241449998e-05,0.00039516417834622276,-2.7042061158025736e-21,-1.0102720139106865e-07,1.0470757682156577e-05,-8.436583139983068e-23
8,1,251,0.022948945514114832,-1.0412533661444343e-06,0.022949939015178136,1.9611244748961137e-09,7.724288215147206e-05,1.5384236400766325e-07,-7.721160889712506e-21,-0.00014726208925526404,0.0001472634030783779,9.362037261996245e-08,2.1636990444696318e-05,0.00038293665569773207,-1.2497391824694923e-21,-4.981233690565976e-07,1.0215338835710713e-05,-1.3843026835522222e-22
8,2,251,0.022969810320925904,-4.430163338941732e-06,0.022970708617873113,-1.579060339519962e-09,4.062465127668738e-05,-4.004658207416914e-07,-5.813368222324338e-21,-0.00014725963885385386,0.0001472608786180841,-3.021622412873729e-07,3.813307333527301e-05,0.0003850854543780691,1.2351157716935215e-21,-1.8049133978826735e-07,1.053356209339763e-05,-5.76499847898843e-24
8,3,251,0.02307068923092419,-3.4078836161934342e-06,0.023071576836688805,-5.643766440297124e-10,-8.335250241307634e-05,-2.0135075086836289e-07,-2.2137594159315577e-20,-0.00014727077765944402,0.00014727200452051392,1.3994895857153705e-07,-4.4467186130908564e-05,0.0004216740621765885,-3.2306489037375183e-21,-7.253148941110996e-07,1.05448910111722e-05,2.5492542054648843e-22
8,4,251,0.023062430969860187,1.0356232240594627e-05,0.023063455139893035,3.083976039784311e-09,-3.651273666603007e-05,7.040134560731802e-07,-7.73915893374447e-21,-0.00014726383590633622,0.00014726523259994537,5.025550737314156e-08,3.9740761576439596e-05,0.0003580201376303587,1.6288229848927317e-21,3.143120002737943e-07,1.0387946181244426e-05,-4.5557548955908596e-23
8,5,251,0.022963270021567367,6.796057474414388e-06,0.022964399601507538,-4.193402151760971e-09,-2.9027714130956984e-05,-1.1025106851785375e-06,-8.819041575662302e-21,-0.00014726268909225906,0.0001472639911018102,1.812759873710284e-07,4.265215691009485e-05,0.0003943019567501806,1.4713400996130476e-21,1.0030748381344777e-06,1.1233051826583214e-05,-6.636778736786683e-23
8,6,251,0.02307906568035011,1.0231334199168262e-05,0.023080168224894004,-5.345346993804211e-09,2.0908569186892324e-05,9.413800452805313e-07,1.2697620064550526e-20,-0.00014725804954254608,0.00014725966476890527,-1.0095907520021019e-07,-2.9887596158904435e-05,0.0003766796419196087,-1.2238669941735442e-21,4.6737834787754485e-07,1.0615360938964444e-05,-1.237365527197517e-22
8,7,251,0.02306318876102019,-3.729854514096712e-05,0.023064418470166114,1.9479910716984636e-09,2.494015293438631e-05,-7.157753660916847e-07,-8.783045487598376e-21,-0.00014725529366231994,0.00014725675991194374,4.0748654301994393e-07,-4.6228084429337794e-05,0.00038604256710566686,-3.883077999896208e-21,9.283513712797392e-08,1.0422588163017648e-05,-1.5917020190768063e-22
8,8,251,0.023063158791075303,1.351765517136394e-05,0.02306412366649018,-2.3983031739029183e-09,-1.005975728113368e-05,2.65402440794014e-07,6.677274335858598e-21,-0.00014725771993817822,0.00014725894109755545,-2.3480979269201642e-07,2.897487530982676e-05,0.00037774408548673933,-5.489403429748982e-22,-2.3063711503792828e-07,1.0583509511079476e-05,3.515242974992946e-23
8,9,251,0.023006555594896245,3.0736750473121843e-06,0.023007560555630073,-7.141665104300267e-10,6.555265233684612e-05,-1.2813493081538758e-08,-8.189110034543576e-22,-0.0001472526868098514,0.00014725391473366416,1.7187982422356124e-07,3.0895556803071106e-05,0.00040881071994097485,3.640104405464696e-21,-7.722461596270872e-07,1.0431449634930985e-05,-2.328496946635327e-22
8,10,251,0.02294228584150149,4.483630469576921e-06,0.022943349190355553,1.6196440045833224e-09,1.2638293506184578e-06,-5.223663318499474e-07,1.703514867625382e-20,-0.00014726222280104804,0.0001472636829736102,3.6443923470611834e-08,1.3706413472173435e-05,0.00037575092150103005,6.974242062385992e-23,4.3067533211545773e-07,1.0622486513633712e-05,6.917998174786117e-23
8,11,251,0.023001028192343707,3.0240631400375108e-05,0.02300204489687569,5.349525261086499e-09,4.3729766859654764e-06,1.8052820791983484e-07,-7.793153065840361e-21,-0.00014725584642046822,0.0001472572585458711,-1.9110127050931833e-07,4.199898078753246e-05,0.0003683364780443898,9.40397800670113e-22,-4.349306296379602e-07,1.0267482201925098e-05,5.891547226088179e-23
8,12,251,0.023052098849672378,-4.055568762686901e-05,0.023053137146082852,-4.917962452006673e-09,3.404964098391073e-05,3.801673291998359e-07,-2.1831627410772188e-20,-0.0001472589509977911,0.0001472601248733553,-3.044443401569689e-07,-2.00128315772477e-05,0.000388965788888062,-3.451124943129075e-21,-3.221427706977007e-07,1.0977860779805456e-05,-1.1558118901776807e-22
8,13,251,0.023049876866054895,-6.299374234415696e-06,0.023051066322855227,-3.1051724233708957e-10,-2.2710038681434847e-05,2.083410175039279e-08,-2.3235474845265376e-20,-0.0001472569608711428,0.00014725835038724013,-5.213364053122999e-07,-4.855502676361597e-06,0.00041860274897673796,2.7492012258824836e-21,1.4037614794386725e-07,1.0327505091204187e-05,-8.155363701983638e-23
8,14,251,0.022982857202787123,-1.945026434268417e-05,0.022983994031003364,4.913652191994647e-09,-3.87136992508207e-05,-1.1099024601228565e-07,1.3075578989221763e-20,-0.00014725611204993955,0.00014725761917625416,-1.302530850400434e-07,-7.362029365570022e-06,0.0003887336020998973,-2.429735944315123e-22,-1.3339075584555698e-07,1.087177496947991e-05,-1.349853302397292e-23
8,15,251,0.022968807821781255,1.6783459338451595e-06,0.022969830073379077,5.540193288838139e-10,5.256605926675086e-05,-1.4982193301370147e-06,-2.636713450682713e-21,-0.00014726414397889126,0.00014726536628650592,9.882588660615045e-09,2.9189365234540993e-05,0.00038081597936685623,-1.2868601482854178e-21,-3.9740048765547233e-07,1.0713203506451883e-05,-6.847693315286257e-23
8,16,251,0.02304828705609483,1.2642173466604376e-05,0.02304937661806922,-5.265410589331309e-09,1.9793251423682047e-05,-1.3096673806245421e-07,2.6907075827786008e-20,-0.00014725853822337054,0.00014725982915704815,-7.513727831360616e-08,-5.740359444510917e-05,0.00036695188416414936,-2.0697750636758534e-22,2.6831194484596945e-07,1.0378808937740694e-05,-3.360572284093256e-23
8,17,251,0.023039999527489943,-1.9462162348279915e-05,0.02304075314819508,-6.750810437166234e-10,6.0889052759427104e-06,-7.736255490852869e-08,1.2688621042534541e-20,-0.0001472561256870325,0.0001472571442483995,-8.756824832741016e-08,-1.861614583772395e-05,0.0003891256929724166,-9.853929107500228e-22,7.63813915939913e-08,1.0475882261053758e-05,7.199217612785556e-23
8,18,251,0.022939776884359945,-3.535826120494525e-05,0.02294075139177921,-1.6232709922016822e-09,-4.328023470758785e-05,-3.2362765511727045e-08,-2.5593218613452646e-20,-0.00014725792767144016,0.00014725931900550645,2.5242762014107756e-07,4.5910846406223754e-05,0.00039097577302444594,-1.2598630822374718e-21,3.4843882764947283e-07,1.075952523137957e-05,2.6434627171946968e-23
8,19,251,0.023015259922269327,-1.0098980103376478e-05,0.023016301234763434,-1.9989646538854995e-09,1.7876760399642866e-05,3.406243094513392e-07,-1.2868601482854177e-20,-0.0001472672811629196,0.0001472686096029799,2.707617724552881e-07,7.329170649468477e-06,0.00036204684919480457,-5.781871645268399e-22,-9.484600984367965e-07,1.0367598014108384e-05,1.1698728620776527e-22
8,20,251,0.022981004972342813,-8.971816829158456e-07,0.022982041021360824,-1.43454247725156e-10,1.0723193220937928e-05,2.6454482119058615e-08,-2.345145137364894e-20,-0.0001472640663291222,0.00014726520439151009,9.343555429098278e-08,1.212198116292046e-05,0.000424351303142494,-5.354418099509253e-22,2.9355735045172374e-07,1.0882019529794947e-05,-1.3280587959523353e-22
8,21,251,0.02317527695379206,-9.644798746754687e-08,0.023176303930473843,-3.8019061848763795e-09,5.707292960044939e-06,3.3622297958866226e-07,1.8052038164059776e-20,-0.00014726847790737759,0.00014726977490525,4.8934644697313376e-09,-3.713930201130676e-05,0.0003897618011483694,1.286860148285418e-21,2.0161900862747318e-08,1.0980321308935882e-05,-1.9980641069859905e-22
8,22,251,0.02297255496205633,-2.3179160048527446e-05,0.022973513361929283,-2.1581377627350244e-09,1.7601923326883426e-05,-2.1733525362513694e-07,1.2310662117863294e-20,-0.00014726253899011708,0.00014726390129668568,-5.211866388477426e-07,-2.3894312131517303e-05,0.00037067795794486935,1.6153244518687593e-21,2.5098752158747045e-07,1.0722437242738486e-05,-5.975913057488009e-23
8,23,251,0.022953928077345073,1.5255293657530669e-05,0.02295504941149428,-3.1090420986542124e-09,5.121279845713398e-05,-1.807735057219529e-08,-3.46822308495944e-20,-0.00014725651088337428,0.0001472578898424399,2.678759476407176e-07,-1.642186369013722e-06,0.0003771624280209896,-3.964069198040047e-21,2.5359831008835856e-07,1.0642914567941999e-05,-3.205901593193569e-23
8,24,251,0.023031727953185453,1.653428531382978e-05,0.023032572108685808,2.2534804827144362e-09,4.858089508192078e-05,-7.126215716541385e-09,-3.308040493074963e-20,-0.00014725945045225943,0.00014726072592898966,-2.0205526607512812e-08,-2.7254198263853354e-05,0.00039186268105684686,2.8301924240263207e-21,1.866405770689729e-07,1.0325427457715556e-05,7.00236400618595e-23
8,25,251,0.022980563533162527,-2.5993083162166488e-05,0.022981777570322198,-4.053055429632967e-12,4.1130621166309735e-05,1.0358921939225697e-06,2.483730076411016e-20,-0.00014725697407970756,0.00014725851406466987,-2.703661483889234e-08,-4.1124540131254035e-05,0.0004068079050190498,-1.7458102711004968e-21,-1.199283712239511e-07,1.0782025219555297e-05,3.740218525392495e-23
8,26,251,0.023033311956374633,-1.2174809815439865e-05,0.023034526981272802,3.7241090911497716e-10,-1.8225381817639598e-05,-3.364856901483497e-07,1.1338767740137271e-21,-0.00014725670074431543,0.0001472581448048197,1.8806617414712217e-07,4.5489726463719067e-05,0.00039775455643791143,-2.8121943799943575e-21,3.3147626905627895e-07,1.1423503998661775e-05,-1.8082409863363723e-22
8,27,251,0.023069419281714965,-5.309758117428718e-07,0.02307040790911222,-1.3339119742184986e-09,-1.8799730280226825e-05,-5.234488019055546e-07,1.5676296351840542e-20,-0.00014725493278218928,0.0001472563641004362,-3.5043037514471805e-07,1.692144418438836e-05,0.0003708462049631245,-9.62895355710068e-22,-1.369483842962522e-07,1.0507971786249913e-05,-1.3203252614073506e-22
8,28,251,0.022947145990939024,3.379157935203626e-05,0.022948072897130963,-1.4021835195259814e-09,-1.693129885972537e-05,8.465348065158787e-08,-1.2265667007783387e-20,-0.00014726069648395273,0.00014726207725761144,-3.2700062915502927e-07,3.309053880575738e-05,0.00037688482679137816,6.389305631347179e-22,-2.957165009913852e-07,1.0639241455404013e-05,-9.420851172981096e-23
8,29,251,0.022950144777434286,-6.078148747948962e-06,0.02295117965907782,-7.666607075013453e-10,2.1390609957014124e-05,-3.639359356808436e-07,-9.997913459755941e-21,-0.00014726934274920413,0.00014727067916276782,6.78281950786241e-08,-9.903411169385216e-06,0.0003708281225625588,4.949462108790094e-23,5.4579039198264265e-09,1.0548900160229397e-05,-1.4735898551170432e-22
8,30,251,0.023025158534201322,3.247058827127994e-05,0.02302609998271642,-3.3538424983986603e-09,-4.974654169113318e-06,-5.966210869415523e-07,-2.3883404430416075e-20,-0.00014726590923116783,0.0001472673400461533,3.9813474847762827e-07,5.117673927600695e-05,0.00042528597305196937,1.169872862077656e-22,2.646685288080587e-07,9.783874678814994e-06,6.552412905386851e-23
8,31,251,0.02293573879021954,-1.2198158520980641e-05,0.022936635322657068,-5.688103200155316e-10,-7.098537517131085e-06,-4.0182880819595685e-07,2.501728120442987e-21,-0.0001472683792603865,0.00014726976866667556,2.411115640291932e-07,-4.294562344635028e-05,0.0003751615935463105,-3.217150370713545e-22,5.851372042970354e-07,1.015597419731999e-05,2.8403163237943e-23
8,32,251,0.022952414307819927,-7.6092563097550205e-06,0.02295359089378609,4.055031874440233e-09,-3.247781993409172e-05,-7.14990974426282e-08,1.3030583879141852e-20,-0.00014726183752888371,0.00014726328970069127,-1.1205916992545454e-07,2.3559162621523296e-05,0.000400483994173834,9.763938887340412e-22,-1.5407881951476623e-08,1.0664786713043662e-05,3.2340235369935095e-23
8,33,251,0.02298755939410882,2.6406167098695586e-05,0.022988623483406388,4.092488081189733e-09,-2.6258121087663386e-05,-8.21884774707618e-07,-1.0276883142251375e-20,-0.0001472587064706043,0.00014726025475330918,1.7979079156374633e-07,2.8732163252546686e-05,0.0003749840390018998,1.2846103927814217e-21,-2.616913550362271e-07,1.0710544962619142e-05,-4.893218221190182e-23
8,34,251,0.023098644547084397,1.3261702050782984e-05,0.023099760075804218,4.955234880994027e-09,2.465370050538512e-05,-1.3409688421433093e-07,2.0319791712087226e-20,-0.00014726363529698742,0.0001472651136995743,-2.176876407585731e-07,9.203457581839007e-05,0.00039046542456298004,-2.2497555039954846e-22,-5.969264465574093e-07,1.0603779511216584e-05,1.0180143655579574e-22
8,35,251,0.022961724137044694,-1.4166356064807667e-05,0.022962935497542452,8.722920274147457e-09,-5.098306871275222e-05,3.507243578644064e-07,3.095663573497789e-21,-0.0001472689658100478,0.00014727021008073654,-4.4530736174230253e-07,-8.830271584565253e-06,0.0004074730046615645,-3.4916205422009936e-21,-8.942430741265885e-07,1.0569339440642191e-05,-7.044546921885862e-23
8,36,251,0.022991656723887522,3.730447213061208e-05,0.022992843008710087,-5.065122551648119e-10,-4.140128950971745e-05,-2.895843420921411e-07,-2.8049951623815714e-20,-0.00014725627788250259,0.00014725755187612556,2.256815649477583e-08,3.523145256260383e-05,0.0003889574687408362,6.74926651198639e-23,-1.1112848840952537e-07,1.0265194199061797e-05,-1.1937765143076042e-22
8,37,251,0.023024947963812166,-1.3776150338550507e-05,0.02302592088669614,4.4674754994304015e-09,-1.6200743619943824e-05,-1.0183129644228266e-06,-1.7710075327452462e-20,-0.00014726704454396544,0.00014726867102585848,1.2409912380399674e-07,-1.4641321520639793e-05,0.00038476872824979463,-3.3746332559932285e-21,3.589346492544141e-07,1.0512596544405254e-05,-5.61032778808874e-23
8,38,251,0.022962336411822142,2.8439213811843838e-06,0.022963212132256102,5.056810071326111e-09,-3.0230920358093723e-05,7.369616150025395e-08,2.7896968249544016e-21,-0.0001472576190531183,0.0001472589462053137,2.56858696038603e-07,-3.528327284343172e-05,0.000403598647840252,3.806586312760361e-21,3.0577695058951656e-08,1.0767102058832228e-05,1.2261167496775395e-22
8,39,251,0.02299130252337576,1.0646592586488766e-05,0.022992216269543588,5.226116234838789e-10,3.505727341929231e-05,-3.6215041939187385e-07,-1.726912324866935e-20,-0.00014727075635830044,0.00014727215168870863,-2.770283875292547e-07,3.180236737929226e-05,0.0003844764322548851,-1.673818094972641e-21,-1.615433126645267e-07,1.0271826404532976e-05,1.5692044640368512e-22
8,40,251,0.02303757417289613,-2.579136607086489e-05,0.02303852104049107,7.387019358147497e-10,3.5973098476173616e-05,1.635944003476357e-07,1.0546853802730838e-20,-0.000147262258028509,0.00014726351320323803,-2.28213587218714e-08,-3.068914202333507e-05,0.0003700220830732812,1.6558200509406773e-21,-6.624425074449942e-07,1.1017071759537628e-05,6.018095973187923e-23
8,41,251,0.023019748095371464,-1.8942153788038261e-06,0.023020899359872053,6.880471384337628e-10,-1.5020936928163434e-05,5.306189293199162e-07,8.351092430831241e-21,-0.000147266868286955,0.00014726809652701106,1.4966641562647698e-07,-3.51705380391895e-05,0.00039734108358604293,-4.994457218869977e-22,3.622813418682853e-07,1.0700271331420908e-05,4.780730445990393e-24
8,42,251,0.022895136500262266,1.664973808118972e-05,0.022896195692636543,1.2044304172815135e-09,-3.103997340968177e-05,-4.922391355797424e-08,2.186762349883612e-20,-0.00014726309500842852,0.0001472645990413999,-1.6796420420610194e-07,4.786459330429028e-05,0.0004044940677577959,-7.964134484144023e-22,2.299558791605304e-07,1.0509797968186178e-05,1.2092435833975726e-23
8,43,251,0.022991028596476733,1.7047126881194673e-05,0.02299210893662157,5.15996471398982e-09,-3.102403144871817e-05,-2.5410834374838396e-07,-1.015089683402763e-20,-0.00014726495658857607,0.00014726647912251947,1.3029308401361013e-07,-2.2982353732458284e-05,0.0004164390347658378,-6.659276291826636e-22,-1.1810881222965408e-06,1.0250095324020563e-05,5.202559602989563e-23
8,44,251,0.022937315042617885,6.307255088714281e-06,0.022938409872936952,1.7433359351744564e-09,-3.167999978326221e-05,3.1781302462317984e-07,-3.635604894456705e-21,-0.00014726210204919613,0.00014726375523168734,1.7472807567494109e-07,-4.2422147378256444e-05,0.0004046387148102496,-6.254320301107445e-22,2.5228797347365023e-07,1.0003678431512053e-05,1.3639142742972634e-22
8,45,251,0.023000167431326927,3.211939660261129e-06,0.023001093655055933,-4.392599640985571e-10,2.3059761021419324e-05,-5.417425493532287e-08,-9.700945733228534e-21,-0.0001472633904716623,0.00014726475127947722,-2.4080290743831657e-07,-5.3774571655739954e-05,0.0003977317546774791,3.55461369631287e-22,-1.0824974027288603e-06,1.049020605545477e-05,1.6943471139466e-22
8,46,251,0.023017295989850438,-1.423080829044771e-05,0.02301833705443987,6.340574000877069e-09,1.0436431016764797e-05,6.230807309945796e-07,-2.7195044532297436e-20,-0.00014726168634885878,0.00014726346897842512,-4.034375698346186e-07,-4.16500431843432e-06,0.00037407783746683866,8.189110034543565e-22,4.821361823708036e-07,1.0166409685792087e-05,-4.555754895590857e-23
8,47,251,0.022971790721973803,4.9209969816542844e-05,0.02297305469521142,1.8422860726797264e-09,2.0022933691683443e-05,-1.6584587879984746e-07,-2.271353156833843e-20,-0.00014725446758630283,0.0001472559995145582,1.147191789094256e-07,-1.035956424011033e-05,0.0003960261881141905,-7.424193163185103e-22,-1.4314821150106706e-07,1.0557303031628618e-05,-9.955168105180023e-23
8,48,251,0.02300999896650455,-1.363768479895495e-05,0.02301098247734497,5.3205150019153866e-09,6.593611967174143e-05,2.570740317219703e-07,-2.190361958690005e-20,-0.00014726664710587698,0.0001472678624349892,2.5236807340206015e-07,-5.232841703885709e-05,0.0004173568987771002,-9.988914437739957e-22,2.5863416421005554e-07,1.1135687310794507e-05,-4.2885964294913924e-23
8,49,251,0.02301289469866898,-1.3075060452925739e-05,0.023013885238727026,2.2092249730173724e-09,-5.944498858062134e-06,6.70078927705931e-08,6.515291939570927e-21,-0.00014725774150534153,0.00014725919900557537,1.7303663281776894e-08,5.4764009613497084e-05,0.0003788965772970486,-6.861754287186231e-22,-1.3897245222373211e-07,1.0751472245863295e-05,-2.2216335601955454e-23
8,50,251,0.02288257694490835,-2.841939940400007e-05,0.022883530914882936,-1.8039503730519281e-09,-1.5434280160912103e-06,4.344525587195661e-07,-1.047486162660298e-20,-0.00014726585010208987,0.0001472670438264563,1.2758887897399104e-07,-5.005792941634118e-06,0.0003761711314755479,4.949462108790071e-22,7.368891651269866e-07,1.0458523729053053e-05,1.4503892514820898e-22
8,51,251,0.02296580239902789,1.7936879401127187e-05,0.022966726057904254,-4.125860150441847e-09,-1.6342032222813953e-05,-1.4100570602657892e-07,-2.2704532546322442e-20,-0.0001472539893429595,0.00014725534090174563,1.1147217743057107e-07,-2.6306217241895912e-05,0.00035742154108886714,4.589501228150786e-22,5.590234144726156e-07,1.0911782969385862e-05,-1.4060971899971705e-24
8,52,251,0.02307082441527569,1.1228506272178475e-05,0.02307184563634692,4.367866226749436e-10,-6.852638550796797e-06,1.8204414051288797e-07,5.0934464610457795e-21,-0.0001472622580998479,0.0001472637777397641,-4.619902495209976e-07,3.0994944701088367e-06,0.00036346331127793,-2.3847408342352126e-22,5.783780920824584e-08,1.0463056211385364e-05,8.802168409382338e-23
8,53,251,0.023020089287061937,-2.777898522393729e-05,0.023021020737889687,1.1449249201483201e-09,2.8248243217233034e-05,-1.1515686777466764e-07,-1.2076687545447768e-20,-0.0001472541574271942,0.00014725524783421224,-1.4543670240196172e-07,2.940875093541173e-05,0.00039374469282678495,1.088881663933815e-21,1.1184012926344021e-07,1.0434608560223136e-05,-1.1150350716677627e-22
8,54,251,0.023114912535062503,-1.8974311637650216e-06,0.023115901128799667,-2.111944860587689e-09,-4.0160261777091145e-06,2.6197407247722657e-08,1.3030583879141844e-20,-0.00014726379698784152,0.000147265212766885,-1.5280583008258175e-09,-4.780435604877717e-05,0.0003971253060044196,-6.479295851506997e-22,4.630688779998299e-07,1.068541539156206e-05,-5.989974029387982e-23
8,55,251,0.022971368330642207,2.2747540731417857e-06,0.022972506713551846,-2.5405988655621204e-09,4.9832832783731786e-05,-5.996774728994064e-08,-6.983241084401987e-21,-0.00014726073909226883,0.00014726213304183617,1.9203161445351715e-07,-1.3323792645193172e-05,0.0003667463420692009,-4.0090643081199556e-21,-6.889227501499654e-07,1.0427387588386982e-05,4.991645024489982e-23
8,56,251,0.023014667761974004,1.2137944176380237e-05,0.02301575282871694,-2.807544397267572e-10,1.0159886573624374e-05,-1.0225694340151693e-06,-3.2666449918014452e-21,-0.0001472602288042654,0.00014726146688491797,9.672864888741907e-08,0.00010225617192475407,0.0003758727163828534,9.80893399742032e-22,-3.8380533136022125e-07,1.009276909513932e-05,8.661558690382623e-23
8,57,251,0.023022557591583028,-6.330793077839016e-06,0.023023599315725417,2.227575421687947e-09,6.40571039905322e-05,1.4363450067039414e-07,2.3244473867281355e-20,-0.00014726044854100124,0.00014726174365258535,4.2643881953405544e-07,-3.5735842583116196e-05,0.0003927839918222424,-1.4083469455011737e-21,-6.881501292140545e-07,1.0535874127626927e-05,8.478766055682987e-23
8,58,251,0.023065600216454436,-2.5679747918517764e-05,0.023066800968099137,-1.6202597446348297e-09,-8.245825677677248e-07,2.353060137515202e-08,2.6934072893833954e-20,-0.00014726707392014878,0.0001472683873906361,-1.3547167291247377e-07,-4.7618686193890186e-05,0.00038977534446827256,-3.869579466872235e-21,-3.2584067189730066e-07,1.0781797080202276e-05,-1.1248777519977442e-23
8,59,251,0.023046616224414992,-8.210886070563546e-06,0.02304776908219003,-5.272686202785355e-09,3.141583441929907e-05,-1.188316205961739e-08,-6.083338882803796e-21,-0.0001472694185920069,0.0001472706578391347,-6.24137585253223e-08,-2.2023849991119616e-05,0.0003964050577214921,-7.199217612785555e-22,-5.539449826014497e-07,1.108359438287443e-05,-1.0686338643978562e-23
8,60,251,0.022955639275559665,-1.2446857971616056e-05,0.022956521819833275,-2.95015452934856e-10,-2.793155055609894e-05,1.2662503962003343e-07,-5.939354530548084e-21,-0.00014726715087242555,0.00014726833215919686,2.9106157536011677e-08,-4.391547238382768e-05,0.00038041634539070276,1.3835996349572236e-21,-9.391658452267188e-08,1.060422770916914e-05,-1.2331472356275256e-22
8,61,251,0.0229368647798408,4.625847446437294e-06,0.022937653647374115,2.3014583346821883e-09,8.707527422174628e-05,-3.614478829501776e-07,7.469188273265013e-21,-0.0001472506042515928,0.00014725193558534256,-2.882461850816016e-08,-1.670166709906701e-05,0.00040468873386750306,1.1248777519977433e-21,-3.130171162094538e-07,1.0571662047926573e-05,-5.905608197988153e-23
8,62,251,0.02300823830885182,-6.082397883264532e-06,0.023009195026984813,5.883176487235907e-09,2.7299194722159808e-05,5.488142321711445e-07,4.337528611703297e-21,-0.00014726089878117183,0.00014726224390350942,2.3943225761775204e-07,-3.753670145690764e-05,0.0004134107706139963,-5.624388759988717e-22,-3.42272270353645e-08,1.0492202659611913e-05,2.2806896421754234e-22
8,63,251,0.022940442383633138,-1.0600317753834956e-05,0.02294150627269127,4.5999370339671185e-09,-4.340590666154814e-05,2.044507352603871e-07,2.1867623498836093e-21,-0.00014725987314042287,0.0001472613673210169,1.3415617100851081e-07,1.6530344346934363e-06,0.000389196681029068,7.469188273265011e-22,4.40800569104931e-07,1.088593368000289e-05,1.1614362789376696e-22
8,64,251,0.02313052823660424,-2.0524733383902095e-05,0.02313135056954395,1.671855806085917e-09,1.697500503766424e-05,6.65176812694965e-07,-8.72905135550248e-21,-0.00014726686825511067,0.00014726796705172543,-7.967673127797355e-08,-4.008497920153351e-05,0.00039661763502480595,1.6198239628767506e-22,5.624396158874814e-07,1.0205046362185017e-05,1.1248777519977428e-22
8,65,251,0.023061106861964803,1.473920401201949e-05,0.02306207601899469,-2.962943782403146e-09,1.4424422255993608e-05,5.518336456393333e-07,6.96524304037003e-21,-0.00014725848050915416,0.00014725962456194123,-9.780339410817919e-08,-5.3225506583940784e-05,0.0003803087896375747,-3.3746332559932254e-22,7.168725890853574e-07,1.1062536949193184e-05,-1.687316627996613e-23
8,66,251,0.02303607139653401,4.952203172814629e-05,0.02303698223358112,5.319187309269537e-09,4.5025568454016264e-05,-5.091319020502352e-07,-4.4275188318631186e-21,-0.0001472616501691839,0.00014726288310125358,-4.4078905956271177e-07,3.204267668325005e-05,0.00036582700656597925,-6.7267689569465e-22,8.546556848793992e-08,1.036655062199283e-05,5.525961956688911e-23
8,67,251,0.022969644237143774,2.457612922026134e-05,0.022970605808088573,-1.890961413163615e-09,-6.063670144121527e-05,-2.9047553184979353e-08,-1.8825954057434225e-20,-0.00014726019851282003,0.00014726168660619932,-1.5477452669953326e-07,6.814461862500996e-05,0.0004052865491900553,1.4758396106210386e-21,-4.883600854591232e-07,1.1067984699849568e-05,-6.946120118586063e-23
8,68,251,0.023027180832164193,6.32747675042644e-06,0.023028266488738774,2.5851964135801e-09,-1.2319272554046242e-05,-7.677606252591149e-07,2.4747310543950354e-21,-0.00014726448856552374,0.00014726586264227407,3.400274101515328e-07,-3.596187216266745e-05,0.0003548719767701183,-9.044017126061855e-22,-4.5049511480937596e-07,1.006357960471351e-05,-6.38368124258719e-23
8,69,251,0.023093190443317847,-2.5164297805497402e-06,0.023094319794549983,-4.37144070404202e-10,4.1980272595471384e-05,1.3873719346790058e-06,1.402947532291585e-20,-0.00014726835231089304,0.00014726949119340667,-1.3516638036970284e-07,-2.769884120566019e-06,0.00038986976605071477,1.6198239628767501e-21,1.017001875191003e-07,9.820226208074583e-06,-5.905608197988153e-23
8,70,251,0.0229295207861909,-1.232671099060035e-05,0.022930722416092886,8.59217990166781e-09,2.1203830944348367e-05,8.499472285717826e-07,7.865145241968221e-21,-0.0001472594519315341,0.00014726085805237755,-3.0086387022175187e-07,6.564659304311009e-06,0.00039413867187576855,-3.014672375353946e-22,-8.058031225670533e-07,1.0981468367226776e-05,-5.399413209589167e-23
8,71,251,0.022961285560277427,2.8043889756033813e-05,0.02296219115861326,2.387667085345549e-09,2.00413794544574e-05,4.2110102688156865e-07,8.999022015981944e-21,-0.00014726393104158448,0.00014726529880922895,-1.4429617605968222e-07,4.833807778821831e-05,0.0004065822076648581,2.051777019643883e-21,7.675784846269432e-08,1.0740298257638212e-05,-1.4356252309871194e-22
10,0,251,0.024186193768974212,-3.227680339944266e-05,0.024186839676407806,-5.817496992833794e-09,-3.7497198721595125e-05,-4.3082288384905584e-07,-9.358982896621225e-22,-0.00018408266903355264,0.0001840833943645566,-1.297532065432193e-07,-1.5084557187865157e-05,0.00035977939922725104,-2.2587545260114674e-21,2.8021271099865055e-07,1.0236117804259554e-05,-4.274535457591422e-23
10,1,251,0.02422045123157686,-1.02846794247159e-05,0.024221272935331464,2.755311493091731e-09,1.674926680332574e-05,-4.1577331050296103e-07,9.77293790935639e-21,-0.0001840724518463093,0.00018407327025126032,2.1663127780179652e-07,2.5936054805274614e-05,0.00034987798508144806,-2.1552657728276752e-21,-4.15064367676406e-07,1.0318758219840702e-05,1.1867460283576186e-22
10,2,251,0.024225059071034765,1.7156412787839622e-05,0.024225686668800296,3.7938990497798715e-09,3.8610929577334105e-05,1.2836477104601195e-06,2.483730076411016e-21,-0.00018407723662875513,0.00018407792282003254,-5.654219112442297e-07,-2.2313623587836477e-06,0.0003764339462718765,1.309357703325373e-21,1.1595146665266914e-06,1.096581510235464e-05,2.2300701433355255e-22
10,3,251,0.024196090930020345,4.820686429102184e-05,0.02419679408215449,2.5100795683114514e-09,-2.2249312820605536e-05,-2.517669297604274e-07,-9.161004412269618e-21,-0.00018408038578339542,0.00018408107560013775,5.726610560723324e-08,-3.29374527533268e-07,0.0003304563160389326,9.80893399742031e-22,-4.4843290932887517e-07,1.0053951022476629e-05,5.385352237689195e-23
10,4,251,0.024287747217297873,-7.572478469534572e-06,0.024288479751796245,-2.9359767573939647e-09,-2.1237704770647766e-05,2.660818052711287e-07,9.700945733228531e-21,-0.00018408052063115132,0.00018408132168646891,-3.406087186303733e-08,3.563746497765924e-05,0.0003676016069867358,7.491685828304965e-22,6.03256516033397e-07,1.0392921774644308e-05,1.1248777519977424e-23
10,5,251,0.02419045474367829,-5.316017061445461e-06,0.024191087896274832,2.8536790224098336e-10,5.633465944139581e-05,1.6141531411676567e-06,4.6794914483105975e-22,-0.0001840775634517481,0.0001840782462800367,5.830078503524182e-07,-3.632539950221427e-05,0.0003501333241093638,5.399413209589165e-22,4.285565711552929e-07,1.0881244728298168e-05,1.2176801665375567e-22
10,6,251,0.02419477099499182,-1.6398265156477016e-06,0.024195445446289786,5.2417351156271315e-09,-1.0154925764161658e-05,6.348151135944827e-07,-1.6018259188447858e-20,-0.0001840762436295332,0.00018407719072646375,1.7275539453537267e-07,6.761968008102236e-05,0.00039590035006141066,2.0787740856918288e-21,1.275079852034958e-06,1.0911846698514436e-05,-8.239729533383469e-23
10,7,251,0.024288956326618306,-7.536853065450666e-06,0.024289670240871936,5.2646402068314595e-09,4.112373546752371e-05,-4.5233992002339985e-08,-3.833583378808309e-21,-0.0001840790120361985,0.00018407976471704291,-8.371520687668005e-08,1.2505825231060977e-05,0.0003689061418590899,-7.919139374064106e-22,-1.3764651709969595e-07,9.965212901984749e-06,9.463034088681008e-23
10,8,251,0.024220986651319765,1.3706016316296759e-05,0.024221629393910742,-3.4081378934466772e-09,-1.4752043236653656e-05,-4.474490623641034e-08,-6.767264556018423e-21,-0.00018407113417057133,0.00018407211851855608,1.0241460949271986e-07,-2.7472751546404977e-05,0.0003637287675379938,-9.426475561741088e-22,-8.003862522300745e-07,1.0672699179527287e-05,-7.311705387985328e-23
10,9,251,0.024229426565996044,2.194046945204161e-05,0.024230059411269673,4.010969082547343e-09,1.5565664579385532e-05,-1.5821224466543763e-07,1.4002478256867902e-20,-0.000184079164277314,0.00018407992668522644,2.683042657440654e-07,-1.8122674083523548e-05,0.0003558258382775348,3.5546136963128707e-22,-7.369975250475061e-07,1.03664946405011e-05,2.7278285485945257e-23
10,10,251,0.024254167684400273,1.2451167013909587e-05,0.02425485414236233,1.8435064761514855e-09,-7.293450169543401e-06,-7.1027253861621e-07,-6.1913271469955755e-21,-0.00018407834387287463,0.00018407908661096194,-1.8067576763619737e-07,-2.80252399076768e-06,0.00035643084292702205,4.949462108790056e-23,6.751261097103187e-07,9.995093565911575e-06,-1.2233045552975456e-22
10,11,251,0.02421963297944492,2.4836580768245274e-05,0.02422039811917998,7.798459665331366e-10,1.21909259276612e-05,9.70863300482318e-07,-9.502967248876932e-21,-0.00018407443826174566,0.0001840753198302535,-2.1991460774109415e-08,-1.215540077404526e-06,0.0003536528585462583,6.299315411187388e-23,-3.052659037080731e-07,1.0077601519144341e-05,8.450644111883045e-23
10,12,251,0.02416835203737595,5.0239894220265324e-08,0.02416903801107332,-2.784763001245101e-09,-3.271194195762115e-05,2.8252608980368114e-07,-2.4855298808142127e-20,-0.0001840745222643411,0.00018407521150979103,7.758849314399532e-08,-2.7234008866184476e-05,0.000351618155627129,1.1698728620776524e-21,5.553530622747763e-07,1.0448922582254828e-05,-1.0236387543179458e-22
10,13,251,0.024220484282818616,1.8157710752917512e-05,0.024221231072338,2.5210594444306494e-09,7.947864628955272e-05,-8.105431393312795e-07,6.5512880276348566e-21,-0.00018407787373569455,0.00018407855618040946,1.8628185150249546e-07,4.299756427401996e-05,0.0003792398808470382,2.2497555039954897e-22,9.315360734122314e-07,1.043464629137898e-05,2.1091457849957665e-23
10,14,251,0.02417669687291453,7.524594732642873e-06,0.024177484766660172,2.4995855855646274e-09,-6.256962285319189e-05,-1.4894802648501216e-07,-5.903358442484155e-21,-0.0001840781063297453,0.00018407896165095628,-1.4416809767638493e-07,2.8297456857719245e-05,0.00038023139417117863,1.408346945501174e-21,-3.4660519877150456e-07,1.0354907006641649e-05,7.761656488784423e-23
10,15,251,0.0242265489249457,-2.696965620558316e-06,0.02422721002069107,9.672050653754571e-10,1.3381078704449592e-05,-2.2329791223126532e-07,2.4162374112911515e-20,-0.00018408290436537202,0.00018408376925212332,1.181551022798382e-07,2.8326225918298693e-05,0.00037399740950836373,-8.50407580510294e-22,8.42512135228065e-08,1.0198864761814777e-05,2.2778774477954275e-23
10,16,251,0.024227752610849085,3.2355772155626747e-06,0.024228623647196627,4.224843719380212e-09,-6.747495348017558e-06,-1.5933874860336135e-07,9.880926173548173e-21,-0.00018406878157100186,0.0001840694601606226,-5.8227549840779226e-08,-4.694143963598524e-05,0.0003701926727756472,2.692957338282596e-21,1.20583355839945e-06,1.01839180410111e-05,-1.4060971899971814e-23
10,17,251,0.024249185634087043,-1.8445913492878925e-06,0.02425002719039607,2.3554275379530587e-09,6.609540174681523e-05,-3.324830214438179e-08,1.1923704171176077e-20,-0.00018408509114335543,0.0001840857960708455,1.8925057602126487e-07,2.9006000509853146e-05,0.0003775741188399095,1.1338767740137247e-21,9.003209488535981e-07,1.0496218330430055e-05,1.2064313890175793e-22
10,18,251,0.024226270631328338,-1.3422817861907396e-05,0.024226898402315646,3.427672101628332e-10,-1.0853183637790349e-05,1.1469629573239934e-07,-8.891033751790162e-21,-0.00018407934609619738,0.00018408007076521775,5.906179666703416e-08,2.3466368000259187e-05,0.00036950636068707057,-5.399413209589137e-23,-2.7689792067995297e-07,1.0636233011339544e-05,-9.533338948180872e-23
10,19,251,0.024264959698733116,-1.0351185455092499e-05,0.024265744542754653,4.557975080170574e-09,6.723650047678686e-06,-6.859393042566927e-08,1.2706619086566504e-20,-0.00018406862889304147,0.0001840694004269996,-1.5007629400178105e-07,-1.1533624669076566e-05,0.0003751374158117517,-7.649168713584652e-22,-6.83089844301466e-07,1.0964900097527591e-05,5.061949883989818e-24
10,20,251,0.024274286410556935,-1.5388681118410295e-05,0.024274934456293914,6.103001804009578e-11,3.160268560487484e-05,-1.651454150770607e-07,1.1518748180456885e-20,-0.00018408151239080405,0.0001840822567397984,2.6174019182849734e-07,-5.07459272472673e-06,0.00041580632247503974,2.6862080717706097e-21,-6.590098945362885e-07,1.096306180389676e-05,-8.26785147718341e-23
10,21,251,0.024147420888746923,-9.528413787734143e-06,0.024148047164214998,-4.656888076360562e-09,-1.3632368332955659e-05,3.738498911117417e-07,-1.6378220069087113e-21,-0.0001840754653348718,0.00018407611480238177,-4.742691626135607e-08,2.1994154016295766e-05,0.00037017471185567014,-5.489403429748986e-22,-3.033723547000496e-07,1.0759816965755813e-05,-2.2497555039954855e-22
10,22,251,0.024165928544907296,4.817813776872057e-06,0.024166637417453805,4.344029964342128e-10,-2.4315940163975697e-05,3.895501780134779e-07,2.480130467604623e-20,-0.00018408129728814603,0.0001840821256021654,-1.6295246858295657e-07,2.6417230284903297e-06,0.00035092189312059595,-7.739158933744469e-22,-4.462398944149389e-07,1.0603334345009742e-05,1.266893568187458e-22
10,23,251,0.024246480619976335,9.468686851279992e-06,0.024247160914549478,6.138413868406167e-10,-5.565283909998963e-05,2.3703181912693176e-07,-2.2299576555603255e-20,-0.00018407059200609727,0.00018407133493417486,-2.8676790384379414e-08,-2.7806218697787118e-05,0.0003588742744629573,2.8481904680582845e-21,-2.241291429403658e-07,1.0410947343545368e-05,-7.030485949985893e-23
10,24,251,0.024241308379061025,-1.9126662535983134e-05,0.024242007597815047,1.4446685886675397e-09,2.9014025880560028e-05,2.8663601850154733e-08,-1.4398435225570902e-22,-0.0001840842460509772,0.0001840848702252024,-1.8767053587720542e-07,3.4694574120444172e-06,0.00034527587068885514,-8.414085584943117e-22,-7.122332112756388e-08,1.0540924040073666e-05,6.60865679298674e-23
10,25,251,0.024231454786020554,-1.2817794540644813e-05,0.024232127163718167,-4.176581442235749e-09,2.460014780584575e-05,6.024532083960485e-07,-9.197000500333549e-21,-0.00018407495219996251,0.00018407572446867287,-3.3284498584658427e-07,-6.026538963628047e-05,0.0003596996120173194,-5.084447439029794e-22,2.684927578538527e-07,1.0840258262839758e-05,5.483779040988996e-23
10,26,251,0.02420766635065101,1.7872856958256067e-05,0.02420847572626009,-2.1642388770020393e-09,-4.3482865138990356e-05,4.2302391055550007e-07,-6.911248908274133e-21,-0.00018408459280501777,0.0001840853451981493,-1.1486036050218343e-07,1.7479871447788425e-05,0.0003611547045321696,3.3858820335132055e-21,5.333685558311266e-07,1.0067747655554218e-05,4.5557548955908585e-23
10,27,251,0.024093851934455134,2.8614664187301093e-05,0.024094661984223203,6.076796446916841e-09,-2.910840486098054e-05,3.3463433072611525e-08,1.286860148285418e-20,-0.00018408104423831202,0.00018408179288753075,1.2452318110460069e-07,-5.9006115941377434e-05,0.0003903607801889393,-1.1158787299817608e-21,-2.547113409362491e-07,1.0590716845351433e-05,6.847693315286262e-23
10,28,251,0.024161251053506767,4.437282791144333e-05,0.02416189299936231,2.1419168515629365e-09,-3.84439395507515e-05,-2.1078649634295866e-07,-3.599608806393033e-23,-0.00018407833583015251,0.00018407913698637035,5.252970826972396e-08,5.900220238932276e-05,0.00037430894961635436,-7.424193163185083e-23,6.272835367585909e-07,1.062059730836653e-05,1.2725179569474466e-22
10,29,251,0.024199383705023402,-9.881470771470286e-06,0.024200052287334982,-2.9849773179698236e-09,-3.3082429040667493e-06,-8.685964278727059e-07,-5.579393649908804e-21,-0.000184076055013785,0.00018407686345085634,2.6634354634502636e-07,-6.931966508638994e-06,0.00035839792342793947,9.313987786541314e-22,-3.9857376051115086e-07,1.0188392445085966e-05,-1.8419873188963034e-23
10,30,251,0.024219084406802337,1.739850763882395e-05,0.024219800228815945,2.0485506508053382e-09,-9.69626993963666e-07,-2.8606570730621714e-07,7.739158933744471e-21,-0.0001840791907931777,0.00018407981749447375,2.208022152936672e-07,-3.8376050082048466e-05,0.0003819865129591253,-6.029344750707902e-22,5.029897462797219e-08,1.0381148332938366e-05,-1.614199574116761e-22
10,31,251,0.024196253291359764,-3.319765020121341e-05,0.02419707938434868,-5.550397829495466e-09,3.2267104911035894e-05,9.5119055578452e-08,8.693055267438555e-21,-0.00018408000307630672,0.00018408071763249852,-1.3682592241934732e-07,7.541110885536637e-06,0.00035340640003639047,-1.2823606372774272e-21,1.3341003867362225e-07,1.0984939082992946e-05,-7.452315106985009e-24
10,32,251,0.02420019522540258,3.4778684062657374e-05,0.02420098376527499,-3.0068435983107527e-09,-3.6723895929931115e-05,-4.5061033396287876e-07,-1.391248803670808e-20,-0.0001840769635530365,0.0001840776875771952,1.6399772913394329e-07,-2.45170588453356e-05,0.0003684874888517601,3.0056733533379684e-21,-4.759112408443107e-07,1.0372193165014417e-05,1.504523993296977e-23
10,33,251,0.024226988538891794,-2.0933671801090134e-05,0.0242276815960172,-1.606363704927931e-09,5.217612211517651e-06,3.0850515150802933e-07,-1.844799513276298e-20,-0.00018408107285132415,0.0001840818221630403,2.3778182671830658e-07,-2.9931712117975318e-05,0.0003625151121516621,1.1878709061096165e-21,-2.7461516901925926e-07,1.043390016927081e-05,-1.3653203714872608e-22
10,34,251,0.02423995864753276,-1.9656319275263867e-05,0.024240684527022043,-1.7812263024733388e-09,3.308066199033732e-05,-4.887388276185617e-07,-3.1316596615617166e-21,-0.0001840722334833859,0.000184072993879087,-4.570886527497184e-07,-6.416048553513008e-05,0.00039089018632500677,2.3847408342352145e-21,2.0061607715031935e-07,1.0674831910731976e-05,-1.3498533023972914e-23
10,35,251,0.02414864842545423,9.341107166823807e-06,0.024149340285348993,1.1316379380463975e-09,3.457278460964825e-06,4.505901770924457e-08,4.67949144831061e-21,-0.0001840688976455692,0.0001840698024780925,2.609158955729918e-07,1.0937903842697118e-05,0.0003788303572488584,1.5928268968288041e-21,-7.152739392484628e-07,1.0409805964890264e-05,7.719473573084509e-23
10,36,251,0.024242944261430695,-7.608080364314299e-06,0.024243715144011243,3.5888470487193916e-09,4.603912192797746e-06,-9.097121156447298e-07,-3.47362249816903e-21,-0.00018407713008558834,0.00018407789519908524,3.440554315845338e-08,3.64100714761044e-05,0.0003446379406078801,2.2047603939155725e-22,-1.91962751947317e-07,1.0678878580093618e-05,-6.327437354987304e-23
10,37,251,0.02421396481644398,6.129646430928107e-06,0.024214757896576997,1.9583089563780333e-09,-8.004825655160344e-06,-9.937941504491543e-07,-5.039452328949886e-21,-0.00018407324996751838,0.00018407388085058587,2.7328282392349646e-07,1.7541989017163682e-05,0.00038197196201823064,-4.589501228150793e-22,7.03573328243066e-07,1.0601258141432269e-05,9.420851172981095e-23
10,38,251,0.024228725582323987,1.8050507490278654e-05,0.024229451483095292,2.2399142184886787e-09,1.9083216004573508e-05,-5.727102715326538e-07,3.491620542200993e-21,-0.00018407504228363605,0.0001840758894718951,-3.7735704944945254e-07,6.217482328541558e-06,0.0003840487774263134,-4.454515897911061e-21,3.036216756136984e-07,1.0638230269053834e-05,1.569204464036851e-22
10,39,251,0.0242902578740133,-1.2012270902868959e-05,0.02429097590857193,-5.5934642482445655e-09,4.152598651545273e-06,5.367697339717198e-07,1.3012585835109886e-20,-0.00018407686432703405,0.00018407765329563189,-1.5085387556254278e-07,-5.9348820933712265e-06,0.00035320495233285063,-1.4038474344931823e-21,3.418033327875078e-07,1.0387245278456887e-05,1.1220655576177484e-22
10,40,251,0.024192087399357253,3.023179412937401e-06,0.024192876345572448,-4.526676577639114e-09,8.68432119354821e-07,4.710066915994131e-07,1.8663971661146547e-20,-0.00018408175047216762,0.00018408260154161873,-2.1237765028907233e-07,-4.623808557353187e-05,0.00036639396401024307,3.878578488888217e-21,4.99849651163767e-07,1.1066311186304742e-05,3.754279497292464e-23
10,41,251,0.024210370135699183,2.3010687853562952e-05,0.024211053743247442,-5.2300330183878024e-09,-5.909290332727711e-06,-6.664578347323665e-07,1.520834720700948e-20,-0.00018408205635613153,0.00018408285160614592,2.156456568269254e-07,-1.1878310069443292e-05,0.0003854172719128992,3.8695794668722333e-22,-4.0079865308410923e-07,1.0765483896376766e-05,3.1637186774936524e-23
10,42,251,0.024276474175964458,5.7743161710911215e-06,0.02427708673731488,6.0149784613135595e-09,4.740437943449339e-05,2.7196453507438124e-07,-1.9347897334361174e-21,-0.0001840793642239694,0.00018407999621017926,3.601691977238498e-08,-1.0935188059996022e-05,0.00035162226932761804,-3.0146723753539503e-21,1.408059592457618e-07,1.056302947075675e-05,-1.0461363093579006e-22
10,43,251,0.024223210236493927,-2.6442463474203977e-05,0.02422383883241508,-1.0611197585495065e-09,-5.498265154318268e-06,-4.1296491343080355e-07,-1.6864167257950163e-20,-0.0001840889262451581,0.0001840896937666923,1.3011660912026466e-07,-4.038291560097342e-05,0.0003548916222727006,1.119253363237754e-21,-3.172385188184182e-07,1.0574874167446884e-05,-1.2950155119874014e-22
10,44,251,0.024232753538551855,2.7164781387987462e-05,0.024233399017679357,4.2873310547471874e-11,3.231152472945962e-05,5.309321293251155e-07,-1.0384871406443157e-20,-0.00018407905629023923,0.00018407978491937575,-1.274781307850433e-07,-1.945392898393717e-05,0.0003679065875041512,-9.313987786541312e-22,6.025707244205585e-07,1.1197204387005824e-05,-1.976972649136033e-22
10,45,251,0.024165345479431333,7.4500134063310395e-06,0.024166167242444272,1.7007796182093018e-09,1.2028045503558828e-05,4.954549577399711e-07,-1.2346658205927226e-20,-0.0001840799158387197,0.0001840807103026842,-6.579426916703499e-08,-7.281332985625307e-06,0.00033928746800338287,1.3791001239492328e-21,-8.666646247350923e-08,1.0385679088522414e-05,1.723875154936541e-22
10,46,251,0.024220200005526424,-1.5299007659031226e-05,0.02422095979822762,-1.590066809602677e-09,-2.6798916579298456e-05,3.02610676437273e-07,6.965243040370023e-21,-0.00018407291325949317,0.00018407364717293057,1.4837021315825694e-07,4.4438066697780735e-06,0.00035917534179068537,4.859471888630247e-22,1.6254557492517147e-07,1.0615641789879954e-05,-5.0619498839898417e-23
10,47,251,0.0242266611955137,1.031577223517723e-05,0.02422740771600937,-1.5438190697112198e-09,-1.591691693014107e-05,3.390469300787425e-07,-1.511835698684966e-21,-0.00018407322757095545,0.0001840738847850267,-7.131088168109148e-08,3.669229877394755e-06,0.00035225744384046826,4.859471888630249e-22,2.3776148641034408e-07,1.0832626455230615e-05,1.8982312064961907e-22
10,48,251,0.024233932480352917,-2.552214302926675e-05,0.02423470587747156,-1.2290982257107754e-10,2.9466053716574973e-05,-4.42589037891032e-07,-2.375741812219235e-21,-0.000184075227680091,0.00018407598298307486,-2.5798534225486394e-07,-2.1895429548300246e-05,0.0003616679892028404,-3.0821650404738152e-21,1.474926167613241e-06,1.0461901838859757e-05,8.886534240782167e-23
10,49,251,0.024216382348029555,2.6833703280924893e-05,0.02421714437031397,2.3668234169285756e-09,-2.0886884510859998e-05,8.591428286942756e-07,-3.545614674296887e-21,-0.00018407996174119566,0.00018408071136845705,1.3498241253570142e-08,-2.1791874868586564e-05,0.0003428565297497627,8.86403668574221e-22,-7.52821776244671e-07,1.0368494693794859e-05,-4.752608502190459e-23
10,50,251,0.024247109151936293,7.94267339513652e-06,0.024247925638882284,-2.4064157586058257e-10,-3.6853543817893374e-05,1.940979712282167e-07,-4.733485580406504e-21,-0.0001840731917476935,0.00018407395038937474,9.153772884476331e-08,3.0087022478101617e-05,0.0003551655769958274,-2.5197261644749435e-22,3.860409098351268e-07,1.1020561117158154e-05,5.764998478988422e-24
10,51,251,0.024173329326921636,5.794326500473463e-06,0.024174089524593267,7.174465915334816e-10,-8.198537189681225e-06,4.0593505612397614e-07,-2.8796870451142346e-22,-0.00018408298152947772,0.0001840836883727147,-1.8564905477337743e-07,4.460503707857063e-05,0.0003761334153716029,-2.2992501250833858e-21,-4.6871292457647303e-07,1.0965916017077992e-05,5.1744376591896176e-23
10,52,251,0.024152401675727787,-7.344758850346334e-06,0.024153125486679902,4.831111935378575e-09,1.6052153866293253e-05,-5.661910706738178e-07,8.58506700324677e-21,-0.00018407542695659808,0.0001840761070821639,-5.409179184479786e-08,-1.6417207845931203e-05,0.0003434517388429169,-4.319530567671329e-22,-6.870433428523257e-08,1.0190050255477726e-05,1.0025472964679883e-22
10,53,251,0.024206021306184107,1.0146286610653699e-05,0.024206841756182946,9.400456092225559e-10,3.135995605047285e-05,-1.1157792452432602e-06,1.3372546715749165e-20,-0.00018407540576599872,0.00018407612402550452,-2.352105080280464e-07,-1.3940196241167481e-05,0.00036267539001017744,4.139550127351696e-22,-3.147730978883319e-07,1.102092718417408e-05,4.4995110079909714e-23
10,54,251,0.024237787235130318,1.5456057603731696e-05,0.024238501647959543,3.295489698396632e-09,4.353509073364737e-05,1.1038262909195555e-06,9.179002456301596e-22,-0.00018407468303254033,0.0001840754518755071,2.8065981735136467e-07,-2.4747641836177003e-05,0.000382261112826954,6.929246952306096e-22,3.493484558737535e-07,1.0727882474178682e-05,1.086913127867819e-22
10,55,251,0.02424985888529998,-9.583435528127282e-06,0.024250685295156324,1.8461094957159166e-09,-4.071792949528202e-05,-1.0596084744606502e-06,-3.65360293848867e-21,-0.00018407636947220953,0.00018407705519110531,1.0563087284049608e-07,1.4637956105363007e-05,0.0003523310118896101,1.6423215179167047e-21,-2.638734275967351e-07,1.0967977997144673e-05,-1.368132565867255e-22
10,56,251,0.02420046210198083,2.3316624969532626e-05,0.024201205145123646,-3.1100542953324425e-09,1.5101954056348928e-06,-3.5803178714069276e-07,1.0663841088938601e-20,-0.00018407413653281394,0.00018407491543719892,-1.4773343699241557e-07,1.2659118814854211e-05,0.00037802678218201605,6.70427140190655e-22,5.245712431796651e-07,1.0423687095060533e-05,-1.0461363093579008e-22
10,57,251,0.02427804064338573,1.4429042801720849e-05,0.024278843925073852,-9.066484801146829e-09,5.784932326798454e-06,7.004889594887666e-07,-2.3343463109457162e-20,-0.00018407301315392512,0.00018407361803995177,1.222738935661469e-07,-1.9705074127552538e-05,0.0003582751114529302,-1.3453537913893009e-21,-4.147015599901872e-07,1.0047986837883502e-05,8.422522168083099e-23
10,58,251,0.02422353567912368,-2.1782402390288596e-05,0.02422432130454646,-1.495807315726076e-09,4.468950275261522e-06,-9.665955916057835e-07,2.5377242085069078e-21,-0.0001840735801240879,0.00018407423951813644,-2.5892111448325956e-08,1.6508322100919171e-07,0.00037825832934784405,-2.5692207855628446e-21,7.513782699825206e-07,1.0641004595339719e-05,-7.31170538798532e-24
10,59,251,0.02418487279881306,1.3445200974864544e-06,0.024185586310488408,-2.782868879342758e-09,-1.8604406698408732e-05,4.99917320273252e-07,-8.279100254703408e-22,-0.0001840823031850078,0.00018408322731827754,-1.643661677670567e-07,-2.689257213573642e-05,0.00039533631095514394,-1.2103684611495715e-21,-1.8215618748688846e-07,1.0632517101779211e-05,-1.1389387238977146e-23
10,60,251,0.02421343010675397,-5.862347370995888e-06,0.024214162535033012,-1.798507811906433e-09,-2.837319334806881e-05,5.079316745372077e-07,-3.257645969785459e-21,-0.0001840777167528366,0.00018407851532775793,-3.067294837005769e-07,-2.7228593528222763e-05,0.00037533431725806705,4.9247147982461174e-21,6.584439425550951e-07,1.0141335321913772e-05,3.14965770559368e-23
10,61,251,0.0241054706814899,-1.888745102561456e-05,0.02410610102672539,-3.0710734861310697e-09,2.4158330514130816e-05,5.316634373028864e-07,3.4556244541370666e-21,-0.00018407365427550642,0.0001840743721317147,2.923943695959026e-07,8.221343541505571e-06,0.0003825349135248673,-1.1181284854857567e-21,8.596359088517844e-07,1.053843508313489e-05,1.2486143047174944e-22
10,62,251,0.02427207401206783,2.64268255460706e-06,0.024272760792384857,-1.1312404586929571e-09,-3.263897845403894e-06,-4.388547301789619e-07,-1.3228562363493457e-20,-0.00018407475368962547,0.00018407548914089187,-9.104990080059845e-08,-1.2399001675570843e-06,0.00035786250127596846,1.6738180949726413e-21,1.1447784439025747e-06,1.008071702060812e-05,2.4747310543950355e-23
10,63,251,0.024228933660868812,-1.2448338079220062e-05,0.024229621087393786,4.7978699451974895e-09,3.6080502834252325e-06,-2.962812749523023e-07,-9.430975072749075e-21,-0.00018407585401265843,0.0001840766597776149,1.3354823325970713e-07,-2.5306571604403687e-05,0.00035754760805813737,-8.009129594223928e-22,-1.3597463389132207e-07,1.0627983687413487e-05,-7.663229685484622e-23
10,64,251,0.024170376092002156,2.4759518514607525e-06,0.024171161387821084,1.840907447563008e-09,2.7948967257366505e-05,2.01777721548877e-07,-3.5276166302649236e-21,-0.0001840748655033939,0.00018407554400679828,1.6145640599763398e-07,2.6218963130324163e-06,0.00036088386841249046,1.2598630822374722e-22,-6.827067677321951e-07,1.0459947863882174e-05,6.299315411187358e-23
10,65,251,0.02417012630299051,-1.9483172235780444e-05,0.024170880460093417,-3.8610566158162745e-09,5.378987948029793e-06,9.111709228868899e-07,3.20905125089916e-20,-0.00018407616293811412,0.00018407697907524672,1.872899095420107e-07,-3.496522574348527e-05,0.0003365991285223301,-2.4927290984269985e-21,-1.0236146109815698e-06,1.1015683970542498e-05,-8.802168409382336e-23
10,66,251,0.024200811881898467,-9.767081370062072e-06,0.024201575839843194,2.6559553302424893e-09,-3.150425874864515e-05,-6.677508421256801e-07,-1.9797848435160376e-22,-0.0001840736217326451,0.00018407436493946404,-1.3172576716453845e-07,3.94653383464966e-07,0.0003329224774157679,-4.499511007990973e-22,4.394129355225347e-07,1.0517485087831651e-05,-2.7981334080943845e-23
10,67,251,0.02416027216183637,-5.262979422267999e-06,0.024161014790926544,-5.59451588988623e-10,-2.252629056489904e-05,4.5173998451321605e-08,1.7791066525596303e-20,-0.00018407587328011938,0.0001840768592651821,3.0052382260982173e-07,4.48790587830536e-05,0.00036251657136632265,-1.421845478525147e-21,7.588158014254684e-07,1.0443393759562962e-05,-2.6715846609946313e-24
10,68,251,0.024239372050564405,-1.0917521614535324e-06,0.024240218693330887,9.749857916259402e-10,9.38387379556447e-06,-4.96053767485514e-07,-3.2216498817215363e-21,-0.00018407310387823526,0.0001840738744627531,5.618256044842899e-07,2.349436951517951e-06,0.00037002577417829385,1.4398435225571105e-21,-2.9249091849924205e-07,1.0018460033661436e-05,-3.571486862592834e-23
10,69,251,0.0241696139276791,-1.5534830043908854e-05,0.02417033891237055,6.411599590185078e-09,-5.903794323585576e-05,6.064057451702802e-07,1.079882641917833e-22,-0.0001840822487320223,0.00018408303469095996,4.526321526994713e-07,-7.290011638832122e-06,0.000359324610231208,-2.497228609434991e-22,6.600028851101763e-07,1.1083154878513504e-05,4.485450036090999e-23
10,70,251,0.024262481190120436,1.2144578950811626e-05,0.02426325611725451,-2.969486600674424e-09,4.755667413527226e-06,3.120442174820726e-07,-5.6873819141005894e-21,-0.00018407676241841158,0.00018407752900634122,7.356009613175731e-08,-2.1590827079798693e-05,0.00040374171092563937,-2.2497555039954883e-22,4.535422118905305e-07,1.0354262189730667e-05,6.299315411187359e-23
10,71,251,0.02418078388193847,-1.765009110093005e-05,0.0241815733119832,4.8023867399590785e-09,9.301818374649473e-06,4.996844908939388e-08,-1.551431395555287e-20,-0.00018407241859549032,0.0001840732601601619,4.507689254431335e-07,-7.75302429676153e-06,0.00035951958659035933,5.984349640627989e-22,-1.784546472603312e-08,1.0998217211857644e-05,5.385352237689195e-23
12,0,251,0.025391719059346087,7.434907921711676e-06,0.025392176187812525,6.941919106322902e-10,5.0333280528402077e-05,2.943966712682765e-07,1.3138572143333626e-21,-0.00022088863349938544,0.00022088913341247905,-1.8835682012010277e-08,-1.0090589120555383e-05,0.0003313987193455885,-1.4353440115491202e-21,1.042066491945604e-06,1.036576940242938e-05,-1.0292631430779347e-22
12,1,251,0.025359455467108598,-5.905435142198036e-06,0.025359960956071532,-2.5305879031535427e-09,2.2733909261715475e-05,-8.644993140347075e-08,-2.2884512986642078e-20,-0.00022088829846356658,0.00022088878929245301,-3.130904445511839e-07,-8.556011026048719e-06,0.0003301246408254349,6.074339860787813e-22,-8.082484874715857e-07,1.066534458103096e-05,1.1797155424076327e-22
12,2,251,0.02541947435504625,7.407635935277712e-06,0.02541999860999525,8.724091154213698e-10,-1.6105603943610348e-05,2.77985737221747e-07,-1.4731399040162445e-20,-0.00022089553923736752,0.00022089600206537857,3.1115762163064887e-09,-2.682490518238996e-05,0.0003519573661193553,-1.9550375329720768e-21,9.368792553946808e-07,1.0610437728257743e-05,3.0934138179937923e-23
12,3,251,0.025358722808209708,7.500239197930292e-06,0.025359319459091548,-5.436514584418626e-09,-7.609875815548677e-06,1.4375015044316784e-07,3.218950175116741e-20,-0.00022089154147931738,0.00022089200991749357,2.3928876103282785e-07,-1.912356752466346e-05,0.0003501588668183733,-1.7548092931164787e-21,4.463866491387602e-07,1.0653077181772547e-05,1.816677569476355e-22
12,4,251,0.025316578991020064,-1.146148703740587e-06,0.02531708818275014,1.5641514829465156e-09,-7.3331673979875e-06,-7.26329789904499e-07,3.282393280329416e-21,-0.00022089333149894196,0.000220893802753567,-1.8962904592601955e-07,1.4695536363365034e-05,0.0003560443132239098,-3.1676557496256432e-21,8.509867399918861e-07,1.0571320538776551e-05,1.2753301513274405e-22
12,5,251,0.025352469521911444,8.790530070199296e-06,0.025353028252509666,4.783628094731952e-09,-3.817685975239614e-05,-2.475597508632382e-07,9.023769326525895e-21,-0.0002208945908281819,0.00022089505932016494,-1.425447400364124e-07,2.0564144172032858e-05,0.0003355116603516154,-2.4252364333071336e-21,-4.3320718337619634e-08,1.0108979354620128e-05,-5.764998478988416e-24
12,6,251,0.02530300846900856,1.854614706211675e-06,0.025303524771221008,3.3255456377408973e-09,1.7173795363159329e-06,1.3325185722490156e-07,-8.717802577982505e-21,-0.0002208959258220666,0.00022089645156749192,-1.2791616545332017e-08,4.9496856434921417e-05,0.00033841874103963276,-2.5962178516107907e-21,8.311352981997755e-09,1.05313330058272e-05,-1.099568002577794e-22
12,7,251,0.025309272636691,-8.354928312218338e-06,0.025309892253204992,4.153396995490765e-09,-4.3507495555915404e-05,-6.784233105430346e-07,5.610890226964744e-21,-0.00022088911031349387,0.0002208895738998206,-6.668783192522211e-09,-6.020117640691919e-06,0.0003267996480222512,-1.961786799484064e-21,6.818862876127726e-07,1.1064329705020634e-05,8.802168409382337e-23
12,8,251,0.025293438050388868,-1.328636368426521e-05,0.025294010234260936,1.1780863761519814e-09,3.2788054963165236e-05,3.724738504999633e-07,6.1463320369156665e-21,-0.00022089556115597542,0.00022089602477798885,-2.2816635730983126e-07,-2.6521079487021636e-05,0.00031397385447812654,9.898924217580149e-23,-2.995847685295938e-08,1.043387906314908e-05,-1.701377599896587e-23
12,9,251,0.025360189340717616,1.2459952787853393e-05,0.02536075829675298,-3.8063800240254735e-10,-3.423777863886105e-05,-1.052477555773404e-06,-2.46573203237905e-21,-0.00022089365148915356,0.0002208941136738879,1.7760766649873672e-07,2.238334440687543e-05,0.0003303859389545095,-7.851646708944246e-22,-3.678662090551005e-08,1.1215988262950924e-05,4.8088523897903504e-23
12,10,251,0.025356272363840502,-8.394062494542513e-06,0.02535683368266296,1.6280506074163811e-10,-7.545845585102687e-06,-3.826277476252376e-07,-1.672468241670244e-20,-0.00022089422540276605,0.00022089472534906742,4.491410352170389e-08,2.147547058045675e-05,0.0003815836797631547,8.414085584943114e-22,3.8149284980714846e-07,1.0487198532509188e-05,-9.308363397781323e-23
12,11,251,0.025356223134197626,-2.1407851208211973e-06,0.025356721794333417,2.9228296701255167e-09,-1.4607049297280968e-05,4.2321012024276467e-07,6.834757221138282e-21,-0.0002208915376623599,0.0002208919828925737,1.6839886647986025e-07,9.647218631188727e-06,0.0003587828288779266,1.3678513464292556e-21,-3.0553567322848306e-07,1.0392598847478792e-05,1.968536065996043e-24
12,12,251,0.02530953978843228,-3.054432235014268e-06,0.02531005322272257,2.680512107860999e-11,-1.8108618077701147e-06,-1.383316545088502e-07,-8.436583139983074e-21,-0.00022089226307248105,0.00022089276651401736,-1.9397638600747172e-07,1.927401120267837e-05,0.00033714276863081304,1.2643625932454624e-21,8.920068774891197e-07,1.0726087569129694e-05,1.2711118597574494e-22
12,13,251,0.02520422428479143,1.002407359644512e-05,0.025204781897469348,3.58740923655922e-10,-1.4440858711970721e-06,-7.359947250198359e-07,1.3030583879141855e-20,-0.00022089226900196189,0.00022089273049422984,-1.3132966998257293e-07,-1.6103987333924543e-05,0.0003314345941498233,-9.80893399742032e-22,4.197712753607413e-07,1.0345824387290347e-05,5.540022928588885e-23
12,14,251,0.025363815785622246,-2.46950585298086e-05,0.025364438497219796,2.051102856774822e-09,-9.396967368268202e-06,6.104545032417324e-08,2.9728269229796354e-20,-0.00022089342393055386,0.00022089386791657254,2.392927547936476e-07,-4.320076398647861e-06,0.0003323429602298752,1.1878709061096163e-21,1.4193358414635785e-07,1.0517963275287551e-05,6.833632343386287e-23
12,15,251,0.02536101753226197,5.651081878791594e-06,0.025361592944380798,3.5871776316163617e-10,-1.4612233863410737e-05,-3.6783017369218127e-07,6.3893056313471795e-21,-0.000220894981269671,0.00022089542120302727,-5.006288530917069e-07,-5.7800591142885355e-06,0.00034140098207943834,1.1878709061096161e-21,-7.617656572976073e-07,1.0197709292818375e-05,7.002364006185948e-23
12,16,251,0.025309962741753986,-1.940712090907697e-05,0.02531049034677471,-8.344751572971792e-09,-2.6136171105171093e-05,8.775413807781426e-07,-1.705989598679777e-20,-0.00022089737096715552,0.0002208978117848029,2.9334750878359106e-07,2.130984964591389e-05,0.00035162973099414575,-8.279100254703388e-22,-6.722639745858027e-07,9.965409747145963e-06,-1.5326459370969242e-22
12,17,251,0.02528274224550724,2.206551262762241e-05,0.02528327824786706,2.7748730971752337e-09,-8.404483883155381e-06,-3.1369292666979895e-07,-1.8938441832634e-20,-0.00022089841864251746,0.0002208988501956547,1.167851111419106e-07,-7.3887893253589705e-06,0.00033463026202564287,-3.104662595513773e-22,-6.651860825619208e-07,1.0523078811129181e-05,1.077070447537839e-22
12,18,251,0.025376941736257742,1.6818768389924138e-05,0.025377481895477467,6.7005816159644706e-09,-2.64070081172021e-05,7.201030620199619e-07,1.813302936220362e-20,-0.00022089537475248827,0.0002208958425301839,1.8126994089917245e-08,-3.955320161418456e-05,0.0003490586694060961,-2.924682155194119e-23,7.559159423979143e-08,1.0830587980955943e-05,8.014753982983917e-23
12,19,251,0.02534730827988048,-1.4924546603568286e-07,0.025347925742653064,1.5040927826622673e-09,-1.135521846553424e-05,4.592990070642506e-07,1.0110401234955715e-20,-0.00022089541394750548,0.0002208959050919425,-1.8887526742517099e-07,1.2476696815891997e-05,0.0003455772110328356,1.4848386326370201e-21,3.562324692520328e-07,1.0685480862159588e-05,-5.750937507088462e-23
12,20,251,0.02533935453915288,-2.1324044805564228e-05,0.025339940628473494,-3.222513095567615e-10,6.760667564444225e-06,3.2503528204977895e-07,1.8425497577723026e-20,-0.00022088778732641366,0.00022088824172107448,2.9116843962115246e-08,1.7912302377809187e-05,0.0003402563226013835,4.274535457591421e-22,-7.266555340150717e-07,1.0578056698613987e-05,3.655852693992665e-23
12,21,251,0.02533163973420378,1.8369198776095186e-05,0.025332175102394158,9.751220400943933e-10,3.991972072879841e-06,-2.742813736790796e-07,1.9541376307704792e-20,-0.00022089462802109847,0.0002208951127882345,-5.2486950190506474e-08,-1.868900047363837e-05,0.0003485722290574545,4.724486558390519e-22,3.11727391694459e-07,9.998135815662971e-06,-1.0573850868778781e-22
12,22,251,0.025377521325694197,8.263322092373884e-06,0.025378020485861533,4.105801026694631e-09,-1.1785113788253252e-06,6.198581563830968e-07,6.812259666098332e-21,-0.000220892258155788,0.00022089266391070816,-3.1357646717145723e-07,-1.058694105602214e-05,0.000344096528113763,1.7998044031963916e-23,-5.136431545099583e-07,1.070736469212288e-05,3.9933160195919876e-23
12,23,251,0.02532662421276044,8.979851325375024e-07,0.025327212490409316,-1.6637315880429987e-09,4.2551276515775277e-05,-1.140943155507431e-06,3.0758657250626276e-20,-0.00022089336073749882,0.00022089373203944556,-8.585580946584284e-08,8.404844128565314e-06,0.0003430498341786113,1.4398435225571108e-21,-8.460040363122258e-07,1.075518035869117e-05,3.0934138179937786e-24
12,24,251,0.0253257754352398,2.3939841937190022e-05,0.025326394480601176,2.1655442722274085e-09,-4.113805845939374e-05,7.770159744538878e-07,1.737261200185314e-20,-0.00022089065262235867,0.0002208910562563788,-2.3498176783671983e-07,-3.174904975424474e-05,0.00032991042217385495,1.811053180716366e-21,-2.7460954886896474e-07,1.0607648434941785e-05,-2.311623780355362e-22
12,25,251,0.02533314549758167,-7.282733017495638e-06,0.025333704538804895,5.57065598232185e-10,2.6808019829572544e-06,1.4630115207933292e-06,1.2238669941735467e-21,-0.0002208917456551628,0.00022089217285950217,1.1430835967398344e-07,-1.0412801951221772e-06,0.00035353003873079587,-1.2238669941735437e-21,-4.755848644980684e-07,1.0438390751443506e-05,-1.9404141221961064e-23
12,26,251,0.025356098772493948,-2.7011947716606756e-05,0.02535669242151934,2.204066597927831e-09,5.134115026298738e-05,2.3833880562943583e-07,2.6862080717706082e-21,-0.00022089513464238378,0.00022089559296036202,-2.0468055201266216e-07,4.9181734885450936e-05,0.00033705454147043293,2.4297359443151247e-22,-4.440408266099858e-07,9.970263282432916e-06,1.0883192250578164e-22
12,27,251,0.025307396709665975,1.9202970062281272e-05,0.025307969932898952,2.137399083085438e-09,1.089758187849822e-05,5.05411044730127e-07,-4.8459733556062755e-21,-0.00022089733338832312,0.0002208978757852976,-1.59342672894815e-07,1.6497452321591178e-05,0.0003440506795710499,6.43430074142709e-22,3.9365210351928275e-07,1.0990810267929466e-05,1.954475094096078e-23
12,28,251,0.02527918142795985,2.1212520111418107e-06,0.025279738777589402,-4.7391722595322315e-09,-2.0938508243959457e-08,4.4194456507649045e-08,-5.637887293012688e-21,-0.00022089488584141977,0.00022089531916551995,-1.8690635790744353e-08,5.332371580981614e-06,0.0003468627257058475,4.063058440215847e-21,-3.712472074345887e-07,1.1030905524899321e-05,-1.9685360659960505e-23
12,29,251,0.025353564580731635,-3.316893696501761e-06,0.025354048298346758,3.0441476932995096e-10,1.9660009837968766e-05,5.565332064427272e-08,-1.5649299285792593e-20,-0.00022088828889119154,0.00022088873778350178,-9.569832316408333e-08,5.313113271077633e-05,0.00033942552044496915,-1.7458102711004968e-21,-3.3278803163698287e-07,1.0658379421756102e-05,8.56313188708282e-23
12,30,251,0.025291563049813313,2.373103889859036e-05,0.025292144439138346,4.5382578488854644e-09,1.7148481476224598e-05,5.208677260692866e-07,1.903293156380181e-20,-0.00022089176685428772,0.0002208922125878366,-5.781299511517112e-07,2.009249607359996e-05,0.0003495917206440334,-2.740202203866501e-21,-9.108118367373619e-07,1.0408144765419253e-05,-1.723875154936541e-22
12,31,251,0.025335949263240443,-1.8380138294835278e-06,0.025336406024532458,2.680912592176219e-10,-3.23606182737628e-05,-2.1728966264114648e-07,-3.1492077544928807e-20,-0.0002208946296173503,0.00022089513953774383,2.1333664316653772e-07,-2.8614185079328695e-05,0.00034191628746339667,8.99902201598193e-23,2.6055442787772713e-09,1.0890807091066316e-05,-1.7463727099764958e-22
12,32,251,0.025353280679732644,2.313820747136596e-06,0.025353848428189937,2.468253571638444e-09,2.3316810940127022e-05,-4.670547212849877e-08,1.0051907591851831e-20,-0.00022088749874170382,0.0002208879576131949,1.5959071239807166e-07,1.221136229967399e-05,0.0003215392517506594,8.324095364783291e-22,-4.4455334567573045e-08,1.029062522717122e-05,-5.624388759988694e-25
12,33,251,0.025341879153613064,7.944029950822025e-07,0.02534241636877949,-4.143746144295394e-09,4.170280025306777e-05,-3.7022564485659296e-07,2.479230565403022e-21,-0.00022089090436338307,0.00022089135161815112,4.62707429075643e-09,-3.4125813202413756e-05,0.0003415667807994545,-2.8526899790662763e-21,-6.447199237258073e-07,1.0528578845821611e-05,1.394848412477201e-22
12,34,251,0.025350754257111065,-1.3751815764433978e-05,0.025351286126924794,-4.730283615155557e-10,-2.248960077046966e-05,-6.885214562227329e-07,4.850472866614269e-21,-0.00022088897665452887,0.00022088943106414932,3.249710065612583e-08,3.6393865310261807e-06,0.000352844795919201,-1.9482882664600903e-21,7.351107015658053e-07,1.0658221944242548e-05,1.5467069089968944e-23
12,35,251,0.02530828354128288,-1.1605999452285959e-05,0.025308772299238662,3.4542717511306947e-09,1.243040937906133e-05,-2.6106552318614127e-07,2.81534403769995e-20,-0.00022089463771470398,0.0002208950057165134,6.04271080821044e-08,1.598900638528318e-05,0.00033819714931964333,-1.858298046300271e-21,5.646607982180385e-07,1.0390430889856936e-05,1.2626752766174661e-22
12,36,251,0.025395371083425593,4.613575685123903e-06,0.025395911251328812,-3.91243699887078e-09,2.0646373697575092e-06,2.744791796786745e-07,2.524675626583734e-20,-0.00022089429057239735,0.00022089481314761407,-8.48918191279797e-08,-4.299544496934505e-05,0.00034594167593635,7.334202943025284e-22,3.901866377118695e-07,9.928189578582271e-06,-4.218291569991595e-25
12,37,251,0.02533087414214568,1.0084036623615282e-05,0.02533135204506548,4.300378640642333e-10,1.6119866887194982e-05,3.2996044891505134e-07,9.435474583757067e-21,-0.00022090164019789474,0.00022090211740386103,1.852725344258738e-07,-1.1286118195297604e-05,0.0003586049800507729,8.549070915182845e-22,2.4471678946225477e-07,1.1356543102635643e-05,-2.635026134054713e-22
12,38,251,0.025350598929845307,1.9726565766511037e-05,0.025351146503721007,2.5168805198979337e-09,1.310199081454202e-05,2.3228776045211297e-07,2.1642647948436594e-21,-0.00022088984557620738,0.000220890235313427,2.9736557150061055e-07,-1.3435911132695207e-05,0.0003512242309161687,2.902184600154181e-22,2.753531556772234e-07,1.0331647614091212e-05,2.158359186645669e-22
12,39,251,0.025352643430563475,-8.336609885728215e-06,0.02535314687582382,-3.2878646161413534e-10,3.7245313921410134e-05,-3.842807737023112e-07,9.853929107500188e-22,-0.00022089665946736997,0.0002208970725055596,-2.0171520898773134e-08,-1.5690817667541135e-05,0.00033001094446265467,4.544506118070877e-22,3.2981741033685706e-07,1.0682500113028571e-05,1.0756643503478416e-22
12,40,251,0.02537940180773306,-3.6957393256504033e-05,0.02537989109996741,2.699925597506256e-09,-5.514947662372944e-05,3.228735124060135e-07,1.802954060901982e-20,-0.00022088992486533755,0.0002208903789273767,2.806884339206182e-07,2.2270636286770165e-05,0.0003492208854353533,2.0922726187158017e-22,2.1775437006112595e-07,1.0593714631401982e-05,-1.6057629909767779e-22
12,41,251,0.025296991866007316,-7.397607488272985e-06,0.025297490252227956,-2.6754639331891933e-09,2.3226312321679418e-05,-4.619568814345175e-07,6.5872841156987776e-21,-0.00022089008308399694,0.00022089045026107523,2.244728997106509e-08,-4.406598091088929e-06,0.00034768506246575563,4.499511007991003e-24,-4.716875410066243e-07,1.1233402497235606e-05,1.6676312673366534e-22
12,42,251,0.025324019658998925,-1.7757269896527558e-05,0.025324622905786846,-2.112292273248265e-09,-1.9067289883036394e-05,1.7288211893533082e-07,2.429735944315132e-22,-0.00022088925714932204,0.00022088978071744183,2.83507598215785e-07,-2.9390759590340844e-05,0.00034636764921888046,1.4938376546530024e-21,9.871364149564942e-07,1.1597370265009844e-05,8.295973420983346e-24
12,43,251,0.02537472524319837,-6.899836323777983e-06,0.025375214923065978,8.052923588964584e-10,-9.816498426886185e-06,2.197213052249432e-07,1.695865698911797e-20,-0.000220892423986307,0.00022089287468647712,1.7015775989868246e-07,-7.124809789050112e-06,0.00034920995797236025,-2.6727095387466376e-21,-3.273692547281112e-08,1.0865885986974135e-05,-7.438254135085074e-23
12,44,251,0.02532359534378862,1.891549993911473e-05,0.025324168815462577,-2.633372453383379e-09,-6.787460965580471e-06,-3.698745049044939e-08,1.1401760894249122e-20,-0.00022089326044956846,0.00022089371989603544,1.0685632899384987e-07,-3.7003715212447185e-06,0.00033011449686233383,1.6198239628767493e-21,5.803231918010194e-07,1.060609776544109e-05,-3.4730600592930326e-23
12,45,251,0.025325185761104374,-7.333675817707413e-06,0.02532575009189007,3.2419743529650585e-09,6.914395094968917e-06,2.5318994743947545e-07,1.2301663095847317e-20,-0.00022089807638360438,0.0002208985805618751,9.021814902197364e-08,6.318005819382648e-06,0.0003404102176034168,7.514183383344927e-22,-2.6540237462633943e-07,1.096365371314279e-05,-7.803839404484339e-23
12,46,251,0.02534531307921431,2.440708627674438e-05,0.02534592074345297,-3.628176819351297e-09,-9.338512708602778e-06,8.588217059050296e-07,-1.605425527651179e-20,-0.0002208937246474521,0.00022089416515798786,2.7005025665074443e-07,-2.338816569334645e-07,0.00033094448100367044,-6.3443105212672695e-22,-4.607885087900091e-07,1.0454698000668175e-05,9.842680329980254e-24
12,47,251,0.025333827814390295,-7.3922677854457586e-06,0.025334339207520738,-5.229324297984388e-10,3.782486694036478e-05,-1.2257668411461715e-06,-3.313439906284552e-20,-0.00022088817601160072,0.000220888662285453,9.457697141189282e-07,9.502525015339613e-06,0.0003439551978114649,-6.231822746067492e-22,1.4907269763931054e-07,1.0186357921326685e-05,-3.937072131992104e-24
12,48,251,0.025349264656170413,-2.75541595892945e-06,0.02534979618082339,3.2218108796769304e-09,1.6272963817954139e-06,-4.37162359689207e-07,-4.850472866614267e-21,-0.00022089252659542285,0.00022089296448840468,-5.380783500404207e-08,4.449093619497189e-06,0.00034031011633251884,2.6817085607626187e-21,3.7638793694683564e-07,1.1696899778695327e-05,-2.9246821551941305e-23
12,49,251,0.02534539648247785,-3.134370187608596e-06,0.025345862231593345,5.048995128492528e-09,-7.87823280916454e-06,5.587739077482517e-07,4.2790349685994106e-21,-0.00022089438655749642,0.0002208948241377052,-5.8073014610662326e-08,-2.048886143970251e-05,0.00035796039759562466,-1.1203782409897518e-21,2.6331238240602154e-07,9.977664137699918e-06,-3.31838936839334e-23
12,50,251,0.025382740777103792,-1.5420414294420633e-05,0.02538315874897618,3.1472068422173506e-09,2.577216288290186e-06,-2.0510264545306738e-07,1.51003589428177e-20,-0.0002208914583637447,0.00022089192075688176,1.8385233236217476e-07,3.146295147144218e-06,0.0003115912219177978,-1.093381174941806e-21,-2.218826946398191e-07,1.0263242787734238e-05,-4.372962260891225e-23
12,51,251,0.025341942600815227,-4.1025238333626636e-06,0.025342473408314855,-2.3985851156675773e-09,5.667477819778399e-06,2.3108783463241166e-08,-9.311738031037317e-21,-0.00022089257557836344,0.00022089298714443562,7.750725938400798e-08,8.021661589479117e-05,0.00035203045591087153,1.1248777519977423e-22,-2.152071637880904e-07,1.0179755962970716e-05,-1.4300008422271305e-22
12,52,251,0.02532479609287317,-2.3963870968255214e-05,0.025325277163258532,-9.946457731803178e-10,1.3098719891068656e-05,4.226347488198e-07,6.7672645560184185e-21,-0.0002208983384311591,0.00022089879360619297,1.8432621505136981e-07,1.6140511974567668e-05,0.0003373517911499427,3.185653793657608e-21,5.18684177019439e-07,1.0361261729161086e-05,1.0405119205979122e-22
12,53,251,0.025347498189839814,3.54916413563936e-06,0.02534807421019936,-1.5318529340966265e-09,6.555924779475591e-06,-8.409263184220443e-07,-7.78415404382436e-22,-0.00022089412114511506,0.00022089453891364184,-4.2581135479048783e-08,5.589035177020353e-05,0.0003540458834416674,-2.632213939674718e-21,7.355367922870861e-07,1.101960468607735e-05,7.958510095384032e-23
12,54,251,0.025295656862139367,2.976983114460939e-06,0.02529616716305839,-6.311389021419857e-11,-1.0842224789307703e-05,6.416944026328535e-07,-1.0618845978858693e-20,-0.00022090247475199174,0.0002209029412468886,1.7319245926094516e-08,-2.3072391360449475e-05,0.00031453205850507857,-5.489403429748988e-22,4.054529089489874e-07,1.089068836948703e-05,2.896560211394189e-23
12,55,251,0.025407426706031324,5.147597652466595e-06,0.025407904065958196,1.54338926563972e-10,-1.2072846369542909e-05,7.743186012652876e-07,-1.253113815725486e-20,-0.00022089214560160186,0.0002208926453102636,-3.5149800684426766e-07,-2.071596015411379e-06,0.0003455623102028475,-1.115878729981761e-21,-1.0059268244770983e-07,1.0739159367702042e-05,-1.926353150296138e-23
12,56,251,0.025360742395693598,1.9405881108645794e-05,0.025361379669600906,5.903515629377599e-09,-1.7457526719018992e-05,2.088022837564491e-08,3.3611347229692563e-21,-0.00022089065546354475,0.0002208911013277924,3.049484607715205e-07,3.813390339258794e-05,0.0003540707505801366,1.1383762850217164e-21,2.0311159520737266e-07,1.059104021877497e-05,6.664900680586625e-23
12,57,251,0.025347759187723733,9.449015774112133e-06,0.025348230038843497,-1.324146703017043e-09,4.6845833946682655e-06,5.894797134537284e-07,-3.838082889816298e-20,-0.00022089173002522836,0.0002208922776416049,-1.1545134252325266e-07,-8.052098964806739e-05,0.0003336477213755653,-2.110270662747765e-21,1.8473886279111668e-07,1.0490615382086078e-05,-9.673948667180591e-23
12,58,251,0.025354139273930352,-2.465378363196808e-05,0.025354658528123977,2.7254362676529786e-09,-1.480753910785202e-05,9.895756893607865e-07,1.2108184122503706e-20,-0.00022089608653015565,0.00022089641536149893,-8.525647453963911e-08,-5.012197340180274e-05,0.0003464112386804722,2.9921748203139965e-22,7.888020432237625e-07,1.112159060920065e-05,-5.624388759988716e-23
12,59,251,0.025365488401928434,-2.23100349625156e-05,0.025365952225045955,8.23414303699606e-10,5.102288666502076e-05,-9.955495398312735e-07,-1.316556920938158e-20,-0.00022089408629208547,0.00022089450658988827,1.9423302053197916e-08,-2.861153684286298e-05,0.0003326320712278253,9.943919327660045e-22,5.0245385693445e-07,1.045679958521407e-05,6.875815259086203e-23
12,60,251,0.02537100504467928,1.7818985198096218e-05,0.025371570006189014,-4.225977621412838e-09,1.2095230032256767e-05,7.678889584895407e-07,3.0063482799891676e-20,-0.00022089087372447833,0.00022089130280452405,-1.2863886064325004e-07,-1.636124762423836e-05,0.00034373331093235824,2.7896968249544e-22,-4.079487976619286e-07,1.1196750776938395e-05,-9.870802273780191e-23
12,61,251,0.02535151854255468,1.5313660784782888e-06,0.025352052129738713,-1.7820239852389872e-09,-1.2463303213635351e-05,8.838142577849969e-08,1.6310727403967268e-20,-0.0002208906826831831,0.00022089109054908954,-2.3018972427412692e-07,-2.4148976285290783e-05,0.00033369198135403704,3.406129833049165e-21,4.881224561855949e-07,1.0306639057443971e-05,-3.430877143593115e-23
12,62,251,0.025335066531349325,-2.1713495510215067e-05,0.025335583146077558,-7.044557240349236e-10,-4.815716411165214e-05,-1.9174869910244998e-07,-1.881695503541824e-20,-0.00022089079984409244,0.00022089124514052902,-2.621709185885826e-07,3.6350864301390185e-05,0.0003403149835887566,-1.8987936453721897e-21,1.660188174955359e-07,1.0435177083357737e-05,1.5959203106467956e-23
12,63,251,0.025347803803623472,-2.2508133909691213e-05,0.02534827621170076,-1.0770883925382425e-09,-2.7538543288116236e-05,-8.585391730953217e-09,5.849364310388237e-22,-0.00022089294027225162,0.000220893425728903,5.033075283228514e-07,1.6238778018275797e-05,0.00034036998320634987,1.7818063591644245e-21,-3.484072013188959e-07,1.0183617322541147e-05,8.886534240782167e-23
12,64,251,0.025292556247451116,8.61387317718778e-06,0.025293120125093063,5.603450475066803e-10,2.664515780459004e-06,-2.961473237792589e-07,7.100228370609758e-21,-0.00022089201912451698,0.00022089241172718518,-2.4074597903879205e-07,1.4936812388131611e-05,0.0003409031071935493,-5.624388759988716e-22,4.791178448344473e-07,1.1041098688943856e-05,7.030485949985882e-24
12,65,251,0.02533857618751618,-8.824271939146959e-06,0.025339150593091345,-1.5592227648151062e-09,2.816892250362924e-05,1.1112311057165949e-07,-9.655950623148623e-21,-0.00022089376124845533,0.00022089417296845511,-1.9163589138488445e-07,2.693218779189433e-05,0.0003582278115365409,1.3543528134052825e-21,2.0702954857746863e-07,1.063637978693112e-05,3.979255047692013e-23
12,66,251,0.02536586513587887,-6.61387891390317e-07,0.025366348462111173,-4.016473117556405e-10,2.5033442800270123e-05,3.293265149383382e-07,-4.895467976694175e-21,-0.0002208859932498913,0.00022088648960125998,3.895778477455056e-07,-1.794093152387278e-05,0.00033076663030468445,-1.9977828875479913e-21,-3.695958436645432e-07,1.0889660557512384e-05,7.058607893785837e-23
12,67,251,0.02532725750358482,2.3419892070594563e-06,0.025327807101009403,4.98671540042145e-09,-3.671449748257204e-05,-6.883467460043956e-07,-2.085748327754215e-20,-0.00022089552871711073,0.00022089598638369882,1.4207433002696885e-07,1.6866990465272676e-05,0.00035713709379349813,-3.239647925753499e-22,-7.873226996230723e-07,1.0412543017182485e-05,5.807181394688348e-23
12,68,251,0.025329315296626447,-1.1015448264146423e-05,0.02532983599019143,-7.942818504932512e-10,3.203590672696151e-06,-6.221432564258441e-08,-2.38699058973921e-20,-0.00022089962425236848,0.00022090008967316318,1.3640414973874242e-07,-1.6009806239708776e-05,0.0003457192798268684,2.024779953595937e-21,-2.445741294750212e-07,1.0688418108586952e-05,-3.128566247743722e-23
12,69,251,0.025372810511484708,-5.691299052389068e-06,0.025373351380358355,-3.869707486837293e-09,-3.925911900882038e-05,-1.7221882367944934e-08,-1.6900163346014088e-20,-0.0002208883360669632,0.00022088877890502246,3.251139408355987e-08,3.183836980862883e-05,0.0003472129071155872,-9.898924217580149e-23,-1.0645540203621735e-07,1.041288223753054e-05,-3.0231089584939335e-23
12,70,251,0.02530385115429022,-2.9247027017294668e-05,0.025304442088099975,9.771152801180158e-09,-1.1384449589011158e-06,-6.198470108832784e-07,2.2322074110643213e-20,-0.00022088822274576354,0.00022088865286898796,-4.464551877328087e-07,-4.7378904728944475e-06,0.0003266276674193893,1.2013694391335894e-21,4.479457765624016e-07,1.0686912712286543e-05,-6.439925130187077e-23
12,71,251,0.025343765724842784,-8.170065211478161e-06,0.02534428325220652,-1.8702380381803634e-09,-2.50300232055719e-06,-1.4858551281367068e-07,1.7377111512861134e-20,-0.00022089597952570063,0.00022089649188073153,-2.2626159104998555e-07,3.4354460126127226e-05,0.00033199050275601195,-7.874144263984197e-22,-7.583380686737571e-07,1.0521782002752522e-05,-1.1628423761276668e-22
16,0,251,0.027384170162823213,-2.842177310112626e-06,0.02738445742367097,1.2157196995145675e-09,-2.243241195674667e-05,-1.7317903179806743e-07,-2.0036322518583798e-20,-0.0002945218714979148,0.00029452208299177174,2.1111011655160936e-07,2.9424008904991976e-05,0.00028962254577009027,-2.7042061158025732e-21,-5.2357750357015094e-08,1.1127026007139717e-05,-9.547399920080842e-23
16,1,251,0.027409407446960236,6.398854966063247e-06,0.027409692135366398,5.40823997659521e-10,-2.9451071121329663e-06,-2.3442423316355622e-07,5.669383870068624e-21,-0.00029451712959753957,0.000294517325654779,-1.0074873164806512e-08,-9.262553313200655e-07,0.00029306437650308327,-1.6468210289246955e-21,1.0636454485527754e-06,1.0450826383188748e-05,6.369620270687219e-23
16,2,251,0.027440305325659192,-1.7902703056912735e-05,0.027440626435372286,6.477106799276156e-10,-4.4276449347331e-07,4.973292109258575e-07,8.490577272078963e-21,-0.00029452396022824624,0.00029452414211131973,1.9320179362123755e-07,2.8718821842471063e-05,0.000284607936055342,-1.3318552583653274e-21,4.7266580638491495e-07,1.1000550656551444e-05,1.4665593691670575e-22
16,3,251,0.027433403799477164,-2.080448485251094e-05,0.027433765222366225,8.398058767549019e-10,-1.2432997309455323e-05,1.1100463806845526e-08,2.3082491470993683e-20,-0.0002945246388446195,0.0002945248640446741,-3.9611767640624194e-07,-2.4012229056198646e-06,0.00028918993628177967,-1.4623410775970655e-21,-3.207589328958313e-07,1.030831054117772e-05,9.139631734981663e-23
16,4,251,0.027431035041737217,6.548707049244914e-06,0.02743134050361814,3.1297843415909026e-09,4.335089183159478e-06,-2.9735164916467485e-07,-5.273426901365421e-21,-0.000294521312114091,0.0002945215258505773,1.7081800600703893e-07,-7.557143236161107e-06,0.0002843954687021345,-1.8852951123482168e-21,4.4344161600662337e-07,1.0015622998700857e-05,6.664900680586627e-23
16,5,251,0.02743493025082654,-2.342807876580937e-05,0.027435231499150822,-4.399663572427514e-09,-2.091970019846795e-05,5.182148424890712e-07,-6.794261622066372e-22,-0.00029452753620789974,0.00029452776416708345,1.9957294619058008e-07,8.573215836506273e-06,0.00030024692600069463,1.2981089258053948e-21,-3.7952318988645256e-07,1.0492444351032187e-05,-1.4764020494970382e-23
16,6,251,0.027381576314804264,-9.908461374554612e-06,0.02738186418342903,-1.4974551363308385e-09,2.626839233682217e-05,4.6906367926367553e-07,2.9156831331781524e-21,-0.00029452996162842817,0.000294530175373734,1.2285707591228848e-07,-1.8378048047888845e-05,0.00031222054391682097,-1.4488425445730928e-21,3.2480024910519085e-07,1.039896944297636e-05,7.086729837585779e-23
16,7,251,0.027392443913399303,-1.5765978542935212e-06,0.027392749667261934,-7.366604731048624e-09,3.2633871884247855e-05,-9.804880145120752e-07,-1.5613303197728666e-21,-0.00029452293550689983,0.00029452312750348296,-6.533217749400264e-08,1.9949665739555878e-05,0.0002949443209050178,-1.084382152925824e-21,4.844260006083914e-07,1.1062794127548836e-05,2.952804098994075e-23
16,8,251,0.027408703326283517,-5.0901222840991516e-08,0.027409028780199168,-4.590021192859902e-10,7.57697443845694e-06,1.8722993904336987e-07,9.76393888734046e-22,-0.0002945343180842875,0.0002945344956250832,-2.6424206642812843e-07,2.3799579399050822e-05,0.00032203034278095705,-8.279100254703382e-22,-1.3416160173881905e-06,9.560755902943026e-06,-9.84268032998026e-24
16,9,251,0.02737519371835499,9.546341197130578e-06,0.027375541966550027,-7.403006304655905e-09,8.436968632580797e-06,3.5709743843044903e-07,-1.1239778497961444e-20,-0.00029452315741260285,0.00029452335200316277,-3.035122971354731e-07,1.4649001348099092e-05,0.0002884002134400258,4.544506118070882e-22,-2.166472396246584e-07,1.0882509505091846e-05,-8.98496104408197e-23
16,10,251,0.02741413930126844,-1.2126144849337464e-05,0.02741448537021774,-1.6105681823085995e-10,-1.914874838252926e-05,-8.141826913105348e-07,4.7694816684704276e-21,-0.0002945263875477844,0.0002945265815827022,-5.349273905024757e-07,-1.1472927041197647e-05,0.00029237277777016544,6.479295851506999e-22,4.101981546200199e-07,1.0901094694177639e-05,9.308363397781322e-23
16,11,251,0.027442483011495104,-1.4217398193763508e-05,0.027442771495800027,-2.9394692055631665e-09,1.5111370819876807e-05,-1.126385846613014e-07,5.336420055477296e-21,-0.0002945207449313375,0.00029452095161560407,2.5026885158625405e-07,-4.462583583326874e-06,0.00028337632963641523,5.759374090228446e-22,5.092827233390414e-07,1.0056472055347773e-05,-5.793120422788377e-23
16,12,251,0.027368437119998694,-1.5603635427957742e-05,0.027368777726318964,6.421543748547613e-10,1.3286552144560973e-05,-2.2010476406344527e-07,2.0085817139671696e-20,-0.00029453093919116146,0.00029453113211990486,1.0501731043790119e-07,-1.8914319707232363e-05,0.0003144685899839784,9.898924217580137e-22,-7.756562529990378e-08,1.0176605566486601e-05,3.346511312193285e-23
16,13,251,0.02743477813899054,9.787881125178411e-06,0.02743505898553905,-9.243523791327114e-10,-9.205987289206829e-06,2.522925167258827e-07,-1.0780828375146368e-20,-0.0002945191699890128,0.00029451937313309883,-5.299406151469168e-08,-9.9339199696397e-06,0.0002867264420334749,4.094555017271784e-22,9.077350576386103e-07,1.0567406641471088e-05,4.2182915699915384e-24
16,14,251,0.027467713805505417,-1.0391422244575665e-05,0.027468025219424652,7.860485443539725e-10,2.433931231369784e-06,-2.148662864159056e-07,-1.9887838655320096e-20,-0.0002945222365984265,0.0002945224373347892,-1.0973746268402913e-07,1.637190450312281e-05,0.0003223353502375619,1.0663841088938604e-21,-1.1228096546032871e-07,1.147554749545329e-05,3.6277307501927197e-23
16,15,251,0.02742809937701622,-7.867615722109748e-06,0.027428369420859418,2.0915103108118636e-09,-5.116668545390715e-06,9.373688831434013e-07,-8.37808949687919e-21,-0.0002945273026405961,0.00029452750041992603,1.1299957524115654e-07,-4.054397372854374e-06,0.00030161930817870433,-1.1788718840936347e-21,4.842239147575792e-07,1.0513915758640906e-05,-6.07433986078781e-23
16,16,251,0.02742157881959524,1.0222813081164945e-05,0.02742189723354605,6.920475467572999e-09,-1.1267932511505457e-05,-2.5821341238076563e-07,-1.2688621042534538e-20,-0.00029452446110890334,0.0002945246408321336,-3.497686812780105e-08,1.4889288683609203e-05,0.00030207598620439463,-1.2148679721575583e-22,-3.217495934152409e-07,1.057077515041296e-05,3.2621454807934536e-23
16,17,251,0.02733790892529664,-3.1702118592432955e-07,0.027338200112853706,1.3930445230830517e-09,-1.1851308983622868e-05,-1.4732635328943064e-07,-1.447942642371495e-20,-0.000294520812147765,0.0002945209951061261,2.5081681346997215e-07,-2.687261019502339e-05,0.0002685601677609013,-6.884251842226182e-22,-5.431131435801564e-07,9.893593324793075e-06,8.689680634182561e-23
16,18,251,0.027414283732408784,8.181975209531847e-06,0.027414613607402185,-4.581221006874288e-09,-1.3525233338352597e-05,-8.177233608711157e-07,1.8479491709818918e-20,-0.00029451701877151136,0.00029451723147189086,-5.231707336593685e-08,8.821402258427691e-06,0.0002848145141920215,2.848190468058284e-21,-9.98972166239476e-08,1.0423871098820375e-05,-3.683974637792607e-23
16,19,251,0.027447693555623043,1.623498269840054e-05,0.027448048891018664,-7.185546468912457e-09,2.7186966038022702e-05,1.213256628082137e-07,-8.360091452847223e-21,-0.00029452660767454846,0.0002945267844995444,1.1978448480067424e-07,-3.079622505732231e-06,0.00030045639144193334,-1.1428757960297068e-21,6.412699525399601e-07,1.0390905101322941e-05,-2.840316323794301e-23
16,20,251,0.02742442260489022,6.343554676211844e-06,0.02742468040377876,2.422932365397727e-09,-1.796596394504156e-05,2.342582296306629e-07,1.403397483392384e-20,-0.0002945222979988847,0.00029452249767213345,-2.9084122526567744e-09,1.8763041387056088e-05,0.0003005680292245165,1.741310760092506e-21,-1.7715054906152252e-07,1.015370563532567e-05,-1.659194684196671e-23
16,21,251,0.027416061816815673,5.935479288486343e-07,0.027416319422102438,-1.98556089870409e-09,1.1656481741773924e-05,3.4073956573641984e-07,-4.4230193208551246e-21,-0.0002945235526636646,0.0002945237058338834,2.0141848287382753e-09,5.383250062239824e-06,0.0002778292620062534,-5.0529508619738615e-21,3.2215717758607334e-08,1.0506924768993496e-05,-6.102461804587753e-23
16,22,251,0.02746865602744072,-5.73770405188677e-06,0.027468990383081787,2.5441419784404316e-09,-5.711642806256426e-06,-8.26624391404399e-07,1.3039582901157841e-20,-0.0002945327301477413,0.0002945329073837721,1.845179911007779e-07,1.0041004769772508e-05,0.00030285287639829513,-1.5163352096929575e-21,-1.6881905020764115e-07,1.007573309210847e-05,2.812194379994359e-23
16,23,251,0.027445275073877205,2.059524959013484e-05,0.027445635290114175,1.1373843577767207e-09,2.5305500731649997e-05,-4.765573732718821e-07,-2.863038854384655e-20,-0.0002945262819891014,0.00029452649064622984,-2.542826325399181e-07,1.775043734508789e-05,0.00030225174030164563,1.8313009802523256e-21,-4.099315818537683e-07,1.0662039609757218e-05,-7.930388151584087e-23
16,24,251,0.02743839027787318,-6.365452013705302e-06,0.027438690871271584,-5.480322092104883e-09,-3.5089916145255825e-05,-7.574724684906602e-07,6.573785582674816e-21,-0.00029452759790435834,0.00029452779903644513,-2.570515117846547e-07,6.878571001915293e-07,0.00029594895438667606,-8.909031795822123e-22,-2.3742615931547524e-07,1.042708069354544e-05,1.2739240541374438e-22
16,25,251,0.027344637429805654,-5.300858082494261e-06,0.027344945174628942,2.9981507445596297e-09,-2.559447681889634e-05,4.228370329593505e-07,-4.620997805206727e-21,-0.0002945354329252333,0.0002945356530835688,2.059755310510777e-07,-1.3333137372206718e-05,0.0003122162228382833,-3.7357190143845036e-21,3.224890637284136e-07,1.0120165716635916e-05,-2.770011464294443e-23
16,26,251,0.027396959433806656,-4.425029782279052e-06,0.0273972721806002,5.91543950720562e-09,-7.681507580614094e-06,-3.694494576966571e-07,1.326905796256538e-20,-0.00029452210459855385,0.0002945222834349632,5.967142625080292e-08,1.9409503387611868e-06,0.0002975956501683198,-1.6648190729566607e-22,-7.31174117000622e-07,1.1061369931380072e-05,-6.341498326887275e-23
16,27,251,0.027408990293400468,-2.3490973325336593e-06,0.027409342477649336,-1.1806498317272424e-09,1.947299639255878e-05,-5.576147620672204e-07,-4.4995110079913293e-23,-0.0002945295469083714,0.0002945297561393761,-6.010102730848437e-08,-6.2486320332765955e-06,0.00029612806203006364,-2.8031953579783752e-21,3.9502176331288517e-07,1.109291481035869e-05,-2.7700114642944416e-23
16,28,251,0.027426576614260286,-1.2375544873310131e-05,0.0274268372705025,4.274301681657802e-09,-1.4736984739334098e-05,4.4173361217290086e-07,-2.2587545260114697e-21,-0.0002945294596450138,0.0002945296385321367,5.85557990077422e-08,-2.1940157260025284e-05,0.00030340823236728174,2.8346919350343117e-22,7.95077772513292e-07,1.0747295762006624e-05,-4.8510353054902645e-23
16,29,251,0.027422400025952923,2.5049433152749452e-06,0.027422693621609547,5.086720727612693e-09,-1.6954405850853342e-05,5.513713227391656e-07,-5.322921522453322e-21,-0.00029452401223838934,0.0002945241926781154,-5.249245680874534e-07,-3.648052719480836e-06,0.0002963224015865905,-1.2508640602214898e-21,-2.0306978503957133e-07,1.0763785958343105e-05,1.0391058234079148e-22
16,30,251,0.027438710873704072,3.5471291716562844e-06,0.027439012219439212,-3.7753854599679444e-09,-8.905296139658662e-06,-3.608826935439942e-08,1.8371503445627134e-20,-0.0002945242259641366,0.00029452445212330283,3.5715041019009997e-07,-2.230771517433424e-05,0.00029963882345996744,1.5770786083008355e-21,2.556871394075841e-07,1.02512572742219e-05,2.741889520494498e-23
16,31,251,0.027444184960727407,1.4939468716861323e-05,0.027444519674361106,3.5623907380849095e-09,-2.5321373722225252e-05,-4.5685456224267753e-07,-7.725660400720497e-21,-0.000294520701302198,0.00029452088305089943,1.5451662149109947e-07,-1.0650378620112052e-05,0.0002809367289579389,8.459080695023021e-22,3.7513541401585423e-07,1.0870149587451122e-05,-1.4060971899971945e-24
16,32,251,0.02744852771927122,4.060177627995877e-06,0.027448843096392894,-6.715810528837977e-09,-6.5142399850341e-06,1.0971310421673746e-06,-2.9876753093060053e-21,-0.0002945281999149197,0.0002945283819697576,-1.3703838556914881e-07,-6.361210464411061e-06,0.00029157090772453643,1.3858493904612192e-21,-6.452606379239365e-07,1.0868040392854734e-05,9.280241453981366e-24
16,33,251,0.027408587298804733,4.9784512599570195e-06,0.02740887750560016,-5.1432805569933e-09,-2.8271003602900906e-06,9.84278461888391e-07,4.1220020344205284e-20,-0.00029452752860707515,0.0002945277018999759,-5.090468325199419e-08,-8.691216580710351e-07,0.00028385345611870935,8.144114924463653e-22,6.48495041615154e-07,9.921865579968592e-06,-6.889876230986174e-23
16,34,251,0.027408056809780673,-2.2325578971737054e-06,0.02740839310548006,-6.572722378057687e-09,6.530999386350015e-06,-4.611157852908032e-07,1.064134353389865e-20,-0.00029452412263525276,0.00029452433323415446,5.557746140607438e-08,-1.6989161449334417e-05,0.0003008482727972381,-2.1057711517397746e-21,4.296567227258523e-07,1.0110828829248479e-05,2.2778774477954298e-23
16,35,251,0.027407887929103487,1.642588245610646e-05,0.02740821156094307,-2.829411466861024e-09,2.367788512949758e-05,1.7159163241674882e-07,1.97348552810484e-20,-0.00029452482064217206,0.0002945250315040672,2.523062342311412e-07,-1.3125166876322868e-05,0.00029173938523819617,1.192370417117607e-21,1.255248943403407e-09,1.088183630248849e-05,2.1878872276356097e-22
16,36,251,0.027418361111494132,-1.0063688081168545e-06,0.027418634014230385,2.249382082195072e-09,-1.6160693468394183e-05,1.0549338500169278e-06,-3.201852033286375e-20,-0.00029452688056440284,0.0002945270414572958,-2.4379818435464273e-08,-2.0692123709210266e-05,0.0003056737365932148,1.0123899767979693e-21,-6.981341407985337e-08,1.0948251877581486e-05,-6.4680470739870375e-24
16,37,251,0.027432413195123198,3.3569045303745916e-06,0.027432730092723113,-2.4553416193071875e-09,-1.2382449097283099e-06,-7.961137298599572e-07,-1.0528855758698875e-20,-0.0002945225898366427,0.0002945227875677778,-2.488401036669884e-08,-1.9434008225863554e-05,0.00028739859000299125,2.0697750636758499e-22,-5.174838818625235e-07,1.0531445201092429e-05,-1.1290960435677343e-22
16,38,251,0.02744279898732095,-2.1612142246518176e-05,0.02744315371926021,-1.9816520739421736e-09,-1.3310439252601045e-05,9.893231195574522e-08,2.5782198075788272e-21,-0.0002945293726847871,0.0002945295804930151,2.2018619148970346e-07,1.5028297715307987e-05,0.0003171843167785409,-8.481578250062985e-22,1.3467275997203336e-07,1.0181001301280069e-05,5.1181937715897294e-23
16,39,251,0.027435811449679635,-8.577039265271424e-07,0.027436112051162236,-2.3595576357232015e-09,-5.519343066227154e-06,-4.126060080130118e-07,-5.032703062437902e-21,-0.00029452557764981363,0.0002945257884861594,6.194330976411586e-08,2.8708358951058703e-05,0.0003017136043930595,2.6074666291307674e-21,-1.5707344723660177e-07,1.0688501616709466e-05,-1.827926346996348e-24
16,40,251,0.027386206944703107,-4.2455798617775095e-06,0.02738655463776221,-8.689251699837887e-10,-1.5099050065210868e-05,-6.409249833688822e-07,6.668275313842618e-21,-0.00029452223549923125,0.0002945224581504938,-1.758931957962837e-08,3.7078695594569987e-06,0.00029922195348205564,-1.2373655271975164e-21,2.2287431346814398e-07,1.0541034517842128e-05,1.1670606676976574e-23
16,41,251,0.027407091878834958,-8.611950154354776e-06,0.027407386645014995,4.792038767010642e-09,-1.023057994816168e-05,-2.7232989273009553e-07,-2.046152630883894e-20,-0.0002945221378091314,0.00029452235237939847,1.3927056727934365e-07,-2.1590440760156695e-06,0.00032066480500517766,1.273361615261445e-21,1.1397324190575886e-07,1.0201954318315496e-05,4.24641351379148e-23
16,42,251,0.027427022357390824,1.4075451367226052e-05,0.027427368016553606,9.49530510030604e-10,6.768929307371399e-06,4.1660111006872006e-07,1.0893316150346144e-20,-0.0002945156362885226,0.0002945158192750701,-8.981635642602084e-08,7.152033107639788e-07,0.0002893477954405448,3.644603916472686e-21,-2.4332911433938885e-07,1.0948020399629027e-05,-8.999022015981935e-24
16,43,251,0.027398828341414317,1.0903090095233827e-05,0.027399129942037817,2.751247579237142e-09,7.324415909468843e-06,5.8304999262242216e-08,-3.020746715214739e-20,-0.00029451867671040154,0.00029451885358841183,8.552791685897447e-08,1.056176629764134e-05,0.00030354955014816955,4.45451589791106e-22,2.6758965062108657e-07,1.0420290300618874e-05,4.8791572492902104e-23
16,44,251,0.027448981344162307,-2.5975809507068702e-06,0.0274492516269528,-2.032178957110417e-09,-3.546536732968821e-06,-3.1985550600846734e-08,1.7008151610205826e-21,-0.000294522760688588,0.00029452293804173914,6.650531559225077e-08,-8.00114191681021e-06,0.0002890820408151681,-1.835800491260316e-21,9.159384993135443e-07,1.0418201129409027e-05,-5.3431693219892626e-24
16,45,251,0.027406370877043236,1.0157997196275252e-05,0.027406742498618273,4.503200394427105e-10,2.9036527789206247e-06,-2.8761193928100293e-07,1.4240952340291417e-20,-0.0002945260479188234,0.00029452622679728937,-1.583917177724044e-07,-2.3570032177810217e-05,0.0002832286559677227,-3.2531464587774727e-21,-6.220247631441368e-08,1.0223069427774534e-05,1.2922033176074073e-22
16,46,251,0.027493310219703734,-1.1360263852501e-06,0.02749365946363486,-3.892377619317909e-09,-3.209690197785752e-05,1.260602093939556e-07,1.5264591094609373e-20,-0.0002945281808585219,0.00029452838277870853,5.2647877150331844e-08,-1.4301678883238948e-05,0.00030039602485344865,-2.591718340602799e-21,-8.184451572501292e-07,1.0678560239579898e-05,-3.1637186774936536e-23
16,47,251,0.027377490254685336,1.2457867966042192e-05,0.02737781364074591,-1.3639785180204458e-10,-1.1115478460368845e-06,-3.9948933758617053e-07,6.80776015509034e-21,-0.0002945275980835368,0.0002945277798496367,2.514503730194574e-07,1.2235123769413195e-05,0.00029043479234721546,1.96853606599605e-21,7.119426362051958e-07,1.0245927641422056e-05,8.928717156482085e-23
16,48,251,0.027450646792697344,1.0108249319972e-05,0.027450976371531235,-5.113512692741658e-10,-5.6463078909155715e-06,-4.0420351623789315e-07,-9.8179330194363e-21,-0.00029452138234178416,0.00029452156489105847,-3.418244016385257e-07,-1.708723335151594e-05,0.00030854241750642107,5.241930324309477e-22,-6.250019001586527e-07,1.0769401316939705e-05,-1.1951826114976004e-23
16,49,251,0.02743038240015802,1.2121171998152538e-05,0.027430666094089354,1.4257167695873508e-09,-3.729152061507541e-05,1.1822703992733591e-06,2.6191653577515448e-20,-0.0002945281159853071,0.00029452832167612596,-9.784610143729005e-08,-1.513584103782315e-05,0.0003088318556440494,-1.0798826419178329e-21,2.0440084968221807e-09,1.0746257222929925e-05,2.699706604794586e-23
16,50,251,0.02741478852588767,1.1574306790466334e-05,0.027415106112396934,-1.854922657440174e-09,3.45872874322826e-05,6.829548374483298e-07,-1.5752788038976388e-20,-0.00029451920071841046,0.00029451940787450466,4.2538824377694775e-08,2.6671703315310846e-05,0.0002875285890582035,-1.7998044031963884e-21,3.0324326319614883e-07,1.0835085644776968e-05,1.742154418406504e-22
16,51,251,0.027430293310268902,-2.737392032062367e-06,0.027430643293026698,3.720402451344766e-09,-6.046364835570964e-07,4.816153037488722e-07,-3.358210040814062e-20,-0.00029453017850612236,0.0002945304154680155,-5.689747767539487e-08,1.2150761190391752e-05,0.0002888230080051212,3.4871210311930015e-22,8.045431065579302e-07,1.12247932675116e-05,-4.583876839390803e-23
16,52,251,0.027428548105490745,-5.778052318859507e-06,0.02742881876482297,8.284146910005193e-09,1.0840178406021403e-05,9.285822103144242e-08,-3.4376264101051014e-20,-0.0002945231116454059,0.0002945233145343068,-2.9734693128967783e-09,2.2560155357461648e-05,0.0002895610839915914,-8.796544020622349e-22,-1.859881750726293e-07,1.0305375886519737e-05,1.507336187676975e-22
16,53,251,0.027438652011047136,-1.783494804686445e-05,0.027439046993329157,3.755231983067282e-09,1.089515294650338e-05,-7.517939025633792e-08,5.858363332404246e-21,-0.00029452810110348177,0.00029452831845087554,-4.4767577269229227e-07,-2.52581600319797e-05,0.00029520093292949713,-1.9100424228921675e-21,5.851838967372121e-07,1.0387928332847537e-05,-2.0950848130957944e-23
16,54,251,0.027421371688410152,1.0672398652195575e-05,0.027421686194572036,-6.773816074576533e-09,7.863852327368908e-06,5.277924884923064e-07,-2.694307191584993e-20,-0.0002945213526160427,0.00029452152200735613,-2.900433341678086e-07,1.343731531418608e-05,0.00029796031329799876,-1.1518748180456891e-21,-5.3065316252130746e-08,1.039589532220505e-05,5.596266816188771e-23
16,55,251,0.027416360527692474,2.397587035801307e-05,0.027416636021835167,1.1951045151866528e-09,-3.244829708026536e-05,-3.211610176627489e-08,1.2765112729670385e-20,-0.0002945173678992035,0.00029451755210213105,-3.893240118372477e-07,1.506257638975844e-05,0.0003154415618323691,2.443234477339097e-21,4.208934641325582e-07,1.0426889191429587e-05,5.483779040988998e-23
16,56,251,0.027431509428518477,2.930561818060954e-06,0.027431840854157417,9.90788589556456e-10,-2.008826009949822e-05,1.8607931906316214e-07,2.3860906875376117e-20,-0.00029452207804917793,0.00029452225866810963,-3.8704625558206864e-07,1.0657771485573867e-05,0.0002898963255213524,-8.95402690590203e-22,8.297554595903582e-07,1.0207887257969682e-05,-2.4606700824950614e-23
16,57,251,0.027397556459753586,-8.197823887392442e-06,0.027397882146398114,-3.7843899262081676e-09,1.0951410862923548e-05,9.592499087452025e-09,-5.462406363701035e-21,-0.0002945289373867011,0.0002945291373771706,1.725256286001455e-07,1.7598822443539677e-05,0.00030302583798761133,5.3319205444693e-22,3.2156188074930733e-07,1.0729038277084884e-05,1.206431389017579e-22
16,58,251,0.027412450283349928,-1.5154367306005395e-06,0.027412742993639442,6.412392315183782e-10,8.960487237474016e-06,1.8073180483401996e-07,2.390590198545603e-20,-0.0002945225920736744,0.00029452279228126655,7.818816804626801e-08,2.4152103318949342e-05,0.0002905572717640483,-9.538963336940854e-22,-4.941206058305369e-07,1.107394598600253e-05,1.1389387238977145e-22
16,59,251,0.027434807731519826,-1.0827776817691198e-05,0.02743508890503244,6.941538490073435e-09,2.95919741532405e-05,-8.979450635371591e-07,-2.418037215694348e-20,-0.0002945225083231391,0.0002945227014031114,-4.748908303521645e-08,-7.133121038016745e-06,0.00029711374101447,-1.516335209692957e-21,-1.7641277080927345e-07,1.0902857325623694e-05,5.624388759988718e-24
16,60,251,0.027404470562579167,2.490906157081096e-06,0.027404825593979814,-1.4149827540513464e-09,-6.367131908868387e-06,3.273434952226709e-07,-2.8693381697958425e-20,-0.00029452153013965327,0.0002945217199243312,2.3243840692181632e-07,1.6621949923336682e-05,0.0002846649853192088,-7.649168713584654e-22,6.679105928393702e-08,1.094545174933748e-05,-2.0993031046657873e-22
16,61,251,0.027428115177538872,-1.0078414955262181e-06,0.02742841176136307,2.2380099685466878e-10,-2.6339092692706958e-05,2.2685547281380402e-07,-3.6446039164726895e-21,-0.00029452670277186374,0.0002945269059702496,-2.8139817835479693e-07,3.926266264301412e-05,0.0003089255066474138,8.819041575662303e-22,7.45725967199354e-07,1.0516696431955811e-05,-3.7824014410924133e-23
16,62,251,0.027461647085710902,-9.510889930824957e-06,0.02746196991571671,1.3153705622877745e-10,-4.0185704873681384e-05,-1.1554364071252604e-07,3.216700419612745e-20,-0.0002945232542469198,0.0002945234604488222,-2.8024034428891765e-07,-2.0041122098648226e-05,0.00029063892419167265,2.7537007368904746e-21,-7.470845023315568e-08,1.0293154702244235e-05,2.1372677287957115e-23
16,63,251,0.027396536392709694,-3.2245972181718434e-06,0.027396836873023158,5.947024142778743e-09,-3.472887507105083e-06,3.1625847646300873e-07,3.153257314400073e-20,-0.00029451755707273923,0.0002945177218973302,2.3136785088534435e-07,-3.531561490150936e-05,0.0002954515162809763,2.8031953579783745e-21,5.50607369842298e-07,1.039741818164194e-05,9.561460891980815e-23
16,64,251,0.027399133323664424,-6.000530300442944e-06,0.027399494740310365,2.068000980896449e-09,-1.8365306250903487e-05,5.011287068507239e-08,-2.0522269707446823e-20,-0.00029452968516848735,0.0002945298488507614,1.1490936976164102e-07,1.1549121355706275e-05,0.0002915103918789337,-2.1057711517397746e-21,8.128038650247886e-07,1.0103918673408856e-05,1.1544057929876835e-22
16,65,251,0.02746621644006361,5.885569162098064e-07,0.02746654683478354,3.8995651923240465e-09,-8.18523526555707e-06,-2.267361197019134e-07,-2.3010499294865825e-20,-0.00029453725101529664,0.0002945374113290198,-2.40458856011494e-07,-1.4511311691413715e-06,0.00030256206003702253,1.124877751997743e-21,2.1955145980841494e-07,1.1040924048551732e-05,1.5720166584168454e-22
16,66,251,0.02737004492572547,-1.2315204213021239e-05,0.027370409936499203,8.339914504978965e-11,-2.1026808806084544e-05,-1.193835104145443e-08,2.2889012497650065e-20,-0.0002945246229078378,0.00029452482490551635,-4.2545757850716855e-07,-8.317319340974281e-06,0.00028331740889223864,-7.244212722865462e-22,-1.7566970779230166e-07,1.0333927352734147e-05,-9.238058538281463e-23
16,67,251,0.02741410021413156,7.044277284472945e-06,0.02741441905919632,6.425701666120501e-10,-1.0849960401988686e-05,7.556256009033709e-07,-7.302706365969347e-21,-0.0002945212000253995,0.00029452138326824,1.3297477741596556e-08,1.846060587989053e-05,0.00030500504144800124,-5.48940342974898e-22,-1.0381182734094734e-07,1.0846248020985119e-05,1.5185849651969547e-23
16,68,251,0.027415247442330315,-1.107315618090541e-05,0.027415534516631312,1.3184815410925952e-10,1.1283345532127388e-06,-1.9739172066997084e-07,-1.6873166279966142e-21,-0.0002945239036082975,0.00029452409806518786,5.225167929386254e-08,-1.5564226991469622e-05,0.0002910609642806801,-2.2722530590354403e-21,1.814364295958886e-07,1.038456394928045e-05,-2.460670082495061e-23
16,69,251,0.027407253882224678,1.3936933427717122e-05,0.027407583193913784,4.2821460453775536e-09,-1.460093682110457e-05,-8.096960357776247e-07,-1.4767395128226367e-20,-0.00029452679847509716,0.0002945270339683648,-1.7059036082271098e-07,6.731793619868503e-06,0.00029496111665799365,-9.448973116781035e-22,3.234369756016453e-07,1.0786150574574552e-05,-1.4060971899971764e-23
16,70,251,0.027431171910814796,-3.7813854039388983e-06,0.027431492104278265,5.312013721698775e-09,-2.7215012326841953e-05,5.721121396402623e-08,-1.0105901723947726e-20,-0.0002945216002481867,0.0002945217827561407,1.7917095886659257e-07,-2.1583295188123958e-05,0.0002924216144450223,3.779589246712412e-22,-5.643276953323918e-08,1.0633511622254856e-05,1.0123899767979685e-23
16,71,251,0.02738705619842489,-2.1640105168894523e-06,0.027387368624404836,1.942635211387039e-09,-9.16103676172031e-06,-4.364207712243688e-07,5.89885893147616e-21,-0.0002945219782389289,0.00029452214503762793,1.4040868539512604e-07,4.5840928716376955e-06,0.0002931122836413553,1.3948484124772008e-21,-1.0333137752032615e-06,1.0954500557453446e-05,-5.877486254188206e-23
20,0,251,0.02935254672797019,-8.414638867986575e-06,0.02935275778313654,1.4128771118033569e-09,-8.58242099000439e-06,1.0368741611185633e-07,5.489403429749014e-22,-0.0003681519636730611,0.00036815207781795754,2.0571461863021488e-07,1.0104974742583949e-05,0.0002644564114432826,-2.9989240868259827e-21,-5.091365126897316e-07,1.0422756192243625e-05,-1.1080045857177766e-22
20,1,251,0.029385755286425355,3.925688921122485e-06,0.029385975999548383,6.683338239539634e-09,1.8315147013179875e-05,-4.786737797095641e-07,-3.7255951146165254e-21,-0.00036815891489612955,0.0003681590251011284,1.209214389769729e-08,4.8170463948339295e-06,0.0002590659701869656,1.0303880208299317e-21,-1.5699925153923938e-07,1.0251988691986822e-05,-1.4145337731371615e-22
20,2,251,0.029387277465108927,8.576015467298092e-06,0.02938748966432848,-2.9512045734228376e-09,9.402841514730514e-07,3.6752374588279275e-07,-1.4704401974114493e-20,-0.0003681599999910609,0.0003681601125732016,-2.3922170505314574e-07,-8.404242969666863e-06,0.00026145441590333173,4.499511007990971e-22,-3.3950107571507974e-07,1.008562638617862e-05,-1.2936094147974047e-23
20,3,251,0.029369358791365707,3.5356456206062553e-06,0.029369589089747027,1.019432463580017e-09,5.4448314880436966e-06,-5.605074707896526e-08,2.2110597093267625e-20,-0.0003681522573620449,0.0003681523725342201,-7.124156784122519e-08,1.3306968770242548e-06,0.0002573748241465905,-6.524290961586914e-22,4.3130662112574573e-07,1.1212043535726346e-05,-7.199217612785552e-23
20,4,251,0.029354252800486987,6.2864921846450845e-06,0.029354465369653207,1.026142125544523e-09,2.9168142127433797e-05,3.298501272643828e-07,1.6774177037790344e-20,-0.00036815405962266736,0.0003681541782279783,-3.1812006989391625e-07,6.381323731371284e-06,0.0002560288655771537,2.9516792212420768e-21,6.596685839010141e-07,9.6560255123569e-06,-1.4314069394171276e-22
20,5,251,0.02934887754230818,-6.522957495616495e-06,0.029349095709077313,-4.184501897098693e-09,-1.5082429860929664e-05,8.769157722117954e-08,-4.5445061180708784e-21,-0.0003681522249297035,0.00036815232843656864,-2.4711710757167497e-07,5.699215243141566e-06,0.0002598033401126973,-1.1113792189737699e-21,9.726117918474395e-08,1.0181513258730059e-05,1.5101483820569698e-22
20,6,251,0.02935227122999065,1.2689133378255026e-05,0.029352495304705264,-3.1091163336939505e-09,-6.368642381014947e-06,5.703311068429499e-07,1.352553009002086e-20,-0.0003681521637575681,0.0003681522771231439,4.012905312988134e-07,-1.2890311355162407e-05,0.00024493425205967975,6.434300741427087e-22,-1.1310127094719341e-08,1.084439787526023e-05,-2.4648883740650536e-22
20,7,251,0.029382719027148386,7.825811716920396e-06,0.02938292241773329,1.1508373608190655e-09,-3.0676134875545275e-06,6.894318969072889e-07,3.158656727609661e-21,-0.0003681620390444436,0.0003681621400896451,2.460815728725667e-07,3.2418523078191136e-07,0.0002504375207238425,-1.5028366766689848e-21,-6.012951579814429e-07,1.0188082118685852e-05,-9.20993659448152e-23
20,8,251,0.02937981177292868,2.3150032621339575e-06,0.029380040930663456,2.5748987161884162e-09,-6.17068341840872e-07,3.861806438066088e-07,-1.663019268553463e-20,-0.0003681559792247956,0.0003681560757614456,1.1159172362921649e-07,-7.5069797823226255e-06,0.0002511969682059427,-1.061884597885869e-21,7.596934697636339e-07,1.0622349766622604e-05,-1.0264509486979403e-22
20,9,251,0.02935338789265723,-6.882783925811343e-06,0.029353575221167046,-7.27661496131487e-09,2.8185873096110716e-06,8.957505985209261e-07,-2.8391914460423034e-20,-0.00036815300510533117,0.000368153089821604,7.17893617197404e-08,-4.088279032400835e-06,0.00024616186406411404,4.49951100799097e-22,2.3334569402300793e-07,1.0248088585429605e-05,-4.921340164990133e-24
20,10,251,0.029365364480620958,-1.5426714021683438e-05,0.02936558425321061,2.5760686600940335e-09,-2.1750398960851975e-05,3.569108362314159e-07,-1.842999708873102e-20,-0.0003681522443611641,0.0003681523562120691,9.862131580732857e-09,4.7970623086402555e-06,0.00024997547283189255,7.33420294302528e-22,1.4500971818518534e-07,1.0478625990948348e-05,7.705412601184535e-23
20,11,251,0.029354076336646467,8.653889036605922e-06,0.029354318765822555,4.045161251481468e-09,-1.928487092806032e-05,-9.66414634296778e-08,-2.8094946733895624e-20,-0.00036816153654312144,0.0003681616323020487,7.5262437704384e-08,1.595704580637689e-05,0.00025014990582002236,-1.6468210289246953e-21,-9.120935381310154e-07,1.0128568253034107e-05,-1.2289289440575336e-22
20,12,251,0.02937143696362842,-9.800315168258073e-07,0.02937164601663356,-2.5830368998366612e-09,-5.9056776517703125e-06,-6.048107146559887e-07,-1.0078904657899777e-20,-0.00036815911729180844,0.0003681592173945566,2.0519195609076182e-08,-1.4643624322752686e-05,0.0002615417264438649,8.279100254703386e-22,-4.6248549809872596e-07,1.0339943602951945e-05,-1.462341077597064e-23
20,13,251,0.0293723182904061,9.695223507607305e-06,0.02937249391534467,-2.6210860783022097e-09,-1.227918826306711e-05,3.6301189542403863e-07,-5.624388759988705e-21,-0.00036815928693497134,0.00036815938788088096,-1.3295798377840725e-07,8.245375658640898e-06,0.00025345394829038697,3.689599026552596e-22,1.3067228497107713e-07,1.0830215111079924e-05,-4.3026574013913654e-23
20,14,251,0.029364445479156204,-1.5520866494855993e-05,0.02936466510336736,-7.480132527853046e-10,1.998289463573858e-05,-2.71885423714618e-07,1.8573981440986725e-20,-0.00036815211020315287,0.00036815223495040983,-3.8238754894382825e-09,1.5802287127791055e-05,0.0002747823115070296,2.987675309306004e-21,-1.3211705848003695e-08,1.056142715032136e-05,-7.339827331785271e-23
20,15,251,0.0293737962936177,-4.2682622029984e-08,0.029374005311245562,-2.5071400158085073e-09,2.293106313904872e-06,1.3765697648980988e-06,1.8214020560347454e-20,-0.0003681567717559529,0.0003681568780826221,1.2376637995097855e-07,-8.657830225963072e-06,0.00026473341468875086,-1.0978806859497973e-21,3.5238581844186963e-07,1.037527925165045e-05,1.0489485037378953e-22
20,16,251,0.029371815267794577,2.134089918537472e-06,0.02937204532129654,-6.084522845519536e-09,3.537925809248754e-06,4.6343456099825394e-08,-8.882034729774177e-21,-0.00036815069169617655,0.00036815080999743363,-2.1785845891205486e-07,1.9556859367120597e-05,0.00024515094968397206,3.2666449918014452e-21,-4.784412766282376e-07,1.038670713736058e-05,1.0405119205979122e-22
20,17,251,0.02937558052397848,8.117913734427265e-06,0.029375817747764713,-2.5162331097550037e-09,1.740794154604101e-05,-1.6070547915230047e-07,2.120169586965346e-20,-0.0003681553093639544,0.0003681554264624967,1.3518562834143155e-07,2.413044064245773e-05,0.00025521606195854165,9.673948667180589e-22,-1.5706571793920685e-07,9.926583439147836e-06,6.271193467387416e-23
20,18,251,0.029388214764882518,1.1154943968280796e-05,0.02938845540150434,6.455526867709912e-09,-3.7615682158084935e-06,-1.6636353521143334e-09,-1.7467101733020947e-20,-0.00036815669437514773,0.00036815680715101895,-9.350568042221466e-08,3.079701656562711e-06,0.00026321919609938594,2.1597652838356658e-21,7.495937578993953e-07,1.0024455225830585e-05,-4.485450036090997e-23
20,19,251,0.029372043533783063,-9.12816338070722e-06,0.029372253950615566,6.622566505702095e-09,1.0469769702737194e-05,-3.239735988909304e-07,-1.1419758938281082e-20,-0.0003681612839980939,0.00036816143773290856,-3.579537226177627e-08,-2.0698488963857239e-07,0.0002619251565671043,9.448973116781044e-22,3.001885207350766e-07,1.0358576719602792e-05,5.455657097189053e-23
20,20,251,0.029374534658966375,2.202523256384215e-06,0.029374756343381634,-1.8305253130594136e-09,5.379384173996267e-07,-2.2553441937288314e-07,-1.3174568231397566e-20,-0.00036816258897760606,0.00036816269401991776,-3.9723038737752915e-08,-2.346908234968116e-06,0.0002547741611217558,3.0405445636498984e-21,-1.8060552090703195e-07,1.0368015052837557e-05,2.7278285485945245e-23
20,21,251,0.02936247066951546,4.129589864891369e-06,0.029362696970381165,-1.354520783660996e-09,2.219721661465549e-05,6.736920934305789e-07,2.6101663357355622e-20,-0.00036815565471060284,0.00036815575098835733,1.630962352652428e-07,1.3209561366793207e-06,0.00024804273556777067,-2.2272579489555307e-22,8.028371067617511e-07,1.0428426678689792e-05,-7.452315106985044e-23
20,22,251,0.029372700914065988,-2.5969911583791664e-06,0.02937292230888396,9.416781189073512e-09,5.667998827485135e-06,-1.7322032424564233e-07,6.578285093682802e-21,-0.0003681576718437264,0.0003681577710342576,-2.3101862743579004e-07,1.4289115095326867e-06,0.00024914585364484414,-2.814444135498353e-21,-1.435817303242066e-07,1.107942919438741e-05,2.0332165367359202e-22
20,23,251,0.02938783991854645,-1.0747875717392499e-05,0.029388029136582363,3.161728620903316e-09,-3.0067953927250055e-06,-5.910497026261765e-07,1.96358660388726e-20,-0.000368153854792681,0.0003681539637836787,-5.155547346092572e-08,-1.3714469994647485e-05,0.0002580057356262423,-1.9617867994840632e-21,1.925383731942974e-07,1.0652722893445398e-05,-1.4145337731371617e-22
20,24,251,0.0293349929095684,3.513717005408772e-08,0.029335187558728226,-4.97830964509519e-10,3.4506054114772424e-06,5.729886983394802e-07,3.3872318868156026e-20,-0.0003681559593210692,0.0003681560552635654,7.989136380580464e-08,-1.6471842831866262e-05,0.0002548136479509834,8.909031795822123e-22,3.4412423652741896e-08,1.0681839615540374e-05,6.018095973187925e-23
20,25,251,0.029350254639850935,-4.4524797598478883e-07,0.029350475925904455,-1.9513707360726644e-09,2.3264651094998147e-05,-7.24827542896641e-07,4.265536435575439e-21,-0.00036815144844784287,0.00036815154868190145,-3.717378348560328e-08,-1.188644904935971e-05,0.00025284144829067304,-7.199217612785554e-22,-5.210476211027258e-07,1.0239538267112914e-05,8.394400224283159e-23
20,26,251,0.029378993457846527,4.576541166744116e-06,0.02937923162149237,-1.2796388781062994e-09,2.1917171346917426e-05,3.2390930490784113e-07,-4.81447677855034e-21,-0.00036814608655919327,0.0003681462016728721,1.5235691851325936e-07,8.583568005577967e-06,0.00024597152007329974,1.9932833765399996e-21,-5.886941527319367e-08,1.101054875991302e-05,1.1501875014176924e-22
20,27,251,0.02937383757223163,1.3486588086568484e-05,0.02937402582838219,-5.233754141684256e-11,2.6485567489843672e-05,8.132445226932394e-07,-7.325203921009304e-21,-0.0003681568434970193,0.0003681569753935998,-1.648984613330929e-07,3.5190446854537203e-06,0.00025219199716221117,2.2992501250833865e-21,3.59698830444814e-08,1.0761484885809416e-05,1.0123899767979685e-23
20,28,251,0.029363264862102,1.0111801345375112e-05,0.029363493429289192,-6.716347874937111e-09,-1.3403627681219379e-05,-9.349610468175121e-08,-4.07655697323982e-21,-0.00036814801349271785,0.00036814811008636103,1.0769307546597845e-07,1.0092332492212593e-05,0.00024345695515070988,4.611998783190746e-21,7.12355044684937e-07,1.0022597354031455e-05,9.139631734981657e-24
20,29,251,0.029353040708219254,-1.3241373261415546e-05,0.02935325792679351,-3.0314531829265224e-09,-1.6618954458364614e-05,2.2256313200484295e-07,1.8034040120027812e-20,-0.00036815388468811923,0.00036815398062829696,6.035088601277338e-09,2.442699589740535e-07,0.0002453602209216212,1.6198239628767495e-21,-7.147956111156617e-07,1.066580038017682e-05,2.3059993915953713e-23
20,30,251,0.029351024787268195,-1.2422107170543922e-06,0.02935128661960168,3.607209552323142e-10,8.779160107549523e-06,6.935739992213331e-07,-2.5818194163852197e-20,-0.0003681492383279131,0.0003681493394071433,1.2594974565086638e-07,3.6024575989811208e-06,0.0002487447694310701,1.8897946233562078e-21,9.156867683192006e-08,1.1290733927646036e-05,-5.202559602989561e-23
20,31,251,0.029365836614083794,-4.213244672186324e-06,0.029366019212391434,-3.3019581510214313e-10,-4.0656086835379065e-06,-2.861964144225216e-07,-1.2238669941735452e-21,-0.0003681621617563069,0.00036816228250200633,3.94741609767773e-08,-4.8706257506440974e-06,0.0002580434520206213,2.611966140138759e-21,7.911715972206449e-08,1.0824586224107121e-05,6.439925130187078e-23
20,32,251,0.02933950646012829,-4.883446592993974e-06,0.02933973866137754,3.0885848797836694e-09,-6.247511093514478e-07,4.30471690393936e-07,-7.752657466768446e-21,-0.0003681547997502277,0.0003681549011091667,1.232457060664584e-07,7.842979785477372e-06,0.00024169655158794653,1.3723508574372461e-21,-3.772058199660452e-07,1.1077848384757097e-05,1.2570508878574777e-22
20,33,251,0.02938859336924102,2.535761140164685e-06,0.02938881217635732,-2.012046638251461e-09,7.256539224210511e-06,1.4869698385189002e-06,6.848255754162263e-21,-0.00036815853057152887,0.0003681586368852191,-1.1571318875093005e-07,3.0718943731126926e-06,0.00024884877750697794,1.6198239628767477e-22,-2.5267511010213106e-07,1.0535696566914028e-05,-1.1614362789376694e-22
20,34,251,0.02938284260450458,-5.282840346250354e-06,0.02938311236983449,-2.8450036616632408e-09,1.2736225870419813e-05,-4.12273202311755e-09,6.7492665119864554e-21,-0.00036815470408350665,0.0003681548003356475,-2.178122374123823e-07,2.4933827298821277e-06,0.00026575869192213986,6.6142811817467275e-22,1.2742011096109503e-07,1.0784291715988603e-05,-1.1361265295177202e-22
20,35,251,0.02936559627971467,-2.2670074308604653e-06,0.0293658031226107,2.0760830427558496e-10,-3.098215186694073e-06,2.588022279573126e-07,4.922465042742119e-21,-0.0003681503845272351,0.00036815050140775584,1.1333702142263714e-07,-1.8784132409430434e-05,0.0002533533572170053,9.403978006701131e-22,-4.716571997285992e-07,1.0360060103746435e-05,1.158624084557675e-22
20,36,251,0.02936182824938706,2.1951997498626132e-07,0.02936201463105944,2.4085282901966446e-09,-2.7798660679685616e-05,-3.7860620061198364e-07,-3.3152397106877477e-20,-0.0003681551922084264,0.00036815529719006157,2.7933878540148906e-07,-3.8279484781244775e-06,0.00026074647924220366,5.579393649908804e-22,1.646797946997528e-07,1.0315094426226472e-05,8.408461196183128e-23
20,37,251,0.029348641380274477,1.4596799951273024e-05,0.029348872074798436,-5.2446471743933784e-09,6.468491535810191e-06,9.229767256538595e-07,1.1437756982313051e-20,-0.00036814429230625233,0.0003681444015776196,-1.6530847235360301e-07,9.302322778630905e-08,0.00026465051133335663,-1.3970981679811967e-21,-2.984869644327998e-07,1.0689556587803208e-05,5.216620574889532e-23
20,38,251,0.02931904087157489,1.190181853827726e-05,0.029319215681523927,2.8511734854034465e-09,-9.568300141001983e-06,-5.372490912747056e-07,4.5715031841188265e-21,-0.00036815804830595515,0.0003681581527026325,1.1221741833443952e-07,-5.8425319675907724e-06,0.0002690512244553968,-1.2733616152614447e-21,-4.3041114795799355e-07,1.0583602286830123e-05,-1.870109262696249e-23
20,39,251,0.029377390671318733,5.199618158221735e-06,0.02937760789748554,-1.3472418431525124e-09,-3.152152797479474e-07,5.617935890179974e-07,-2.0850734011030154e-20,-0.00036815974608592076,0.0003681598436668225,-1.0658639836861487e-07,3.630073221849207e-05,0.0002659218249863193,-2.3689925457072465e-21,-5.739927995121513e-07,1.0550514702368958e-05,2.0036884957459795e-22
20,40,251,0.02936142929206478,2.0851305477453705e-06,0.02936163004070363,4.122951638728474e-09,-2.6506090544456546e-06,3.6324791847013737e-07,-9.979915415723973e-21,-0.0003681616402531208,0.00036816176246755533,-9.801400903156255e-08,-4.4009458915014e-05,0.00027147393821529484,-2.0270297090999323e-21,6.360020777501618e-07,1.0709967168132007e-05,2.938743127094103e-23
20,41,251,0.029387367691199262,-5.090706012643543e-06,0.02938757726879164,2.9772901510058775e-09,7.4361814453933456e-06,3.4853654118708234e-07,2.3172481691153502e-20,-0.0003681549315420196,0.00036815503193658624,3.6632228472163744e-07,-1.4378087391060412e-05,0.00025203528716566625,-2.137267728795711e-21,1.560596274570595e-07,1.0317217702336e-05,-1.6254483516367383e-22
20,42,251,0.029401539473574226,-2.949187403436067e-06,0.02940177072594786,3.325579964728928e-10,-3.0180966485995194e-05,-2.5598944887966633e-07,2.1525660662228805e-20,-0.0003681536456460228,0.0003681537608948879,5.950563029537324e-09,2.324020552195061e-06,0.0002536335612094356,1.5658298307808577e-21,1.0530200470696794e-07,1.0331379388144767e-05,5.83530333848829e-23
20,43,251,0.02934589833909728,7.76111571209425e-06,0.029346177565895318,7.750638424482984e-10,3.445662344355058e-05,8.306117337053301e-07,2.7779980963336256e-20,-0.00036815269144077677,0.00036815281859793565,-1.998462507922037e-07,-2.056333297793697e-05,0.00025276941060655913,1.9527877774680813e-21,-3.9337662994294365e-07,1.025084130105382e-05,2.7840724361944145e-23
20,44,251,0.02936362051001481,-7.827168466059044e-07,0.029363826868561933,1.5811483041807269e-09,-3.453332671320287e-05,3.9362633740432267e-07,2.301949831688181e-20,-0.000368156054705886,0.0003681561384683651,-5.9234026090153986e-08,5.508279635459576e-06,0.00024451490080772814,-2.060776041659865e-21,-4.2499346252938194e-07,1.0522479265524773e-05,-5.371291265789222e-23
20,45,251,0.029384534520703512,-2.406602612881924e-06,0.029384718064560583,1.3779554083440705e-09,-2.7997700395321025e-07,5.270431116945372e-07,-5.9303555085321e-21,-0.00036815805282246184,0.0003681581498200758,-6.345774671870314e-07,-3.6379621576398597e-06,0.0002324590173537434,-1.2643625932454627e-21,-2.1837738823950884e-07,1.104601555219199e-05,-2.4747310543950335e-23
20,46,251,0.029376599929546592,-9.194676431369334e-06,0.0293768109954244,9.278360369485232e-09,4.641370586398802e-06,-4.443103104660849e-07,3.038519783696303e-20,-0.00036815800086512,0.00036815810303202616,7.486574251128487e-08,1.7621654556793362e-05,0.000255287229878599,1.2373655271975167e-21,-4.7673733279687386e-07,1.0669135843833971e-05,1.0405119205979122e-22
20,47,251,0.029377981268956934,-1.5197856857638658e-06,0.029378192683949773,-3.952969881260694e-09,3.791645638531504e-06,-4.4624616347758716e-07,-9.682947689196572e-21,-0.0003681512018685477,0.00036815130034337543,-2.551114294242802e-07,9.60735878079796e-06,0.0002585510895940661,-7.199217612785529e-23,-6.841538813244022e-08,1.1076750563839249e-05,4.0917428228917894e-23
20,48,251,0.02939395802931158,1.617753186334527e-06,0.029394174731518403,1.881133087638658e-09,-5.610246854785455e-06,-2.4513207843037166e-07,1.854698437493878e-20,-0.0003681582411748191,0.00036815834309655637,-6.025106690197337e-08,1.1641896113882645e-05,0.00024623672973912036,-9.223997566381489e-22,-3.235421745497524e-07,1.0441554815894279e-05,3.135596733693707e-23
20,49,251,0.029352743551740057,-6.290333601289153e-06,0.029352960068702732,7.489112924001102e-11,-6.210263038498991e-06,1.9933002559291333e-07,-2.106671053941373e-20,-0.00036815811039432784,0.0003681582147459161,-3.6527298873841916e-07,-6.926054116498853e-06,0.0002664999013363678,5.624388759988713e-22,-5.330000371035175e-07,1.1066523109977993e-05,-1.6563824898166765e-22
20,50,251,0.029375488838460962,-1.419926407484462e-05,0.02937572876383593,-3.809865731965302e-09,-2.398511894760282e-05,2.1629132806209917e-07,2.5809195141836212e-20,-0.00036815488061278895,0.0003681549780802903,1.0321590154213061e-07,-3.2660693746008064e-06,0.0002572644696939053,1.7278122270685333e-21,1.6955121753131957e-07,9.952855593319921e-06,1.1403448210877117e-22
20,51,251,0.029356218568908892,-2.6102694239716916e-06,0.029356440530334777,-2.3930037643818277e-09,1.5882068953613165e-06,-8.706707369843576e-07,2.4864297830158106e-20,-0.0003681601142752653,0.00036816020636785073,3.945401817804148e-08,3.886457031178123e-06,0.0002618281969653389,-2.7671992699144475e-21,6.578220559776611e-07,1.1290727083396623e-05,-1.0405119205979115e-23
20,52,251,0.029352964929450623,3.815684823442425e-06,0.029353148308595523,1.3048573532760455e-09,2.9974052090950994e-06,-2.7606439060275626e-07,1.1964199770247994e-20,-0.0003681542562099959,0.00036815434910789465,1.6311658940468707e-07,2.4325642989707303e-05,0.00024835474931948857,1.1923704171176073e-21,-8.443024525883262e-07,1.0577960892011703e-05,2.7840724361944133e-23
20,53,251,0.029364724583266118,-9.100771358951834e-06,0.02936495328784479,1.1817290071972255e-08,-2.3811549775599472e-05,-2.7289044835347314e-07,-1.0942810771434041e-20,-0.00036815437967856803,0.0003681544946019725,-3.2351432853111845e-07,2.619807999544504e-05,0.00026295442657243366,1.412846456509165e-21,-1.04659059811012e-06,1.0328224254398002e-05,-4.147986710491677e-23
20,54,251,0.029383640946656065,-6.842231653860684e-06,0.02938385175784356,-1.2408966837808064e-09,-3.3889045748171582e-06,-1.1234968503829197e-08,1.2985588769061944e-20,-0.00036816106956719726,0.0003681611762777048,2.95542366532254e-07,-1.1288249398639055e-05,0.0002546794235518539,-3.6401044054646955e-21,-7.055174202418724e-07,1.0647144783448244e-05,9.533338948180871e-23
20,55,251,0.02931550140869811,5.570629600403139e-06,0.029315708802084565,-2.0985237182331153e-09,-3.983436866892572e-06,-5.307817766035526e-07,-5.6603848480526406e-21,-0.0003681589611913466,0.000368159061335498,1.2719105820727252e-07,1.4511028676419069e-05,0.00025246754286156644,-2.1327682177877204e-21,2.908632611436938e-07,1.0097908496047262e-05,-4.555754895590858e-23
20,56,251,0.029331547032843776,-3.418613649767349e-06,0.029331748576352054,-4.238633413081029e-10,1.7729869318763465e-05,5.576609407250652e-07,7.073231304561805e-21,-0.00036815274227659914,0.00036815283395955165,1.9401206562595476e-07,5.782577599408556e-06,0.00025389324115495564,-1.3273557473573358e-22,1.301078477397503e-06,1.078944158602239e-05,-1.1417509182777091e-22
20,57,251,0.029338721110019554,5.209245668855707e-06,0.029338983982657597,-1.9110009628290655e-09,5.469720685283547e-06,4.522303870868905e-07,6.641278247794676e-21,-0.0003681681691898032,0.00036816826101407737,2.901216011218519e-07,8.380595451072614e-06,0.000275055716723219,-1.85379853529228e-21,-1.484849102869794e-07,1.0541564313080776e-05,-1.127689946377737e-22
20,58,251,0.02937236117308653,2.596884239806931e-06,0.029372580768613824,-3.837233359934266e-09,-2.3262277763306573e-05,7.263322830837756e-07,-2.7487512747816846e-20,-0.0003681607087672377,0.00036816083783721977,1.2516177884045273e-07,-1.2758541559786385e-06,0.0002484702735151733,2.8346919350343116e-21,-2.6470523880919654e-07,1.0434179361028465e-05,4.921340164990126e-23
20,59,251,0.029382456908298726,-9.135669495045598e-07,0.02938266385225131,1.167035389859004e-09,3.8031667100626614e-07,-2.0399157251016257e-07,1.9752853325080367e-20,-0.00036815063660908145,0.0003681507376873499,5.6756514428305195e-08,1.701594585251905e-06,0.00024901684209917193,-1.3228562363493463e-21,-1.0443786197451061e-07,1.1067868569948223e-05,9.364607285381209e-23
20,60,251,0.02935816602708018,-1.296453250708532e-06,0.02935836651870949,-1.3465259197244857e-09,-6.813451273545696e-06,1.355444300824607e-06,2.331646604340921e-20,-0.0003681497543936525,0.0003681498762576827,2.1310382360355388e-07,4.269831200581803e-06,0.00024662394630242153,-1.2396152827015128e-21,3.8987713077685564e-07,1.0794914594761659e-05,1.6507581010566878e-22
20,61,251,0.029365684279348797,-8.186339805178937e-06,0.029365870393218096,-2.2583198994929913e-09,7.526483324739093e-06,-6.897169192195534e-07,9.772937909356388e-21,-0.0003681484758107475,0.00036814857300460264,4.2791965649234564e-08,5.969125042884148e-06,0.0002536280528536644,-2.9786762872900233e-21,-1.023830299910971e-06,1.1370710607907369e-05,4.4713890641910267e-23
20,62,251,0.02936672450456942,-3.93781065790766e-06,0.029366932156044596,-6.184485987697441e-10,-5.338865520003695e-06,7.368498505656156e-08,-2.937280786016506e-20,-0.00036815917085544157,0.0003681592725955437,1.2686991089876936e-07,-1.4663299821099246e-05,0.0002560914641662549,-2.555722252538872e-21,-6.753014254345418e-07,1.0577797285120098e-05,2.9246821551941334e-23
20,63,251,0.029395295570400937,2.5018024415110804e-06,0.02939547816859936,-5.648604503698159e-09,-6.2067956843543414e-06,6.550092232099114e-08,-7.221715167825508e-21,-0.0003681599911701357,0.0003681600832902636,-2.850725414151928e-07,-1.3681769599050668e-07,0.0002539038901056276,-3.442125921113093e-21,-7.35058068433532e-07,1.050475143396238e-05,1.3414167192573083e-22
20,64,251,0.029365748161016628,4.740961169888693e-06,0.029365952188758725,1.016036583696004e-09,-1.1608792703479648e-05,-1.2476615657661252e-06,-1.501036872265788e-20,-0.0003681530594108475,0.00036815318101771544,-3.7558574652949154e-07,-9.220126418765902e-06,0.0002616045694986292,2.0742745746838374e-21,3.216320541336361e-08,1.0154478638589756e-05,1.4215642590871472e-22
20,65,251,0.029373985765593233,3.2553633505935666e-07,0.029374166210931328,2.4153507126895367e-10,-2.497166798922003e-06,7.380822957149016e-07,-3.437626410105099e-21,-0.0003681574561493631,0.00036815756028832646,1.8610482800644327e-07,-7.865132745720554e-07,0.0002515114358225157,-1.7098141830365694e-21,-1.9302579670067508e-07,1.0332699285266408e-05,-6.721144568186514e-23
20,66,251,0.029344504031116072,1.2843564308242521e-05,0.029344683963154455,9.988063544020946e-10,-1.7928884036107442e-05,-3.639110117297196e-07,-1.5595305153696705e-20,-0.00036815324240119295,0.00036815333907379874,-5.563257568475788e-08,1.961839433118455e-05,0.00023942372852742602,-5.174437659189612e-22,-1.2153329094394215e-07,1.0202856067507233e-05,5.34316932198925e-24
20,67,251,0.029335711969936767,-5.336549818099206e-06,0.02933592190518601,5.039833356933361e-09,-2.7790494935205568e-05,-2.6738792452830144e-07,2.5044278270477748e-20,-0.00036816027275864404,0.00036816038531049697,2.230969283777711e-08,-5.629810048201328e-06,0.0002466318458872877,1.5590805642688715e-21,-1.6134006915897407e-08,1.0621563377353162e-05,-1.4060971899971793e-23
20,68,251,0.029360370411014827,1.4611420962796037e-05,0.029360576506479656,-1.3700025596664089e-09,-1.4141139278125537e-05,2.5945551820032024e-08,5.552396583860858e-21,-0.00036815789653220436,0.0003681580149654261,-1.2063474396276998e-07,-6.272437564583034e-06,0.0002629604167368845,-3.869579466872238e-22,9.281588310323768e-07,1.0745228033597935e-05,-4.5557548955908596e-23
20,69,251,0.02935659940138212,6.1244330964798e-06,0.029356778667892373,-5.565871084917234e-09,8.589977161129708e-06,-3.4662632890198136e-08,1.1833713951016254e-20,-0.00036815433995449276,0.00036815443735099937,1.86754125588566e-08,2.2686296393328435e-06,0.00024566400682012816,1.4848386326370207e-21,-2.1224259571969056e-07,1.063437058579007e-05,-1.1389387238977145e-22
20,70,251,0.029375938626253217,4.578302416577828e-06,0.029376164353398015,-6.388534272142962e-09,-1.2159945079846738e-05,2.218628615995458e-07,8.837039619694267e-21,-0.00036815529084656894,0.0003681554035777664,-4.0481380074599554e-08,-2.9699517899055683e-06,0.00024540989262822723,2.4747310543950315e-22,7.27356482321203e-07,9.965052313375357e-06,3.3183893683933407e-23
20,71,251,0.029375246783681818,-7.236521798467529e-06,0.02937547336566886,-3.454653838377237e-09,1.429608335423152e-05,4.5495194283665016e-07,5.984349640627982e-22,-0.00036815677374738167,0.00036815688348104236,-8.084888621280996e-08,-3.3984652699026477e-06,0.00025707584495448236,-1.5343332537249215e-21,-6.811341687816733e-07,1.0408014130321153e-05,-6.214949579787528e-23
24,0,251,0.031229561069177885,7.15683149387584e-06,0.031229721432885712,-1.6621177274180672e-09,9.308470012106109e-06,-1.338733662079789e-07,2.303749636091377e-20,-0.00044178588391141036,0.0004417859561978239,7.652184484729028e-08,1.1016480732872514e-05,0.000222589020965848,1.6378220069087134e-21,8.949652270029755e-08,1.0907819038013901e-05,-1.0025472964679882e-22
24,1,251,0.03125152923445436,-1.7160349445830878e-06,0.03125169520865687,2.8633866957396776e-09,2.6046904515113987e-06,-8.518584323591693e-07,4.6074992721827565e-21,-0.000441788215550367,0.0004417882810894559,-4.8544114210591354e-08,1.8529154315208067e-06,0.00022544351565173488,-9.179002456301579e-22,-8.944435696942268e-07,1.0798468959752611e-05,-3.487121031193003e-23
24,2,251,0.03125802113168909,9.617784274892516e-06,0.03125818306822454,-5.881822581815864e-09,-7.415583750521085e-06,6.594450418315843e-07,-3.685999417746203e-20,-0.00044178267033369404,0.00044178272988677146,1.15400766258639e-07,6.294266049943835e-06,0.00022378192962859943,-3.946071154008082e-21,1.0057262764781962e-07,1.0522253170887129e-05,-5.764998478988433e-23
24,3,251,0.031226062518560655,7.332304270305804e-06,0.031226209844768288,-6.712159804852356e-09,8.69092231854015e-06,-3.5589750998255067e-07,5.759374090228445e-20,-0.00044178068935779114,0.00044178076441709046,-2.7662432360573805e-07,1.3472987239430697e-05,0.00022720192386357243,-1.7705575816444475e-21,-1.0246475828513498e-06,1.0095829195768046e-05,5.708754591388547e-23
24,4,251,0.031241094785016018,-3.1952754435220748e-06,0.031241263696214876,5.028638750932286e-09,2.1402803818377913e-05,-1.5436025610335995e-07,6.220124017446718e-20,-0.00044179159482768757,0.00044179166285791355,-1.627219420419391e-07,8.041834541773001e-06,0.00022556796930537693,3.8245843567923236e-22,1.6872897143425725e-07,1.0971491918243326e-05,-8.070997870583803e-23
24,5,251,0.03125854936229283,1.1854087717825549e-05,0.031258707017462674,3.799945204034606e-09,-1.1207978121136748e-05,-7.658543346784953e-07,-3.685999417746205e-20,-0.0004417948896621667,0.00044179495130378907,3.5663645257403886e-08,1.0336903691512756e-05,0.00021551876898040327,-3.1001630845057795e-21,-1.909412982463937e-07,9.962774584271248e-06,5.989974029387982e-23
24,6,251,0.031234627787760233,-2.266367764785402e-06,0.03123483478362518,-2.7293059643977415e-09,-5.073854615993662e-06,5.9505387541642024e-08,6.911248908274133e-20,-0.0004417795008538451,0.0004417795746485565,-1.0654355199257709e-07,1.0862820654672182e-05,0.00022394385118647286,4.531007585046908e-21,-6.096216950868007e-08,1.0868886490475314e-05,-1.302045997937387e-22
24,7,251,0.03124981669648257,4.696588399107801e-06,0.03124998695443391,7.066027682766315e-09,4.0829803261007695e-06,-5.171755674078681e-07,-2.5341245997005146e-20,-0.00044179140968208814,0.0004417914715639684,-2.6602847659108276e-07,1.7192812825931678e-05,0.0002227165072509503,2.2880013475634087e-21,9.156531506390062e-08,1.0552736711726058e-05,1.8672970683162528e-22
24,8,251,0.031224978641380415,5.0013948422133284e-06,0.031225132624615737,3.622429844035468e-09,3.209320767379626e-05,4.1183942041209405e-07,1.1518748180456888e-20,-0.000441794685948101,0.00044179475192808687,-4.510076264968595e-08,7.687728507053383e-06,0.00021196642362070423,1.4465927890690973e-21,-9.115886290261949e-09,1.0610589291301391e-05,1.0264509486979401e-22
24,9,251,0.03124618021021851,1.3028700203165655e-07,0.031246318185124237,3.573465553336735e-09,7.3247668003728245e-06,-1.9964758157945328e-07,-4.14674934496448e-20,-0.00044178789420891857,0.00044178795724811494,-1.439569674802074e-07,7.376236917309123e-06,0.00022202452265651464,-1.8897946233562107e-22,-3.0808744652079636e-07,1.0213030380256349e-05,7.325766359885301e-23
24,10,251,0.031245674218463977,5.840751473725487e-06,0.031245806487525018,8.382657000211496e-10,-2.9268560874978926e-05,3.673411792158611e-07,-1.1518748180456886e-19,-0.00044178234190169895,0.0004417824064716137,-1.2364437837292151e-07,2.403002437055144e-06,0.00021460435479265833,1.6243234738847409e-21,-5.313672977103904e-07,1.0825431704816879e-05,1.434219133797122e-22
24,11,251,0.03125229264124986,-1.249945362191134e-05,0.031252454587271626,-5.361033181010637e-09,-8.492891220277893e-07,3.9798392810861183e-07,1.1518748180456882e-20,-0.0004417841142021707,0.0004417841817580658,-3.1406126234372784e-07,-1.8527857876551756e-05,0.00021548775289753985,2.452233499355079e-21,-5.918383456502887e-07,1.0984825305477413e-05,-1.6170117684967544e-23
24,12,251,0.031257229936692436,6.663023500679303e-06,0.03125740919881496,-1.0111074208214095e-09,6.387894138888051e-06,8.015559007966522e-08,1.2209873071284298e-19,-0.0004417861327248642,0.0004417862004860673,-6.210566052313955e-08,-4.163739984879127e-06,0.00021037961616484382,-5.057450372981852e-21,-1.1157805980129735e-06,1.0584665879016035e-05,-1.0447302121679034e-22
24,13,251,0.031247707711887715,-1.481263883412452e-06,0.031247876558172964,-9.482241862219566e-09,-1.675145881193957e-05,-3.4666024409579995e-07,-9.214998544365513e-21,-0.00044178243485578034,0.0004417824942864705,-2.1019463378451702e-07,-9.220521006109189e-07,0.00022985874992883804,1.718813205052551e-21,-8.007776286669368e-07,1.0729658405133143e-05,1.040511920597912e-23
24,14,251,0.03124642639003697,-6.24668138661876e-06,0.031246580303312402,1.0234834611127579e-09,-7.930462229884958e-06,-3.682591575838537e-07,-2.9948745269187896e-20,-0.0004417891437250385,0.0004417892064267736,-8.021772739024899e-08,2.2522541474974445e-06,0.00021629441990056426,7.919139374064108e-22,-7.972270607929161e-07,1.0297829460391962e-05,-5.0619498839898455e-24
24,15,251,0.031226450860611935,-1.260345941943991e-05,0.031226593452089196,-4.19838698509416e-09,5.970810190245789e-07,5.984439174726265e-07,2.3037496360913752e-21,-0.0004417899969196612,0.0004417900672398896,-1.2973737563978426e-07,1.4430206578402842e-05,0.00022121431135416404,1.85379853529228e-21,-7.504754162759857e-07,1.0413840018335337e-05,-1.0208265599379519e-22
24,16,251,0.031267174968211055,1.0662920419691179e-05,0.0312673350492829,4.27840171020946e-09,-2.919998710030878e-05,1.1046123825475002e-07,-4.607499272182754e-20,-0.00044178582443607495,0.0004417859048933616,2.5777484369363446e-08,-1.0196450637011399e-05,0.00022229343464204453,-2.155265772827675e-21,-3.980779429750802e-08,1.05555697423867e-05,7.18515664088558e-23
24,17,251,0.03123319282317286,5.797074837661637e-06,0.03123336770674256,-4.6402200209223535e-09,-3.926432900622219e-06,8.688877013023202e-07,2.5341245997005146e-20,-0.00044180222548624923,0.0004418022954029895,-7.48916288439228e-08,1.3291275586706444e-06,0.00021005508108242014,9.044017126061852e-22,9.145302451920999e-07,1.1460945027731348e-05,-8.816229381282307e-23
24,18,251,0.031234881464438907,5.9174444645895585e-06,0.031235031430372758,-5.37937834933345e-09,3.665840719762715e-06,-5.325574744492309e-09,1.1518748180456873e-20,-0.0004417862679038358,0.0004417863419837308,1.1096643579174736e-07,1.1234764614205014e-05,0.00021727843773079343,7.37919805310519e-22,1.5518029564983386e-07,1.0350813452996445e-05,-1.2640813738074633e-22
24,19,251,0.03126337080425451,1.1232644987105986e-05,0.03126354169903372,-2.312648999472355e-09,1.3960016566418949e-05,-4.0550690483193784e-07,-3.916374381355342e-20,-0.0004417865591517329,0.00044178662084085155,-2.286581052660622e-08,9.321960077574456e-06,0.00023118362371645924,1.7953048921883974e-21,-3.7753197967001476e-07,1.0606569834776182e-05,-2.727828548594527e-23
24,20,251,0.031235730902389874,-1.3162469827849973e-06,0.031235890669934933,8.124217762740068e-09,6.4820744462737805e-06,1.1176836786146742e-08,1.105799825323861e-19,-0.00044178451513392285,0.00044178458906613536,2.031491975464028e-07,-2.2510592928095175e-05,0.0002228589077236529,-2.3442452351632954e-21,5.197737255655576e-07,1.0223543873912498e-05,7.241400528485469e-23
24,21,251,0.031249456738898174,3.4344587815663777e-06,0.0312496370945197,7.500371968058335e-09,-1.8723484829174576e-05,8.169382915704133e-08,-2.7644995633096527e-20,-0.000441790519521555,0.00044179058734837134,1.3345621668133214e-07,-1.4281384234405665e-05,0.0002237240170130109,-1.957287288476072e-21,1.0416114604638914e-07,1.0528842748177732e-05,-4.0776818509918164e-23
24,22,251,0.03125937891872798,2.62926138200895e-06,0.03125953982401032,7.264414529911275e-09,-1.9035565017135534e-06,-6.970841271973739e-07,-6.91124890827413e-20,-0.0004417942907162838,0.0004417943616588667,1.3699659868821754e-07,1.0436521504494438e-05,0.00020762577213789655,-1.5163352096929571e-21,2.1510813573550617e-07,1.084277056276189e-05,1.7294995436965283e-23
24,23,251,0.031254849737691826,1.7143003573789722e-06,0.03125501424154365,-6.349952474312578e-09,3.7257933718846617e-06,-2.731542566856477e-07,5.2986241630101667e-20,-0.0004417852250606233,0.0004417852937059844,9.574384541236409e-08,8.311043044503909e-06,0.0002230196251678038,8.414085584943118e-22,5.202128641594495e-08,1.0344453608502368e-05,-3.951133103892069e-23
24,24,251,0.03123004151378987,-6.085174593958299e-06,0.031230201676863068,-1.0674864101371955e-09,1.2538537692647511e-05,-1.978581978974244e-07,-2.3037496360913692e-21,-0.0004417928092998912,0.0004417928901215797,-1.5086524410090484e-07,8.731579601034534e-06,0.00022308063740221896,4.274535457591427e-22,-1.065875341533692e-06,1.1539611804359211e-05,1.1248777519977418e-23
24,25,251,0.03123173632636964,-9.331554039337977e-06,0.031231906377490792,1.0554665372962338e-09,6.3777908919972265e-06,-1.366893196395316e-06,3.4556244541370647e-20,-0.00044179263969545485,0.0004417927091908799,-5.745390534947742e-08,6.985740251937997e-06,0.00021744653482369948,2.483730076411016e-21,2.9708045846517205e-07,1.057399055540727e-05,-5.905608197988138e-24
24,26,251,0.03123366196443886,-4.620611280734315e-06,0.03123386626755998,-1.598188481184746e-10,-1.8550353058884781e-06,-1.3902808669591508e-06,1.2440248034893438e-19,-0.00044178055173259853,0.0004417806129534122,-1.674273836581775e-07,-8.80941421557828e-06,0.00022366140720588086,-1.6715683394686458e-21,6.562719002707359e-07,1.0690149737516946e-05,-3.3183893683933407e-23
24,27,251,0.03122991629147236,5.9943837619727305e-06,0.03123006972153085,-4.0828619667756695e-10,1.2716666065419952e-06,6.809474062155635e-08,-2.303749636091379e-20,-0.0004417883870481861,0.00044178845502647633,1.5974824609635071e-07,-1.9340297248954368e-05,0.00021653197410303289,-1.309357703325373e-21,-5.736946770601717e-07,9.540919393773798e-06,1.535458131476919e-22
24,28,251,0.031234126180767274,2.7540164922118196e-06,0.031234268041847056,7.059299176180151e-09,-1.127625173157125e-05,-5.345022314761041e-07,-1.6126247452639636e-20,-0.000441797784165324,0.0004417978390192331,-2.5786108764548774e-07,1.6521179338183962e-06,0.00021992040318840846,-5.804369200308351e-22,-1.051220693694665e-06,1.0970253833573806e-05,-1.7041897942765803e-22
24,29,251,0.031244022675352093,-2.6676618096255357e-06,0.03124415978042359,7.520996193429124e-09,1.5467762864593987e-05,-5.063032588349225e-07,-5.2986241630101697e-20,-0.0004417898543298764,0.000441789917844906,9.412127406024975e-08,-2.0083770731692464e-06,0.00022093873753947215,1.25086406022149e-21,-7.679541208125788e-07,1.0579099390798778e-05,3.339480826243299e-23
24,30,251,0.031241023639048845,3.1967486449667573e-06,0.031241185282295365,9.143475048977159e-11,-1.5104219405378028e-05,4.570127896065032e-07,1.1518748180456886e-19,-0.0004417863663357345,0.0004417864257680335,-1.0581975483620891e-07,2.0058690153562294e-05,0.00022158118887037015,-2.1777633278676297e-21,-7.972645082149529e-07,1.0395030848299006e-05,1.4342191337971232e-23
24,31,251,0.03125296172913629,3.8920280853127604e-06,0.031253099850465864,-1.6529448886953378e-09,-5.4963422063697225e-06,-7.663756883910613e-07,-3.225249490527929e-20,-0.00044178606086385676,0.00044178614561509106,5.848270895286239e-08,1.3631283756242375e-05,0.00021073297326735466,4.0270623521519204e-22,-2.485520746883095e-07,1.0640006055075837e-05,-4.218291569991515e-24
24,32,251,0.03126228649185462,-3.5794684999743293e-06,0.03126243186502711,-4.755184314752823e-09,5.099835896872833e-06,3.2175815528898993e-07,3.685999417746204e-20,-0.00044178877072876307,0.00044178883854545056,-1.8343218569307701e-07,1.810591047163438e-05,0.00022002338917622693,9.089012236141763e-22,-6.940747093087224e-07,1.0971343817472582e-05,1.3428228164473057e-22
24,33,251,0.03125613765533979,6.779640893613169e-06,0.03125628162417188,-2.562838986397622e-09,1.1848660617146714e-06,-6.378539668879876e-07,-1.1518748180456897e-20,-0.00044179114235097267,0.00044179121618560146,-1.6655371707228572e-07,-1.6394256578734193e-05,0.00021598378584105469,-1.5928268968288037e-21,1.4219447860201211e-08,1.0155988080684086e-05,1.4060971899971855e-24
24,34,251,0.03125881166588495,-9.78361597108957e-07,0.03125893988044716,1.6563240931077462e-09,1.60152647027098e-05,-3.0068242502824323e-07,2.994874526918791e-20,-0.0004417941620350674,0.00044179423465389074,-1.705207018165524e-07,6.485492635849382e-06,0.00021487712786632344,-7.73915893374447e-22,-7.049600799360494e-08,1.0169568156729877e-05,-2.0388409254959073e-23
24,35,251,0.03122668739025036,-6.661316919321274e-06,0.031226854984682313,-8.218224097905686e-09,7.918655677952028e-06,1.5839230246896238e-07,-5.759374090228443e-20,-0.00044178282615953677,0.0004417828860897693,1.6233919009533547e-07,3.945454515305827e-06,0.0002151288337137948,8.144114924463659e-22,-5.120495599510178e-07,1.0942995794646497e-05,-2.627995648104726e-22
24,36,251,0.03125439786348507,3.2455443402992428e-06,0.03125455535214287,9.818887965597842e-09,-1.1983917383785013e-05,3.170514187558179e-08,-6.911248908274132e-20,-0.00044178273928676304,0.0004417828057677177,3.2212461697691475e-07,-2.1232574615256096e-05,0.00022515600420013052,1.039387042845914e-21,-1.8616000050571998e-07,1.0947253674801436e-05,3.5222734609429326e-23
24,37,251,0.031235586362290863,-8.567335003819794e-06,0.03123573863723928,-9.908339547651608e-09,1.2269958851531984e-05,-6.529608708972999e-07,4.1467493449644796e-20,-0.0004417720368629915,0.0004417721152664654,2.8832024190310314e-07,1.2611130400080345e-05,0.00022379196206182754,3.775089735704425e-21,6.136328840147062e-07,1.1074837576884043e-05,-2.8543772956942734e-23
24,38,251,0.03125319992299823,-6.75701249892311e-06,0.03125333426753942,-2.1827018171895e-10,1.0644123428728387e-06,-2.939309163769725e-07,4.377124308573617e-20,-0.0004417848250897305,0.0004417848932389566,-2.3633592773418733e-07,5.704370483629894e-06,0.0002146167140506995,-8.144114924463659e-22,1.1103225283615788e-07,1.1191866661166843e-05,7.283583444185383e-23
24,39,251,0.031248046075570753,7.162521986326783e-06,0.031248195453005036,5.290879833505643e-09,8.003414074969055e-06,4.665042893335235e-07,-2.99487452691879e-20,-0.0004417832071241481,0.0004417832807388693,5.752968980956398e-08,9.776875324036214e-06,0.00021520575529439633,-3.5096185862329575e-21,1.4270511937148738e-07,9.89275819249999e-06,7.030485949985733e-25
24,40,251,0.031231797030006916,-7.077375375349383e-06,0.03123197592238426,7.48664101560172e-09,-3.5020794823552158e-06,5.374854871035957e-07,-6.220124017446719e-20,-0.0004417764238086876,0.00044177649480628823,-2.7664133168357385e-08,4.825965848871399e-06,0.00023447345759867262,-2.2137594159315578e-21,3.036928334712938e-08,1.0800233797612778e-05,2.559096885794864e-23
24,41,251,0.031230438142180558,1.3040187498553805e-06,0.03123059217184459,-7.182546673056809e-10,-1.018053679939308e-05,-6.113044076636495e-07,1.612624745263965e-20,-0.00044178596801939217,0.000441786033921146,9.556931621357528e-08,-4.16268079150256e-05,0.00023011822181790345,2.5197261644749435e-22,-1.1251713356789335e-07,1.092203019191377e-05,-4.5838768393908026e-23
24,42,251,0.031242300248570175,3.901465813447082e-06,0.031242462502551135,-2.023666967014646e-08,-2.93119490231898e-06,-8.120603778278441e-07,6.450498981055855e-20,-0.00044179485005712665,0.00044179492831375954,2.8786829372460643e-08,9.187900677645736e-07,0.0002088770270265913,-1.4983371656609936e-21,3.7915804081279725e-07,1.0658316498731573e-05,5.146315715389674e-23
24,43,251,0.031228896629981236,-3.4899773729734167e-06,0.031229055664368625,1.936230441863622e-09,1.587019572950673e-06,1.6502597239679425e-06,1.612624745263966e-20,-0.00044178977115723924,0.0004417898517181532,-2.3861972155846998e-08,1.7654437081618214e-05,0.0002278919611114047,-5.624388759988715e-22,1.134864749331171e-08,1.0662848287518465e-05,-5.652510703788657e-23
24,44,251,0.031244275303930234,6.307597956679613e-06,0.031244416636560378,-3.376709630466336e-09,2.0667464447770483e-05,-1.8344986790616039e-07,1.2670622998502576e-19,-0.000441793245374851,0.00044179332307756275,-1.208938305019953e-07,1.5061134034836949e-05,0.000226363962938916,-3.1811542826496165e-21,3.3709593657967795e-07,1.0113680593487102e-05,-1.134720432327723e-22
24,45,251,0.03125885033553306,-1.2000280811270148e-06,0.031259006916130906,2.0592361477695815e-09,-7.858163124473893e-06,2.3775928059139982e-07,2.994874526918791e-20,-0.00044178339457849695,0.0004417834634639524,1.639963776526466e-07,7.3969886399807325e-06,0.0002181586173470589,-5.849364310388256e-23,6.436147180923572e-07,9.897621327428415e-06,-7.860083292084228e-23
24,46,251,0.03126397226772688,4.875887070827943e-06,0.03126413176931084,3.221058000691397e-10,8.130772188117322e-06,1.126965424455611e-07,-6.450498981055857e-20,-0.0004417860132062629,0.00044178607446335595,-1.374955420379647e-07,-6.605683327520755e-06,0.00021432000249389872,1.1698728620776513e-22,-8.598403810127258e-07,1.0447584119133172e-05,2.1428921175557e-22
24,47,251,0.031248611690454328,-4.509182152693889e-06,0.031248756936140903,7.095315974734801e-09,-4.648391528718096e-06,-4.741586302337859e-07,-3.455624454137064e-20,-0.0004417863677251059,0.00044178643842581383,3.024528874986441e-07,2.651395790562838e-06,0.00023085900978493396,3.536615652280903e-21,2.231346603733765e-07,1.0696634608551683e-05,8.408461196183128e-23
24,48,251,0.03125847583851418,2.9363892240572084e-06,0.03125861934019065,1.9028112166936628e-09,-3.4512939226396823e-06,1.3943672588287386e-07,-1.2670622998502573e-19,-0.00044179678505138907,0.0004417968500864992,-1.892042673668593e-07,-2.7194357807151804e-05,0.00021941117188205945,8.2341051446234795e-22,-1.4268071246428173e-07,1.0777374869750432e-05,-5.399413209589164e-23
24,49,251,0.03124997695298863,-8.923924081687458e-06,0.031250131450951464,2.301540357089961e-09,9.095269726832207e-06,4.8676927572228625e-08,-1.6126247452639648e-20,-0.0004417897978782104,0.0004417898685462998,-1.7210513854190343e-07,-1.0557163294945664e-06,0.0002240626744914829,3.829083867800316e-21,-6.877659207206009e-07,1.0671898727144002e-05,1.2415838187675087e-22
24,50,251,0.03125536312515062,-1.4846342604138653e-06,0.03125552418772206,5.970800256255186e-09,9.99633997332226e-06,2.4508786777508483e-07,2.3037496360913813e-21,-0.000441783495910957,0.00044178355512086275,-1.6302393775840565e-08,1.948361762530368e-06,0.00021749383079617174,1.8897946233562088e-22,-3.8532805497856817e-07,1.0629451225101164e-05,1.2654874709974726e-24
24,51,251,0.03125493484414834,-5.712870168489272e-06,0.031255078438682686,2.7730954494828496e-09,-2.7528599172264777e-05,6.320469906727791e-07,6.220124017446719e-20,-0.00044177141510472136,0.00044177147691983656,6.957568767312134e-08,-2.4567667952577642e-05,0.00021304149431926095,1.3228562363493455e-21,1.0587143865546022e-07,1.1087344240389955e-05,-2.342557918535299e-22
24,52,251,0.03124631656128708,1.03602002318622e-05,0.031246488582224903,6.763559936514231e-09,-1.3790832366709058e-05,-1.0046189264020691e-07,1.4283247743766539e-19,-0.0004417948143274395,0.0004417948794462301,-4.324422305629784e-07,6.5644493539576385e-06,0.0002266497970198641,-4.274535457591427e-22,-7.681566699311031e-07,1.0448336809139012e-05,-7.389040733435172e-23
24,53,251,0.031237514523300054,-5.717128191765121e-06,0.0312377133502041,-6.964540119183169e-09,-5.65401379328273e-06,6.37349422679508e-08,-1.612624745263963e-20,-0.00044179098366721535,0.000441791057800845,-1.1380369052228326e-07,3.7117173232358574e-06,0.00021318744603753285,-1.2958591703013993e-21,-1.8345096680020484e-07,1.0144306317870659e-05,4.5557548955908585e-23
24,54,251,0.03125856006910527,-2.800347799559415e-06,0.03125871306991421,-5.317582762340205e-09,-1.5512742580653536e-05,4.5687968569505106e-07,1.197949810767516e-19,-0.00044178850121308886,0.000441788580472615,1.2620320564881205e-07,2.7573177857237594e-07,0.00021299219533474803,-8.234105144623477e-22,-2.1662232838033645e-07,1.046611007667472e-05,-1.5326459370969232e-23
24,55,251,0.03125090054526361,-8.565376641116692e-08,0.03125105824405156,5.005903722554815e-09,8.651889681959866e-06,6.418784890270736e-07,5.989749053837579e-20,-0.0004417874690417877,0.000441787550888634,-2.081350399662858e-07,1.0852829609514033e-05,0.00022303248156270084,-3.869579466872234e-22,-5.766292834627133e-07,1.0563655856610419e-05,-3.163718677493652e-23
24,56,251,0.03123067921788646,3.1157306940639114e-06,0.031230846841562625,6.81643029888623e-10,2.9355770774134347e-06,4.6862990694067674e-07,-5.528999126619305e-20,-0.00044177658125547215,0.0004417766444581998,2.0220678379949032e-08,-1.5167843531644393e-05,0.0002237645738249356,4.049559907191874e-23,3.498801125408218e-07,1.0433522136203912e-05,7.508558994584934e-23
24,57,251,0.03125197894350703,-1.8733193055643604e-06,0.03125217291959436,-1.4380840312860572e-09,9.118588057138012e-06,2.176814719505201e-07,-6.680873944664994e-20,-0.00044179486182080235,0.00044179493829353794,1.0807048614157739e-07,6.287347297797856e-07,0.00021675519398759967,-2.672709538746637e-21,-4.042943796053206e-07,1.0326937314234867e-05,8.225668561483492e-23
24,58,251,0.031237972115051055,-3.4107381877526603e-06,0.031238140575225087,5.747600655756862e-09,-1.2990990767265033e-05,-8.148846849270484e-07,1.3822497816548263e-20,-0.000441779614814675,0.0004417796933007946,3.4836611651748407e-07,1.6063281643727022e-05,0.00023364418267548355,-3.194652815673589e-22,3.7414034583410275e-07,1.0645291460594789e-05,4.907279193090152e-23
24,59,251,0.031247710460860355,8.949383143115342e-06,0.031247873942242682,-9.805658794272088e-09,-4.484908243009241e-06,-9.651516012913012e-07,-2.7644995633096515e-20,-0.00044179500565110874,0.0004417950732178455,2.1932285258308904e-07,-2.267347485340718e-05,0.00021848162374214907,-1.2598630822374718e-21,-1.2228291045514363e-07,1.0636797357727118e-05,-2.699706604794581e-23
24,60,251,0.0312598548381882,1.2954683857714976e-05,0.031259995423971745,-3.5717823229943515e-09,-5.384737642583295e-06,8.915723187906014e-07,1.2440248034893438e-19,-0.0004417841997718864,0.00044178429218695586,-5.031594700677196e-08,1.0948430695899571e-05,0.00022205795427860433,2.0472775086358924e-21,-5.443714612236587e-07,1.0360314500942506e-05,-2.024779953595937e-23
24,61,251,0.031231560117811724,-4.184905944405842e-06,0.03123171628229116,1.0534385836722778e-09,2.7198480021855015e-06,-1.5494646334477886e-07,-6.680873944664994e-20,-0.00044178916194037197,0.00044178923559476434,1.0345982270965098e-07,-2.2218524259012714e-05,0.00022621546776366758,4.499511007991003e-24,1.0294139060821885e-06,1.0219679439397273e-05,-9.547399920080843e-23
24,62,251,0.031228399361921885,1.2686876811787777e-06,0.03122856142136667,2.8064199136159083e-10,-1.0725307113627672e-05,-1.1447825290327366e-07,7.832748762710683e-20,-0.0004417752774763624,0.00044177534998135335,-4.315657257676231e-08,-8.571548376021241e-06,0.0002156794897635752,1.032637776333928e-21,5.561484699712908e-07,1.0276674443643735e-05,-3.262145480793454e-23
24,63,251,0.031246895793400377,3.272380444394297e-06,0.03124705749735457,-3.555947408120476e-09,-5.574763277888313e-06,-1.0163632721275052e-06,-1.0366873362411196e-19,-0.0004417881591115543,0.00044178822335812137,2.2592383554974565e-08,-8.820256617035185e-06,0.00022283808724821744,6.299315411187359e-22,1.2064061949824815e-08,1.09522166969437e-05,3.30432839649337e-23
24,64,251,0.03126788977867394,8.069028762560784e-06,0.03126806227837652,8.233967831677091e-10,1.6512968398112202e-05,-2.0750115899133347e-07,-7.602373799101544e-20,-0.0004417801780129258,0.00044178025726687503,-2.0106836737250307e-08,6.495783648334399e-06,0.000223418445603421,-4.499511007990979e-23,1.1052725085269706e-06,1.0527575651336697e-05,5.933730141788094e-23
24,65,251,0.03125825056083381,2.688632069910679e-06,0.03125841653044333,3.0194768255244948e-09,-3.47613117141941e-06,1.2700559311239699e-06,-9.675748471583783e-20,-0.0004417800272549599,0.00044178009896630733,-2.513269878386622e-07,-3.3166126884350566e-08,0.00021252377819596548,-2.3172481691153496e-21,-8.418243073590832e-07,1.0342586248295106e-05,-1.518584965196953e-23
24,66,251,0.0312350179474589,-1.7789637881787805e-06,0.031235175225544264,3.236916973252264e-09,-8.632350513740079e-06,-3.8794126656990766e-08,1.8429997088731014e-20,-0.0004417777758120832,0.0004417778511092544,-2.2952576009253078e-08,1.486058638928481e-05,0.00022641990846209348,2.3982393672591874e-21,8.002601606885876e-08,1.1224679013323788e-05,6.397742214487161e-23
24,67,251,0.0312741223399039,-3.3422263529442634e-07,0.031274283279688966,-9.067463511115502e-10,1.5805195321740314e-05,-7.3438643607312e-07,2.3037496360913764e-20,-0.000441782531487678,0.0004417825811653194,4.891381683285887e-09,5.640615921232345e-06,0.00021809429123460151,-5.82686675534831e-22,1.898223092235629e-07,1.125960793741682e-05,-8.605314802782738e-23
24,68,251,0.031242468061052985,3.4579462831121677e-06,0.03124260881252028,-2.503600882443528e-09,1.3491351768460352e-05,-2.248132127319062e-07,9.675748471583784e-20,-0.0004417859764849295,0.00044178603906887596,-2.4052688607935026e-09,-2.2470401878610258e-05,0.00022482112256575374,4.274535457591421e-22,2.5735893321495834e-07,1.0904250837613068e-05,5.624388759988874e-25
24,69,251,0.031250823496046874,5.880021699421472e-06,0.03125098529889363,1.006532764433397e-09,3.5967242275735227e-06,1.130556821981064e-06,-7.602373799101546e-20,-0.00044178556953237334,0.0004417856335094861,-9.096327574792754e-08,-5.978255176006345e-06,0.00021199645779701508,3.8695794668722323e-22,-1.4649057713277619e-07,1.1250073775587961e-05,-1.5045239932969809e-22
24,70,251,0.031227103130379,5.86495026128217e-06,0.031227277380228787,-1.3051862777505924e-09,-1.6188348581077935e-06,-2.4411166318453987e-07,1.3361747889329988e-19,-0.0004417836110563645,0.00044178370679399823,1.0480915285359625e-07,3.7770707866816154e-05,0.00021525966469717998,-3.334137656921309e-21,-2.2602836908271788e-07,1.0813227597637585e-05,-1.7435605155964986e-23
24,71,251,0.03125357890812028,2.805560747088733e-07,0.03125375470673306,-4.3535383000603616e-09,5.7455087785759584e-06,-4.511435410228385e-07,-5.298624163010167e-20,-0.0004417877892085311,0.00044178785957690305,1.8532126916741102e-07,-2.123386741844798e-05,0.00021697631221861198,-7.761656488784424e-22,3.7067683895594693e-07,1.0178515481726943e-05,-4.190169626191592e-23
28,0,251,0.03312799671235477,5.929049644226729e-06,0.03312812677090873,9.196501192657997e-10,5.329630776219519e-06,1.1830003110676703e-07,3.679700102335016e-20,-0.0005154170047467437,0.0005154170556385968,1.4312842729686294e-07,-3.964932037598776e-06,0.0001789490315535506,-8.099119814383746e-22,3.2916575645065704e-07,1.058478914043237e-05,1.386411829337218e-22
28,1,251,0.033107738220522195,-4.887699426251838e-06,0.033107866543583254,1.1735525875117156e-08,1.4096101437178107e-06,-3.755652376681114e-07,9.979915415723973e-21,-0.000515421144878427,0.0005154211996494719,-3.310418676089089e-08,-5.647552688314601e-07,0.0001807904544933851,3.032670419385915e-21,2.1402449235869137e-07,1.0723372926768322e-05,1.0953497110078018e-22
28,2,251,0.03309120902419885,6.92797406846088e-06,0.033091329380719035,9.805333284655058e-09,4.525620917368323e-06,-2.374633921151045e-08,-2.789696824954404e-21,-0.0005154272462735045,0.0005154273027389019,-7.43912106974917e-08,2.593997421652069e-06,0.00020462210901304784,2.8571894900742656e-22,-2.1654421358441902e-08,1.1009506618424975e-05,-1.7702763622064478e-22
28,3,251,0.0330983295547275,7.941187960272905e-07,0.033098449726522705,3.4680258851184265e-09,-4.2888995991092635e-06,3.496110613875155e-07,3.162256336416055e-20,-0.0005154226732296274,0.0005154227286923256,-3.228669587672571e-08,-2.3860661406197976e-06,0.00019317769773553696,9.7189437772605e-22,1.279438764805323e-06,1.0668593288910272e-05,5.49784001288897e-23
28,4,251,0.03309913066540862,-7.778329778123379e-06,0.03309926423631938,1.1408192238945558e-09,-3.3726636247521992e-06,1.9281678893685695e-07,1.2958591703014001e-20,-0.00051541113605122,0.0005154111957532115,-2.0264652889190074e-07,1.0474910856796432e-06,0.00019543289376352252,-8.00912959422393e-22,5.746830147373914e-07,1.050311725011327e-05,-1.2978277063673958e-22
28,5,251,0.03311591385677672,-1.4146710997494043e-05,0.033116038021507026,-9.836525910277178e-09,2.557815575388987e-06,8.462155739851608e-08,2.5620215679500595e-20,-0.000515418003092997,0.0005154180490687934,1.686497260252431e-07,1.1499694632715597e-05,0.000184997498309786,-2.0517770196438826e-21,-9.656770881801188e-07,1.0423262579799135e-05,3.5996088063927773e-23
28,6,251,0.03309984386752427,-7.315551290403343e-06,0.0330999698432744,-9.752513257634079e-11,-3.5820890559973633e-06,-1.7599556478335688e-08,1.2706619086566502e-20,-0.0005154201024716824,0.0005154201552498538,1.6990381599657148e-08,3.2956691982196453e-06,0.00019582376852851245,3.1001630845057787e-21,-4.1353928186519776e-08,1.0316021143897213e-05,1.5607678808968688e-23
28,7,251,0.03310067733110515,-1.6880303758313859e-06,0.03310079906253,4.752164118745356e-09,-1.1995194775445094e-06,-2.8800259443389885e-07,3.1496577055936776e-22,-0.0005154157471445516,0.0005154158052791042,-1.0060148820120176e-07,-3.781768641406593e-06,0.00018676978981030766,3.860580444856254e-21,6.443161533816473e-07,1.0647567748451418e-05,4.787760931940391e-23
28,8,251,0.0331171826053058,-2.20608100763633e-06,0.03311729343798805,-3.4718197813671368e-09,1.5830837124834997e-07,8.100131728766278e-07,9.907923239596123e-21,-0.0005154140740027681,0.000515414121925952,2.8650238648343294e-07,5.29768535971019e-07,0.0001963570115941899,-1.8043039142043794e-21,-2.743340264429597e-07,1.0014264901987156e-05,-8.113180786283719e-23
28,9,251,0.03311571929806429,3.4198304432171537e-06,0.03311583924975178,-1.440642332243533e-09,8.559166736239077e-06,-5.749248333984667e-07,-3.807486214961959e-20,-0.0005154163460993999,0.0005154163915595853,7.499138326028945e-09,-2.258581166294485e-06,0.00020083436032497536,2.33974572415531e-22,-6.974183442747014e-08,1.0736395031817674e-05,-1.0405119205979125e-22
28,10,251,0.033103747556774824,2.2537633757025094e-06,0.03310387609154913,-1.8250877767841499e-09,-1.4906424312741075e-05,-4.524271767710002e-07,-1.6216237672799458e-20,-0.0005154103917823446,0.0005154104384706712,-1.199463230797906e-07,8.962118254107678e-06,0.00018808927815763604,-4.045060396183883e-21,-2.625171315238867e-07,1.0905110069678152e-05,1.285172831657421e-22
28,11,251,0.03311327136132807,5.541327786549429e-07,0.03311343097060358,-9.903614295233523e-10,6.338851937824059e-06,1.9428165185260605e-07,6.839256732146286e-22,-0.0005154122065377451,0.0005154122630397903,-1.9012347179076177e-07,-1.9189927454977335e-05,0.0001968920777868079,-5.28692543438939e-22,-1.4289103502405097e-07,1.0631714279995745e-05,1.0039533936579855e-22
28,12,251,0.03310638918207659,6.395740028433883e-06,0.03310652542014397,6.974294244156334e-09,-2.502393575503876e-07,3.169937888648686e-07,-1.0582849890794767e-20,-0.0005154109287890149,0.0005154109818447154,-1.916345061308508e-07,-4.233497318267142e-06,0.00019139465535055017,-4.971959663830018e-22,-2.525910481740308e-07,1.0202702681116691e-05,1.7435605155965007e-23
28,13,251,0.033085152211903716,1.8938673111996697e-06,0.03308526695703715,2.7791704592757207e-09,-1.941671317862354e-06,2.6826826801291696e-07,-2.2227584379475402e-20,-0.0005154196949770816,0.0005154197467237856,-2.246300559141056e-07,1.0087019907509306e-05,0.0001951938519974442,1.685066872492619e-21,-7.441167089451242e-07,1.0278302259297283e-05,-2.5028529981949764e-23
28,14,251,0.03311041693480514,-9.300541509990591e-06,0.03311053562022759,-6.985633034339103e-09,-1.2773871965285355e-07,2.499858362823679e-07,1.7224128138589438e-20,-0.0005154208688867924,0.0005154209156790186,8.549012382116054e-08,1.010019552371914e-05,0.00020031118421713474,-6.6142811817467275e-22,3.6403287397964745e-07,1.0383529441667511e-05,-1.3695386630572516e-22
28,15,251,0.033122520019986015,5.963909654044536e-06,0.03312266496074362,7.189021075897124e-09,-1.1790597095948765e-05,4.684799902355645e-08,4.211542303479549e-20,-0.0005154208957590187,0.0005154209513440161,2.6420231063297824e-08,-6.868325245329371e-06,0.00019730816050030328,-1.2598630822374741e-22,-1.4880394628746176e-07,9.760618188918033e-06,-1.625448351636738e-22
28,16,251,0.03308860726400723,-7.402818716799242e-07,0.033088723410851034,3.167226027080169e-09,2.2707836247748986e-06,-4.7693402671354103e-08,3.3647343317756483e-20,-0.0005154149000457924,0.0005154149538361336,-3.4645387067317945e-09,5.198930703721799e-06,0.00019176710956940834,3.464623476153046e-22,1.783329664913815e-07,1.0598576880377277e-05,-6.38368124258719e-23
28,17,251,0.033094402800520506,9.001843818487886e-06,0.03309451445588634,-4.365484373182459e-10,8.96457971102943e-06,-2.9951222584707174e-08,-1.8420998066715035e-20,-0.0005154111267541363,0.0005154111755800899,-2.6959805525704577e-07,-1.5268706025724297e-05,0.0001915515317961742,-2.744701714874492e-22,-7.553366239631404e-07,1.020882650164089e-05,1.678880044856631e-22
28,18,251,0.033100840520950775,4.2832842790318973e-07,0.03310095148941252,4.887149170912051e-10,7.1627094723174e-06,2.4659384495327566e-07,4.760482646454446e-21,-0.0005154180956726882,0.0005154181439506698,-3.5504027873316754e-08,-2.8002493376757307e-08,0.0001927368287323145,9.04401712606185e-22,6.209011755885621e-07,1.076281089430503e-05,-1.3442289136373026e-22
28,19,251,0.0331130133956882,-7.789888889368349e-06,0.03311315525508442,-5.105719549535153e-09,-9.321645619692334e-07,4.996902320665301e-07,-9.979915415723976e-21,-0.0005154151106947581,0.0005154151644217104,-1.0944491627291395e-07,-3.2617863826842436e-06,0.00020575304589271834,2.969677265274041e-21,1.9161547920475082e-07,1.0894701246493708e-05,2.8684382675942446e-23
28,20,251,0.03310807196755555,-1.7928374729869471e-06,0.03310820142336939,-7.52072124221988e-09,3.153523464061476e-06,-5.879498182001985e-07,2.1075709561429706e-20,-0.0005154221390847463,0.0005154221914223869,-1.6477979439667655e-08,5.1882164506901615e-06,0.00019233091536848768,1.984284354524019e-21,1.375790426701317e-07,1.0687435509002774e-05,8.942778128382053e-23
28,21,251,0.033089017307904145,3.3681011886731223e-06,0.03308913875855116,-2.993517086554489e-09,-4.986811399417058e-06,-3.370283943706518e-07,-1.9617867994840635e-20,-0.0005154176830483281,0.0005154177339625582,-3.4422496094690034e-07,1.164439548706799e-05,0.00018636220993073152,-7.154222502705641e-22,-4.999743397763686e-08,1.0451472708313248e-05,8.267851477183409e-23
28,22,251,0.03308534098769841,-2.3304873353768682e-07,0.03308548587330782,2.0368891669742393e-09,-7.927651248228902e-06,5.311527595128666e-07,-3.1874535980608036e-20,-0.0005154201731364951,0.0005154202220930884,2.1977496760812836e-09,-2.7854017939720526e-06,0.00018017367376442522,2.8346919350343103e-22,-2.553154479570287e-07,1.0691203257900926e-05,-1.4117215787571672e-22
28,23,251,0.033122706542064784,-5.092343961777885e-06,0.03312283493187121,-4.1020438363908035e-10,1.6421151224062885e-05,2.65829003286716e-07,-8.612064069294719e-21,-0.0005154201411957454,0.0005154201987798891,-5.22228586438294e-09,-1.6517411728393227e-06,0.00018657251655611765,-3.0146723753539537e-22,9.434379097200724e-08,1.080946760810005e-05,8.759985493682421e-23
28,24,251,0.03310576630236602,5.170956291073056e-07,0.03310590449465035,-2.753529764018584e-09,-7.009178622716658e-07,-1.0946682194595357e-07,1.808353474111571e-20,-0.000515420250201211,0.0005154202918396577,-9.912590848367103e-08,-1.0491115444319089e-05,0.0001930564265556037,-4.814476778550342e-22,2.506273468024596e-07,1.010896580136672e-05,8.408461196183127e-23
28,25,251,0.0331104011941997,1.0116840879717737e-05,0.03311054716562054,3.470077665517929e-09,-8.63905346788268e-06,-2.474766049673866e-07,-1.4506423489762893e-20,-0.0005154126175290526,0.0005154126642917886,3.657481304474307e-07,-5.489697347612735e-06,0.00019549887032373735,3.3566352119612642e-21,8.037757900915169e-09,1.1371744680163932e-05,6.4680470739870044e-24
28,26,251,0.033104984101504545,6.431324033517372e-07,0.03310508818779696,5.988101881285636e-09,1.2151742645322944e-05,1.98798533872301e-08,2.9426801992260915e-21,-0.0005153959201815927,0.0005153959647574804,-1.49284232346539e-07,1.8405386529422706e-06,0.00018528755384108393,1.835800491260316e-21,-3.4892596817694023e-07,1.0115669860079634e-05,-2.699706604794585e-23
28,27,251,0.033106168935878796,4.658407325380822e-06,0.03310630645980032,-2.300949503782447e-09,-1.3019561402327502e-05,-8.208112421171463e-07,-1.4065471410979773e-20,-0.0005154080412535574,0.000515408084119071,2.737219117022372e-09,2.2060771752004074e-07,0.000194380923861973,3.2396479257534992e-22,3.3051590235318673e-07,1.0651639787375371e-05,1.389224023717212e-22
28,28,251,0.03311799665263245,6.249517500052786e-06,0.033118121068321606,-6.630229281456236e-10,3.5136143460128544e-06,-1.2264098157758336e-06,3.365634233977244e-21,-0.0005154235864203099,0.0005154236399453546,-2.5641388378646613e-07,-2.4021892554519126e-06,0.00018636243346050702,2.506227631450971e-21,-2.6624713366938983e-07,1.0765226522202606e-05,-7.325766359885301e-23
28,29,251,0.03311308130441088,-6.75267163161624e-06,0.033113193970249484,1.0661489826386527e-09,3.546871530302341e-06,7.961224515292122e-08,-2.828392619623124e-20,-0.000515408215621432,0.0005154082625288544,-2.039777129527445e-10,3.3411704181868867e-06,0.0001896972299120105,-2.4297359443151247e-22,3.457538006050359e-07,9.798419578335658e-06,5.455657097189053e-23
28,30,251,0.033120823902247215,-5.506256966658453e-06,0.033120933356651464,-5.173255328144387e-09,-1.3399836809216594e-05,4.0061973534433805e-07,-3.410629344057156e-20,-0.0005154232032222297,0.0005154232594681681,-1.6782994063227665e-07,1.9026718749898982e-06,0.0001932985812040641,-6.074339860787807e-22,3.454759934539494e-07,1.081722434388217e-05,1.1529996957976865e-22
28,31,251,0.03309912896044347,8.70404616848151e-06,0.033099251410408426,1.3544942951886123e-08,-2.293333082099743e-05,1.0701491351803872e-07,-4.499511007990992e-22,-0.0005154258506677571,0.0005154258943659905,1.7306820071656053e-07,-2.115473168070445e-05,0.00020269882313721005,2.6389632061867046e-21,-5.440320984291716e-07,1.0491226836194817e-05,4.133925738591706e-23
28,32,251,0.033102671046116444,6.258802763015706e-06,0.03310279551139375,9.627903183606266e-10,-1.0005175411665423e-05,4.5425026199410786e-07,2.1993609807059866e-20,-0.0005154171183904497,0.0005154171688269881,1.6483432111388038e-07,-6.893584090921436e-06,0.0001940157386282978,-4.31953056767133e-22,-4.753069887168545e-07,1.0225108892730093e-05,-2.8121943799946167e-25
28,33,251,0.03309773216650351,-5.013887054905921e-06,0.03309785828739018,-3.2688743133459614e-09,-1.2858701659609823e-05,-4.967228493690345e-07,-6.5602870496508325e-21,-0.0005154131574735141,0.0005154132108302693,-4.2421010500889614e-07,-1.9533380209408663e-06,0.000209759475410461,2.1057711517397738e-21,5.202727339968225e-08,1.0675394333810897e-05,6.102461804587755e-23
28,34,251,0.033106340180420094,-2.8289515766366656e-06,0.03310645949768192,-5.0885521434594106e-09,-8.740379189880236e-06,-8.310263818889372e-07,1.7404108578909076e-20,-0.0005154377015729482,0.0005154377419007672,-1.730379276436257e-07,-1.382609757700676e-06,0.00019486393283242435,-1.7998044031963907e-22,2.911522340206964e-07,1.0509733387139814e-05,1.5860776303168176e-22
28,35,251,0.033103832718320486,1.5520790058691986e-06,0.03310396067165407,-3.1095583695917712e-09,-1.4533879420734566e-06,5.093201008940591e-08,3.793087779736389e-20,-0.0005154188146311583,0.0005154188646479377,8.838887699458116e-08,-9.686863963704459e-06,0.00018853042480910834,-1.484838632637019e-22,4.3195571026804227e-07,1.0010301620719719e-05,-5.090071827789787e-23
28,36,251,0.03310942591146602,7.871985076939058e-06,0.03310953826099025,-3.8436517089724217e-10,5.055388975117822e-06,-1.9415906283345151e-07,1.8016042075995848e-20,-0.0005154335890857704,0.0005154336335996202,1.8247438819346175e-08,-6.207843125795986e-06,0.00019655278815688726,9.898924217580112e-23,-1.369407321800811e-07,1.0304753625813154e-05,1.8785458458362307e-22
28,37,251,0.03309719510760449,-3.1381017549034215e-06,0.03309733289393345,-2.0898528582049964e-10,1.319381513517241e-05,3.7365516325215986e-07,-2.951679221242074e-21,-0.0005154176632254028,0.0005154177167243566,-5.221951037224437e-08,-7.30393277189037e-06,0.00018503001470260552,7.964134484144023e-22,-6.895301806284574e-08,1.0177041041873641e-05,3.1777796493936224e-23
28,38,251,0.033125912477538696,-7.234993575320952e-06,0.03312604522877308,5.238810744326845e-09,2.5170250678160116e-05,-4.628343781868174e-07,-1.1397261383241137e-20,-0.0005154089709468113,0.0005154090306609668,-1.2997242972064993e-07,3.819311386686616e-08,0.00019252865334450767,-7.874144263984198e-22,4.6684739248775327e-07,1.1125509834957976e-05,8.267851477183408e-23
28,39,251,0.033115008213734906,-2.526224327402117e-07,0.0331151538818944,-1.0009643760808868e-09,-2.576208391946478e-06,6.066583948309331e-08,-2.5647212745548543e-20,-0.0005154119598028519,0.0005154120033942338,-1.3633630690942593e-07,1.3475662271262657e-05,0.0002011812282187697,-1.7728073371484426e-21,-7.199354276821006e-07,1.0541772754783995e-05,-2.10914578499578e-24
28,40,251,0.03311370944855263,-8.61141616790283e-06,0.03311384113710354,9.514066288031135e-09,1.0488757320389143e-05,2.3752112605873184e-09,-2.343345332961698e-20,-0.000515406432318727,0.0005154064871000107,-2.972666577232757e-07,-7.609506524985848e-06,0.00018655322177029137,-4.006814552615959e-21,7.706252367170794e-07,9.960890749022718e-06,4.3870232327911995e-23
28,41,251,0.033116626666529585,9.809121558173555e-06,0.03311673668631556,-4.98007179781059e-09,5.558706826977496e-06,4.266277930084036e-08,-3.851581422840267e-21,-0.0005154262605088784,0.0005154263109329637,6.525109267392321e-09,1.4265736719089342e-06,0.00019150852713461586,2.1147701737557581e-22,-2.1750990082663489e-07,1.0343627635195803e-05,-2.3903652229952054e-24
28,42,251,0.033098394791939253,7.821350822580749e-06,0.03309851630383811,7.915041079921403e-09,8.25098739859704e-06,-2.942765102500016e-07,-3.5951092953847865e-20,-0.0005154270999380337,0.0005154271541790084,1.214733385356255e-07,2.362435265328207e-06,0.00020009285356330033,1.7548092931164808e-22,-1.3055968775812294e-07,1.0627739991133037e-05,2.4747310543950314e-23
28,43,251,0.033104951227976284,-1.1217576621117695e-06,0.033105083365042295,2.628460073724518e-09,1.469286403268432e-06,2.3516816161463898e-07,-1.7948549410875986e-20,-0.0005154236140416681,0.0005154236585110535,3.099070509666099e-07,-4.7477474060195534e-06,0.00018696499372942098,1.6153244518687588e-21,-5.391023457120391e-07,1.067929757914252e-05,9.28024145398139e-24
28,44,251,0.0331182117437846,-4.037879794443544e-06,0.03311835550707104,-2.336940325797341e-09,-6.933367677227131e-06,9.483698385748562e-07,-2.87068802309824e-20,-0.0005154206864850284,0.0005154207325895779,-1.044272475074899e-07,-9.2491551435099e-06,0.0001893423316040483,-3.387006911265204e-21,-3.323738836405972e-07,1.0728689638509515e-05,-3.937072131992089e-24
28,45,251,0.033082991726101345,2.8476746602989406e-06,0.033083112608793735,-2.0016557835050896e-10,-2.830460294864096e-06,-3.9887167273633183e-07,-3.725595114616525e-21,-0.0005154159808792303,0.000515416029998548,9.505711227842829e-08,1.4803402994897409e-05,0.00019747129825352445,2.020280442587946e-21,4.6757956235381635e-08,1.057891124360671e-05,1.4679654663570545e-22
28,46,251,0.03308724237855664,-3.105098541610807e-06,0.03308738574621368,4.798788060389398e-09,6.734837406677567e-06,1.600082592174919e-07,-2.0184806381847494e-20,-0.0005154227675984309,0.0005154228229622314,-2.5445722310670584e-08,7.000836043959678e-06,0.00020512048588318562,3.824584356792325e-22,-1.4463615033806e-07,1.0711525291309397e-05,9.983290048979966e-23
28,47,251,0.03310634996625396,1.4256703463546953e-05,0.033106491690978256,4.141720205426128e-10,3.7779774996081496e-06,2.0369033521804364e-07,4.643495360246682e-21,-0.0005154104794313776,0.0005154105254019381,3.170746213134947e-07,1.383701658519369e-06,0.00019398613590838434,-1.741310760092506e-21,1.1024163365324616e-07,1.0503814607280044e-05,-2.093678715905799e-22
28,48,251,0.03312059426935428,-1.5822367653283554e-06,0.0331207004993736,2.1457366686345535e-09,-8.382033177168766e-06,-3.6682619824351364e-07,-1.2985588769061947e-20,-0.000515415738236027,0.0005154157844167605,4.3538390875815796e-08,-1.3476644443865446e-06,0.00018957317104874492,7.379198053105192e-22,-1.7050097697514088e-08,1.0408373923949959e-05,6.707083596286539e-23
28,49,251,0.033115894978632564,-9.980515605219876e-06,0.03311603932004845,3.3817287706915365e-10,6.124122407152347e-06,-1.9995148886843944e-07,-6.704271401906548e-21,-0.0005154148348848293,0.0005154148832499717,6.510168565067491e-09,1.0878477223852696e-05,0.00019677103909048344,-1.01688948780596e-21,6.195049717556323e-07,1.0456447102654893e-05,3.2340235369935083e-23
28,50,251,0.03309235337223189,7.219006313420104e-06,0.033092477652755206,4.998830757337024e-09,-5.718801203848388e-06,-5.351987603926492e-07,-9.125008324205686e-21,-0.0005154105363528821,0.0005154105786981177,-2.1472967677419486e-08,8.392345639726877e-06,0.00020018204012179467,9.718943777260499e-22,3.380061898882122e-07,1.070295655995392e-05,5.455657097189051e-23
28,51,251,0.033109092324968024,-4.00289522172034e-06,0.03310922899098405,-1.699640307729554e-09,1.4520022852711803e-05,3.5758457417616854e-08,2.4495337927502847e-20,-0.0005154239953169692,0.0005154240542727021,-9.381380186756482e-08,1.2071029018394104e-05,0.0001976645412000198,-1.3813498794532279e-21,-5.973053557635313e-07,1.0199221244628499e-05,6.882845745036189e-23
28,52,251,0.03307247466877358,-2.5170662490251745e-06,0.033072609248774344,1.4036978607043904e-09,-1.0396876387492104e-06,-5.288554645247646e-07,-1.0078904657899755e-21,-0.0005154381116195243,0.0005154381606857038,2.2922033195317392e-07,-7.453783173102138e-06,0.0001905206126368778,1.5703293417888495e-21,7.091977742927699e-07,1.032593423672401e-05,1.369538663057252e-22
28,53,251,0.033123989273177654,-1.543612858377395e-06,0.033124109106075945,2.4434888309119213e-09,1.1597134429444228e-05,-4.7670196497084847e-07,1.4398435225570672e-22,-0.0005154292783157306,0.0005154293327561608,-5.097782224690907e-08,2.8112646044226163e-05,0.00021169077327982497,-8.189110034543566e-22,-6.109643249431173e-07,1.011009668048944e-05,2.6575236890946674e-23
28,54,251,0.03311094074380725,5.406632139952093e-06,0.03311107044473872,-2.4816298422166314e-09,-1.6772730475049396e-06,-2.1837891743067708e-08,-5.336420055477292e-21,-0.0005154071387719073,0.0005154071954425702,1.859851284778789e-07,-7.803112730247388e-06,0.00018876592376582775,-1.376850368445237e-21,1.2228244904503645e-07,1.1114542100015641e-05,-3.9370721319921096e-24
28,55,251,0.03312256532952742,1.0752838779099418e-05,0.0331226949330442,1.0600523467120191e-08,5.086959251431651e-06,4.3660284827367236e-07,4.013563819127947e-21,-0.0005154227166517021,0.0005154227631853515,-1.554244583318557e-07,2.2499596887687804e-05,0.0002000499769218915,5.444408319669074e-22,-1.5831811165380131e-07,1.0711784290000731e-05,1.2795484428974316e-23
28,56,251,0.03309146026969252,3.6161345968762612e-06,0.0330915805780524,-5.906257653999572e-10,-6.516353252492398e-06,-5.402149349471366e-07,1.071783522103449e-20,-0.0005154195503680214,0.000515419609406149,8.386080986757778e-08,-2.6284869367546097e-05,0.00018942346199746034,-1.4533420555810832e-21,1.3417717279072676e-06,1.0958973683986388e-05,-1.5973264078367946e-22
28,57,251,0.03309537199180214,3.5439464845237664e-07,0.03309550364938297,-2.6156550608958266e-09,-6.470715952192617e-06,-1.4808956442875607e-07,-8.643560646350657e-21,-0.0005154229196521743,0.0005154229818556386,-1.0386334520501426e-07,-1.2881820524708244e-06,0.0001875695900016936,1.408346945501174e-21,-2.754422511366866e-07,1.0924859211065917e-05,2.1653896725956542e-23
28,58,251,0.033124400094774395,7.969141065996106e-06,0.0331245299155906,-6.71791639780889e-10,4.445552271276664e-06,-4.098162181780864e-07,-1.551431395555287e-20,-0.0005154106041925439,0.0005154106515189259,1.0822869821764735e-07,1.2143033432941177e-06,0.00020096241853704717,4.9494621087900846e-23,-7.832877323916354e-07,1.0703590395322087e-05,1.7280934465065323e-22
28,59,251,0.03312431242572154,9.335167690057223e-06,0.033124429077265545,-1.0804990754470449e-08,1.1094817576753866e-05,-1.1475540965590953e-07,-4.571503184118828e-21,-0.0005154152800854818,0.0005154153350479767,6.9620996627364226e-09,3.0300394876700526e-05,0.00019323537525445396,6.479295851506997e-22,-8.94033170384983e-07,1.0354971186172694e-05,-2.91062118329416e-23
28,60,251,0.03310679003752162,3.922740571383401e-06,0.03310690022634136,-7.518951196377568e-09,4.144757268581662e-06,-4.5638521619204766e-07,-2.1606651860372643e-20,-0.0005154193434408908,0.0005154193951581543,-1.805059665073055e-07,-1.117386988916827e-06,0.0001935958704187167,-6.344310521267269e-22,-3.629775652963688e-07,1.0568119685733729e-05,6.94612011858606e-23
28,61,251,0.03311576755947118,-3.7849337282538057e-06,0.03311589611322397,-5.921961348166082e-10,1.2870113877255966e-06,-7.08494849974268e-07,-5.0808478302234044e-20,-0.0005154214567703894,0.0005154215021309743,-3.304291718178363e-07,-4.61244976607596e-06,0.00019542886062914167,1.6018259188447862e-21,-5.560574526077163e-07,1.0757897660477118e-05,3.9089501881921546e-23
28,62,251,0.033113285210398344,5.86380723136532e-06,0.033113414094744144,-9.020353190595236e-10,6.3547793829997925e-06,9.972438158300264e-07,5.273426901365415e-21,-0.0005154195099772253,0.0005154195597963468,-2.1441398833193777e-07,-1.6335746634091262e-05,0.00019129807887359584,5.309422989429341e-22,-9.43033364610923e-08,9.252365557162452e-06,5.399413209589165e-23
28,63,251,0.03312246500630676,-4.096691685478024e-06,0.0331225869827956,-2.5243606734348477e-09,-9.873328374238344e-06,-2.991886909408101e-08,1.0708836199018502e-21,-0.0005154300835581971,0.0005154301283988495,-8.738567165074878e-08,-2.3749387102107643e-07,0.00019130073523265944,4.409520787831153e-22,7.419554881075315e-07,1.026541183411471e-05,1.2514264990974879e-23
28,64,251,0.033091573158201944,2.761239237602191e-06,0.033091684493362444,-4.770342058187611e-09,6.453924729620441e-06,-9.536753989684108e-08,-6.074339860787812e-21,-0.0005154186568322222,0.0005154187094886508,2.7937556630023884e-07,-7.96113732020466e-06,0.00018547566103524994,1.4758396106210388e-21,-4.4621190649426517e-07,1.0712573207359872e-05,1.687316627996613e-23
28,65,251,0.03311279258362214,6.639044149577409e-06,0.033112926716875615,7.667051234073686e-10,-1.385189373215557e-05,-1.8150761854754224e-07,-3.9343724253873054e-20,-0.0005154153984863745,0.0005154154503852207,-8.857699448625101e-08,-8.478725606961214e-07,0.00018370602630942762,8.099119814383743e-22,-4.5474518180183946e-07,1.09988122337173e-05,-5.793120422788373e-23
28,66,251,0.03309841514200104,4.544005444848141e-06,0.03309851765947451,-5.4462014788116896e-11,8.117047063642856e-07,-2.6468442931498226e-07,-4.283534479607407e-21,-0.0005154221778763395,0.0005154222270168393,1.4449415260782152e-07,1.9443617937030405e-06,0.00019865447555125252,2.2497555039955016e-23,2.0642724825076937e-07,1.0074101755384918e-05,-8.324095364783299e-23
28,67,251,0.0330911254030373,-9.052458863312213e-07,0.033091247143995445,3.005220693871161e-09,5.230257721397202e-06,6.672942918363939e-07,1.0204890966123521e-20,-0.0005154132401603504,0.0005154132976228352,-1.1298498155838615e-07,-1.886183166921968e-07,0.0001976909398026551,1.012389976797969e-21,-5.409506181647864e-07,1.0982810440940304e-05,1.0180143655579574e-22
28,68,251,0.03310218049774305,6.737026903225408e-06,0.03310231896516821,3.869212974061643e-09,5.7240504479602155e-06,4.5096984799332194e-07,-9.277991698477382e-21,-0.0005154261868897448,0.0005154262436943134,-7.19208605533204e-08,-7.654553888354256e-06,0.00018820609846752787,-1.601825918844786e-21,5.529020690584997e-08,1.069189584885053e-05,7.157034697085637e-23
28,69,251,0.03308940943803361,4.4344361102597284e-06,0.03308951654527686,-4.981734892986082e-09,-4.387056998572467e-06,3.366790194406205e-07,-6.569286071666843e-22,-0.0005154294864176558,0.0005154295409296949,5.497426047499984e-08,9.472942224415244e-06,0.00019200377765720499,1.1698728620776526e-21,-1.3677186290529985e-07,1.0420573388062913e-05,-2.2160091714355533e-22
28,70,251,0.033109957231888816,4.896578821703201e-06,0.03311007594186925,-4.141775113880153e-09,-3.933063018806474e-06,-2.0633582476712081e-07,1.139276187223314e-20,-0.0005154099248123167,0.0005154099829650335,-8.240776955693627e-08,-1.0213750526821405e-05,0.000196755240999975,-1.9437887554520997e-21,3.7291465615905407e-07,1.0071542632612598e-05,-6.62271776488671e-23
28,71,251,0.03310057438263773,1.0590034357069768e-05,0.03310069585483346,2.2912417428712994e-09,-5.146832487537524e-06,1.675020873367951e-07,2.1444669464084965e-20,-0.0005154192551932522,0.0005154193130666255,1.1122318678596743e-07,9.258849083331577e-06,0.00018270281519604782,-2.2677535480274494e-21,1.241444811347736e-07,1.078501631214551e-05,-2.269440864655446e-22
32,0,251,0.03496463616466193,5.526055010522962e-06,0.03496474737587101,-8.263006868594468e-09,-9.746395662967826e-06,-8.922438890375162e-07,-5.291424945397385e-21,-0.000589043350906904,0.0005890433848086735,1.3696927896405403e-07,-9.255782162199389e-06,0.000167215375613044,-8.369090474863205e-22,-1.6929325884286647e-06,1.0715503757399466e-05,-1.3357923304973193e-23
32,1,251,0.03498128574894961,7.708290405341349e-07,0.03498139071461092,3.921068138976932e-10,1.1822179241439212e-06,8.118279588559847e-07,-7.70316284568054e-21,-0.0005890323292281854,0.0005890323670942905,-1.6866097241039292e-07,2.0460989726043435e-06,0.00016665529581748678,-1.0348875318379234e-21,-5.510920757248319e-08,1.0270439010974378e-05,-7.339827331785272e-23
32,2,251,0.03498543116581919,-6.589816241474755e-06,0.03498554333004705,6.758353579485859e-10,-9.657775857652418e-07,-8.984049351419344e-07,5.588392671924788e-21,-0.0005890512271452654,0.0005890512607529883,1.566558996079233e-07,9.821182018430416e-06,0.0001699081123463176,-2.6097163846347625e-21,-2.4775210492512995e-07,1.0357995610691628e-05,-3.2902674245934e-23
32,3,251,0.03497984786170952,-6.673013870353926e-06,0.0349799428863025,6.8848475768332886e-09,1.1303955000286474e-05,1.496618431760003e-06,7.230714189841496e-21,-0.0005890545326877661,0.0005890545754584817,-1.3213612502824195e-07,-3.0874829737669295e-06,0.00016822648167814984,-6.11933497086772e-22,-1.232813195268607e-07,1.1360453960565271e-05,1.5748288527968403e-23
32,4,251,0.0349871327132606,-3.9249055826837636e-06,0.034987241703292385,2.7692028918163957e-10,-3.577769844292897e-06,7.837154564044058e-08,1.4686403930082523e-20,-0.0005890548179009022,0.0005890548609065264,-1.6800877265454272e-07,-2.1236365072009974e-06,0.00016692916731396402,-1.52983374271693e-21,-6.664288012900305e-08,1.0739575666563689e-05,-1.0208265599379516e-22
32,5,251,0.034973891637118865,-4.270043884850145e-06,0.034973993806152036,2.805049152701446e-09,-3.3594504763049235e-06,-4.728067797022445e-08,4.958461130806051e-20,-0.0005890515174184634,0.0005890515555516609,-8.88385361689895e-08,7.602131763302453e-06,0.0001774151478226623,-1.3948484124772062e-22,-4.890839776392885e-07,1.0349143747801867e-05,-9.547399920080843e-23
32,6,251,0.03497763778228754,2.7036377742828025e-06,0.03497773976792182,1.003969596430894e-10,4.854959060002863e-06,-1.3556247908318259e-06,-3.427502510337122e-20,-0.0005890468318083536,0.0005890468705693228,-2.631481968176702e-07,-7.60726262946687e-06,0.00017226742466286668,2.2947506140753948e-21,-3.9596447104716536e-07,1.0713626243528486e-05,5.21662057488953e-23
32,7,251,0.03498080202292681,-8.441075452785068e-06,0.03498091725744273,-5.77379497402492e-10,1.80369820897531e-06,3.147896954835816e-07,2.6727095387466368e-21,-0.0005890603763997092,0.0005890604206735414,1.9296734499286117e-08,7.730840671975632e-06,0.00016367995731536385,-1.5298337427169304e-21,7.741265341371196e-07,1.0649413741006444e-05,-2.812194379994357e-23
32,8,251,0.034995108362997164,-2.006167526869571e-06,0.0349952156893065,5.744118898606292e-09,-9.273894795406275e-06,1.3025924467266236e-07,1.727812227068536e-21,-0.0005890366140824463,0.0005890366574910506,2.0814242896951653e-07,-2.3272184962336995e-05,0.0001676646575862114,1.3678513464292546e-21,-7.572372916291713e-07,1.096811188578711e-05,8.858412296982261e-24
32,9,251,0.03497344867070947,-3.9661319309422424e-06,0.034973552981499435,-1.4889508088409355e-08,-1.2771586456893527e-05,6.802261494624383e-07,2.573720296570835e-21,-0.0005890474448026158,0.0005890474888963087,3.268157447843362e-07,3.3484375506116413e-06,0.00017563565704461925,7.5591784934248325e-22,-1.0762871890270703e-07,1.0647426746486242e-05,2.221633560195542e-23
32,10,251,0.03498555858828325,1.9259411452090364e-06,0.034985658280378515,6.4368806406606114e-09,-1.1454059053628335e-05,-1.5757546441734676e-07,-2.6835083651658156e-20,-0.0005890391274017672,0.0005890391645891457,8.115190744278327e-08,1.953765362591601e-06,0.0001864447586919297,1.6558200509406775e-21,-1.4873842993283774e-06,1.0707338500014601e-05,4.7104255864905486e-23
32,11,251,0.03498856317055444,1.965456276279624e-06,0.03498868082685884,5.572030476495882e-09,4.3019245395134515e-06,-1.0516748089401847e-07,-1.1901206616136119e-20,-0.0005890506508421335,0.0005890506930528308,1.2502579004277456e-07,2.2331123244917127e-05,0.00017804987290435451,-2.510727142458962e-21,-1.3034098656387252e-07,1.0865837688657332e-05,-4.0354989352919005e-23
32,12,251,0.03498576171741029,-4.776612927694662e-06,0.03498586095594573,-7.232947969865936e-10,-6.274251802633038e-06,1.0514124034659696e-06,-2.3487447461712917e-21,-0.0005890561867324077,0.0005890562225173799,5.3547464484756e-07,1.0374892867385388e-05,0.00017454827679871682,-2.389240345243206e-21,-5.485343228128381e-09,1.0439678849332726e-05,1.6472428580816946e-22
32,13,251,0.03497919524603331,-5.056343876159639e-06,0.03497929417544481,-6.017070030138284e-09,6.307313545548193e-06,-2.2560107255149773e-07,2.9224323996901353e-20,-0.0005890474311931886,0.0005890474704514811,-1.7019559534214555e-07,-3.283884872392115e-06,0.00017524909248440158,2.5512227415308803e-21,2.8924744467280236e-07,1.0510396737913199e-05,1.2401777215775115e-22
32,14,251,0.03495718720791143,5.343341337263941e-06,0.034957302486956984,-4.609708378951211e-09,-8.490009181082513e-06,8.522612282074438e-08,-4.949462108790109e-22,-0.0005890354924612489,0.0005890355364504734,-3.4512376801168463e-07,6.79417872219292e-06,0.00016631113482588224,-2.4207369222991423e-21,4.833985105813459e-07,1.0327211515742736e-05,5.005705996389956e-23
32,15,251,0.034975033476496956,1.3884416256972104e-06,0.034975144571760784,6.835161757281848e-09,1.529761860376459e-05,-5.250866389831166e-07,-1.2319661139879277e-20,-0.0005890582012531354,0.0005890582369074244,-1.8733794244512953e-07,-7.065031187568433e-07,0.00017247319370943643,8.121617369423703e-22,-6.61410211569963e-07,1.1148336669134442e-05,9.744253526680449e-23
32,16,251,0.03497992665785698,1.3206603676043756e-06,0.03498004660418283,9.382168679384277e-09,-3.5583689540520675e-06,1.535262454018157e-08,-1.9212912004121448e-20,-0.0005890513142353943,0.000589051347996156,-7.236284196909299e-08,-3.4244007584182e-06,0.00017245741660075286,2.4747310543950343e-22,-2.809419202634237e-07,1.0108935708389532e-05,-1.3217313585973474e-23
32,17,251,0.03496690738733819,-4.708754266805537e-06,0.03496700628184832,4.906222008180774e-10,-1.6878788496659553e-06,-1.0132993165714272e-06,3.0322204682851143e-20,-0.0005890534237414458,0.0005890534649736511,-3.288594257360221e-07,1.2288069281749667e-05,0.00017226456903340881,-2.555722252538872e-21,-9.010448795552539e-07,1.0334310066748416e-05,-1.2654874709974606e-24
32,18,251,0.03497226015911602,4.757805577947742e-06,0.0349723442505592,-1.3903542305389682e-09,5.64451960021443e-06,-1.1023185582716263e-06,-1.5685295373856527e-20,-0.000589049757644862,0.0005890497911492571,6.738096972889204e-08,-8.617268657619676e-06,0.0001763351582588469,7.3342029430252785e-22,1.1051268693829633e-06,1.0535875826844073e-05,-8.999022015981948e-24
32,19,251,0.034985695749154964,-2.256324316322964e-06,0.034985808614469704,4.151021270690717e-09,5.263724732539094e-06,-2.99042533683852e-07,1.0821323974218291e-20,-0.0005890647437822665,0.0005890647831690464,-5.638569768955607e-08,7.546623107857503e-06,0.00017264616602301544,4.960710886310046e-21,1.0690529749999772e-06,1.1200635370743353e-05,-1.6275574974217343e-22
32,20,251,0.034977115515815456,2.424018041383712e-06,0.03497721497468177,2.859271454267278e-09,-1.322957545886211e-05,2.0186994093170076e-07,-1.300358681309392e-21,-0.0005890592044849542,0.0005890592384943955,-3.2218057929407675e-08,-1.1698077970652635e-05,0.0001770927279538007,-1.651320539932686e-21,-3.3670015370137575e-07,1.0126525817583725e-05,9.491156032480967e-24
32,21,251,0.03496894744226633,3.3760387304171917e-06,0.034969057777823706,-1.7627051716231804e-09,1.0863907628914313e-05,3.526229213457616e-07,3.7120965815925525e-21,-0.000589050756482826,0.0005890507953682046,-2.423552272252394e-07,3.8256874355851675e-06,0.00016959769731224298,1.1293772630057337e-21,3.5672183861653287e-07,9.960598320010618e-06,-2.221633560195542e-22
32,22,251,0.03497998717770359,7.100257025069268e-06,0.03498009246670907,-3.731635463879226e-10,-2.4786409853650905e-06,-9.17217761520471e-08,1.9577372395768714e-20,-0.0005890544247664768,0.0005890544572306251,-2.4574461968886474e-07,5.815383262392562e-06,0.0001739872747362859,-8.099119814383746e-22,-1.2704828115235378e-07,1.0797677059923836e-05,-1.0194204627479545e-22
32,23,251,0.03498184342883456,1.1005148918598295e-06,0.03498191936570695,6.214503367077076e-10,-5.682625659607611e-06,2.48166635211952e-07,-3.605908121803965e-20,-0.0005890490063236537,0.0005890490462881126,-6.033979208576335e-08,1.7801946894598813e-06,0.00016923681103207474,6.749266511986455e-22,4.982070683400212e-07,1.0668440956962793e-05,1.3821935377672267e-22
32,24,251,0.03499694500566629,-2.9222494069062033e-06,0.034997055476836354,1.0405765238139238e-09,2.1598059569787283e-05,-9.173811676154704e-09,6.618780692754714e-21,-0.000589054635741074,0.0005890546857133481,-1.6379264403210577e-07,1.2212360496653605e-05,0.000188228640493569,9.943919327660049e-22,-6.850186260903599e-07,1.0155889630885417e-05,-6.580534849186797e-23
32,25,251,0.03497506679998899,1.0949985745829349e-06,0.03497517137566073,-7.073153577085332e-10,7.375934039553045e-06,6.265022658937718e-07,-2.3257972400305334e-20,-0.0005890594219284548,0.0005890594599372705,2.4374426344270335e-07,-5.814180580299832e-06,0.0001620420181642034,-2.087773107707811e-21,2.3914209620929654e-07,1.0308626381621358e-05,-5.764998478988433e-23
32,26,251,0.03498387234101124,1.0850672337287714e-05,0.034983991491682166,8.811979892763276e-09,1.9842764935106763e-05,2.130522191644381e-07,-9.734692065788465e-21,-0.0005890495098363165,0.0005890495479766018,1.046309518476095e-07,5.080942957191448e-06,0.00016611826818406557,-8.999022015982199e-24,3.045962468125819e-07,1.0008066805481245e-05,1.659194684196671e-23
32,27,251,0.034987057974792506,5.642610792653734e-07,0.03498716326247806,5.626353045638551e-10,-3.863916933398998e-06,-4.720102192462336e-07,3.247747045567883e-20,-0.0005890643463543463,0.0005890643914441444,1.667103881804965e-08,-3.0047642045348515e-06,0.00017479430310019483,5.489403429748984e-22,-1.5140580101892302e-09,9.90021250142224e-06,-9.252119510181432e-23
32,28,251,0.03497723907869024,-1.972345063568321e-06,0.034977341210241535,-6.604179471871529e-09,-2.5818931991288894e-06,-5.916644361866012e-07,2.623214917658735e-21,-0.0005890591805791139,0.000589059214798045,1.0908363605845717e-07,-1.051880669207583e-05,0.0001788807426575323,6.479295851506997e-22,1.9399486969314777e-07,1.019304892728118e-05,8.000693011083949e-23
32,29,251,0.03498522077673759,3.015180892891837e-06,0.034985323507674006,8.65000078548231e-09,5.182093977528853e-06,1.3202833778559296e-07,2.229057753358727e-20,-0.0005890327654851872,0.0005890328001865682,-8.690333913280545e-08,1.0205218577705053e-05,0.00016202437847631553,-1.1811216395976298e-21,-5.109719855189792e-07,1.0056673018335469e-05,5.708754591388544e-23
32,30,251,0.03497689921486021,-3.8054577589815284e-07,0.034976992770714074,-6.05836899368564e-10,-6.087689638233467e-06,-7.176059161585918e-07,1.3543528134052843e-21,-0.0005890432027828872,0.0005890432384827584,1.2240006488245015e-08,-2.8332442367340538e-06,0.00017183841711852953,1.6648190729566592e-21,1.934213256145598e-07,1.0806368709216719e-05,-9.898924217580139e-23
32,31,251,0.034980997109859975,8.908074552590763e-06,0.03498110773353783,4.163992875771739e-09,8.241754396671644e-06,-2.9636971670056097e-07,1.8690968727194496e-20,-0.0005890516126272659,0.0005890516583085724,3.4948538442580554e-08,5.693966480562433e-06,0.00017034992784183283,-3.4646234761530486e-21,2.6838929879416637e-07,1.027325027223946e-05,3.2621454807934554e-23
32,32,251,0.03495305093479909,-2.882644318197741e-07,0.03495317087650358,-1.6413765620868713e-08,-6.223619809162459e-06,-4.763113836828998e-08,2.033778975611918e-21,-0.0005890576069500884,0.0005890576505303653,-7.588144304922093e-08,-7.286327958327612e-06,0.0001647013199740626,1.0123899767979684e-21,8.448377768741798e-07,1.091341238699795e-05,-3.937072131992099e-23
32,33,251,0.03496658240293362,8.553628341494206e-07,0.03496667176577364,-5.301971542653257e-09,2.2968423498630833e-06,6.75997029274449e-07,-2.585644000742012e-20,-0.0005890369029921272,0.0005890369476686555,-1.1489694738473914e-07,4.977597958809894e-06,0.00017115413266860147,-1.790805381180407e-21,-7.114626432344101e-07,1.0785567840771461e-05,-4.752608502190463e-23
32,34,251,0.0349845094777321,3.3995227235019807e-06,0.03498461481812004,1.933454095668584e-09,5.486179203907607e-07,-3.325178148256171e-07,3.42412787708113e-21,-0.0005890422792079584,0.0005890423182135967,5.064721771981928e-08,3.821214446725497e-06,0.00017741016987735561,3.689599026552596e-22,-2.980057312799203e-07,1.1135143838458882e-05,2.1935116163955974e-23
32,35,251,0.03497596144144486,6.848924762766219e-06,0.034976079053916954,-4.988059931490773e-09,1.1561233230149965e-05,7.664555641570638e-07,3.210851055302356e-20,-0.0005890499748131912,0.0005890500136048365,2.442133217842708e-07,-9.376000830883027e-06,0.00018350368478700543,-1.6918161390046054e-21,6.53593208050466e-07,1.0826660063237697e-05,3.880828244392213e-23
32,36,251,0.03496625195000137,-3.894447919119228e-06,0.03496636874639604,-8.715199725925858e-09,-1.2640157473069903e-06,2.1912545387727422e-07,-1.3719009063364474e-20,-0.000589048476617973,0.000589048516657988,1.748881220654592e-08,-1.2065016056985676e-05,0.00017244425740084148,1.5692044640368508e-21,-5.946691690200427e-07,9.944307334888057e-06,5.10413279968976e-23
32,37,251,0.034981791659840104,6.924425100267469e-06,0.03498189167333431,6.9645959991081265e-09,-8.539219939589535e-06,-2.0659359302570185e-07,4.0513597115950705e-20,-0.000589046663491606,0.0005890467041274393,7.403652683101382e-08,1.1899115835761782e-05,0.00016452343637829816,-1.6738180949726413e-21,-1.0278522273159956e-06,1.0557216807501266e-05,-1.0109838796079712e-22
32,38,251,0.03497380354946773,9.054644249418335e-06,0.03497390111197606,4.924440636018791e-10,7.688272783499046e-07,1.277093882069363e-06,-1.9163417383033545e-20,-0.0005890628753196437,0.0005890629146759584,-1.5431452093041608e-07,6.872888913001978e-06,0.00017230771635354445,-2.1552657728276752e-21,5.009133522366162e-07,1.0990714269037213e-05,1.377975246197234e-23
32,39,251,0.03496285978788756,-2.728932398553192e-06,0.03496295813067604,-1.2246770316173095e-08,-3.618194509364954e-06,-4.5771553889324406e-07,3.292742155647793e-20,-0.0005890485529926685,0.0005890485911887692,-2.902339936186516e-07,1.163240306390338e-05,0.0001710623436943181,-6.501793406546952e-22,9.971893897073652e-08,1.0502491502409992e-05,-1.347041108017297e-22
32,40,251,0.03497944944549793,5.634512948678933e-06,0.034979584282677986,1.108565055855694e-08,5.751132215249589e-06,-6.320825901838699e-07,1.562230221974465e-20,-0.0005890338417009964,0.0005890338785216274,-1.3735531475045952e-07,7.249556812208086e-06,0.0001709127846879897,-2.4882295874190064e-21,4.569081644222866e-08,1.0692955502705316e-05,9.870802273780193e-23
32,41,251,0.034955606471708166,-7.234321425994428e-07,0.0349556897061733,-6.805475826095944e-10,3.009554963924297e-06,-1.3111945161179633e-07,1.9005934497753864e-20,-0.0005890552001899235,0.0005890552391995551,1.4976916299402792e-07,-3.2253446248655037e-06,0.0001746997085338533,2.209259904923567e-21,-5.7509199690963966e-08,1.0277370886006231e-05,1.5607678808968706e-23
32,42,251,0.03498977433460336,-7.3246197378233584e-06,0.0349898756966082,-7.721390213798046e-09,-2.3105879127853704e-06,-4.582082200393156e-07,-4.4275188318631186e-21,-0.0005890493687588256,0.0005890494089029084,1.364011128237097e-07,5.572681758762395e-07,0.00016666174856681915,3.41962836607314e-22,4.028962220003295e-07,1.0143742428782505e-05,-1.52983374271693e-22
32,43,251,0.034960854893819476,-1.7556582563542958e-06,0.03496095394166962,-7.736720268399979e-09,-8.101250742193307e-06,2.1179435649781486e-07,5.412911742613138e-21,-0.0005890594056956113,0.0005890594477101628,-1.1894338296693857e-07,3.7242901827828857e-06,0.00017305205001719978,-2.762699758906457e-21,-2.546664052146579e-07,1.0316970314658809e-05,-7.17109566898561e-23
32,44,251,0.03498459669513378,1.27570910962311e-05,0.03498470990967586,7.660147445257087e-09,1.1592810587178537e-05,6.884123020985065e-07,-1.0524356247690881e-20,-0.0005890438117861636,0.0005890438442491063,1.3314109936210373e-07,-1.1289167450649282e-05,0.0001727566285330508,2.3847408342352117e-22,-4.3127825472568124e-07,1.1034269461162306e-05,1.3484472052072942e-22
32,45,251,0.03496013440257291,1.103334610377703e-06,0.03496024171861843,3.5192644901809868e-09,-2.539533478054161e-05,4.43696043411132e-08,1.3435539869861037e-20,-0.0005890507152419635,0.0005890507534640305,5.283603032246978e-09,-4.8455068299627255e-06,0.00017316089270645807,-3.6895990265526016e-22,9.238058299372304e-07,1.0696607973374551e-05,-8.999022015981929e-24
32,46,251,0.0349724127773262,8.160845668647413e-06,0.034972502779429995,6.000246879045429e-10,7.837934117903408e-06,-5.273315204170819e-07,-3.756191789470863e-20,-0.0005890523400447197,0.00058905237611126,1.2107083146763885e-07,-3.1343507130378216e-06,0.0001821351560856602,2.0157809315799556e-21,-2.747028069845134e-07,1.02489831017101e-05,-8.394400224283155e-23
32,47,251,0.03497325741329421,1.9186865780701248e-06,0.03497336129309467,-5.892976339772414e-09,4.503966378625271e-06,-3.5723018691658236e-07,-8.810042553646323e-21,-0.0005890343764451875,0.0005890344212588437,4.99787530031978e-10,8.231880578133118e-06,0.00016892197286181578,2.184512594379616e-21,-2.82201480256886e-07,1.027995978453738e-05,-6.861754287186233e-23
32,48,251,0.03496263252768845,-3.1900025717294407e-06,0.03496275789364469,-7.300197056061728e-09,2.0229749541119332e-06,-5.535097803276123e-07,-1.8868699412010144e-20,-0.0005890523690503793,0.0005890524076585061,-1.1402810441143473e-07,-4.804871225962797e-06,0.00017053593152205592,-3.230648903737517e-21,1.3231293515973125e-06,1.0461815164619703e-05,-1.3076703866973772e-23
32,49,251,0.03499792283906515,6.685625337973766e-06,0.034998034842175396,3.478624821315209e-09,-4.713856798245252e-06,2.3492326095967005e-07,-4.949462108790066e-21,-0.0005890437301867745,0.0005890437682401098,5.8293497232442994e-08,5.2191762742562275e-06,0.00017399908544482088,-2.8931855781381946e-21,3.92323580472765e-07,1.0931569197514489e-05,-6.397742214487164e-23
32,50,251,0.03497441215303499,5.22357965807205e-07,0.034974520556422695,2.5784478436665676e-09,5.176175940747677e-07,-7.062745823639781e-08,1.2445647448103035e-20,-0.0005890543211475427,0.0005890543601189467,-2.3098802955711515e-07,-6.921059922881834e-06,0.00016418045383985094,-1.7593088041244705e-21,1.658171423774585e-07,1.0264515609133162e-05,6.214949579787528e-23
32,51,251,0.03497416498448112,-4.458237016813659e-06,0.03497427243259816,2.6513175277716394e-09,-5.665456538449409e-06,-2.1383076445577514e-07,4.274535457591394e-22,-0.0005890548186750586,0.0005890548544113646,2.487972808954419e-07,2.4448204900107525e-06,0.00016186217208300388,-2.5197261644749464e-22,3.802332772390837e-07,1.0348736828282973e-05,1.2429899159575059e-22
32,52,251,0.034973442552828825,9.904434207421929e-06,0.03497354645757869,2.757356522588625e-10,2.221415929825002e-06,-5.156593536875011e-07,-1.1019302458569888e-20,-0.0005890458857622401,0.0005890459300418013,2.831522520970101e-07,-1.5232783363056112e-05,0.00018399050112441034,-8.774046465582397e-22,3.122268700527785e-07,1.04476963516613e-05,-1.4060971899972004e-24
32,53,251,0.03496115100348334,-1.8330787760814642e-06,0.03496126286643113,4.173401933727537e-09,-1.4117688293010381e-05,-6.799475849152713e-08,-5.831366266356296e-21,-0.0005890469762382042,0.0005890470195589911,2.0042604875441388e-07,2.171407065013238e-06,0.00016767690966312335,-3.0641669964418506e-21,-7.860889526844333e-07,1.0963856313599532e-05,1.1994009030675932e-22
32,54,251,0.034949385318300455,1.4035332982744508e-06,0.03494947870511135,-5.826253578633027e-09,9.921538043577866e-07,5.194880438711536e-07,1.9986827897495898e-20,-0.0005890445261580521,0.000589044565322594,2.710629270880803e-07,-5.030841847891744e-06,0.00017229524728663262,2.4252364333071336e-21,-4.295508822387157e-07,1.0747201976160773e-05,-7.803839404484339e-23
32,55,251,0.03497582384455828,3.6679406332098414e-06,0.03497592865506628,-2.1698088042054106e-09,1.392708085415825e-05,-1.3973034819180258e-07,3.870929320174633e-20,-0.000589047207991224,0.0005890472449482034,-3.6702089297349155e-08,5.249775314342505e-07,0.00017275241086791822,-1.1991196836295939e-21,-9.662453844858823e-07,1.0567627038363627e-05,-2.7643870755344533e-22
32,56,251,0.03496619189806066,-2.0066542157120826e-06,0.03496629754811667,-2.7664916441941894e-09,-1.4514009978862807e-05,-1.667284755901434e-07,-2.6349136462795128e-20,-0.000589052701493913,0.0005890527446398058,6.91462453533265e-08,6.186097435049198e-06,0.00016665740232962525,1.0911314194378107e-21,3.612740419951603e-07,1.0386014167582015e-05,6.833632343386284e-23
32,57,251,0.03494956568972713,5.3932665257997514e-08,0.034949668982578376,9.633285575005523e-09,-2.5352653501195417e-06,7.175571251044976e-07,2.1161200270581537e-20,-0.0005890446454061939,0.0005890446847513453,-4.1811840414486357e-07,-8.623059435002283e-06,0.00016838555272938956,-3.802086801752369e-22,-4.975588455009915e-08,1.0545486902358328e-05,1.819489763856349e-22
32,58,251,0.03494457965527316,8.455798799927291e-06,0.034944673327371965,-1.4991256281703187e-08,-1.1051737330139262e-05,1.0066757279356478e-06,-2.1417672398037025e-20,-0.0005890425998948482,0.0005890426365894087,-5.488237683385985e-08,-5.4220549205908335e-06,0.00017757682310259892,1.925790711420135e-21,-4.3141601913798505e-07,1.0696584625107167e-05,1.6338849347767216e-22
32,59,251,0.03496305563536839,-1.0838506555779395e-05,0.03496316820062522,7.514854160515199e-10,-6.559033109166491e-06,1.293058285537377e-07,9.53896333694084e-22,-0.000589055797773802,0.0005890558318509073,-2.258394375501293e-07,3.7351114967045923e-06,0.00017399176809586723,-3.023671397369932e-21,5.547729715591565e-07,1.0338303024760119e-05,1.6732556560966433e-23
32,60,251,0.03497604763368553,4.8007690907376735e-06,0.03497616543625737,-1.926873640520627e-09,2.374068362178158e-06,7.182940152263097e-08,1.8214020560347454e-20,-0.0005890557603888359,0.000589055799342858,-1.060822950686432e-07,3.112853208845128e-06,0.00018579621022265418,2.6367134506827094e-21,5.966086408563375e-07,1.0249269148464905e-05,-2.165389672595656e-23
32,61,251,0.03498219520621507,-4.208002877259105e-06,0.03498228811028112,-1.0278963062300443e-08,-4.621196584642172e-06,1.06660411080985e-06,2.6799087563594222e-20,-0.0005890464385443256,0.000589046481662536,1.1022865809292702e-07,5.394470760967419e-06,0.0001735783119618853,-6.456798296467042e-22,-4.243022137732323e-08,1.0207360448887278e-05,4.7104255864905474e-23
32,62,251,0.03498310383395992,-1.0956391220309132e-05,0.03498320971839283,-6.233501956628907e-09,7.149899254395757e-06,2.8934345287448e-07,-4.0540594181998645e-21,-0.0005890450145241901,0.000589045052296832,1.257392157920562e-07,5.778786849070942e-06,0.00016592839556046817,2.7671992699144464e-21,-1.1116301069234608e-07,1.0509139848837958e-05,4.668242670790632e-23
32,63,251,0.03498008423209656,-1.2455577486640229e-05,0.03498017929075,5.210665621164212e-09,5.330975155894102e-06,-8.263312748370984e-08,1.2396152827015128e-20,-0.0005890457009286787,0.000589045737064752,-2.8802125665292875e-09,1.4686508518339526e-06,0.0001754679771786394,-2.3442452351632954e-21,2.1780148292838416e-08,1.0239681153061228e-05,2.6856456328946127e-23
32,64,251,0.03495778656549473,8.460865862546857e-06,0.03495789440374018,5.654108558858463e-10,-1.2278428532529205e-05,-8.57317375957954e-08,-2.162240014890061e-20,-0.000589036442624067,0.0005890364837617618,-1.7530470476618795e-08,-1.1417086458280516e-05,0.00016184583291359278,-2.636713450682709e-21,-3.685160029189772e-07,1.0278646248488929e-05,3.908950188192156e-23
32,65,251,0.03497102737731725,5.242232324259523e-06,0.03497112915978128,-1.575617466036145e-08,4.306212780471072e-06,-7.582371416027011e-08,4.063058440215847e-20,-0.0005890489058314038,0.0005890489459742504,2.6025116630284897e-07,-1.2022282825797561e-05,0.00017190363787648264,8.279100254703385e-22,-7.05072675632239e-07,1.0169070688518109e-05,-3.5996088063927773e-23
32,66,251,0.0349624059537605,6.791114370488086e-06,0.03496251305288027,2.304654741345003e-09,9.452585043673816e-06,1.5989510023134938e-07,-3.102412840009775e-20,-0.0005890560378674844,0.0005890560767113063,1.1149476684762474e-07,1.0265487392625251e-05,0.00017515277687283666,3.3296381459133195e-22,-9.551552708075633e-08,1.0238332245882274e-05,7.114851781385725e-23
32,67,251,0.034978648862155674,5.239740137404094e-06,0.034978752439519596,1.1950895250168005e-08,-1.48913042747596e-05,-1.6043775894280492e-07,3.856080933848263e-21,-0.0005890588926212583,0.0005890589293874985,-1.085903656114445e-07,-6.8501509877754005e-06,0.00017452642960479297,1.2148679721575593e-22,4.374480488912887e-07,1.1417784371783386e-05,-9.30836339778132e-23
32,68,251,0.03496930159342199,5.597778729497226e-06,0.03496941621456468,-1.1520942014071437e-08,7.0244335212658175e-06,3.94825444648522e-07,-2.3847408342352168e-21,-0.0005890535706791939,0.0005890536090473183,1.1428392025733919e-08,-2.2060743360315152e-05,0.00017462953211641282,3.1496577055936776e-22,-4.982544711670865e-07,1.0935923278183481e-05,4.3870232327911995e-23
32,69,251,0.03498251805766875,-1.084983235356482e-05,0.03498265626634048,1.04257971802708e-08,4.834695388732783e-06,1.0408731986538249e-08,1.6063254298527768e-20,-0.0005890466365191624,0.0005890466786863575,6.335871961107999e-08,-9.394788002986348e-06,0.00017339348247356271,-1.1698728620776524e-21,4.0387371754120007e-07,1.0638396149044384e-05,-6.397742214487164e-23
32,70,251,0.03496923777741521,1.3649370112756234e-06,0.03496933382071952,-3.0498499904190124e-09,3.9764642055082245e-06,-6.238369019058397e-07,-5.6153897379727384e-21,-0.0005890543486211651,0.0005890543846601849,7.497758526697628e-08,-9.37221230814226e-06,0.00017202724255686763,2.1147701737557537e-22,-7.348725978860849e-07,1.061744209578504e-05,3.290267424593398e-23
32,71,251,0.03495580002218486,-2.2228161808950124e-05,0.03495592457955283,-1.890638489611824e-09,1.2378426958553587e-05,-2.0801057854426367e-07,-1.66931858396465e-20,-0.0005890456249121476,0.000589045668621942,-1.7534338615875206e-07,-1.2400027423644664e-05,0.00017360299826534525,3.1946528156735898e-21,9.971826362286772e-08,1.0383654163665642e-05,-4.8650962773902386e-23
40,0,251,0.03886027528063066,-1.199833012617228e-06,0.03886034220115048,1.0681824254726342e-10,1.3371789567670744e-05,9.682155152482928e-07,5.0070558496923526e-20,-0.0007363071489330382,0.0007363071737003274,7.655906658166443e-08,2.7574088272626382e-06,0.0001356429179406801,1.1383762850217158e-21,1.4002408202861877e-07,1.0129898166600172e-05,-4.358901288991245e-24
40,1,251,0.03886191709010817,7.4821016822854e-06,0.0388619946571102,7.696690632509475e-09,-3.1086530996686247e-06,-3.676561604916307e-07,1.277861126269446e-21,-0.0007362865917220515,0.000736286622536649,2.3024360767213243e-07,8.249710195946003e-06,0.00013941647357687168,-2.2745028145394355e-21,1.1287615061465748e-06,9.991330741596521e-06,5.652510703788658e-23
40,2,251,0.03886443842685979,5.397437065771674e-07,0.03886450672906817,-8.118676343370928e-09,-1.6307122786553306e-05,-5.310743208246228e-07,7.559178493424832e-22,-0.0007363180755481388,0.0007363181047052933,-1.7455328575285187e-07,4.999505225987327e-06,0.00013960745490147145,-4.555754895590854e-22,-8.590248790641353e-08,1.0402768967790598e-05,5.547053414538869e-23
40,3,251,0.03884631752912698,9.41230187760401e-07,0.03884638019905899,-8.603043001008652e-09,5.294532542683992e-06,-4.2806998160626386e-07,3.910974968145753e-20,-0.0007363177967983146,0.0007363178215384137,-1.0655590158085819e-07,5.568920408446155e-06,0.0001400931692900015,-2.857189490074266e-21,-9.320812124468554e-07,1.0403804733677385e-05,2.8121943799943575e-23
40,4,251,0.03885323091877963,-9.375210808218654e-06,0.038853287146654474,9.489106944473396e-09,-1.3840580308255284e-05,3.022596226455655e-07,-2.5773199053772285e-20,-0.0007363140967447788,0.0007363141226660847,3.753935346490059e-08,7.207208277713554e-06,0.00014188188528114739,-1.723312716060542e-21,6.621008222132517e-07,1.0204499062116713e-05,-5.441596125289082e-23
40,5,251,0.0388605698650323,9.17909082077002e-07,0.03886064527514641,-1.0411852058634177e-08,-3.2089801075677417e-06,-3.0714657432901984e-07,9.035018104045874e-21,-0.0007363169541609351,0.0007363169818248101,-3.7638013324156855e-07,8.74249375210622e-07,0.00013425520009444037,-1.2373655271975198e-22,-7.310851981453797e-07,1.1162075438961848e-05,-7.564802882184821e-23
40,6,251,0.0388631944143296,7.551651057263804e-06,0.03886327151096282,6.700597694227733e-09,8.645675518663792e-06,-2.596884136697919e-07,3.554613696312868e-20,-0.0007363258479389696,0.0007363258744389627,3.1043184115085584e-07,-4.574066562080024e-06,0.00014866776996116777,1.8897946233562088e-22,-2.299027000672574e-07,1.0128648613601112e-05,1.763245876256462e-22
40,7,251,0.03885523248430497,-6.577912690550808e-06,0.0388552969407458,6.217121257751646e-09,-4.186360785485265e-06,-1.5213401254043404e-07,7.59517458148876e-21,-0.000736329071183001,0.0007363290981249093,-6.616368580216727e-08,8.959798479994782e-07,0.0001495981648429028,1.1698728620776524e-21,-1.064470950051875e-06,1.0338128457470626e-05,-2.5872188295948085e-23
40,8,251,0.0388592929347409,-6.491387321577036e-07,0.03885935616252806,-3.690255422850241e-09,-4.844535973348322e-06,-4.7461277298875917e-07,-8.261102210671423e-21,-0.0007363137458793836,0.0007363137698192431,1.2436646867645493e-07,-7.0620866234720015e-06,0.0001429025280378441,-2.5107271424589616e-21,7.421732024805551e-07,9.858808969232124e-06,2.8965602113941875e-23
40,9,251,0.0388662329222565,4.658687087193333e-06,0.03886630637069993,3.5766542732655675e-09,-8.391423457768101e-06,6.729117798608492e-07,-9.053016148077829e-21,-0.0007363067017889071,0.0007363067291766557,-3.789534140614828e-08,6.806921748101025e-07,0.0001398131901572924,7.289207832945374e-22,7.087587964246052e-07,1.0589115237906487e-05,-8.731863549882478e-23
40,10,251,0.03884499493240432,-4.4455127874735625e-06,0.03884508833975327,-4.328688718651493e-09,1.7554323239231379e-07,-6.08837494207528e-07,-1.0924812727402078e-20,-0.0007363180388315566,0.0007363180672343163,3.3897205870756127e-07,-1.8085528578809266e-05,0.00013606911955155776,1.867297068316253e-21,-9.883683475513644e-07,1.0291993909201501e-05,1.3371984276873168e-22
40,11,251,0.03885792488337903,5.429318499917775e-06,0.03885800218887663,1.561728231020614e-08,-5.154005323306772e-06,-4.0200070924992867e-07,2.4675318367822476e-20,-0.000736315428241782,0.000736315456034641,-9.761768145623148e-08,9.540525261901547e-07,0.0001371435998790278,2.3172481691153504e-21,-2.8932204388999245e-07,1.012263237873187e-05,-2.3622432791952616e-23
40,12,251,0.03886093813771633,-1.0100338687807851e-06,0.03886099477150661,-3.229572261509593e-09,-1.7078929093490386e-06,5.810155237397487e-07,-1.0510857714666904e-20,-0.0007363137442492935,0.0007363137696299968,-1.3322218650282115e-09,-2.337104017925145e-05,0.00014857968164165098,-5.579393649908805e-22,7.421108816688339e-07,1.0488215702179058e-05,-1.4623410775970664e-23
40,13,251,0.038849020101068533,-1.9639854279561883e-06,0.03884908979790505,-1.2714791420120232e-08,5.885585208128208e-06,8.471299578747619e-07,2.6781089519562276e-20,-0.0007363146345137449,0.000736314656938891,-1.0885747216588488e-07,-4.04347278375339e-06,0.00013841659619789393,-5.061949883989847e-22,-8.985335979450395e-07,1.011751189406962e-05,-4.541693923690887e-23
40,14,251,0.03887654344948725,-2.9702139372981814e-06,0.03887660897254979,-8.835588782219766e-10,1.6049872869378564e-06,4.85477506017926e-08,2.2947506140753957e-20,-0.0007363010042909857,0.0007363010324241411,-1.219301593325682e-07,2.5054744219872676e-06,0.000148667699846703,-1.6558200509406775e-21,-2.6771240522119084e-07,1.0465513535198895e-05,1.2289289440575339e-22
40,15,251,0.03887599481143737,-2.548860849150261e-07,0.03887606905979829,1.1027819227547909e-09,-4.086479013453058e-06,1.957115230628647e-07,-3.8317835744051113e-20,-0.000736313247145245,0.0007363132739235645,-1.635625512241828e-07,3.4455953319063106e-06,0.00013981774324285507,1.4623410775970655e-21,-2.1079563055773325e-07,1.0521829795351633e-05,-2.4887920262950052e-23
40,16,251,0.038873105008580024,2.4066751807158796e-06,0.0388731689068392,8.638147798350187e-09,8.327111450193468e-06,4.525374405419097e-07,4.3357288073000997e-20,-0.0007363138782990749,0.0007363139084478407,1.117075260161876e-07,-3.7061200979636862e-06,0.00013997052239558976,-5.426410275637111e-21,-2.869923581154584e-07,1.0496172732449022e-05,-5.385352237689191e-23
40,17,251,0.03887082707768561,-1.5511930317759039e-06,0.03887090007467732,-1.0543692588275919e-08,4.115275263727277e-06,5.455637381638243e-07,7.901141330032149e-21,-0.0007363152252763467,0.0007363152543295654,-3.2368542884129165e-07,1.2575207711445673e-05,0.00014023547387204761,2.699706604794579e-22,-2.4449476788414995e-07,1.0284952369974414e-05,-9.29430242588135e-23
40,18,251,0.03885753959550422,1.9124902481229863e-06,0.038857614677387714,-1.1768589568448985e-08,1.2809450063097685e-06,4.811874584438463e-07,-5.345419077493269e-21,-0.0007363057795521848,0.0007363058050109718,2.1541427692337303e-07,6.082004396951511e-06,0.00013678706003696726,7.289207832945375e-22,1.3761638308023725e-07,1.0973659596411278e-05,5.750937507088463e-23
40,19,251,0.03886626525795756,1.450619346691356e-06,0.03886634132913197,-7.523433877754806e-10,9.524827817410194e-06,5.480709736937388e-07,3.048868659014682e-20,-0.0007363207450812032,0.0007363207735504189,1.1645345727111679e-07,-8.274251193056842e-07,0.00013750720850081214,3.7795892467124155e-21,6.481585295228434e-08,1.0340775177052745e-05,1.1642484733176635e-22
40,20,251,0.03885575393153998,5.812209313374609e-06,0.03885583476788419,-1.33704022561846e-09,-4.787870426118473e-06,3.9669530937974904e-08,-3.612207437215151e-20,-0.0007363048416911337,0.0007363048702777718,-3.258127855971491e-07,5.733498424166298e-06,0.00013903105961357427,9.42647556174109e-22,-1.6418719180664527e-08,1.07626089583337e-05,-4.260474485691452e-23
40,21,251,0.03886891334569579,-8.024300398949168e-06,0.038868983661469125,-7.318894183791177e-09,3.6346477119219736e-06,-7.393348404628226e-07,5.021454284917924e-21,-0.0007363149685517171,0.000736314996724175,6.776022971512348e-08,-7.5766552893545415e-06,0.00014011638741878135,3.6895990265526007e-22,6.185538091480287e-07,1.1118455734081247e-05,1.2190862637275539e-22
40,22,251,0.03886090412112951,-8.3502710899533e-06,0.038860990828965,5.996174071007677e-11,3.713757222136527e-07,-7.269244561697951e-07,-3.491620542200985e-21,-0.0007363175760986226,0.0007363176006268426,-1.2003148313420996e-07,-7.069279297137133e-06,0.00014373740691959569,-1.4195957230211515e-21,6.002258481207685e-07,1.0952122515486483e-05,1.743560515596502e-23
40,23,251,0.038860985740075425,3.583086052678228e-06,0.03886105385035389,3.6784710977328695e-09,3.169055331009604e-06,-1.0573174361819394e-07,5.543397561844875e-21,-0.0007363026427857497,0.0007363026673246863,-6.982191487257019e-08,-2.401701498099412e-06,0.0001386015806150094,2.5647212745548537e-22,-5.946809882719222e-07,1.034444362928854e-05,-4.611998783190745e-23
40,24,251,0.03887375207599342,5.852036929442432e-06,0.03887381292224556,6.330565647463679e-09,-5.912394934594557e-07,-1.341884431359877e-07,1.8034040120027815e-20,-0.0007363139069195396,0.0007363139382983682,2.9758433836569346e-07,-2.2781233447328595e-06,0.00014157161867778988,1.4308445005411289e-21,-8.496088449490618e-07,1.1185691600531195e-05,-1.476402049497038e-22
40,25,251,0.03887354353541264,-6.085090107195589e-06,0.038873617667294365,-1.172439662748515e-09,-2.6284836784153322e-06,-9.816279930889936e-07,-1.6234235716831428e-20,-0.0007363087344064664,0.0007363087633012003,-1.03077977009286e-08,-8.516347627582686e-06,0.0001376123601836928,-1.3903489014692102e-21,-1.422121638034191e-06,1.1087250752539996e-05,-9.716131582880503e-23
40,26,251,0.038874040348454306,7.563960250484696e-06,0.03887411971570264,-7.903257598413747e-10,-3.4951120266128178e-06,-2.71105163660012e-07,-1.8933942321626017e-20,-0.0007363125560591688,0.0007363125829127409,-1.4487135405396628e-07,-8.162556731850116e-06,0.000138568952131836,1.0236387543179462e-21,-3.8108024317651076e-07,1.0267031084205473e-05,-2.868438267594243e-23
40,27,251,0.03886813101463507,-3.072148779004845e-06,0.038868209332098454,4.5571660361168106e-09,-8.348057662430871e-06,1.0504902043238656e-07,-2.0571764328534714e-20,-0.000736298913501459,0.0007362989395167304,1.3853403374577543e-07,-3.7720175650505324e-06,0.00013472010895515752,-3.2891425468414e-21,2.7242657305281623e-07,1.0078224047066982e-05,5.511900984788941e-23
40,28,251,0.038866421160823256,-8.13945265791678e-06,0.038866500822431566,4.393470046794959e-09,-4.3112591054374196e-06,3.055676964920874e-07,2.6817085607626186e-20,-0.0007363046007350446,0.0007363046303303727,1.1745016303179246e-07,5.100606158792429e-06,0.00014232489418229826,1.304858192317381e-21,-2.8017426816727744e-07,1.1050410091883877e-05,-1.5045239932969806e-23
40,29,251,0.038871779976409775,-4.68679894925329e-06,0.0388718624004524,-7.821488785110348e-09,-3.3698338139848677e-06,3.183460479002856e-07,-3.2396479257535055e-21,-0.000736305907762852,0.00073630593488802,-2.2644032387892124e-07,4.592761474403529e-06,0.00014084203114051122,-4.769481668470429e-22,7.379563273002162e-07,1.0852517250953161e-05,-2.259598184325466e-22
40,30,251,0.038870663969205285,-2.1095911436708296e-06,0.0388707303982896,6.795123648298693e-09,-5.432955511112944e-06,-6.239649319880649e-07,1.5118356986849663e-21,-0.0007363227088604256,0.0007363227371392503,-5.943011073181277e-09,-7.304549256638654e-06,0.000143295113964603,2.2812520810514223e-21,7.551578501419933e-07,1.0450903120126546e-05,-3.458999087393059e-23
40,31,251,0.03886478834219428,3.157100166285389e-06,0.0388648701448926,5.166559858765769e-09,-3.739451188531336e-06,4.4349630570070463e-07,7.415194141169121e-20,-0.0007363151691141888,0.0007363151961327981,-3.2736812944552243e-07,-1.1017147179604617e-07,0.00013624660433066472,-1.6738180949726413e-21,1.3847130757257937e-06,1.0522354825585338e-05,2.2750652534154347e-22
40,32,251,0.03884026594359152,6.207572432201701e-06,0.03884034991517179,-4.124451206096016e-09,-3.373805861479235e-06,7.603446288378209e-07,1.5910270924256075e-20,-0.0007363142295231165,0.0007363142554615848,-2.912032097398604e-09,1.3770768436978498e-05,0.00014148707091814124,-4.117052572311742e-22,2.603789292280826e-07,1.0390060784290325e-05,1.0545728924978839e-22
40,33,251,0.038868614301391775,-5.564712965448775e-07,0.03886870173377483,3.4890192562687384e-09,-6.0662995148769455e-06,-3.517736580263948e-07,5.041252133353084e-20,-0.0007363138546675149,0.0007363138810690558,8.983913985431926e-08,5.179546067699293e-06,0.00013439140818882802,-1.2148679721575623e-21,-7.35570188864566e-07,9.983029617536721e-06,-9.519277976280896e-23
40,34,251,0.03886651468838623,2.8534832845438453e-06,0.03886660774846736,-3.938519304845577e-10,1.1241945116117093e-05,1.1945293925356696e-07,1.5946267012320003e-20,-0.000736318786244623,0.0007363188130467935,-1.8738754740024123e-07,3.4246106907705766e-06,0.00013747370013528044,-1.975285332508036e-21,3.1434136317776253e-07,1.056295286557278e-05,-9.491156032480955e-23
40,35,251,0.03887041028848255,8.168511443823231e-06,0.038870491627762245,6.428849809361432e-10,5.359301715101318e-06,-6.315997109448063e-07,2.1597652838356707e-21,-0.0007363302260693761,0.0007363302539520328,-5.4768667458482426e-08,-7.504556495014332e-06,0.0001430575772238045,2.114770173755759e-22,-3.6195931696983965e-07,9.87967343963718e-06,-6.341498326887273e-23
40,36,251,0.038856346087595736,1.3070612131501738e-06,0.03885641671477678,-9.224833450243106e-09,6.11688572582806e-06,-5.781658630043764e-07,-1.0474861626602973e-20,-0.000736310500122875,0.0007363105278905976,1.8637664306593755e-07,6.849931088222916e-07,0.0001402356230939692,1.700815161020587e-21,-4.378042070262037e-07,1.0117121613687206e-05,1.715438571796561e-23
40,37,251,0.03885201690707356,2.7536530547902633e-06,0.03885209339153162,-8.07837491088533e-09,-9.879829807293337e-07,2.8202744019778913e-08,-7.973133506159998e-21,-0.0007363205016017569,0.0007363205291481567,1.7400354495986424e-07,-9.11533245538906e-06,0.0001400917930900532,3.293642057849391e-21,-1.0967145893949474e-07,1.0398747744359836e-05,6.411803186387132e-23
40,38,251,0.03886355477719402,3.5311117369986736e-06,0.038863629208207295,2.3520573192168034e-09,1.4116446528069413e-05,2.0829369635984388e-07,-3.684199613343008e-20,-0.0007363170655119421,0.0007363170917277689,-3.448203956779268e-07,-6.044202030930318e-06,0.00013088712325425676,-1.570329341788849e-21,5.5842373281772764e-08,1.0636649282627154e-05,-4.288596429491396e-23
40,39,251,0.0388724163569417,7.755153135318604e-06,0.03887249519202007,9.854392783168611e-09,-6.2945702042992e-06,1.314599384569151e-07,2.9876753093060008e-21,-0.0007363083787953898,0.0007363084019940888,6.724525881613165e-08,3.1758072679075026e-06,0.00014191172981267366,-7.154222502705641e-22,9.185405625607356e-07,1.060775776669005e-05,5.610327788088743e-23
40,40,251,0.03885808426902801,6.620022215586661e-06,0.03885816746144891,-2.703746479356988e-09,2.6571829631363543e-07,3.9388194074116466e-07,6.171529298560416e-20,-0.0007363004524773493,0.0007363004811680935,7.550637874600509e-09,2.9048046855764657e-06,0.0001461520103197914,9.223997566381504e-23,-5.4387807469745194e-08,1.056677546467678e-05,-1.1389387238977145e-22
40,41,251,0.038846930780207053,-5.3567951202765395e-06,0.0388470005912509,-1.891943000015778e-08,-3.111294566401532e-06,-2.970279339630208e-07,6.3353114992512804e-21,-0.0007362845079186693,0.0007362845390661886,-1.0192081211703279e-07,-8.340949701319701e-06,0.00013632966478662812,1.2103684611495711e-21,8.183248012685904e-09,1.0445584989852775e-05,-1.032075337457929e-22
40,42,251,0.038858509733658245,2.52479574172602e-06,0.03885857687877451,7.794671607995414e-09,-7.911662093379553e-06,1.6012263636679507e-08,7.973133506160012e-21,-0.0007363173484237075,0.0007363173777407962,-2.025349017754148e-07,-6.84800447054969e-07,0.0001441527009737155,5.849364310388275e-23,4.708202123614068e-08,1.0926324052254877e-05,2.095084813095799e-23
40,43,251,0.038860276181263004,8.962125127098848e-07,0.038860345904308986,-1.308468946146114e-09,3.4347066098355087e-06,1.8043934733428564e-07,3.959569687032055e-20,-0.000736306882262122,0.0007363069119758857,1.4715905759442337e-07,-7.858174647277436e-06,0.00013549694210170321,5.399413209589164e-22,3.314336520255971e-07,1.0781906418257912e-05,9.84268032998005e-25
40,44,251,0.03885255505242462,3.7492432454054803e-06,0.0388526117640404,-1.0394568343761434e-08,-1.885255537934375e-06,3.031766381337006e-07,-2.5827193185868176e-20,-0.0007362989264337378,0.0007362989503881863,-7.36998661340337e-08,4.229704547856979e-06,0.00013973531877052727,1.3678513464292552e-21,-5.846002770405513e-09,1.1209225447624798e-05,-1.1965887086875988e-22
40,45,251,0.03885776996553838,-4.7140471172766924e-06,0.038857850658024426,1.06662612426439e-08,-2.821109062354771e-06,6.878873734411347e-08,1.9689860170968494e-20,-0.0007363105429761083,0.000736310571732632,-2.003937514384093e-07,8.447645654038725e-06,0.00013781410331778488,1.1068797079657789e-21,-1.319244826530328e-06,1.0770483491398873e-05,-4.640120726990689e-23
40,46,251,0.03885959493711198,-2.7165447232985244e-06,0.03885966978040391,-4.5830621705877855e-09,3.589779921320925e-06,-1.0873390629765146e-06,-5.717978588954926e-20,-0.000736307634819287,0.0007363076556878389,-1.7860569068174836e-07,3.033919611242318e-07,0.0001433148726652661,1.7615585596284656e-21,-3.2818716972357004e-08,1.0492344640494683e-05,3.571486862592832e-23
40,47,251,0.038870111722054124,4.731954651828444e-06,0.03887018493713923,-3.057887878006901e-09,3.1813415642734595e-07,1.4249993131225041e-06,9.17900245630158e-22,-0.0007363011344241105,0.00073630115824509,2.2277520306085188e-08,2.4145262803746723e-06,0.00014047988461407594,4.1350506163437034e-21,-1.0671367201968764e-07,1.0085544702179831e-05,5.2728644624894195e-23
40,48,251,0.0388563481910407,-4.981420009695091e-06,0.038856424957935606,1.3615688101211445e-09,3.0354103768754205e-06,7.099524783451326e-07,2.7375024972617075e-20,-0.0007363159110397517,0.0007363159419225754,1.7067224101219903e-08,-7.895298457045643e-06,0.00014049837057176804,-1.8537985352922804e-21,1.2855883140941079e-06,1.0724456082292361e-05,2.0402470226859059e-22
40,49,251,0.038870863373365726,-5.988078387385304e-06,0.038870946623795546,-1.7392728394907837e-09,8.005736732282392e-06,-8.617388236800418e-08,-2.6691099299402448e-20,-0.0007363155125140005,0.0007363155349284732,-1.6770877896757373e-08,5.366215524992146e-06,0.00013585938031660408,-1.943788755452099e-21,3.6505176067912246e-07,1.031728786899298e-05,2.1864811304456127e-23
40,50,251,0.03887561489067886,2.2560996336186713e-06,0.03887569932951182,4.239902382255906e-09,-5.488838245876886e-06,-7.817885635815698e-07,-2.147166653013291e-20,-0.0007363130356960271,0.0007363130589638831,7.20771424742124e-08,-1.082408461895071e-05,0.00014059032755601268,8.099119814383747e-22,5.116264741612489e-07,1.0576920268513324e-05,-9.083387847381775e-23
40,51,251,0.038846294119224606,1.2227082032896041e-06,0.03884637022656893,-1.851600549964783e-09,5.864288778954291e-06,-5.653703020293435e-07,-3.777789442309219e-20,-0.0007362967631670202,0.0007362967857004985,4.4311679848420215e-08,2.2184647932697246e-06,0.00014174590795297613,9.44897311678103e-23,-3.4129593987587194e-08,1.0994703154908108e-05,-6.004035001287952e-23
40,52,251,0.03887642390925798,2.972019427352091e-06,0.03887650299439994,3.4651238453222706e-09,-9.111595033140995e-06,9.317941677683445e-08,-6.5332899836028875e-21,-0.000736310680727191,0.0007363107051178998,-7.160436297901343e-08,-2.530921667259148e-06,0.000142877137339309,-1.1923704171176063e-22,3.788193769886089e-07,1.0845539519776674e-05,-6.102461804587752e-23
40,53,251,0.038863283521890626,-6.378652724490299e-06,0.03886335605010311,1.458233144633366e-09,3.2292569553898558e-06,2.856422862661957e-08,-5.356217903912452e-20,-0.0007363207481395587,0.0007363207716426531,3.795875830719842e-07,1.6666553671454773e-06,0.00014748945762789684,5.399413209589162e-22,1.2088414284291216e-07,1.0070884481471721e-05,1.9685360659960496e-23
40,54,251,0.03884271869629968,4.235180793797088e-06,0.038842784713849644,-2.942952270736714e-09,-1.0017989474679511e-05,4.551335802869845e-07,-4.722686753987324e-20,-0.0007363044509747506,0.0007363044782675359,-3.460438946071031e-07,-7.174170581026081e-06,0.00014504547784966856,-2.7896968249544016e-21,-2.3565048707653413e-07,1.0637702922532213e-05,6.70708359628654e-23
40,55,251,0.038867146267621985,-3.4840051249374003e-06,0.038867215072339575,2.339296755112562e-09,-2.2818726740356964e-06,2.799578095284978e-07,2.444134379540696e-20,-0.0007363177685248343,0.000736317791386586,-8.612494705002003e-08,-1.6121574380025103e-05,0.00014409257834018793,-4.294783257127381e-21,2.582257695556402e-07,1.0031776516731232e-05,-1.1094106829077736e-22
40,56,251,0.03884149542437396,6.51102902369694e-07,0.03884157292756986,-1.2857844028520067e-08,-3.864326681204685e-06,-2.3870945988167855e-07,3.883977902097806e-20,-0.0007362983369057981,0.0007362983598186158,2.1364560665611403e-07,1.573180855267261e-05,0.00013734734431182993,-1.2598630822374721e-21,2.429550326635538e-07,1.0213332364838656e-05,2.798133408094386e-23
40,57,251,0.03887495013584684,4.977386975164669e-07,0.038875012902168826,-1.65376056751341e-09,-3.849245134416106e-06,-1.1260105698931014e-06,-7.361200009073227e-21,-0.0007363187771976577,0.0007363188044689865,-3.332347965554958e-07,8.326033907366137e-06,0.0001426805235827529,1.5208347207009483e-21,2.3983909531050487e-07,1.0357741203797509e-05,1.1951826114976014e-22
40,58,251,0.03886636598283757,-1.3950491954999824e-05,0.03886642801652082,-1.0763979083467678e-09,-1.6307522944116085e-05,6.317861375993435e-07,2.0175807359831512e-20,-0.0007362947525486877,0.0007362947748249537,-6.500169779524158e-08,-6.053207401857431e-07,0.00014040492876883306,1.6175742073727539e-21,5.818192180396123e-07,1.0346253290439669e-05,2.741889520494498e-23
40,59,251,0.03887212282945017,3.4699138808746708e-06,0.038872196494651685,-3.0621127161791944e-09,-1.1431352889103983e-05,-9.825937905730206e-09,4.90446699871016e-20,-0.0007363064559362813,0.0007363064828824535,-2.0436006341330586e-07,3.224543193373326e-06,0.00013566151987379763,1.4105967010051694e-21,-4.027926990446587e-07,1.0319294883717507e-05,9.77237547048039e-23
40,60,251,0.0388592603938878,-3.498833443378599e-06,0.03885932836002981,8.987141663488925e-09,-2.7553655113808576e-06,-2.777115819397905e-07,-1.0312879230315306e-20,-0.0007363113493331272,0.0007363113782962543,5.5146631139369745e-09,-7.094517703877151e-07,0.00013595335724338967,-3.37463325599319e-23,-8.18002337189078e-07,1.0767008768642615e-05,-1.0433241149779064e-22
40,61,251,0.038868925971894494,-5.761037865971253e-06,0.03886899430871655,6.65038738409384e-09,6.69844848480103e-06,-4.399466272552156e-07,1.4488425445730933e-20,-0.0007362948710478502,0.0007362948974145936,-1.5954346014973336e-07,9.473073789660951e-06,0.00014390735893320917,-1.3858493904612189e-21,1.3811393755571388e-07,1.0741027979095922e-05,-6.974242062386007e-23
40,62,251,0.038872662077486644,-6.4496639290156965e-06,0.03887272402885636,-4.6700830695603075e-09,9.438240967462618e-06,-3.1553032970525387e-07,3.748992571858077e-20,-0.0007363129219451421,0.0007363129462856713,-2.430799311329811e-07,1.9879227896796817e-06,0.00013456185752186466,-3.716596092600543e-21,-8.508673769512057e-07,1.0834744530787225e-05,-8.295973420983352e-23
40,63,251,0.038854590111159035,-9.94942730574402e-06,0.03885466708502533,-5.558981898399741e-09,-4.084419997369527e-06,-2.593363639907741e-07,8.027127638255886e-21,-0.0007363259575314583,0.0007363259852152859,-1.0352781781839379e-08,8.09876455967479e-06,0.00013468409132501804,-3.194652815673589e-21,1.9776845303925577e-07,1.0528369793017855e-05,4.049559907191872e-23
40,64,251,0.03885431001461151,9.434838505559868e-07,0.03885440244527786,-1.8848901476030594e-08,-7.5592075643202796e-06,-6.628947657248225e-07,-1.2598630822374785e-21,-0.0007363156787217905,0.0007363157033887265,-2.7969507305903398e-08,4.010480220004309e-07,0.0001439615117631032,-3.914574576952145e-21,-3.503632892884236e-08,1.0585483565972911e-05,6.960181090486033e-23
40,65,251,0.03887355794494146,6.641106494748725e-06,0.03887362460744908,-6.766598170127449e-09,-5.209270458595072e-07,-2.5951396482793993e-07,-5.147440593141675e-21,-0.0007363183614847681,0.0007363183926932474,-1.5079616553742556e-07,-8.83801297276703e-06,0.00013882909994374619,1.1698728620776522e-21,9.136998620802636e-07,1.0257594405161709e-05,5.343169321989276e-23
40,66,251,0.038850073118529914,8.306322540446205e-07,0.038850153863046806,7.439767674317241e-09,5.441978667564833e-09,5.059911890562683e-07,-2.202960589512379e-20,-0.0007363138976159668,0.0007363139224150745,3.509132002780371e-08,5.373992351236487e-06,0.00013650043252891715,-2.303749636091377e-21,6.713296400117886e-07,1.0311729723620371e-05,1.5790471443668312e-22
40,67,251,0.0388756718814642,-1.1039106199063106e-05,0.038875742157809715,7.548734780367017e-09,-2.2562741622760074e-06,-3.8414323192774774e-07,-2.195761371899595e-21,-0.0007363194641653201,0.0007363194894676799,1.7227057683175646e-07,3.7778110440377946e-07,0.00013777554499280002,1.5748288527968399e-21,9.632544701423106e-08,1.0003189763834462e-05,-8.66155869038262e-23
40,68,251,0.0388626060302798,1.2117487134055606e-06,0.0388626720568332,1.4557171773164484e-08,6.833092478731891e-07,1.9578322401930475e-07,2.2281578511571303e-20,-0.0007363000808990312,0.0007363001056707754,3.34312849342452e-08,-1.8524916236621325e-06,0.0001423994028514926,-2.2182589269395495e-21,-1.0278995061143227e-07,1.0883243252862422e-05,-1.6591946841966712e-23
40,69,251,0.03884992375122666,2.92942963269356e-06,0.038849999304616974,1.4995594546698384e-09,-1.3250831414108541e-05,2.1948233914080958e-07,-3.092063964691395e-20,-0.0007362973491617371,0.0007362973783367532,-2.5899783184738456e-08,7.609174561393481e-06,0.00013862830435860043,-2.474731054395034e-21,-7.842626227514409e-07,1.023350352207908e-05,7.424193163185102e-23
40,70,251,0.038868551743724174,7.103799882116963e-06,0.03886861900638627,5.41855947679735e-09,2.530881558375919e-06,4.956572447811047e-08,4.949462108790066e-21,-0.0007363138136940472,0.0007363138403712898,1.0248588633486072e-07,-8.502637232320709e-06,0.0001412456263549227,-1.8897946233562023e-22,-4.056939179217737e-07,1.0728149599430677e-05,-6.446955616137065e-23
40,71,251,0.038857062958224754,8.408609811831627e-06,0.038857147732610044,-8.520402863262534e-09,-1.6581824350888777e-06,-6.788886781577903e-07,4.576902597328416e-20,-0.0007363131090895173,0.0007363131339174522,-2.551225203261846e-07,-8.710347710150123e-07,0.00014138135121407268,-8.009129594223929e-22,1.3316973266976355e-06,1.1053833470533873e-05,-1.6001386022167891e-22
48,0,251,0.0431721967761629,7.350640396179182e-06,0.043172249767010416,1.5149037592690977e-08,-8.171021211315325e-07,-1.9360508956855668e-08,-3.685999417746203e-20,-0.000883575102577029,0.0008835751217812341,-3.127123307016709e-07,5.58983652226845e-06,0.00011805579830841764,-3.3296381459133167e-22,8.623911022402678e-08,9.890951827959522e-06,2.3734920567152376e-22
48,1,251,0.04318169754683228,-3.1388301011116795e-07,0.04318174920397967,-8.477535786637958e-09,-9.50465949090176e-07,-6.576161554948921e-08,1.3246560407525417e-19,-0.0008835547847157099,0.0008835548043414938,-7.568686677051494e-09,1.9368268686511886e-06,0.0001181165702715398,1.4758396106210388e-21,7.493006953753712e-08,1.0226515771578307e-05,6.074339860787812e-23
48,2,251,0.0431689766545538,-6.154996368004835e-06,0.04316903481719848,1.2955835927222333e-08,-1.03271177891249e-05,1.1080413022769306e-06,-4.9530617175964616e-20,-0.0008835689825224386,0.0008835690083766647,-1.6703350337518923e-07,-7.50494655259098e-06,0.00011991416519950322,-4.22954034751152e-22,8.247131410644299e-07,1.0751995606997841e-05,3.796462412992376e-24
48,3,251,0.04319181199288413,2.8152226146206823e-06,0.04319186839942614,3.230308068296399e-09,3.079484436382677e-06,6.76364427023567e-08,-1.3476935371134557e-19,-0.0008835625863042842,0.0008835626094151556,-2.730112552217996e-08,3.7828127358763443e-06,0.00011370298733011833,-2.0675253081718517e-21,4.5871179985257066e-07,1.0624798659052116e-05,-1.425782550657139e-22
48,4,251,0.04318093395625164,1.8154963003033944e-06,0.0431809777459371,-5.782814106315058e-10,3.1076686391621037e-06,3.6431023654588055e-08,1.301618544391628e-19,-0.0008835830061763116,0.0008835830284372213,-1.0702479446565135e-07,8.353218659656018e-06,0.0001175905971229617,-7.649168713584655e-22,1.4158035531530263e-07,1.0464379404712264e-05,-1.040511920597911e-23
48,5,251,0.04318157227392382,-3.4952525899722647e-06,0.04318161794824926,9.814852829183477e-10,-6.5942524070255494e-06,1.2517082658207963e-06,-1.4974372634593948e-20,-0.0008835846677373758,0.000883584687379136,-1.4672223666946953e-07,-5.807231520466312e-06,0.00012803320877322763,-1.7998044031963884e-21,6.835111136064507e-07,1.1220623904383153e-05,-9.67394866718059e-23
48,6,251,0.04317390936845012,-1.681142274700906e-06,0.04317396017326842,-2.4167726786380513e-09,5.2719888074914835e-06,-4.770263600130282e-07,1.4283247743766539e-19,-0.0008835609751301099,0.0008835609980150892,2.6202738782300296e-07,1.684108445564447e-05,0.00011170573209719961,3.8470819118322765e-22,7.635052210841616e-07,1.080780408192105e-05,-1.527021548336936e-22
48,7,251,0.04318811753461002,2.3245946129242464e-06,0.04318817080070472,-1.5524563208811794e-08,-1.5974331292517597e-06,7.490951702610491e-07,-1.1518748180456784e-21,-0.0008835641262809769,0.0008835641454254484,1.3798151182488772e-07,-1.0810916192548286e-05,0.00012097121503431103,-2.5647212745548607e-22,7.027231817925183e-07,1.011112590949723e-05,1.6648190729566595e-22
48,8,251,0.04316669707079218,6.4158565712110924e-06,0.043166757261749275,1.1751764453689603e-08,-6.2303234555279255e-06,-8.750607879856757e-07,-5.0682491994010315e-20,-0.0008835889777763342,0.0008835889986219553,8.823720088126688e-08,-3.698815513134317e-06,0.0001231281893229091,-1.889794623356208e-21,-9.466342532291814e-07,1.037915396140295e-05,1.6029507965967836e-23
48,9,251,0.04317403613810421,-1.7336811254043897e-06,0.0431740881456659,3.017143480114511e-09,1.9591840512246336e-06,-1.66430097660265e-07,-6.91124890827412e-21,-0.0008835777899798622,0.0008835778110805695,-3.5312967341779833e-07,7.261361984405717e-06,0.00011619898999745061,-4.2295403475115144e-22,-4.0293432549474145e-07,1.093255275052624e-05,4.316718373291337e-23
48,10,251,0.04316520326310441,2.9221228532210025e-06,0.04316525840283583,1.3176578827918091e-08,1.7527129773674968e-06,4.07133239172985e-07,8.06312372631984e-21,-0.0008835799632900631,0.0008835799848180893,8.263797524464619e-08,-5.323898099575907e-06,0.00011937656919324052,1.0798826419178335e-21,-7.802152479732727e-07,1.0097422140519784e-05,1.3737569546272434e-22
48,11,251,0.043183089644551316,-4.000257693197586e-06,0.04318314442629593,2.5790032181083887e-09,6.001849966190993e-06,-9.667484407560503e-07,-4.9530617175964634e-20,-0.0008835803102102364,0.000883580327073172,-1.6330350692022895e-07,-8.36585414486317e-06,0.00011048578408220227,7.424193163185104e-22,-2.2276659436267358e-07,1.0657337432811957e-05,-3.3746332559932284e-23
48,12,251,0.04318016895087711,5.651302746788148e-06,0.04318023156940926,-3.811134197962529e-10,2.257168596870711e-06,1.5798015483853431e-07,-1.0251685880606627e-19,-0.0008835553788155136,0.0008835553991572957,-3.0347170436610007e-07,8.308992126292822e-06,0.0001163804061328143,1.5140854541889616e-21,-4.384691259546654e-07,1.0769343509080121e-05,-1.425782550657139e-22
48,13,251,0.043179770796150506,-1.6427775060139622e-06,0.043179816852753856,-5.428966104478951e-09,-2.806467696745428e-09,-7.539568829586866e-07,1.1518748180456846e-21,-0.0008835722925334196,0.0008835723107565016,-1.1749548023360516e-07,1.2074722779311616e-05,0.00011791886801675791,-1.3521030579012866e-21,-3.7954842665183583e-07,1.0222686751194992e-05,-2.5590968857948694e-23
48,14,251,0.043185325358772744,8.666708664598516e-06,0.04318539101696834,5.305745790533912e-09,9.688457691206332e-06,-3.405246929654593e-07,1.6932559825271622e-19,-0.0008835754288910887,0.0008835754505489222,1.474311027625448e-07,1.2303221403448542e-06,0.00011463382580949664,5.534398539828893e-22,2.070973070001052e-07,1.0344765101081318e-05,6.004035001287952e-23
48,15,251,0.04318366102753866,3.5996295073871125e-06,0.043183716427687355,1.5552636020799556e-08,4.5281835675061025e-06,-5.805663689022233e-07,-6.91124890827413e-20,-0.0008835717726552607,0.0008835717930799177,-9.756529789915964e-08,5.281838913973214e-06,0.00012194942062502291,3.716596092600543e-21,-2.0487060917427467e-07,1.0914716301851501e-05,-9.955168105180024e-23
48,16,251,0.0431696510220949,2.5159098350926863e-06,0.043169718886979624,1.0934161321843953e-08,8.822817478528561e-06,7.209786125473345e-07,1.2670622998502579e-20,-0.0008835674880291714,0.0008835675083672782,3.988626941363693e-07,3.3118643557157405e-07,0.00011306074756790335,1.961786799484063e-21,1.2542138110227478e-07,1.006575686340613e-05,-1.4314069394171274e-22
48,17,251,0.04317404042616437,8.536038170901652e-07,0.04317409648448254,8.162374384115436e-09,9.471344789274679e-07,3.895489959912959e-07,-1.5346055333762835e-35,-0.0008835795488063692,0.0008835795691321759,-1.819565624705283e-07,-1.5638035184255612e-06,0.0001196429909866976,1.2283665051815346e-21,-3.3920093496777767e-07,1.0588359226564892e-05,-2.2356945320955137e-22
48,18,251,0.043172172436978976,-6.110688682378976e-06,0.04317222975849596,-3.2878803957015825e-10,5.806258871290353e-06,-6.396656763976461e-07,-2.0733746724822395e-20,-0.0008835713722574187,0.000883571390364235,-3.51669725260099e-07,9.511986191831541e-06,0.0001213244799085566,3.2261493927295265e-21,1.1450058661321487e-07,1.0358637814917011e-05,-2.007906787315971e-22
48,19,251,0.04317074221956143,7.325468874692005e-08,0.043170796450568635,-9.239240509358883e-09,5.173410666372904e-06,-8.548172787145837e-07,2.5341245997005143e-20,-0.0008835792305742115,0.000883579249836704,1.8813016722860279e-07,-3.548686636043583e-06,0.00011585181799451492,-7.514183383344922e-22,-5.236948890856618e-07,1.0245837255591762e-05,1.1143320230727644e-22
48,20,251,0.0431985950444625,2.5955793635312484e-06,0.04319865447123616,-8.055695825698012e-10,7.235850615614776e-06,2.5580976603671164e-07,-1.3361747889329988e-19,-0.0008835801199145129,0.0008835801407435028,1.648363785751823e-07,5.0698484893407725e-06,0.00011669060297558057,-1.5748288527968376e-22,-5.18402533398078e-07,1.0596136148336477e-05,-1.3920362180972046e-23
48,21,251,0.04316781750558178,-9.8369705451309e-06,0.043167873818214776,1.9044677960416474e-09,4.393271906662014e-06,7.113391910012337e-07,-1.2670622998502567e-20,-0.0008835855707032946,0.0008835855888642979,-1.7245666365171955e-07,-4.473129236723755e-06,0.00011464273154517619,1.0663841088938604e-21,-7.737001963760983e-07,1.1011739726843753e-05,1.1403448210877117e-22
48,22,251,0.043175658687047924,5.513930875502784e-08,0.043175708084567464,-6.947484686449724e-09,-4.978228758382544e-06,1.0965211789056734e-06,-1.7278122270685332e-20,-0.0008835829835126752,0.0008835830056308154,2.9142911121340483e-07,-2.8387017945609886e-06,0.00012213765234433578,3.181154282649616e-21,-2.831544615441143e-07,1.053488766510163e-05,-1.8841702345962205e-23
48,23,251,0.043180769769915424,3.13626324999805e-06,0.04318082648731483,-7.603817902493264e-09,3.835173739761043e-06,1.757331975951398e-07,9.09981106256094e-20,-0.0008835719956395819,0.000883572016635458,-3.2462597503481065e-07,1.4696754105695694e-05,0.00011644376536898333,2.1867623498836123e-21,4.96515563306688e-07,9.896965373526898e-06,-1.9122921783961637e-23
48,24,251,0.04317748198469611,-1.70654922834004e-06,0.04317753650451698,-1.5773280547067284e-10,4.818852502585269e-06,-3.1924614481113145e-07,2.994874526918791e-20,-0.0008835634540645843,0.0008835634736759944,2.473250675638277e-07,3.3939918228063256e-06,0.00011048353691197456,2.8976850891461848e-21,-7.324902652928462e-08,1.0706260564396923e-05,1.926353150296134e-23
48,25,251,0.04319037679439061,2.019584679300708e-06,0.04319042948763009,-4.5492096259111636e-09,-8.103145184169091e-06,-7.453203408690632e-07,1.6126247452639633e-20,-0.0008835785643716591,0.0008835785850764503,1.0231925741001354e-08,-7.056542998662187e-06,0.00012367825260040148,4.0495599071918724e-22,-2.686614010330401e-07,1.0917717493427324e-05,-7.902266207784144e-23
48,26,251,0.04318585532496483,-7.262883319131187e-06,0.04318590493660592,-1.364977168709411e-08,4.879451196956093e-08,6.149646121819041e-07,3.225249490527928e-20,-0.0008835774137177043,0.0008835774331811423,-9.35472977340075e-08,7.582891654542275e-06,0.00012141689984436196,-1.7503097821084878e-21,-2.285814434203607e-07,1.0513015787230978e-05,3.5152429749929455e-23
48,27,251,0.043163250082812174,-4.242918892059986e-06,0.04316330238617672,2.630740441034211e-09,2.6193649929581443e-07,-8.701146691617552e-07,-3.3404369723324983e-20,-0.0008835688573021742,0.0008835688776461912,-1.7326971180922735e-07,-4.10781606288698e-06,0.00012016351996324968,-7.469188273265015e-22,2.643493158387061e-07,1.0314673047028629e-05,-9.491156032480954e-23
48,28,251,0.043169544970393894,1.7030731863885255e-06,0.04316959471458198,1.123068292275087e-08,-8.861856687354059e-06,-5.189505350289349e-07,-8.063123726319815e-21,-0.0008835749640942765,0.000883574989693203,9.850482162734303e-08,-9.506096732765393e-06,0.00011984257845071845,2.4522334993550787e-21,2.285953175563892e-07,1.0319038446695535e-05,-4.021437963391931e-23
48,29,251,0.04319006538289458,-1.3193038635980116e-05,0.0431901192401891,-3.1803085926506617e-09,-9.358905403397523e-06,1.316651180343968e-07,1.0366873362411192e-20,-0.0008835716405516635,0.0008835716612046555,4.17272799822518e-08,1.5537314590274807e-07,0.0001180603048640755,-2.6637105167306553e-21,7.63299805379244e-07,1.090866708839628e-05,-6.053248402937853e-23
48,30,251,0.04315161675896543,-5.531701447876239e-07,0.043151671903573635,-1.7459722786993296e-08,-8.031435694809899e-07,-9.784112187889668e-07,7.947936244515252e-20,-0.0008835638132610102,0.0008835638307941316,-5.399618148327815e-08,-4.8240520077249045e-06,0.00012267622769575434,2.6007173626187813e-21,-8.768909918735449e-07,1.0437461921251236e-05,-4.527632951790913e-23
48,31,251,0.04318760937096352,-4.5410863077861295e-08,0.04318766537381289,8.00132822358487e-09,-8.73017444555356e-06,4.7542434238084023e-08,-3.45562445413706e-21,-0.0008835693481627883,0.0008835693678828545,1.8170440386362365e-07,3.42917573244849e-07,0.00012479735679617873,-1.2643625932454627e-21,-6.7187997910767e-07,1.0954170577989885e-05,1.6985654055165916e-22
48,32,251,0.04317767524576766,1.0084348573998746e-06,0.04317772781436073,3.6743242692307266e-09,-7.261253424177799e-06,-4.6403296798790106e-07,-4.953061717596464e-20,-0.0008835924568625711,0.0008835924761383281,2.4317944580574066e-07,7.0346335432403056e-06,0.00011696392034841954,-8.999022015981814e-24,-9.202924914474681e-07,1.0723867783677033e-05,5.624388759988688e-24
48,33,251,0.04317194616883329,-4.510584713140419e-06,0.04317200663452314,-1.207815793586223e-09,-1.4135514027024624e-06,-8.836510788594616e-07,5.759374090228453e-21,-0.0008835752627510103,0.0008835752834590255,-1.1436154342237352e-07,6.5784951807880105e-06,0.0001150832821685113,-1.0078904657899778e-21,2.846175048759547e-07,1.0546856123097616e-05,2.0655567721058555e-22
48,34,251,0.04317520687199944,-1.4142840852948976e-06,0.0431752585521894,1.3281859289456724e-08,6.809535099415033e-06,-2.1706175708304452e-07,3.2252494905279283e-20,-0.0008835846009641146,0.000883584620365565,1.7177578617233634e-08,5.977539810686344e-07,0.00012489213561168086,-1.6243234738847403e-21,-7.917623092173433e-07,1.0769762327522517e-05,2.4705127628250423e-22
48,35,251,0.04318927132043833,-6.080890773683931e-06,0.04318932191035782,1.7048572914521873e-09,1.1677886046895098e-06,-1.544798000226246e-07,-1.0482060844215767e-19,-0.0008836040468294058,0.0008836040680526303,-8.421178073125753e-08,-1.8590222065824643e-06,0.00011407303707572414,-3.1316596615617162e-21,5.642980078875809e-07,1.0506607961578286e-05,-1.7126263774165629e-22
48,36,251,0.043181050487472596,8.23610460916753e-06,0.04318111255034004,-7.389210617034027e-09,-1.4923467499041386e-06,-1.3182745321523631e-08,5.644186608423878e-20,-0.0008835641412357823,0.0008835641564677604,9.468652102118876e-08,1.502100461777288e-06,0.00011796147355784239,2.9854255538020094e-21,-2.397422388544778e-07,1.0764506302578768e-05,9.730192554780477e-23
48,37,251,0.04318371820846515,4.918942907776057e-06,0.04318378240281987,1.1336023933315542e-08,-8.849777917689143e-07,1.640085195296497e-06,-3.685999417746202e-20,-0.0008835509445994698,0.000883550967285426,1.3605228993993914e-07,5.738036744394576e-06,0.00011560411239291882,-2.3262471911313323e-21,4.510248697119976e-07,1.0706233250873113e-05,2.0079067873159708e-22
48,38,251,0.04317977429262859,6.972951346876888e-06,0.04317983155183754,-3.0192560792532967e-09,4.0781074055501197e-07,9.57395107341799e-07,-9.675748471583784e-20,-0.0008835780342985363,0.0008835780551509809,-3.141571061303961e-08,-3.016384739590665e-07,0.00012074585779995658,1.421845478525147e-21,3.8032374154772245e-07,1.0499596330563663e-05,-8.886534240782169e-23
48,39,251,0.043177075038671,-4.2000854982765905e-06,0.04317712681311217,-1.6087141022318374e-08,1.8759994539105877e-06,1.5278790011530221e-07,5.183436681205598e-20,-0.0008835758669797749,0.0008835758882376223,-1.884654109832742e-07,7.102428278018671e-06,0.00012478798629143728,-4.177795970919617e-21,-2.577791647635859e-07,1.103194382153901e-05,1.5748288527968402e-22
48,40,251,0.04316843232982757,-9.919474235294517e-07,0.0431684901179102,-3.320968505750551e-09,-6.678041700000361e-06,1.4881387578260543e-08,9.560560989779214e-20,-0.0008835710303558475,0.0008835710546159647,-3.8813511266190663e-07,-9.689359951888274e-06,0.00011618160789009398,6.704271401906546e-22,2.1402973472578143e-07,1.0165466102658906e-05,2.3397457241553053e-22
48,41,251,0.04319269754778443,5.019850755234028e-06,0.043192746830251504,-1.6041410613360383e-10,-8.488279875109578e-06,4.1531603185854936e-07,5.413811644814737e-20,-0.0008835850785153268,0.0008835850991424078,2.174287014668396e-07,-8.296787876930879e-06,0.00011931600202046322,1.934789733436119e-22,-2.8774506679671513e-07,1.0206908452915712e-05,1.827926346996333e-23
48,42,251,0.04317460222248423,9.313455715901266e-06,0.04317466575906026,-6.2046554669337124e-09,7.602987999489684e-06,-3.527696893794797e-07,-5.874561572033012e-20,-0.0008835749429884356,0.0008835749624368162,-1.9202754513558138e-07,8.418249562329301e-07,0.00011950231628867538,7.041734727505868e-22,-1.2638468150143592e-07,1.0284989833470903e-05,-8.450644111883041e-23
48,43,251,0.04317687484450635,8.248145291069184e-07,0.043176935360549715,-1.1064092726691458e-08,-4.73600652670804e-06,2.3815161727501083e-09,2.7644995633096527e-20,-0.0008835871990575053,0.0008835872180985007,1.5933775299510581e-07,-1.1920191554613042e-06,0.00012184528074055772,-2.294750614075397e-22,-1.2382319303778034e-06,1.104796516036635e-05,3.7402185253924933e-23
48,44,251,0.043164903619354246,1.4650862940373237e-06,0.04316495569859557,-1.3324520176460385e-08,3.761452849566344e-06,4.0430582196566e-07,-9.790935953388353e-20,-0.0008835800566897356,0.0008835800737841596,-1.0137850250909089e-07,1.4918111691718825e-06,0.00012278402733084288,1.831300980252325e-21,-6.21834409020355e-07,1.0295617455591851e-05,-3.0582613882438634e-22
48,45,251,0.04317139059357419,-1.4055026288117668e-07,0.043171443710083975,-8.514199315890924e-10,2.9938325352952283e-06,-4.4267186278349024e-07,-2.119449665204067e-19,-0.0008835764160229827,0.0008835764374564351,6.987002718850763e-08,-6.564849835993449e-06,0.00011792106095633294,1.273361615261445e-21,8.801272599848227e-08,1.1008394686121681e-05,1.7576214874964704e-23
48,46,251,0.0431771164539854,-3.429867482274307e-06,0.04317718075464405,-1.4066168070289858e-08,-2.2702383405859474e-06,-9.464634202595666e-07,5.759374090228445e-20,-0.0008835639508679469,0.0008835639690730741,-1.1953395049206618e-07,-4.298206873682943e-06,0.00011148773255438924,3.464623476153045e-22,7.892263375589092e-07,1.0883767986239485e-05,-2.1218006597057424e-22
48,47,251,0.04316438163851835,-2.8861777118721167e-06,0.04316443444678538,1.0282608414003719e-08,4.2965716799848875e-06,8.880249152345939e-07,-5.298624163010168e-20,-0.0008835753041430789,0.0008835753235227167,-6.103792425293395e-08,-1.5952485668326323e-06,0.00012289031039228125,-2.3847408342352145e-21,-2.4234125119154567e-07,1.1111064952738101e-05,2.945773613044089e-23
48,48,251,0.043183814403705466,-1.573900333020743e-06,0.04318386638305538,1.4043470593759685e-08,1.0344084142018238e-06,-2.8597341913388343e-07,-4.031561863159911e-20,-0.0008835799362450655,0.0008835799545219984,-3.0485311330007963e-07,7.2418337754368616e-06,0.00011903072669342339,-1.4848386326370215e-22,-1.5982467071773221e-07,1.0266406638492387e-05,-6.97424206238601e-23
48,49,251,0.04318036118094479,-2.8430595549129245e-06,0.04318041959251018,-1.7962635197509997e-09,-6.041099776943569e-07,1.0159214475446277e-07,-6.796061426469562e-20,-0.0008835769962581047,0.0008835770211578848,8.911060097090515e-08,-7.819430563163883e-07,0.00012380477816575195,6.974242062386002e-22,-1.0364341426535479e-07,9.885522331787475e-06,1.4679654663570545e-22
48,50,251,0.04318530679079893,-2.623515160566231e-06,0.04318535612241013,-1.5321687401042732e-09,-2.9699694805243297e-06,3.9234013919924984e-07,-1.497437263459393e-20,-0.0008835591286364002,0.000883559150038159,-1.1001508984110819e-07,-2.181015960396943e-06,0.00011959427066485797,-2.186762349883612e-21,2.360588319220341e-08,1.1240755374157224e-05,5.849364310388266e-23
48,51,251,0.0431725717350649,4.2500091423927364e-06,0.043172621162491834,-1.2389144023835759e-08,2.683193106388223e-06,7.736027192503584e-07,2.764499563309653e-20,-0.0008835827678969891,0.0008835827917552444,-1.7261618520046234e-07,5.3038754124728895e-06,0.00011257458908054392,6.119334970867722e-22,-4.1663016265890174e-07,1.0759457594539622e-05,4.1901696261915924e-23
48,52,251,0.04317892389884615,-1.1384859700081333e-06,0.0431789793816698,-1.0829345478523964e-08,-5.614363296511882e-06,-3.0055795875842593e-07,6.911248908274133e-20,-0.0008835681642011703,0.0008835681829772314,-4.866495908058306e-07,2.8082355767357584e-08,0.00011968220248573824,-2.2047603939155766e-21,1.339419229643304e-07,1.0022702003649349e-05,-1.3498533023972914e-22
48,53,251,0.04316894780514843,-4.095326508063038e-06,0.04316899461434252,-8.877402353105746e-09,-3.819523156293231e-06,-9.019300735350995e-07,-9.560560989779217e-20,-0.0008835864045126566,0.0008835864253444555,3.3310704302893413e-07,2.278914856365538e-06,0.00012145288434998105,-2.45673301036307e-21,-6.266019895153988e-07,1.06962202761602e-05,-6.74926651198646e-24
48,54,251,0.04317327319272599,-1.0653156595981217e-07,0.04317333375444047,9.220220518503493e-09,-5.770000502472939e-06,1.028257613951783e-07,8.408686171733526e-20,-0.0008835698141930871,0.0008835698374846633,5.4832059085632245e-08,-5.383515086732931e-06,0.00011750335066489866,-8.571568470222796e-22,-8.177797877584401e-07,1.0564096685963934e-05,3.926526403067123e-23
48,55,251,0.04317466483811995,5.53269560693462e-06,0.0431747123167476,1.0169526722369985e-08,6.782759588241768e-06,3.183053800116241e-07,2.223118398828179e-19,-0.0008835649735232034,0.0008835649942129342,-2.6220399319175755e-07,-4.200125676479003e-06,0.00012559814470282553,-6.119334970867721e-22,2.0348341849631046e-07,1.0760577001036094e-05,-5.2869254343893906e-23
48,56,251,0.04318976536908497,-3.260939431536977e-06,0.04318982457690295,-1.985256350366301e-08,1.8939572647809538e-06,2.427387166361168e-07,-1.95818719067767e-20,-0.0008835612155289619,0.0008835612387848146,-1.8924097341848388e-07,-2.410860630595691e-06,0.00011994930714056518,9.313987786541304e-22,5.844322446071008e-07,1.0629881232854066e-05,8.802168409382338e-23
48,57,251,0.04318390051397027,-1.0384315543693023e-06,0.04318395402575484,3.464933285487827e-09,-3.1386552120094333e-06,-2.952828152204394e-07,1.5895872489030504e-19,-0.0008835848459330024,0.0008835848716358991,3.894396238266025e-07,-4.374590737672814e-07,0.0001191613438137197,4.319530567671334e-22,8.289996649936231e-07,1.0849021858540054e-05,-3.037169930393906e-23
48,58,251,0.04318413571368795,6.864261022321355e-06,0.04318418665223531,1.187845917808854e-09,3.357628947880977e-06,-1.2277589715737903e-06,3.2252494905279265e-20,-0.0008835588539650953,0.0008835588758451741,5.4248477256869227e-08,-6.45030324744854e-06,0.00012041579230068424,1.8492990242842887e-21,-4.846462787797094e-07,1.0800249460774613e-05,-7.621046769784705e-23
48,59,251,0.0431812694133419,3.4407773786558577e-06,0.043181326268022985,-9.25058689813743e-09,-7.349403622316698e-06,9.224146134729602e-07,1.439843522557111e-19,-0.0008835816869239662,0.0008835817074638796,1.0168308205980052e-08,-4.33197002460077e-06,0.00011994069624934387,-1.5073361876769752e-21,8.292553379290734e-08,1.0910426233007043e-05,-6.889876230986173e-24
48,60,251,0.0431869972573694,-2.7800832684007094e-06,0.04318704772653504,2.1050231520644627e-08,7.3645136423628195e-06,-3.0789947116960833e-07,1.4628810189180247e-19,-0.0008835794432344576,0.0008835794658956452,-5.355153616230343e-08,1.744627727108135e-08,0.00011897817899273587,-1.1833713951016253e-21,3.9365939460643516e-07,1.0264834732935109e-05,-8.858412296982218e-24
48,61,251,0.04320425172800427,3.8345587967550745e-06,0.04320429498919505,3.7508508391313095e-09,1.2307010682013956e-07,5.751508661207932e-07,-5.298624163010169e-20,-0.0008835685825943086,0.0008835686008850851,2.2793718078668514e-08,1.5063220185576601e-06,0.00011604369806795118,-1.5298337427169306e-21,-2.981475603394364e-08,1.0780246763385748e-05,-6.875815259086203e-23
48,62,251,0.04317402434036644,7.622279314000384e-06,0.043174074344096015,-1.4376421896159094e-08,3.219740128904556e-06,-3.447830380463175e-07,-5.759374090228443e-20,-0.0008835702642520219,0.0008835702810857482,1.0433727303685515e-07,-1.4982940364881356e-06,0.00011847822584281157,4.319530567671334e-22,1.4313933464399495e-06,1.0869806253790153e-05,-4.3167183732913366e-23
48,63,251,0.043182411589745534,4.11757725390477e-06,0.0431824670505007,-6.503762366011905e-10,-8.924834524416584e-07,1.559866263363353e-07,-8.06312372631982e-20,-0.0008835801262426233,0.0008835801453056214,2.783120604402944e-07,-7.600669871021772e-06,0.00011876468754083468,-5.849364310388261e-22,-3.140373648426786e-08,1.0834330092205331e-05,4.3870232327911984e-23
48,64,251,0.04318112846959629,3.382374587558085e-07,0.04318118618276334,7.782833772090388e-09,7.978703441903177e-06,-7.728064659119847e-07,8.063123726319822e-21,-0.00088357652807719,0.0008835765457533541,7.427283160505378e-08,-3.9435448542357e-06,0.00012070590272413053,-4.1170525723117318e-22,-5.279579043501719e-07,1.069024879118451e-05,8.324095364783294e-23
48,65,251,0.04318634715961753,2.288525078077565e-06,0.04318639871781765,2.1051623108395726e-09,-1.1689438776557877e-05,5.947920874366786e-07,1.1979498107675158e-19,-0.0008835535214793644,0.0008835535453993812,4.4744562837671077e-08,-8.797100802390812e-06,0.00011913426483910742,9.538963336940862e-22,6.744996864381253e-07,1.0199900735403722e-05,-9.013082987881918e-23
48,66,251,0.04318616252645806,-4.29162245532532e-06,0.04318622008711159,2.122176373749136e-09,-9.716876676376352e-06,1.1996333614385334e-06,-4.3771243085736166e-20,-0.0008835939875013314,0.0008835940112887019,2.3363918489090698e-07,-7.3302767478360134e-06,0.00012410304379129684,-8.90903179582212e-22,-6.225705276360842e-07,1.0240798283648205e-05,3.796462412992382e-23
48,67,251,0.043171490753175334,-2.9087753011838194e-06,0.04317153425009201,-1.2105920559737404e-10,6.334026601691845e-06,7.303068143589705e-08,-8.0631237263198e-21,-0.0008835780776054382,0.0008835780985128786,-1.429714360416552e-07,2.5265382942054594e-06,0.0001195694940575432,-8.99902201598193e-23,-1.9289826782508286e-07,1.060579384946314e-05,-7.733534544984456e-24
48,68,251,0.04319212672454253,-1.0310999812780674e-05,0.0431921752466244,-4.377471538859173e-09,-6.818143036472259e-06,6.187301350465217e-07,-6.680873944664994e-20,-0.0008835788865346703,0.0008835789057302082,-6.307245146091642e-08,-6.566315234712554e-06,0.0001170731866543218,-2.389240345243206e-21,-1.9331724711279022e-07,1.0587710397357885e-05,-4.415145176591139e-23
48,69,251,0.04319885656844757,4.231009277628511e-06,0.043198906717323966,-1.9894023588503444e-08,6.566953419614072e-06,3.127629458074906e-07,-1.2670622998502573e-20,-0.0008835700615375248,0.0008835700820104371,-8.620815717718868e-08,1.1808543439237139e-06,0.00012095089486575314,1.2058689501415796e-21,3.878932923602516e-08,1.0785412296833909e-05,3.54336491879289e-23
48,70,251,0.043178461311275354,-1.6491862312587954e-06,0.043178518410041694,-1.8043925023505775e-08,7.866747746530322e-06,-1.9199342265839727e-07,1.0021310916997492e-19,-0.0008835688457242795,0.0008835688658049662,1.4096854747394645e-07,-1.7130838737897064e-05,0.00011401045929080149,1.0393870428459148e-21,-2.566818345826199e-07,9.933527186375539e-06,-2.1541408950756775e-22
48,71,251,0.0431699527071188,5.355373935953242e-07,0.04317000883877206,5.824601716615864e-09,3.4418454333984753e-07,4.689151101475919e-07,-1.2209873071284298e-19,-0.0008835779693378135,0.0008835779878501085,-5.4847786894681535e-08,-5.7594762321431315e-06,0.00010919301106924873,-8.77404646558239e-22,-2.0231264896996725e-07,1.0635458451404908e-05,-6.650839708686657e-23
