nk,k,coord,n_samples,psi[0]_mean,psi[0]_sem,Jpsi[0]_y_mean,Jpsi[0]_y_sem,vx_mean,vx_sem,pi_xy_mean,pi_xy_sem
1,0.0015339807878856412,0.0,72,-2.4833385668909973e-05,3.922466409386415e-05,-1.830999639200317e-05,5.2827479364460567e-08,-5.184995226419007e-05,4.063860487224008e-05,-1.1838745426560118e-07,5.432690995490261e-07
1,0.0015339807878856412,21.333333333333332,72,0.0005310914138684391,3.910575246998815e-05,-1.8299743647905264e-05,5.287659016830277e-08,-5.668878734004612e-05,4.0139275511358475e-05,3.707834251723372e-07,5.424842686934211e-07
1,0.0015339807878856412,42.666666666666664,72,0.001086361027946716,3.8932035966686375e-05,-1.8269526113904664e-05,5.294572557574918e-08,-5.623279138860593e-05,3.946539277001042e-05,8.307293454416754e-07,5.0535533290154e-07
1,0.0015339807878856412,64.0,72,0.0016405809055897995,3.873367326342243e-05,-1.82197168698208e-05,5.3015440711501545e-08,-5.1300911886805514e-05,4.021611336420967e-05,5.175457439729464e-07,4.862851149997057e-07
1,0.0015339807878856412,85.33333333333333,72,0.002193299418610087,3.857613620728395e-05,-1.8150577142742174e-05,5.306626523337427e-08,-4.732920458381127e-05,4.048545513286799e-05,-2.34500593268636e-07,4.7636075590140955e-07
1,0.0015339807878856412,106.66666666666666,72,0.0027435593842010117,3.8416613736920205e-05,-1.8062069472649266e-05,5.3113293494124734e-08,-4.716554544120145e-05,3.8766931239814876e-05,-2.5828641274044425e-07,5.206886339930317e-07
1,0.0015339807878856412,128.0,72,0.003290597600554723,3.822769361099208e-05,-1.795402004816922e-05,5.3148792300937685e-08,-4.324226304183238e-05,3.8159880518505194e-05,4.881688421430034e-07,4.3243274244986625e-07
1,0.0015339807878856412,149.33333333333331,72,0.00383415241069972,3.8085565936387555e-05,-1.7826507261116153e-05,5.317675232022596e-08,-3.727698609837851e-05,3.919004659404291e-05,8.347715255008893e-07,4.873004137662073e-07
1,0.0015339807878856412,170.66666666666666,72,0.00437362136527855,3.8029684565342284e-05,-1.7679814438272107e-05,5.323041079473492e-08,-3.805030602594468e-05,3.949015276390671e-05,6.098330507155739e-07,5.508378336526139e-07
1,0.0015339807878856412,192.0,72,0.004908150510609117,3.803567471987807e-05,-1.7514111879713483e-05,5.3296556808457116e-08,-4.1532136692880235e-05,3.8567017567084274e-05,1.5819703598183797e-07,5.221497477259586e-07
1,0.0015339807878856412,213.33333333333331,72,0.0054372835170262614,3.812034577720188e-05,-1.7329479486838627e-05,5.334314282945306e-08,-4.809149196415618e-05,3.841498068105285e-05,-3.9192334797026544e-07,5.569643997022194e-07
1,0.0015339807878856412,234.66666666666666,72,0.005960540296148111,3.8322717262555404e-05,-1.7126203689143584e-05,5.3371673344562383e-08,-6.399694363266027e-05,3.8923620642768935e-05,-1.2090733993003532e-07,6.192171977043498e-07
1,0.0015339807878856412,256.0,72,0.006477242089686832,3.863094584796705e-05,-1.6904623789479044e-05,5.339258361649095e-08,-7.418634735179488e-05,3.845951447197396e-05,6.83653385258672e-07,5.139593540189002e-07
1,0.0015339807878856412,277.3333333333333,72,0.006986947406418315,3.899890714683167e-05,-1.6664710519523397e-05,5.342855145047136e-08,-6.626246845416323e-05,3.843974280077636e-05,4.278688402083517e-07,4.7564081294744836e-07
1,0.0015339807878856412,298.66666666666663,72,0.007489117000324373,3.9407282500778356e-05,-1.640662297648833e-05,5.348315980150479e-08,-5.7616674288534336e-05,3.983411765737188e-05,1.6569847144034725e-07,4.960435453279106e-07
1,0.0015339807878856412,320.0,72,0.007982965191548175,3.987840647172303e-05,-1.613119649287891e-05,5.351026796855645e-08,-6.180853347501024e-05,4.24273561975266e-05,9.873189296995884e-07,5.422283980015583e-07
1,0.0015339807878856412,341.3333333333333,72,0.00846798457394293,4.043065672438408e-05,-1.5838682167026287e-05,5.352126951089802e-08,-7.427151819921068e-05,4.465933388001529e-05,5.616938699495243e-07,5.721447802024422e-07
1,0.0015339807878856412,362.66666666666663,72,0.008943689951637194,4.1048301667640016e-05,-1.552848086448521e-05,5.356701829224545e-08,-8.697021397345223e-05,4.453124913455902e-05,-1.1912292777404266e-06,4.828462998274379e-07
1,0.0015339807878856412,384.0,72,0.00940940697210442,4.1712448508364254e-05,-1.5201123333664088e-05,5.359824794644004e-08,-8.124938704776384e-05,4.2943381694621993e-05,-1.2554295024869312e-06,5.234406165236342e-07
1,0.0015339807878856412,405.3333333333333,72,0.009864861337642854,4.24149404523618e-05,-1.4858028316709177e-05,5.358260645166927e-08,-5.268239142160584e-05,4.156414032412214e-05,-1.3045354053206426e-07,5.399388610868423e-07
1,0.0015339807878856412,426.66666666666663,72,0.010309786918807217,4.3144822487356785e-05,-1.4499307563306486e-05,5.360175287731522e-08,-3.726251481950688e-05,4.05895668089387e-05,1.5479134435952753e-07,5.490636700525874e-07
1,0.0015339807878856412,448.0,72,0.01074325456192842,4.39020201846403e-05,-1.4124546239514203e-05,5.3658347953514344e-08,-5.0257078450657446e-05,4.0123977415030804e-05,3.3882503314132486e-07,5.851017419361388e-07
1,0.0015339807878856412,469.3333333333333,72,0.011164577221098065,4.4708859383628306e-05,-1.3734396246531998e-05,5.36679720065564e-08,-5.755774565944699e-05,4.008792457787597e-05,6.698013342606122e-07,5.497325289810498e-07
1,0.0015339807878856412,490.66666666666663,72,0.011573804720102243,4.5574146963965345e-05,-1.3329571288152229e-05,5.3655753753785246e-08,-4.935646847226345e-05,4.062494003455735e-05,3.6247721201839575e-07,4.970303764597577e-07
1,0.0015339807878856412,512.0,72,0.011970733589221455,4.6472226376929157e-05,-1.291037736392932e-05,5.368098253552931e-08,-4.8572102767371586e-05,4.185048382920238e-05,-7.613407716021751e-08,4.890211519875298e-07
1,0.0015339807878856412,533.3333333333333,72,0.012354746756358635,4.738703995932747e-05,-1.2477357550672539e-05,5.371228381806135e-08,-5.0900922205667134e-05,4.3281254978318036e-05,-3.569624541232371e-07,4.732261977423875e-07
1,0.0015339807878856412,554.6666666666666,72,0.01272543637830119,4.832092140612586e-05,-1.203078899406876e-05,5.37305547959391e-08,-4.54488024219494e-05,4.3605558369195065e-05,-4.6179227196236266e-07,5.674846700625858e-07
1,0.0015339807878856412,576.0,72,0.013082437949119216,4.92401943255947e-05,-1.1570899135008087e-05,5.37614599509665e-08,-4.323390018655831e-05,4.3601473748390565e-05,-8.866831733894764e-08,4.7349839270830964e-07
1,0.0015339807878856412,597.3333333333333,72,0.013425318581325346,5.010246122127252e-05,-1.1098653977440375e-05,5.380084462613761e-08,-4.1648765907048075e-05,4.310543048659569e-05,-1.1109965983184554e-07,4.830012053500863e-07
1,0.0015339807878856412,618.6666666666666,72,0.01375384479462546,5.092370678741251e-05,-1.0614691509191688e-05,5.383262421093498e-08,-3.462093032311242e-05,4.183266976795215e-05,-6.433644479698226e-07,4.517894825045476e-07
1,0.0015339807878856412,640.0,72,0.014067735896930425,5.1730861463198425e-05,-1.011900321598529e-05,5.3858237836977704e-08,-3.8114553244180416e-05,4.193367036839612e-05,-3.902900310979395e-07,4.75534191766113e-07
1,0.0015339807878856412,661.3333333333333,72,0.014366550646066694,5.25150295433377e-05,-9.612294530003443e-06,5.38953550372926e-08,-4.7031206565936594e-05,4.325347626476107e-05,9.452949247832301e-08,5.742693695124254e-07
1,0.0015339807878856412,682.6666666666666,72,0.0146499869985915,5.328492286115558e-05,-9.095515592632943e-06,5.3962279713529004e-08,-3.7281629990290896e-05,4.357267556697659e-05,1.0926280426346728e-07,4.912481955222453e-07
1,0.0015339807878856412,704.0,72,0.014917720999221926,5.40679048697988e-05,-8.568871851523986e-06,5.4031981097571804e-08,-2.4158693383587822e-05,4.361306061929576e-05,4.6950166159868686e-07,4.917684931572559e-07
1,0.0015339807878856412,725.3333333333333,72,0.015169295292509417,5.485939841124989e-05,-8.03270907904445e-06,5.40779504751889e-08,-3.378691038081576e-05,4.410476833476649e-05,3.767559699750281e-07,4.742732055624406e-07
1,0.0015339807878856412,746.6666666666666,72,0.015404478494083773,5.563865983764009e-05,-7.487769931155624e-06,5.4140662789303086e-08,-5.102799761616707e-05,4.327559745302265e-05,-5.19690441436204e-07,4.677115522436121e-07
1,0.0015339807878856412,768.0,72,0.015623177715082925,5.639032160421572e-05,-6.934590729539559e-06,5.423260968839503e-08,-5.476595699584454e-05,4.219195105048947e-05,-2.7376675489911666e-07,5.238369993688596e-07
1,0.0015339807878856412,789.3333333333333,72,0.015825168858887365,5.710409274368043e-05,-6.3738655778447706e-06,5.430728460272081e-08,-4.768537062454048e-05,4.2273296976832665e-05,4.178261045998872e-07,5.283984892261035e-07
1,0.0015339807878856412,810.6666666666666,72,0.01601032840552294,5.7784241783833366e-05,-5.806411368753122e-06,5.43731551687e-08,-3.916661228283219e-05,4.198361106371171e-05,-1.309462470119825e-07,5.079209220488946e-07
1,0.0015339807878856412,832.0,72,0.016178621560694703,5.84253920420275e-05,-5.232661858333735e-06,5.445869131060047e-08,-4.0467581453890696e-05,4.0259655044379966e-05,-2.5257688309826453e-07,4.570774016754325e-07
1,0.0015339807878856412,853.3333333333333,72,0.016329779538195525,5.9003831215135456e-05,-4.6530738924942074e-06,5.4538501707344435e-08,-5.13353408796612e-05,3.9127179631906206e-05,3.1229348762308045e-07,4.5095069634046863e-07
1,0.0015339807878856412,874.6666666666666,72,0.016463453487584306,5.952377053919398e-05,-4.0682986606430076e-06,5.4612051717698784e-08,-5.384963703666395e-05,3.889270921370018e-05,-4.345188282457013e-09,5.425315213783347e-07
1,0.0015339807878856412,896.0,72,0.016579458466155036,6.000666383884796e-05,-3.4789455919890153e-06,5.470105052796255e-08,-4.970199474150008e-05,3.85147492681107e-05,9.943194655236333e-08,5.616640347768682e-07
1,0.0015339807878856412,917.3333333333333,72,0.01667770924813342,6.0447054493020094e-05,-2.885781965184573e-06,5.478786110671611e-08,-5.562950866918866e-05,3.745404593154239e-05,8.355103861477899e-07,4.983352917209168e-07
1,0.0015339807878856412,938.6666666666666,72,0.016758192872458874,6.083528311153473e-05,-2.289476436457218e-06,5.487489899611908e-08,-6.084005095302105e-05,3.6557349217215335e-05,2.9094189748223754e-07,4.642336129084242e-07
1,0.0015339807878856412,960.0,72,0.01682083562101496,6.117719610851139e-05,-1.6904317885402739e-06,5.497879511464692e-08,-5.34101470537181e-05,3.5995889892650485e-05,-1.8494175140607703e-07,5.766171937349739e-07
1,0.0015339807878856412,981.3333333333333,72,0.0168653746132837,6.14800866702413e-05,-1.0893879570755426e-06,5.507329661224155e-08,-4.593682215090427e-05,3.582433002301788e-05,3.6105080849511944e-07,5.754610496805454e-07
1,0.0015339807878856412,1002.6666666666666,72,0.016891673984928,6.175519287158534e-05,-4.871766279899642e-07,5.515753370255147e-08,-3.453454342950124e-05,3.555696182614015e-05,-7.268652841030025e-08,4.59526100216881e-07
1,0.0015339807878856412,1024.0,72,0.01689986605150268,6.200590384677932e-05,1.1574555361300779e-07,5.525932106453294e-08,-8.416584720662055e-06,3.4528316727725914e-05,-5.555308372308854e-07,5.099091067838938e-07
1,0.0015339807878856412,1045.3333333333333,72,0.016890021373631773,6.222104612224022e-05,7.18716636396091e-07,5.5359925652859214e-08,7.420093150453008e-06,3.416975941451426e-05,3.263686843129347e-07,5.173463706582762e-07
1,0.0015339807878856412,1066.6666666666665,72,0.01686214063676631,6.24023045645593e-05,1.320965402094111e-06,5.545030298953293e-08,-2.260873108838906e-06,3.527322840107509e-05,5.158376493873632e-07,4.656535545653448e-07
1,0.0015339807878856412,1088.0,72,0.0168163125596615,6.254978911290973e-05,1.9220620379805012e-06,5.555519715199512e-08,-6.6476505733744284e-06,3.586771969298964e-05,1.395882301968088e-07,4.29497843729013e-07
1,0.0015339807878856412,1109.3333333333333,72,0.016752550408609426,6.26445900274827e-05,2.5213064495391287e-06,5.56604478978527e-08,9.58894387799465e-06,3.667472653776816e-05,6.486642087678986e-07,4.203686766953512e-07
1,0.0015339807878856412,1130.6666666666665,72,0.016670829565468018,6.269335718561268e-05,3.1178343711941517e-06,5.575297471439287e-08,2.037510958989115e-05,3.821050666388888e-05,3.02406096222309e-07,5.584526983205165e-07
1,0.0015339807878856412,1152.0,72,0.016571230257813076,6.271560752850057e-05,3.7112164819946374e-06,5.585640324904018e-08,1.2958141771426552e-05,3.851962178685299e-05,-6.35840547872523e-07,4.4761787844045127e-07
1,0.0015339807878856412,1173.3333333333333,72,0.016453761603594574,6.269223483523522e-05,4.300807564044239e-06,5.596357911188005e-08,4.758147360241077e-06,3.875621189897772e-05,1.475400541655527e-07,5.262113468641826e-07
1,0.0015339807878856412,1194.6666666666665,72,0.016318443391681186,6.261692022146246e-05,4.8857182668383895e-06,5.6053603280724397e-08,6.687061535015489e-06,4.020506911125607e-05,1.0472805546877817e-06,5.132306939737112e-07
1,0.0015339807878856412,1216.0,72,0.01616550817990895,6.252534236707077e-05,5.465538308744265e-06,5.613900237816554e-08,1.1849447319662263e-05,4.097592694786109e-05,7.473157477717538e-07,5.302564706430974e-07
1,0.0015339807878856412,1237.3333333333333,72,0.015995132877409127,6.241970213415671e-05,6.039740972385938e-06,5.623114100341162e-08,1.5992324474781925e-05,4.124812120247179e-05,8.490904461059521e-07,4.94181650485287e-07
1,0.0015339807878856412,1258.6666666666665,72,0.015807436402228238,6.227322243549687e-05,6.607477647508246e-06,5.633036775738792e-08,2.2307933909628374e-05,4.242021226276747e-05,6.385086658104409e-07,4.63611204701158e-07
1,0.0015339807878856412,1280.0,72,0.0156027622659555,6.209054056189166e-05,7.168311849854027e-06,5.643053392221341e-08,2.814985884627414e-05,4.348253164379547e-05,-5.197419957462113e-07,4.4968873991224435e-07
1,0.0015339807878856412,1301.3333333333333,72,0.015381363237096815,6.18743162155853e-05,7.721735606052982e-06,5.6518518599805646e-08,3.066658149030104e-05,4.4228440319551596e-05,-3.3959319948196344e-07,4.6637575762735335e-07
1,0.0015339807878856412,1322.6666666666665,72,0.015143295086635901,6.161410170046182e-05,8.266888206251922e-06,5.661049264224734e-08,3.756066713730423e-05,4.5212476416465184e-05,8.227645014547998e-07,4.85981618061679e-07
1,0.0015339807878856412,1344.0,72,0.01488890099247577,6.132671386100028e-05,8.803280213143498e-06,5.67182841497389e-08,4.795859480253112e-05,4.5185156715686816e-05,6.085810918418083e-07,5.202842728032272e-07
1,0.0015339807878856412,1365.3333333333333,72,0.01461864413262456,6.101264368941289e-05,9.330452766844543e-06,5.680993445846e-08,4.6412609672434616e-05,4.426166002242462e-05,-1.6703060470370396e-07,4.848522903265416e-07
1,0.0015339807878856412,1386.6666666666665,72,0.014332782306373058,6.063891830899305e-05,9.847689708596314e-06,5.689119616675877e-08,3.1915620488124e-05,4.4409153137453816e-05,9.113454841504735e-09,4.4569087095902626e-07
1,0.0015339807878856412,1408.0,72,0.014031685640648849,6.0215194437257085e-05,1.0354530914648354e-05,5.6990126515906735e-08,1.8046025015874673e-05,4.4670038459134e-05,6.731534870078084e-07,5.024940874001024e-07
1,0.0015339807878856412,1429.3333333333333,72,0.013715670449038906,5.9779788867115794e-05,1.0850392925509301e-05,5.706677344221124e-08,1.014281389624286e-05,4.4252684556448103e-05,8.677337412024981e-07,4.788637511970174e-07
1,0.0015339807878856412,1450.6666666666665,72,0.013384756831450533,5.9332988640143906e-05,1.1334661358888587e-05,5.7111575719750354e-08,1.0183456991739508e-05,4.435214349654346e-05,9.09551572820961e-08,4.932777910509874e-07
1,0.0015339807878856412,1472.0,72,0.013039317478122673,5.88624241543011e-05,1.1807269881726658e-05,5.718410952787145e-08,1.7002943208140543e-05,4.531079327848648e-05,-5.635149203064421e-07,5.105098146089781e-07
1,0.0015339807878856412,1493.3333333333333,72,0.012680005940552443,5.835806236243603e-05,1.2267595136264e-05,5.7268907225708494e-08,1.812663060526961e-05,4.4770534483530846e-05,-2.7726130684708977e-08,5.654752031388539e-07
1,0.0015339807878856412,1514.6666666666665,72,0.012307045268664227,5.779169976058445e-05,1.2714493926767761e-05,5.732406644227319e-08,9.524187470520284e-06,4.2993491700976586e-05,-8.269059747614202e-09,5.57878418034886e-07
1,0.0015339807878856412,1536.0,72,0.011920782534677347,5.7152040321937125e-05,1.3147925953509243e-05,5.73924367130997e-08,2.27465333863887e-06,4.400852818238997e-05,-9.771261913632596e-07,6.269527117807343e-07
1,0.0015339807878856412,1557.3333333333333,72,0.011522034680334208,5.645165893194841e-05,1.3567767591692404e-05,5.747577193529107e-08,4.50323916172089e-06,4.509055667979872e-05,-5.608162517955873e-07,5.650845192994255e-07
1,0.0015339807878856412,1578.6666666666665,72,0.011111266028559493,5.568621768801044e-05,1.3972814964979093e-05,5.751348847109335e-08,1.8280356131328377e-05,4.3321280265144494e-05,4.376668573643923e-07,5.348501173336093e-07
1,0.0015339807878856412,1600.0,72,0.010688844231263072,5.485970008565637e-05,1.4362865038307555e-05,5.753005360859779e-08,3.1659162647110864e-05,4.18375433753575e-05,-4.555381724696488e-07,4.5826020406877487e-07
1,0.0015339807878856412,1621.3333333333333,72,0.010255649635522937,5.400183022259905e-05,1.4738183810009963e-05,5.757357712365124e-08,2.5666385317264553e-05,4.2899987353359164e-05,-1.4824454789273594e-06,4.38151695446179e-07
1,0.0015339807878856412,1642.6666666666665,72,0.009812284496183954,5.311494292026119e-05,1.5097592198474925e-05,5.761073560763628e-08,1.5859844010580364e-05,4.356260594119139e-05,-8.175758836340687e-07,4.1089605763167556e-07
1,0.0015339807878856412,1664.0,72,0.009358910008471652,5.217562324863498e-05,1.5440499984174876e-05,5.761963922275441e-08,2.653862227343276e-05,4.3061297279006885e-05,-1.621793036329416e-07,4.0973353124967334e-07
1,0.0015339807878856412,1685.3333333333333,72,0.008895940817195112,5.118902293288176e-05,1.5767500247060477e-05,5.762823147704928e-08,3.260480880908365e-05,4.427201462917542e-05,-2.1768030523395947e-07,5.212495312544912e-07
1,0.0015339807878856412,1706.6666666666665,72,0.0084237145622326,5.019607072345152e-05,1.6077845547774716e-05,5.764600875874755e-08,1.5252052371430876e-05,4.509362281809388e-05,9.357218237695996e-09,4.722327601465109e-07
1,0.0015339807878856412,1728.0,72,0.007942535044936538,4.9237428906070846e-05,1.6370528673093605e-05,5.765314336961054e-08,7.668387428310941e-06,4.411781094396041e-05,3.309511236768641e-07,4.6863318269523113e-07
1,0.0015339807878856412,1749.3333333333333,72,0.007453306966615685,4.8314780897599905e-05,1.6645961082146864e-05,5.7633839348741335e-08,1.8287876085166753e-05,4.3699585234041515e-05,2.5959804787461317e-07,5.650628642142049e-07
1,0.0015339807878856412,1770.6666666666665,72,0.006956717538399309,4.741251898366748e-05,1.6904018580059555e-05,5.7608868842554486e-08,2.0751034293540814e-05,4.3648858659924074e-05,3.4728806464485574e-09,4.518159436309282e-07
1,0.0015339807878856412,1792.0,72,0.006452810763223013,4.6557236979828585e-05,1.7143935137863363e-05,5.761121955825229e-08,2.2709138200833158e-05,4.188622356158759e-05,-1.427193497167013e-07,4.238668712491134e-07
1,0.0015339807878856412,1813.3333333333333,72,0.005942086765325896,4.577439322871432e-05,1.7365615137622115e-05,5.760660600641157e-08,3.5079726373841725e-05,4.0938474687585924e-05,-1.7333050559148563e-07,5.365098625642108e-07
1,0.0015339807878856412,1834.6666666666665,72,0.005425255242981802,4.5023195834957706e-05,1.7568522496853257e-05,5.7558521429464527e-08,3.83958549941907e-05,4.200994336691881e-05,-5.245140195772449e-07,4.825639580941885e-07
1,0.0015339807878856412,1856.0,72,0.004902460096372862,4.4280584574569194e-05,1.7752253675185335e-05,5.752950575228362e-08,3.541999899413119e-05,4.183958851631073e-05,-8.531143149837022e-07,5.574666983082994e-07
1,0.0015339807878856412,1877.3333333333333,72,0.004374124365167115,4.359750455491928e-05,1.7917765688914038e-05,5.754661096322932e-08,4.320324915284628e-05,3.9293726112269186e-05,-2.1541144351576063e-07,6.005429023285649e-07
1,0.0015339807878856412,1898.6666666666665,72,0.0038410483916373503,4.2999413796391445e-05,1.806487821711697e-05,5.752518893789615e-08,4.966812234038136e-05,3.816990233069602e-05,5.412253826852002e-07,5.572907213584184e-07
1,0.0015339807878856412,1920.0,72,0.003303607395141487,4.2462429857577255e-05,1.8192070223845363e-05,5.74508564399616e-08,4.61171218572331e-05,3.8840295518882356e-05,3.800486863834039e-07,5.613588454102e-07
1,0.0015339807878856412,1941.3333333333333,72,0.0027622926222370305,4.199642009158411e-05,1.8299691823485254e-05,5.740478619528208e-08,4.228590544532478e-05,3.972589616541839e-05,2.6695515029592995e-07,5.368262130503486e-07
1,0.0015339807878856412,1962.6666666666665,72,0.0022178578551191328,4.162121618364644e-05,1.8388561810916772e-05,5.7395610659335715e-08,3.9337399902213164e-05,4.025548147032829e-05,3.3346005950657115e-07,5.668327684875596e-07
1,0.0015339807878856412,1984.0,72,0.0016706756526851671,4.130653329287592e-05,1.8457528156782292e-05,5.7368180192980554e-08,3.940018199318009e-05,3.950543854212245e-05,-2.3461495420024812e-07,5.415288222240599e-07
1,0.0015339807878856412,2005.3333333333333,72,0.0011214135189601447,4.1039831025780286e-05,1.8506119138120222e-05,5.730262225440721e-08,4.5594800124055e-05,3.768573230225692e-05,-4.812382357981901e-07,4.550289255937628e-07
1,0.0015339807878856412,2026.6666666666665,72,0.0005711276648765196,4.0848491398120856e-05,1.8535448534889434e-05,5.7225933088984504e-08,4.716789753683958e-05,3.6937393105271685e-05,5.423857880653246e-10,4.243641994565246e-07
1,0.0015339807878856412,2048.0,72,2.0252137340412157e-05,4.071536108804659e-05,1.8545449177094367e-05,5.719366485483751e-08,4.209680522674222e-05,3.766016646872297e-05,2.5914338954820456e-08,4.9526603761693e-07
1,0.0015339807878856412,2069.333333333333,72,-0.0005306253041680453,4.061268478284674e-05,1.853531692689457e-05,5.72065158527743e-08,3.795768598482297e-05,3.736257671307615e-05,-1.466336519324897e-07,4.3200236089127664e-07
1,0.0015339807878856412,2090.6666666666665,72,-0.0010803549609691573,4.057210779413697e-05,1.8505279496264088e-05,5.717776324121364e-08,3.159593465623278e-05,3.8424085777583085e-05,8.090418529554543e-08,4.920619761438485e-07
1,0.0015339807878856412,2112.0,72,-0.0016288112721164858,4.060066856500965e-05,1.8455599834350808e-05,5.7093071313993505e-08,2.813362655126512e-05,3.96588472060529e-05,1.265082949091411e-07,4.2881047961667617e-07
1,0.0015339807878856412,2133.333333333333,72,-0.0021761670351636894,4.066780484480245e-05,1.8386216022907858e-05,5.703671167917102e-08,3.690739420306551e-05,3.9182844761020825e-05,1.0105071108955377e-07,4.920971781004882e-07
1,0.0015339807878856412,2154.6666666666665,72,-0.0027210669298198165,4.080496298258447e-05,1.8297460677541335e-05,5.701265833642539e-08,4.3092587732621035e-05,3.819584710121348e-05,-3.8590934171594333e-08,4.295895252372384e-07
1,0.0015339807878856412,2176.0,72,-0.003262253932259956,4.103384988367913e-05,1.818939116856332e-05,5.696568732994411e-08,3.543990700122374e-05,3.855059613779076e-05,-6.467816878625119e-07,4.857090749040168e-07
1,0.0015339807878856412,2197.333333333333,72,-0.00379984470013161,4.12905987030569e-05,1.806175429486918e-05,5.6915106971338445e-08,2.781101470530072e-05,4.016104539603301e-05,-3.572404747918184e-07,5.499261491410795e-07
1,0.0015339807878856412,2218.6666666666665,72,-0.004333596522893161,4.1553391323064935e-05,1.7914890095605343e-05,5.6877319538968506e-08,3.224259638182845e-05,4.195067145021758e-05,7.109449519196139e-07,5.330349690300516e-07
1,0.0015339807878856412,2240.0,72,-0.004862700989269962,4.187858326941431e-05,1.7749093912187664e-05,5.681499753953322e-08,5.170609694457276e-05,4.245148456107729e-05,1.6527531172883878e-07,5.120684543878091e-07
1,0.0015339807878856412,2261.333333333333,72,-0.0053868464344611604,4.228371893737502e-05,1.756410125366553e-05,5.674428002371049e-08,7.630095885383221e-05,4.245153322489758e-05,-6.361710335566149e-07,5.006452950202488e-07
1,0.0015339807878856412,2282.6666666666665,72,-0.005905459179963432,4.274899785811831e-05,1.7360171207816506e-05,5.67090624533352e-08,8.037364508798865e-05,4.4046694652533606e-05,8.584402547931261e-07,4.998670996418165e-07
1,0.0015339807878856412,2304.0,72,-0.006417546349103544,4.3272648011798276e-05,1.7138075805753524e-05,5.6681110215458916e-08,6.452204975618068e-05,4.4909989614574044e-05,1.799072668603085e-06,5.153168854915207e-07
1,0.0015339807878856412,2325.333333333333,72,-0.00692268539895816,4.3853198860776216e-05,1.689791001964689e-05,5.662241952103999e-08,5.7644166593310394e-05,4.296843215685164e-05,1.0673092358047167e-07,4.940031612774577e-07
1,0.0015339807878856412,2346.6666666666665,72,-0.007420538992333904,4.4490978345790614e-05,1.6639528327069852e-05,5.655234274630729e-08,6.263348115421811e-05,4.128863092496347e-05,-7.871200846896981e-07,4.3131683418666883e-07
1,0.0015339807878856412,2368.0,72,-0.007910425968879167,4.5195171789580076e-05,1.6363544489558464e-05,5.649246260004094e-08,6.633519072237296e-05,4.241177299904538e-05,8.930191958210927e-08,4.938576887916101e-07
1,0.0015339807878856412,2389.333333333333,72,-0.008392020234233865,4.5953083612134054e-05,1.607048837932094e-05,5.6438670537939965e-08,6.900134323715727e-05,4.3502493161648364e-05,-1.3938535458580546e-07,4.986139109687419e-07
1,0.0015339807878856412,2410.6666666666665,72,-0.008865081712095928,4.6736067025025085e-05,1.5760085272500264e-05,5.6382270254407446e-08,6.23816280949477e-05,4.3482488953257374e-05,-8.883533995946069e-07,5.016247573109697e-07
1,0.0015339807878856412,2432.0,72,-0.009329039430705005,4.753604986786888e-05,1.543246298265746e-05,5.631569017678854e-08,4.43251144602985e-05,4.451732025445591e-05,-1.1835800674570213e-07,4.491084451264786e-07
1,0.0015339807878856412,2453.333333333333,72,-0.00978355170288105,4.836601070930171e-05,1.5088601957735569e-05,5.6248610592717305e-08,3.8839571604354275e-05,4.571319375979244e-05,5.556254387191445e-07,5.076558768859771e-07
1,0.0015339807878856412,2474.6666666666665,72,-0.010228326367458868,4.92163870913026e-05,1.4729020706534939e-05,5.6191196960334066e-08,4.817219197277273e-05,4.4779806172299164e-05,-7.830619427350431e-08,4.6292653121874085e-07
1,0.0015339807878856412,2496.0,72,-0.010662613273386915,5.004092555097273e-05,1.4353677084799238e-05,5.611259955232547e-08,4.992137857382143e-05,4.2595291208529914e-05,-4.48616240978809e-07,5.181344578111418e-07
1,0.0015339807878856412,2517.333333333333,72,-0.011085657555224768,5.083076145575148e-05,1.3963030400125515e-05,5.600279578737363e-08,4.780519442186941e-05,4.066802863316918e-05,-5.063760774336995e-07,5.652388726377579e-07
1,0.0015339807878856412,2538.6666666666665,72,-0.011496896186599532,5.1646278009442934e-05,1.3557727081635995e-05,5.591889145392802e-08,5.4140595453509566e-05,3.9587495181050954e-05,-1.1477253520004185e-06,5.117190056695947e-07
1,0.0015339807878856412,2560.0,72,-0.011895781793690073,5.2508853594769574e-05,1.3138015110885025e-05,5.586574895998333e-08,6.0820889056498584e-05,3.871911620818668e-05,-8.950097052866264e-07,4.915744939456638e-07
1,0.0015339807878856412,2581.333333333333,72,-0.012281997374915293,5.336670259851793e-05,1.2704269374608532e-05,5.577758063162204e-08,6.163539974028528e-05,3.884245850677139e-05,5.381086834550475e-07,5.064001290118575e-07
1,0.0015339807878856412,2602.6666666666665,72,-0.012655242021822234,5.419987517293186e-05,1.2257069509772878e-05,5.566504167749114e-08,5.504353425945664e-05,3.8733611405623304e-05,5.150371883978236e-07,5.832097739521426e-07
1,0.0015339807878856412,2624.0,72,-0.013014954502888053,5.5027489374104696e-05,1.1796815598058664e-05,5.5572371904491294e-08,4.013957976683885e-05,3.787768279512966e-05,-6.474964172956932e-07,5.227682154989271e-07
1,0.0015339807878856412,2645.333333333333,72,-0.013360747494511712,5.583339328466009e-05,1.1323990645398887e-05,5.545863772976516e-08,3.1073494497229614e-05,3.8032367028559e-05,-1.1224555908702755e-07,5.253798651861959e-07
1,0.0015339807878856412,2666.6666666666665,72,-0.013692348374458652,5.659825291000375e-05,1.083924351698929e-05,5.531285608808769e-08,3.730735177576706e-05,3.7861500340066466e-05,8.163959036207436e-07,5.85866234029247e-07
1,0.0015339807878856412,2688.0,72,-0.014009209816091273,5.734696202195594e-05,1.0343142984288273e-05,5.5197418254256794e-08,4.5240644096744846e-05,3.822916069902932e-05,-1.6734480868510144e-07,5.017313790237706e-07
1,0.0015339807878856412,2709.333333333333,72,-0.014310948120973978,5.8105109075478305e-05,9.836246324086913e-06,5.510010920113749e-08,4.402224111625213e-05,3.945978204850056e-05,-7.933137245348854e-07,4.910510560648925e-07
1,0.0015339807878856412,2730.6666666666665,72,-0.014597456534725958,5.88688377090205e-05,9.318960820056278e-06,5.497747369419192e-08,4.020360713220497e-05,4.071479401043964e-05,2.606900683489613e-07,5.288630608222242e-07
1,0.0015339807878856412,2752.0,72,-0.014868397310405226,5.9623798579307155e-05,8.79156917690087e-06,5.485822007877022e-08,4.638863072213676e-05,4.0932193184992004e-05,3.8370072786225997e-07,5.233514846310487e-07
1,0.0015339807878856412,2773.333333333333,72,-0.015123469003423413,6.03481433874487e-05,8.254800939105131e-06,5.474571846162455e-08,6.204696675888907e-05,4.120573454224837e-05,-5.580483021764599e-07,4.7136996266855843e-07
1,0.0015339807878856412,2794.6666666666665,72,-0.015362643222486042,6.1010247995533086e-05,7.709569948888873e-06,5.461625941546311e-08,6.390722728700584e-05,4.085424599727192e-05,-2.309711296364156e-07,4.84389711927654e-07
1,0.0015339807878856412,2816.0,72,-0.015585585095998354,6.158807841764658e-05,7.1562910622695856e-06,5.4503584647492065e-08,4.589793584841656e-05,4.029298688296112e-05,6.623381186051163e-07,4.998256368162006e-07
1,0.0015339807878856412,2837.333333333333,72,-0.01579172807308203,6.207919585911621e-05,6.595340787431454e-06,5.440572976592538e-08,3.8764053601521344e-05,3.9836702612811894e-05,2.802903168034712e-07,5.862346743457188e-07
1,0.0015339807878856412,2858.6666666666665,72,-0.015980864498210137,6.248782562682303e-05,6.02747051672329e-06,5.427674029463352e-08,4.5988603933447306e-05,3.8451027132416026e-05,-6.632317744199511e-07,5.53541543573349e-07
1,0.0015339807878856412,2880.0,72,-0.016152900121223442,6.282169697472612e-05,5.453347719396064e-06,5.414490530415423e-08,3.545588101915296e-05,3.610238063650633e-05,-7.153335443953436e-07,5.622477479311684e-07
1,0.0015339807878856412,2901.333333333333,72,-0.016307536015083383,6.309345230426558e-05,4.873524896059056e-06,5.4035630715157206e-08,1.0471875833508993e-05,3.522426462583782e-05,-2.7786702280651723e-09,4.741422285137474e-07
1,0.0015339807878856412,2922.6666666666665,72,-0.016444551310457058,6.330568714565708e-05,4.2886538705291625e-06,5.3914640720464415e-08,-6.17280796019458e-06,3.608769338235291e-05,2.3301679359204301e-07,4.685685556764257e-07
1,0.0015339807878856412,2944.0,72,-0.016563856934464553,6.34589166564722e-05,3.6993135576635265e-06,5.3795375945613093e-08,-1.9837978890971265e-05,3.6601424290975134e-05,-2.0233138790924645e-07,5.697160725129782e-07
1,0.0015339807878856412,2965.333333333333,72,-0.01666532639858834,6.357327331852833e-05,3.106114995396769e-06,5.369687049092869e-08,-2.9463075756475548e-05,3.6785688304304084e-05,-4.724856117802894e-08,4.983830370978312e-07
1,0.0015339807878856412,2986.6666666666665,72,-0.016748862308742844,6.366015014904752e-05,2.5097996709924206e-06,5.358637215771528e-08,-2.6026538819277154e-05,3.710120870916401e-05,5.393020593019555e-07,4.682910203420008e-07
1,0.0015339807878856412,3008.0,72,-0.016814391574837845,6.370115169774137e-05,1.9109720755849034e-06,5.3478705957343246e-08,-2.621425023487421e-05,3.682038690437457e-05,2.941408444570433e-07,4.974154750680231e-07
1,0.0015339807878856412,3029.333333333333,72,-0.01686180706353391,6.36898689775696e-05,1.3102052493373671e-06,5.3397192630161034e-08,-3.113540101189107e-05,3.641432934194749e-05,-1.4174702798696626e-08,5.023376321548059e-07
1,0.0015339807878856412,3050.6666666666665,72,-0.016891096955149894,6.364203994418442e-05,7.081959306988719e-07,5.330255651113665e-08,-1.560362837093013e-05,3.5963146700992345e-05,3.258466740456282e-07,4.480187007621787e-07
1,0.0015339807878856412,3072.0,72,-0.01690233973387597,6.356110665596708e-05,1.0551885711336947e-07,5.32001188110795e-08,9.744823724602981e-06,3.701514065162916e-05,1.8271843753382243e-07,5.031720730337796e-07
1,0.0015339807878856412,3093.333333333333,72,-0.016895519939332915,6.344228650789223e-05,-4.972632364183583e-07,5.3122645618126516e-08,1.4818806595916895e-05,3.877428791992284e-05,-2.1877278378730318e-07,5.317421344832776e-07
1,0.0015339807878856412,3114.6666666666665,72,-0.016870557382542117,6.328037380229506e-05,-1.0993570825174547e-06,5.3041036599307425e-08,6.381467794797389e-06,3.969849533435276e-05,-9.041316703803558e-08,5.127819344660494e-07
1,0.0015339807878856412,3136.0,72,-0.01682745146022079,6.306465736400132e-05,-1.7000313552293534e-06,5.2955205969352825e-08,1.593498960640969e-06,4.042266847989901e-05,-2.5623628785374224e-07,6.085008481961184e-07
1,0.0015339807878856412,3157.333333333333,72,-0.016766223616037332,6.280384874106895e-05,-2.29878438618254e-06,5.2891574680188405e-08,-3.7684737849815403e-06,4.0985767659685996e-05,-3.840748528594449e-07,4.6587331469179344e-07
1,0.0015339807878856412,3178.6666666666665,72,-0.016686859948959906,6.25192530378817e-05,-2.8950703974406e-06,5.282047510965364e-08,-1.4852892419556704e-05,4.163796854778864e-05,1.622789647172278e-07,4.859198680506413e-07
1,0.0015339807878856412,3200.0,72,-0.016589453708298132,6.220789808106109e-05,-3.488155106506575e-06,5.275277783992744e-08,-2.4781167617699206e-05,4.3240200446274866e-05,-9.38730014495187e-08,4.616619389852971e-07
1,0.0015339807878856412,3221.333333333333,72,-0.016474206909729706,6.185958418084967e-05,-4.077271726289617e-06,5.272773833844539e-08,-2.318669693189033e-05,4.2825240536506766e-05,-8.319795145427268e-07,5.027337030734762e-07
1,0.0015339807878856412,3242.6666666666665,72,-0.016341237102232953,6.146586452397802e-05,-4.661849179507194e-06,5.2692658026456344e-08,-1.2282249676263024e-05,4.1165744531975395e-05,-2.8754399773733957e-07,5.130424750167811e-07
1,0.0015339807878856412,3264.0,72,-0.016190665679484965,6.1004280914657855e-05,-5.241413551350203e-06,5.262274515244683e-08,-9.829136508149994e-06,4.13574919359191e-05,1.377586668752678e-07,5.199134808840962e-07
1,0.0015339807878856412,3285.333333333333,72,-0.016022806383321677,6.04843977065572e-05,-5.815281161578028e-06,5.2575678200534855e-08,-2.046462706511202e-05,4.146116903902822e-05,-3.6421890522965304e-07,4.443394322427285e-07
1,0.0015339807878856412,3306.6666666666665,72,-0.01583796206540036,5.9951972411769565e-05,-6.3827196191764895e-06,5.254518719644174e-08,-2.8108295789743836e-05,3.956492099554231e-05,1.0266836106449657e-07,5.126570461821853e-07
1,0.0015339807878856412,3328.0,72,-0.015636286493821174,5.940574030543071e-05,-6.94317571378796e-06,5.251508835326923e-08,-2.4621688621948926e-05,3.728476386800224e-05,6.187036912189406e-07,4.6763951785656526e-07
1,0.0015339807878856412,3349.333333333333,72,-0.015417993465274303,5.881794282395999e-05,-7.496054619345231e-06,5.251952414481768e-08,-1.2999183426396803e-05,3.536512225492621e-05,-5.571874763756811e-07,4.946948656897188e-07
1,0.0015339807878856412,3370.6666666666665,72,-0.015183315974183795,5.8212176054772504e-05,-8.04076357236465e-06,5.25169789737533e-08,1.7352811725282811e-06,3.465555600234709e-05,-1.3324757264394597e-06,5.180370809443234e-07
1,0.0015339807878856412,3392.0,72,-0.014932354857002707,5.7611003451870694e-05,-8.57682737053062e-06,5.246841160029952e-08,7.233128061814255e-06,3.5550291704928066e-05,-5.430791870119266e-07,4.762341431056081e-07
1,0.0015339807878856412,3413.333333333333,72,-0.014665332343197501,5.698705812363033e-05,-9.103553561410908e-06,5.244533739908918e-08,-1.7948592546418648e-06,3.725364577376608e-05,-5.5367274056987176e-08,5.789940835398485e-07
1,0.0015339807878856412,3434.6666666666665,72,-0.014382711917964343,5.6324760399800524e-05,-9.620221568709348e-06,5.24613414837613e-08,-1.3164778470954572e-05,3.756134622469932e-05,-3.5465126322595503e-07,4.2676683370951027e-07
1,0.0015339807878856412,3456.0,72,-0.01408489965126308,5.563883807237824e-05,-1.012650337062756e-05,5.2456949415935983e-08,-1.5113261450886734e-05,3.749762180322607e-05,-5.797430413968764e-07,4.438487035853042e-07
1,0.0015339807878856412,3477.333333333333,72,-0.013772159647533193,5.494458860315604e-05,-1.0621970770245588e-05,5.244627235790652e-08,-5.059988856585096e-06,3.834268285749645e-05,-3.918343683343266e-07,5.717110114860794e-07
1,0.0015339807878856412,3498.6666666666665,72,-0.013444794946924236,5.4259666926405096e-05,-1.1105895024122434e-05,5.244123590703844e-08,4.399688626535699e-06,3.8458803993559645e-05,8.089288748289264e-08,4.5848137988869076e-07
1,0.0015339807878856412,3520.0,72,-0.013103163570244708,5.358132905819914e-05,-1.1577781726061305e-05,5.2420783485380005e-08,-7.037535531575235e-06,3.823798783420631e-05,-2.065338512510402e-08,4.203940304555513e-07
1,0.0015339807878856412,3541.333333333333,72,-0.012747542458453023,5.287887969077042e-05,-1.2037184033804404e-05,5.242428719243841e-08,-2.5382986914474553e-05,3.948580928529168e-05,-5.106070440462776e-07,4.764841763626263e-07
1,0.0015339807878856412,3562.6666666666665,72,-0.012378061112040435,5.215038674825014e-05,-1.2483445074003308e-05,5.245952746851699e-08,-1.8648768169589924e-05,4.0774683570002705e-05,-1.7916975913646477e-07,4.7344648766128424e-07
1,0.0015339807878856412,3584.0,72,-0.011994891247446963,5.1416599075929506e-05,-1.291614311016358e-05,5.2473559219144304e-08,-1.5527280240958176e-06,4.038259653652477e-05,-9.62668464870483e-08,5.184966214357563e-07
1,0.0015339807878856412,3605.333333333333,72,-0.011598487853076656,5.0665391442182606e-05,-1.3335022216911054e-05,5.247675751762378e-08,-2.6489638431212254e-06,4.025367919399868e-05,-9.777195536776908e-07,4.798122200077534e-07
1,0.0015339807878856412,3626.6666666666665,72,-0.011189439868939187,4.988477613129999e-05,-1.3739697520829463e-05,5.2477782116359317e-08,-9.538011962233974e-06,4.004890990774592e-05,-6.359364392876303e-07,4.837532335178727e-07
1,0.0015339807878856412,3648.0,72,-0.010768267971990873,4.9091129438569104e-05,-1.4129769062985602e-05,5.244714772524113e-08,-1.2101734080477555e-05,3.93216496852387e-05,5.832315028416313e-07,4.963103103134359e-07
1,0.0015339807878856412,3669.333333333333,72,-0.010335526789333586,4.827727472212299e-05,-1.4504564080962148e-05,5.243738628137334e-08,-1.6973783921174053e-05,3.85320959466385e-05,1.3964840514537824e-07,4.682532202239554e-07
1,0.0015339807878856412,3690.6666666666665,72,-0.009891705175053356,4.74229233885302e-05,-1.4863335658448666e-05,5.247402367235979e-08,-1.4092366378811573e-05,3.8962023753430975e-05,-8.182635920032366e-07,5.000871184174918e-07
1,0.0015339807878856412,3712.0,72,-0.009437059303861356,4.655049888725425e-05,-1.5206086951944717e-05,5.246051014474484e-08,-7.719329169426898e-06,3.969374483064352e-05,-6.23645007876547e-07,4.4889513600985834e-07
1,0.0015339807878856412,3733.333333333333,72,-0.008971942249249546,4.5691285690541374e-05,-1.5532910699735848e-05,5.239453502003801e-08,-1.6580703044828474e-05,3.980007543583121e-05,-2.6969407405436303e-07,4.904495995920368e-07
1,0.0015339807878856412,3754.6666666666665,72,-0.008497011302014402,4.485661258184934e-05,-1.5843046113650374e-05,5.23858486021642e-08,-2.0963572929618118e-05,4.029582078124533e-05,1.6808425453213498e-07,4.5911695991324803e-07
1,0.0015339807878856412,3776.0,72,-0.008012961839509452,4.407095361459022e-05,-1.6135866150486942e-05,5.2428720509222406e-08,-5.755701957098442e-06,4.0662580469521446e-05,6.233124423835471e-07,4.789817730655294e-07
1,0.0015339807878856412,3797.333333333333,72,-0.007520439288998303,4.33484430700454e-05,-1.6411412232111283e-05,5.2452453999981085e-08,-2.7943268966524525e-07,4.046721027037571e-05,1.2412225095271263e-08,5.078422351139685e-07
1,0.0015339807878856412,3818.6666666666665,72,-0.007020040251444588,4.267232004020913e-05,-1.6669397472586612e-05,5.246890800096092e-08,-7.3418856551207125e-06,3.976047626032385e-05,-3.591907661328823e-07,5.350328838886194e-07
1,0.0015339807878856412,3840.0,72,-0.006512189174522345,4.205602187582896e-05,-1.6909210670901822e-05,5.2491634606330966e-08,-5.998297190253738e-07,3.830209777476922e-05,4.914294496164776e-07,4.4604025376038826e-07
1,0.0015339807878856412,3861.333333333333,72,-0.0059973139262734995,4.154572680249181e-05,-1.7130591877748205e-05,5.249481922897823e-08,9.482542652654394e-06,3.645847023461591e-05,6.376033554903181e-07,4.952682003230542e-07
1,0.0015339807878856412,3882.6666666666665,72,-0.005475997972738759,4.11539466124695e-05,-1.7333445150473735e-05,5.2488963977258717e-08,9.67449365689167e-06,3.5703033409190575e-05,1.3160287487228762e-07,4.875391558676555e-07
1,0.0015339807878856412,3904.0,72,-0.0049487653507896655,4.084978080788942e-05,-1.751767082323445e-05,5.2503865264755214e-08,1.4902332104050507e-05,3.66164931888098e-05,3.5689848894298483e-07,4.315355250833858e-07
1,0.0015339807878856412,3925.333333333333,72,-0.004416035601254625,4.059922706679676e-05,-1.7683115554655366e-05,5.253002144632092e-08,1.8499801101737698e-05,3.85595844212045e-05,2.1413224078417574e-07,4.477155776925637e-07
1,0.0015339807878856412,3946.6666666666665,72,-0.00387823736841836,4.040213502066413e-05,-1.7829388497669156e-05,5.253765352849161e-08,3.5656918802098734e-06,3.844384600963681e-05,-1.415341177144692e-07,5.203222875601745e-07
1,0.0015339807878856412,3968.0,72,-0.0033358807597704525,4.025952796899841e-05,-1.795629464609664e-05,5.2542733933902364e-08,-1.6469779771303782e-05,3.829482483428982e-05,8.758301658691089e-07,5.173446893433026e-07
1,0.0015339807878856412,3989.333333333333,72,-0.0027897750462617674,4.011113292769207e-05,-1.8063973482058937e-05,5.2589778074109214e-08,-2.9957025145862217e-05,3.893434882025947e-05,1.6132610446252632e-06,4.941291119076627e-07
1,0.0015339807878856412,4010.6666666666665,72,-0.002240822903495618,3.9908892192303806e-05,-1.815226768198628e-05,5.265527621799593e-08,-4.0500406274202196e-05,3.90230745110282e-05,5.87325588877941e-07,4.840818092652848e-07
1,0.0015339807878856412,4032.0,72,-0.001689448366571321,3.9697082663875165e-05,-1.8220946602664324e-05,5.268326526683193e-08,-4.309989338499887e-05,3.9369849002263886e-05,-2.435320995756123e-07,4.867215342159424e-07
1,0.0015339807878856412,4053.333333333333,72,-0.0011358768013204983,3.951473254864631e-05,-1.8270212196139318e-05,5.270612889768805e-08,-3.9606003747049485e-05,3.999257128117421e-05,-6.241521119760163e-08,4.865235132250685e-07
1,0.0015339807878856412,4074.6666666666665,72,-0.0005807359792600519,3.9353592844153015e-05,-1.830006285911575e-05,5.276676738108954e-08,-4.312746867464888e-05,4.024660349718748e-05,-6.26711845536892e-08,5.180976891767262e-07
2,0.0030679615757712823,0.0,72,-5.378316488087522e-05,5.0556989463075474e-05,-3.6818160598157344e-05,5.6995044192467044e-08,-4.6761072389352896e-05,3.9543069136886805e-05,-5.489141028794105e-07,4.496910225124148e-07
2,0.0030679615757712823,21.333333333333332,72,0.0011263877743630665,5.0966209821938544e-05,-3.6739032899470144e-05,5.7037965396861614e-08,-4.7638849485797854e-05,3.886184462133142e-05,-3.1637204216455194e-07,4.6299221477608137e-07
2,0.0030679615757712823,42.666666666666664,72,0.002301921467042396,5.158712691508083e-05,-3.6502624448509696e-05,5.703447818066989e-08,-5.1638919949361395e-05,3.8840450324307616e-05,7.142404262234419e-07,4.3241318175477607e-07
2,0.0030679615757712823,64.0,72,0.003467803216285662,5.2355135364364014e-05,-3.611013801821024e-05,5.696066800332675e-08,-5.6470197446801754e-05,3.8579391558713456e-05,6.844939973218988e-07,5.687586756673005e-07
2,0.0030679615757712823,85.33333333333333,72,0.004618794147049476,5.315835300586522e-05,-3.5562746003394654e-05,5.6858186850287835e-08,-5.0291125719088755e-05,3.823759178334148e-05,-6.847491102142354e-07,5.906597775660862e-07
2,0.0030679615757712823,106.66666666666666,72,0.005750183349515731,5.4059309173365077e-05,-3.486269297977367e-05,5.6792904264325016e-08,-4.841658735131574e-05,3.955125238340534e-05,-1.0876540158063209e-06,5.876327167857389e-07
2,0.0030679615757712823,128.0,72,0.0068576556206366894,5.513206999939893e-05,-3.4013481400200005e-05,5.675934311137406e-08,-5.8858475811559394e-05,4.086868705943803e-05,-4.0765445214310847e-07,5.081626295447442e-07
2,0.0030679615757712823,149.33333333333331,72,0.007935964171281173,5.6335032064487874e-05,-3.3018554405186826e-05,5.669929518681295e-08,-6.059186304423373e-05,4.063311147010363e-05,-5.376714250757819e-07,4.986467175379982e-07
2,0.0030679615757712823,170.66666666666666,72,0.008979678132146804,5.765744830477418e-05,-3.1881814764060624e-05,5.6620908084802105e-08,-5.1485578025176334e-05,3.993564346141598e-05,-8.613875399487355e-07,5.017704993551416e-07
2,0.0030679615757712823,192.0,72,0.009984858607690853,5.909744563701415e-05,-3.060861136633039e-05,5.6571884233712836e-08,-4.932585645921504e-05,4.130798654936488e-05,-4.177797000398906e-08,4.704507249724724e-07
2,0.0030679615757712823,213.33333333333331,72,0.010947778234391699,6.057096817692931e-05,-2.9204469289953808e-05,5.6536934795883226e-08,-5.082577892604282e-05,4.319088981888413e-05,5.536040469554036e-07,4.917095400780437e-07
2,0.0030679615757712823,234.66666666666666,72,0.011863527195448061,6.201954361170862e-05,-2.7675075080990302e-05,5.6462826093931095e-08,-4.82807876734296e-05,4.251588897892642e-05,-5.276627736230699e-08,4.76992707289916e-07
2,0.0030679615757712823,256.0,72,0.012727679290561613,6.344526068993802e-05,-2.6027459605977334e-05,5.634595399528033e-08,-4.956740653042746e-05,4.077051190900318e-05,-3.091073195409949e-07,4.57462420258021e-07
2,0.0030679615757712823,277.3333333333333,72,0.013537138244585254,6.483265595371392e-05,-2.426872203620085e-05,5.6235722448582275e-08,-5.229098140170557e-05,4.1392422598949717e-05,4.6828211992262134e-07,5.205428729965276e-07
2,0.0030679615757712823,298.66666666666663,72,0.01428871618312413,6.615289309752897e-05,-2.2405709154979168e-05,5.6144681092456616e-08,-4.612888552842475e-05,4.2335772139469185e-05,1.0161251131855246e-06,4.929556079704365e-07
2,0.0030679615757712823,320.0,72,0.014979062255853388,6.736527511327833e-05,-2.0446732610375922e-05,5.6042252683646956e-08,-3.841890142136212e-05,4.025329621398078e-05,7.611862017889458e-07,4.429324002970251e-07
2,0.0030679615757712823,341.3333333333333,72,0.015605391170635693,6.843316280834336e-05,-1.8400531206025795e-05,5.593065415970863e-08,-3.8229278412370594e-05,3.837095561450102e-05,2.6209140121910025e-07,4.981344608232386e-07
2,0.0030679615757712823,362.66666666666663,72,0.016164838138297145,6.938692743669423e-05,-1.627512911299463e-05,5.5823795740181344e-08,-3.837951432119152e-05,4.001602187054115e-05,-8.191945877288615e-08,4.830009104000727e-07
2,0.0030679615757712823,384.0,72,0.01665446134265692,7.027691235798272e-05,-1.4079616988816844e-05,5.5710368295610983e-08,-3.4219224849107864e-05,4.1405819983531014e-05,-9.687115558905447e-08,4.6516584841622797e-07
2,0.0030679615757712823,405.3333333333333,72,0.017072267335016347,7.108484289979494e-05,-1.1824050998284177e-05,5.561106730192358e-08,-2.952979837506865e-05,4.061848533370167e-05,2.6608501896450514e-07,5.122997837700962e-07
2,0.0030679615757712823,426.66666666666663,72,0.017416877114987513,7.176538702060621e-05,-9.517943554874111e-06,5.5541321337184514e-08,-2.0704730982408742e-05,4.0077086103878675e-05,5.09307488038974e-07,4.897620195570785e-07
2,0.0030679615757712823,448.0,72,0.017686748046100403,7.230171002644242e-05,-7.171042249137001e-06,5.545107557964178e-08,-5.196657114767689e-06,4.056855678047719e-05,-3.859368240827878e-08,5.458007343403898e-07
2,0.0030679615757712823,469.3333333333333,72,0.01788056452129815,7.2683199686062e-05,-4.793509600371208e-06,5.533719032156986e-08,4.2405944819081365e-06,4.032486956921555e-05,-9.847341635140906e-07,4.6948923536542916e-07
2,0.0030679615757712823,490.66666666666663,72,0.017997456418152605,7.291503732731045e-05,-2.3952211283900645e-06,5.5252572418396114e-08,-2.640142040823388e-07,4.0385936484615556e-05,-1.0233400764521105e-06,4.489502525519201e-07
2,0.0030679615757712823,512.0,72,0.018036735130180524,7.303399292906352e-05,1.3442771281046978e-08,5.5175706635030046e-08,-7.682309485651999e-06,4.098336436155009e-05,-1.7797053568104697e-07,5.18314264240086e-07
2,0.0030679615757712823,533.3333333333333,72,0.01799819843689104,7.305117241971096e-05,2.4218252056967283e-06,5.508464833473989e-08,-1.2739972664826846e-05,4.1603216269675726e-05,1.8986477762663074e-08,4.875338543238361e-07
2,0.0030679615757712823,554.6666666666666,72,0.01788226443214615,7.292779544933326e-05,4.819905641118262e-06,5.5023953374828773e-08,-2.2836179266710315e-05,4.178838333120589e-05,-4.788306643914565e-07,4.7362237414369963e-07
2,0.0030679615757712823,576.0,72,0.017689511271241534,7.265654611682046e-05,7.1975433388891995e-06,5.497583950864168e-08,-3.220663129880407e-05,4.1234644441669806e-05,-3.0674451489334836e-07,4.566199791563963e-07
2,0.0030679615757712823,597.3333333333333,72,0.017420705780262686,7.229796051926765e-05,9.544504102509627e-06,5.490153660610339e-08,-2.787738271640111e-05,4.125327954903732e-05,1.786333145251487e-07,4.870910572319659e-07
2,0.0030679615757712823,618.6666666666666,72,0.01707709507747587,7.19005142790729e-05,1.1850815748070765e-05,5.483287882426955e-08,-1.5846782645214645e-05,4.1659853999950525e-05,-9.4948179687915e-08,4.953585239117286e-07
2,0.0030679615757712823,640.0,72,0.016660123294353638,7.145832402169869e-05,1.4105980522199006e-05,5.47541915933546e-08,-8.242997840424316e-06,4.0269672416502616e-05,-3.8949573191648596e-07,5.010585367740276e-07
2,0.0030679615757712823,661.3333333333333,72,0.016171275700531604,7.096854597957014e-05,1.6300252205635472e-05,5.463519680535707e-08,-5.265458900205767e-06,3.827454494148321e-05,-1.2976881775810243e-07,4.624480364789242e-07
2,0.0030679615757712823,682.6666666666666,72,0.015612512834371733,7.046728504547378e-05,1.8425491355670975e-05,5.453824290106506e-08,-5.719623013259572e-06,3.78030637888924e-05,-1.8469029750194681e-07,5.206330843356386e-07
2,0.0030679615757712823,704.0,72,0.014986431670694658,6.999385717876894e-05,2.04724750025858e-05,5.445671620724348e-08,-7.789545459655475e-06,3.751376291223404e-05,-5.594813549340423e-07,4.604032751798542e-07
2,0.0030679615757712823,725.3333333333333,72,0.014295898745455128,6.953669985856493e-05,2.243112902572841e-05,5.431549403621053e-08,-5.506184680844505e-06,3.5310743798628e-05,-4.3712684512055173e-07,4.845906905838473e-07
2,0.0030679615757712823,746.6666666666666,72,0.013543870326060355,6.904775409815271e-05,2.4293430039632813e-05,5.4172551849368446e-08,-1.8932554300143263e-06,3.357361483542207e-05,1.8188498934463497e-08,4.893619663180188e-07
2,0.0030679615757712823,768.0,72,0.012733607161337371,6.855947219520841e-05,2.605199545593441e-05,5.408335737261655e-08,-1.5078912498258973e-06,3.4081747181731466e-05,2.673666317734072e-07,4.906397454885405e-07
2,0.0030679615757712823,789.3333333333333,72,0.011868756933328915,6.817628102215286e-05,2.769892084782812e-05,5.397229784098993e-08,3.835742074713797e-06,3.504836653038602e-05,1.2355382364723364e-07,4.472852151064554e-07
2,0.0030679615757712823,810.6666666666666,72,0.010952965854359974,6.786683011341791e-05,2.9227791142924918e-05,5.384120580175116e-08,1.208997367396886e-05,3.4354921177483824e-05,-2.564783420127813e-07,5.430962334603799e-07
2,0.0030679615757712823,832.0,72,0.00998961704623268,6.748421352862257e-05,3.06323576366796e-05,5.3769668878813105e-08,3.958402511625154e-06,3.3356798233061136e-05,-1.3053441166510515e-07,4.882894794492736e-07
2,0.0030679615757712823,853.3333333333333,72,0.008982555796114927,6.702271365251756e-05,3.190513327638703e-05,5.372903769267997e-08,-2.0280168001002177e-05,3.242332677719788e-05,4.032808308032934e-07,5.126099277801562e-07
2,0.0030679615757712823,874.6666666666666,72,0.007936883190627061,6.659160428179625e-05,3.304044716234588e-05,5.3657665679300564e-08,-3.8995266134407455e-05,3.065985220031617e-05,3.8494701889058674e-08,4.896190728040921e-07
2,0.0030679615757712823,896.0,72,0.006858010277580734,6.621700838290865e-05,3.4034646925762275e-05,5.355262608248386e-08,-4.692814253869567e-05,3.0031606520348134e-05,-7.539505037346719e-07,4.568957533406364e-07
2,0.0030679615757712823,917.3333333333333,72,0.005750216857008877,6.587094285986171e-05,3.4883405780099095e-05,5.3424894949762324e-08,-5.35576883700418e-05,3.0267480646273745e-05,-2.3485419161910408e-07,5.180437691423846e-07
2,0.0030679615757712823,938.6666666666666,72,0.004617374352187806,6.553449960532384e-05,3.558271852501209e-05,5.331721164579466e-08,-5.5804718933706875e-05,3.1198393567795373e-05,6.423032471108823e-07,4.336905122794049e-07
2,0.0030679615757712823,960.0,72,0.00346431375172775,6.518425933437748e-05,3.612990503442366e-05,5.325764733823e-08,-4.576607804014307e-05,3.251060430875563e-05,6.584703978004507e-08,4.268427390235687e-07
2,0.0030679615757712823,981.3333333333333,72,0.0022962152026995853,6.485791889368462e-05,3.652251819880436e-05,5.3211125437974475e-08,-3.0820866505776345e-05,3.2405467926362e-05,-7.181711779742696e-07,4.794946859149145e-07
2,0.0030679615757712823,1002.6666666666666,72,0.0011180229644346075,6.465747224631452e-05,3.6758977466984126e-05,5.31824828007846e-08,-2.2344071295050577e-05,3.290957244724496e-05,-2.64935543378379e-07,4.891315203947191e-07
2,0.0030679615757712823,1024.0,72,-6.468444642122387e-05,6.462030631125189e-05,3.683846496947975e-05,5.3200195837324235e-08,-1.6989134813160194e-05,3.508662335410808e-05,1.6127236817667847e-07,4.517709858553889e-07
2,0.0030679615757712823,1045.3333333333333,72,-0.001246114966377424,6.473114479779111e-05,3.675985367513643e-05,5.320443344930853e-08,-7.569296806590133e-06,3.543873677990968e-05,-2.208040150817392e-07,4.6420459766230807e-07
2,0.0030679615757712823,1066.6666666666665,72,-0.002421602757932828,6.497808858949863e-05,3.6523520231077234e-05,5.3157427451965813e-08,1.2203481174685493e-06,3.31940201977463e-05,-2.66314486818409e-07,5.324763011795396e-07
2,0.0030679615757712823,1088.0,72,-0.0035867398279761037,6.528390428208784e-05,3.613164975002614e-05,5.310367839745331e-08,5.847051735392563e-06,3.187351874841983e-05,1.8216569770705027e-07,5.422461813079533e-07
2,0.0030679615757712823,1109.3333333333333,72,-0.004736330009956156,6.557050512901957e-05,3.5585508137944996e-05,5.307831173193078e-08,1.3224003271317568e-05,3.2984964777053936e-05,1.5228274604562852e-07,4.96230951527483e-07
2,0.0030679615757712823,1130.6666666666665,72,-0.005865619576441499,6.590395602728279e-05,3.488640649874423e-05,5.31113253824261e-08,2.202839620806969e-05,3.408493727271861e-05,-1.939442110276112e-07,4.432851721076058e-07
2,0.0030679615757712823,1152.0,72,-0.0069706830292576745,6.636557696790427e-05,3.403804441133729e-05,5.3189793847728956e-08,2.0900637246570328e-05,3.4611452539845696e-05,-2.2612575722704325e-07,5.210039530852079e-07
2,0.0030679615757712823,1173.3333333333333,72,-0.008047016901821856,6.690558099722388e-05,3.3044713572508764e-05,5.3186696424005325e-08,1.2314259237108513e-05,3.4672725590881984e-05,-1.86969716961768e-07,5.195691966611431e-07
2,0.0030679615757712823,1194.6666666666665,72,-0.00908960195016668,6.74782137298952e-05,3.190998732761592e-05,5.3067568344861845e-08,1.1893034511417612e-05,3.43012930271807e-05,-1.0191063917070703e-07,5.549124913387402e-07
2,0.0030679615757712823,1216.0,72,-0.010093892697260153,6.810524921725897e-05,3.063824118872889e-05,5.300334981935026e-08,2.5327692262615863e-05,3.405122678787695e-05,3.689220317625664e-07,5.123741248343841e-07
2,0.0030679615757712823,1237.3333333333333,72,-0.01105554346877997,6.876017664203416e-05,2.9235081752769732e-05,5.305544757368823e-08,4.240883163822854e-05,3.426861044095873e-05,5.38200333986676e-07,5.03787031691152e-07
2,0.0030679615757712823,1258.6666666666665,72,-0.01197030917957238,6.935426508063481e-05,2.7706781071826925e-05,5.3075991048481544e-08,5.011178466647639e-05,3.4898867445918966e-05,-1.537398359745844e-07,5.125361589465412e-07
2,0.0030679615757712823,1280.0,72,-0.012834524847375035,6.979521807166942e-05,2.606004919948634e-05,5.302697502106908e-08,4.7414576237417276e-05,3.6384831052623334e-05,-5.611853020755561e-07,5.186579563185188e-07
2,0.0030679615757712823,1301.3333333333333,72,-0.013644585746316131,7.00494890911063e-05,2.430185038885905e-05,5.3024857099636516e-08,4.293560299370112e-05,3.653664950250834e-05,4.106200549112466e-09,5.127457722078443e-07
2,0.0030679615757712823,1322.6666666666665,72,-0.014396530544501697,7.019971297854901e-05,2.243979328254824e-05,5.307750891324418e-08,3.8164685395072616e-05,3.5025566864034876e-05,4.3559000325682225e-07,4.6744139927239876e-07
2,0.0030679615757712823,1344.0,72,-0.01508678972880516,7.034209797093938e-05,2.0481992441159722e-05,5.3100933763782276e-08,3.0763132110486006e-05,3.295522437630015e-05,2.7840454883288166e-07,4.998738357330641e-07
2,0.0030679615757712823,1365.3333333333333,72,-0.015712438877788035,7.048310628158788e-05,1.8436408890270974e-05,5.308670860809242e-08,2.5822249846991252e-05,3.270422567191772e-05,1.68603132255728e-07,4.936936999293287e-07
2,0.0030679615757712823,1386.6666666666665,72,-0.016270690335011113,7.063619062868716e-05,1.6311741177046183e-05,5.307741582460404e-08,2.260624257739676e-05,3.355239127254725e-05,-2.5408388588858254e-08,4.973653297886913e-07
2,0.0030679615757712823,1408.0,72,-0.016758946362588404,7.08434726743964e-05,1.411763693066021e-05,5.309527381766896e-08,1.5806569370967035e-05,3.425154314337239e-05,-3.393596211203985e-07,5.695168384314003e-07
2,0.0030679615757712823,1429.3333333333333,72,-0.01717510128756775,7.107337604053602e-05,1.1863246202690549e-05,5.313945587779016e-08,1.5825945145697324e-05,3.522349804867306e-05,-7.218337308646427e-08,4.7538453365795756e-07
2,0.0030679615757712823,1450.6666666666665,72,-0.01751750275323906,7.126744712376998e-05,9.557945720241158e-06,5.3187446350894875e-08,2.9730158327708137e-05,3.738343967131698e-05,2.972318873418839e-07,5.641936373038869e-07
2,0.0030679615757712823,1472.0,72,-0.017784948132583567,7.139748590792163e-05,7.2122592407646225e-06,5.3227176032904034e-08,4.337819804167001e-05,3.97905270940362e-05,-1.5436318017707275e-07,4.6102237160168356e-07
2,0.0030679615757712823,1493.3333333333333,72,-0.017976562509407698,7.140901168720868e-05,4.8360320673172015e-06,5.3273235707815746e-08,5.1584503143477185e-05,3.9763343322286574e-05,-5.19557042588158e-07,5.000661644301308e-07
2,0.0030679615757712823,1514.6666666666665,72,-0.018091435946780525,7.127737561226712e-05,2.4386949349920955e-06,5.331492972488422e-08,5.9945313221830874e-05,3.813911695545009e-05,1.9813858280947266e-07,5.045515380634549e-07
2,0.0030679615757712823,1536.0,72,-0.01812876739998142,7.106739452829125e-05,3.120707426950992e-08,5.333442903714454e-08,5.801464735751717e-05,3.846388598342243e-05,9.561660560266906e-07,4.4683234644210067e-07
2,0.0030679615757712823,1557.3333333333333,72,-0.01808845116593766,7.080144693985243e-05,-2.3757844332207156e-06,5.3357717466684104e-08,4.298118994127377e-05,3.885612374940922e-05,6.002274577139755e-07,4.864846257194848e-07
2,0.0030679615757712823,1578.6666666666665,72,-0.017970955760745796,7.043255518045726e-05,-4.773112385341903e-06,5.3392067655432616e-08,3.502639696617297e-05,3.870344559843442e-05,-1.8814164576054787e-07,5.105804246080538e-07
2,0.0030679615757712823,1600.0,72,-0.017776634363488045,6.997853251400247e-05,-7.15034764745999e-06,5.340848200566924e-08,3.7760113903568046e-05,3.985300853717508e-05,-2.3176502774934334e-07,5.434757086719746e-07
2,0.0030679615757712823,1621.3333333333333,72,-0.01750587952196024,6.947652244626328e-05,-9.49611293473874e-06,5.342582242182018e-08,3.663761707722506e-05,4.2128741453153764e-05,1.4367843862291652e-07,4.965074045821214e-07
2,0.0030679615757712823,1642.6666666666665,72,-0.017159796086520983,6.890098562181375e-05,-1.1800851601495453e-05,5.3473594352946376e-08,3.3211737193941936e-05,4.3379004737999034e-05,-1.5604971512501422e-07,5.111566342463528e-07
2,0.0030679615757712823,1664.0,72,-0.01673997152162593,6.828317135864092e-05,-1.4055397212224164e-05,5.3515437134852e-08,3.48731353116247e-05,4.27842401678262e-05,-6.622888709947551e-07,5.083931010100705e-07
2,0.0030679615757712823,1685.3333333333333,72,-0.016248173585587285,6.77129327407232e-05,-1.624940506261963e-05,5.3527292361420754e-08,3.79309336069478e-05,4.262180575586953e-05,-2.3655972814596883e-07,4.841006887566118e-07
2,0.0030679615757712823,1706.6666666666665,72,-0.015686849263081143,6.717309541911349e-05,-1.837349516273308e-05,5.3543388684649534e-08,3.932879790500949e-05,4.3656308231161606e-05,1.7332459336980906e-07,5.117541666225214e-07
2,0.0030679615757712823,1728.0,72,-0.015058799555194466,6.657334540198325e-05,-2.041933995614353e-05,5.3574457266867475e-08,3.905539454431491e-05,4.3655492281294235e-05,-5.415990402317842e-07,5.206163861189306e-07
2,0.0030679615757712823,1749.3333333333333,72,-0.014366264248616886,6.587738822425783e-05,-2.2377621427606025e-05,5.35969820613506e-08,3.8550219960502796e-05,4.395694694847222e-05,-7.836791632951446e-07,4.970530180608206e-07
2,0.0030679615757712823,1770.6666666666665,72,-0.013611621998093074,6.509774227554436e-05,-2.4239279313551434e-05,5.3613620110871846e-08,4.062901687996292e-05,4.5376647344991055e-05,4.5760685449366367e-07,4.804422195753597e-07
2,0.0030679615757712823,1792.0,72,-0.012798273108839266,6.429695345940662e-05,-2.599703939472406e-05,5.364410644988175e-08,4.092663297954471e-05,4.545301559928181e-05,1.1811766504676975e-06,5.211763291695738e-07
2,0.0030679615757712823,1813.3333333333333,72,-0.01192988621467111,6.355418075002014e-05,-2.764373774613829e-05,5.36800194443354e-08,3.9757773419040975e-05,4.394670628347364e-05,5.765782433362885e-07,5.065455262019163e-07
2,0.0030679615757712823,1834.6666666666665,72,-0.011010161029587504,6.286311432095606e-05,-2.9171872589500777e-05,5.369205487081252e-08,4.885779941116817e-05,4.313566921575817e-05,4.807335760672082e-07,5.294767261721977e-07
2,0.0030679615757712823,1856.0,72,-0.010043449321097598,6.220251549169669e-05,-3.0575089632370426e-05,5.368937554421948e-08,6.191424681710548e-05,4.38718193810192e-05,1.1146261614627636e-06,4.795490655612665e-07
2,0.0030679615757712823,1877.3333333333333,72,-0.009034197200845133,6.164101406714776e-05,-3.18475829211643e-05,5.3719935518982205e-08,6.264013469503839e-05,4.565103521258761e-05,8.506555276129833e-07,4.7079019411309236e-07
2,0.0030679615757712823,1898.6666666666665,72,-0.007986453813472993,6.123103349085853e-05,-3.298336865566858e-05,5.3756269068770365e-08,6.106909763247123e-05,4.6466987442498365e-05,1.5822618405252775e-08,4.4981316149575733e-07
2,0.0030679615757712823,1920.0,72,-0.006904420344573146,6.094720365029791e-05,-3.397751340747693e-05,5.373981007402532e-08,6.568922575353106e-05,4.583475188439245e-05,1.2083020957927807e-07,4.867709991138007e-07
2,0.0030679615757712823,1941.3333333333333,72,-0.005792438466235936,6.0766657141780946e-05,-3.4825965987064454e-05,5.376156121267482e-08,6.189384480140027e-05,4.449350512336466e-05,6.15077542513323e-07,4.80633685284071e-07
2,0.0030679615757712823,1962.6666666666665,72,-0.00465518794075305,6.06696203797039e-05,-3.552477968050887e-05,5.3907535752888844e-08,5.2962920543611545e-05,4.3292994366417695e-05,2.3582393597392561e-07,4.94390492123264e-07
2,0.0030679615757712823,1984.0,72,-0.0034983941611366177,6.0629069836729876e-05,-3.6071285821402686e-05,5.4041537172761094e-08,5.1436658186902394e-05,4.159147515331739e-05,-3.194664397168179e-07,5.1911379001037e-07
2,0.0030679615757712823,2005.3333333333333,72,-0.002327756343756571,6.064536092452314e-05,-3.646371258656279e-05,5.405957544981032e-08,4.2998769473680225e-05,3.950782417053846e-05,-1.2594250479002644e-07,4.2875125209756693e-07
2,0.0030679615757712823,2026.6666666666665,72,-0.0011478539275403905,6.071678855355083e-05,-3.669965914682218e-05,5.408055526565009e-08,2.5296699619580727e-05,3.928166660107737e-05,2.9359958776823375e-08,4.341990650281979e-07
2,0.0030679615757712823,2048.0,72,3.664197547653448e-05,6.08375241344003e-05,-3.677792066848915e-05,5.4149068667509124e-08,2.1921741264178676e-05,4.0012564932310265e-05,-2.8251537407715604e-07,4.937141797279407e-07
2,0.0030679615757712823,2069.333333333333,72,0.001220660710015152,6.1023205363723126e-05,-3.669923618422989e-05,5.417648778782629e-08,2.9268474854775267e-05,3.989432635986045e-05,-3.0923814905949844e-07,4.1230494739375857e-07
2,0.0030679615757712823,2090.6666666666665,72,0.002399730426818415,6.12758511865501e-05,-3.646333904050556e-05,5.4193939233700313e-08,2.7116054057654707e-05,3.953760253907703e-05,-2.6016167465597917e-07,4.167105901846973e-07
2,0.0030679615757712823,2112.0,72,0.0035691111311565624,6.159449933169094e-05,-3.6069928529728186e-05,5.4254411468387315e-08,1.9616856692883063e-05,3.9634525533365185e-05,-6.137510652428628e-07,4.886274693169429e-07
2,0.0030679615757712823,2133.333333333333,72,0.004723414667487319,6.199938494325091e-05,-3.552197307132401e-05,5.429160072492668e-08,1.1541283899698416e-05,4.027983923848113e-05,-5.021826528081568e-07,4.1493696874760843e-07
2,0.0030679615757712823,2154.6666666666665,72,0.005858056964156953,6.245603694495794e-05,-3.482308560636227e-05,5.430030356267796e-08,5.085636659047989e-07,4.111224506096893e-05,1.440229408686372e-07,4.991780764830643e-07
2,0.0030679615757712823,2176.0,72,0.006968365808908593,6.293902459046648e-05,-3.397489910957337e-05,5.434627421051938e-08,-4.070483998376936e-07,4.16495505236004e-05,1.7946383020379305e-07,5.224287143495613e-07
2,0.0030679615757712823,2197.333333333333,72,0.008048184990261898,6.353186725722434e-05,-3.298036745489309e-05,5.439178205710378e-08,1.407313162615208e-05,4.177883635088344e-05,3.19950999623079e-10,5.610964095085134e-07
2,0.0030679615757712823,2218.6666666666665,72,0.009092264795353865,6.42599467030967e-05,-3.184498413338987e-05,5.43895983590654e-08,3.0903201522943995e-05,3.9741525207243694e-05,4.1632704765372055e-07,5.276808853758509e-07
2,0.0030679615757712823,2240.0,72,0.010097563096903656,6.502428644628167e-05,-3.05738132341871e-05,5.439482231619021e-08,4.6885942696240563e-05,3.7355636291808275e-05,5.220618941578832e-07,5.218422678731871e-07
2,0.0030679615757712823,2261.333333333333,72,0.011060430661427879,6.578644002789644e-05,-2.9171304789349472e-05,5.443906130317321e-08,5.8555223608147024e-05,3.8675086259722596e-05,9.269792338977312e-08,4.970226285062715e-07
2,0.0030679615757712823,2282.6666666666665,72,0.01197574118278691,6.6550372184782e-05,-2.7643223494466247e-05,5.44989291533762e-08,5.4158737503732264e-05,4.0253119979180646e-05,3.0571113198869855e-07,4.813055104103776e-07
2,0.0030679615757712823,2304.0,72,0.012839158388764076,6.724714304577146e-05,-2.5996657749251193e-05,5.45549930234222e-08,4.335746974851134e-05,3.827869696350567e-05,9.161823552580841e-07,4.834828798875485e-07
2,0.0030679615757712823,2325.333333333333,72,0.013647555280174079,6.786434259485678e-05,-2.423901540439035e-05,5.457590196625056e-08,4.2173843224502475e-05,3.665094732369808e-05,6.553179136280448e-07,4.6717028521218635e-07
2,0.0030679615757712823,2346.6666666666665,72,0.014397845833704783,6.85111454593639e-05,-2.2377563447487993e-05,5.4564542092712215e-08,4.3459635535976254e-05,3.67840081584552e-05,-3.832402555883634e-07,5.54613995412492e-07
2,0.0030679615757712823,2368.0,72,0.015086895289350363,6.925263864464049e-05,-2.0420057100506517e-05,5.459025946251202e-08,4.342794739239217e-05,3.577664956770667e-05,-1.0084834982367838e-06,5.490056237300509e-07
2,0.0030679615757712823,2389.333333333333,72,0.015711780998603646,7.005228876376526e-05,-1.8375196433959833e-05,5.46739538778103e-08,4.73707439265612e-05,3.40907989757644e-05,-4.783794314790091e-07,4.480629855063049e-07
2,0.0030679615757712823,2410.6666666666665,72,0.016269795091560832,7.085802067918457e-05,-1.6251592078214328e-05,5.475740177717878e-08,4.500091381425628e-05,3.418200683444039e-05,4.261355306283031e-07,5.27781754354313e-07
2,0.0030679615757712823,2432.0,72,0.016758529508235236,7.162614124879397e-05,-1.4057961062690087e-05,5.4820668623698945e-08,3.431306600085378e-05,3.514940763290261e-05,4.070267703259221e-07,5.66668621414266e-07
2,0.0030679615757712823,2453.333333333333,72,0.017175802089041233,7.232221110152065e-05,-1.1804297347110526e-05,5.4888103071838325e-08,3.2807302137607535e-05,3.697307855475846e-05,4.786088314482808e-08,4.890108899803641e-07
2,0.0030679615757712823,2474.6666666666665,72,0.01751967366631287,7.294193098186619e-05,-9.500384993040429e-06,5.495020471822026e-08,3.8599071369209195e-05,3.8746910457255043e-05,3.902281808205806e-07,5.274663295374346e-07
2,0.0030679615757712823,2496.0,72,0.017788614260645156,7.34948278986286e-05,-7.155171783395899e-06,5.4977144293815185e-08,3.854261500027219e-05,3.9045038571324916e-05,4.684496740452939e-07,4.7414353825820514e-07
2,0.0030679615757712823,2517.333333333333,72,0.01798145856162744,7.397246786357118e-05,-4.77895922620381e-06,5.499402180877487e-08,3.969313717261155e-05,3.89046430188276e-05,2.661574928850229e-08,4.5353052877524814e-07
2,0.0030679615757712823,2538.6666666666665,72,0.018097430723787982,7.437084118079647e-05,-2.3826193738084664e-06,5.506570020668461e-08,4.494151117914641e-05,3.92928189610292e-05,4.806707615190846e-07,4.974406481182322e-07
2,0.0030679615757712823,2560.0,72,0.01813606976087466,7.472276667486253e-05,2.418959941046028e-08,5.517697665132617e-08,4.4376303772099756e-05,3.9497455642740394e-05,1.003279768615932e-06,4.786622766694525e-07
2,0.0030679615757712823,2581.333333333333,72,0.018096997596362355,7.50505850316079e-05,2.43123124844457e-06,5.524553845159247e-08,4.449498256286768e-05,4.042845523959864e-05,-2.212025547293602e-08,4.953728610611876e-07
2,0.0030679615757712823,2602.6666666666665,72,0.017980289359586038,7.531863952580745e-05,4.827685936111314e-06,5.527975745428237e-08,5.2891995679083804e-05,4.054530476092156e-05,-9.200743226952651e-07,5.478712027421295e-07
2,0.0030679615757712823,2624.0,72,0.01778663872527915,7.548672362513059e-05,7.203887726063514e-06,5.533726794985704e-08,5.770770597267194e-05,3.9905219852740185e-05,-2.009869892610149e-07,5.541271394075907e-07
2,0.0030679615757712823,2645.333333333333,72,0.01751668341180545,7.554634716836151e-05,9.549571818608898e-06,5.538728469921728e-08,5.6703351890116075e-05,3.8393454525381135e-05,4.055499997724756e-07,5.306956328924168e-07
2,0.0030679615757712823,2666.6666666666665,72,0.017171285233044873,7.548177671806414e-05,1.185366713709468e-05,5.541616632067314e-08,6.169815725791671e-05,3.6624594486019684e-05,-1.0972328403304828e-07,4.862333955031853e-07
2,0.0030679615757712823,2688.0,72,0.0167523394642493,7.52857896114168e-05,1.4106833508054018e-05,5.548945502709446e-08,6.869916194274306e-05,3.651558938700017e-05,-6.71282665075301e-07,5.292682394466018e-07
2,0.0030679615757712823,2709.333333333333,72,0.01626197676969791,7.499010936229481e-05,1.6300217753700535e-05,5.5598907194184686e-08,6.669946897880694e-05,3.805645431674521e-05,-7.550228116158617e-07,4.5094835866094386e-07
2,0.0030679615757712823,2730.6666666666665,72,0.015702015037252368,7.460897261320508e-05,1.8424100241362383e-05,5.567717726313736e-08,5.974661060295036e-05,3.88142846865536e-05,-4.220954558631975e-07,5.210523856271177e-07
2,0.0030679615757712823,2752.0,72,0.015074991565594451,7.414653289773561e-05,2.046943575201818e-05,5.5711150335833095e-08,5.451581805061718e-05,3.833512120107245e-05,3.567055186287913e-08,5.044561302350738e-07
2,0.0030679615757712823,2773.333333333333,72,0.014383976823792222,7.367241252703061e-05,2.2427144863289225e-05,5.572777945444092e-08,4.8395054423385544e-05,3.8397706201666445e-05,-2.2475479518781264e-07,5.483438389853969e-07
2,0.0030679615757712823,2794.6666666666665,72,0.01363157613930117,7.323606062652027e-05,2.4288135614674955e-05,5.579538796543286e-08,3.9983992150436e-05,3.9404965894730054e-05,-8.212797580701099e-07,4.5149360296067445e-07
2,0.0030679615757712823,2816.0,72,0.012820772348396632,7.277473185707785e-05,2.6045397563295116e-05,5.5929629449634724e-08,3.554601846115474e-05,3.9555407297749716e-05,-3.32585578390416e-07,5.252318230548079e-07
2,0.0030679615757712823,2837.333333333333,72,0.011955409845552439,7.221044172842584e-05,2.7691843931555108e-05,5.59778931857892e-08,3.637904663160265e-05,3.859647867489614e-05,7.121431567556139e-07,4.60032148351754e-07
2,0.0030679615757712823,2858.6666666666665,72,0.011039022829377777,7.152405202316879e-05,2.9219269661267917e-05,5.590980364189506e-08,2.8248479901454822e-05,3.858194449011709e-05,6.894677029306807e-07,5.939696473340498e-07
2,0.0030679615757712823,2880.0,72,0.010075279674351532,7.075183054858912e-05,3.0621795029041255e-05,5.5949577099470436e-08,4.445229424707351e-06,3.915174029555522e-05,-4.088642146739718e-08,4.774816521204986e-07
2,0.0030679615757712823,2901.333333333333,72,0.009069280493077685,6.996258383834118e-05,3.1894019601466734e-05,5.6117144634914257e-08,-1.2466434831948354e-05,3.8946803139504876e-05,-2.821605208311741e-07,5.346972434323102e-07
2,0.0030679615757712823,2922.6666666666665,72,0.008026306201548804,6.91482668116549e-05,3.3028691185106636e-05,5.6211377528388566e-08,-7.216917191296248e-06,3.829933759975402e-05,-2.663503115317536e-07,4.881365323451476e-07
2,0.0030679615757712823,2944.0,72,0.006950559479315069,6.824581903090571e-05,3.402150604273583e-05,5.627504821081658e-08,-1.4353706026105762e-06,3.768019757151237e-05,-4.947520621093697e-07,3.8631443339797786e-07
2,0.0030679615757712823,2965.333333333333,72,0.005846493614616982,6.731977824956151e-05,3.487032963471977e-05,5.640539927249871e-08,-9.418371066699742e-06,3.8729484029241155e-05,-6.347630665518746e-07,5.528126307265196e-07
2,0.0030679615757712823,2986.6666666666665,72,0.004719253064986563,6.647576746663968e-05,3.556981432736345e-05,5.6456434234305624e-08,-1.4899861512505294e-05,3.874913303341013e-05,-6.184543228099749e-07,4.537193302958964e-07
2,0.0030679615757712823,3008.0,72,0.0035731141856127488,6.569923787235234e-05,3.611581066786376e-05,5.641946199305515e-08,-1.4502128687065794e-05,3.726420817875424e-05,-5.609466799278052e-07,5.313587356248423e-07
2,0.0030679615757712823,3029.333333333333,72,0.002411709774442954,6.500878979478784e-05,3.6508450581097976e-05,5.645973273685198e-08,-2.2581637118640566e-05,3.5195157048350545e-05,2.018913791785372e-08,4.972248657503217e-07
2,0.0030679615757712823,3050.6666666666665,72,0.001239713712097305,6.444640906305837e-05,3.674581713688446e-05,5.654285419438789e-08,-3.516903404492573e-05,3.382825448057795e-05,7.502118453185572e-07,4.40004218417528e-07
2,0.0030679615757712823,3072.0,72,6.241654818103414e-05,6.39119759804316e-05,3.682451999202142e-05,5.659211180827982e-08,-4.0590428743389576e-05,3.34216400436436e-05,4.0563396884226114e-07,5.53358709507252e-07
2,0.0030679615757712823,3093.333333333333,72,-0.0011154841471087695,6.339560422449552e-05,3.674494343907621e-05,5.664809324380278e-08,-4.0746505297172335e-05,3.401089167011687e-05,-2.3223449182846418e-07,6.05382508625318e-07
2,0.0030679615757712823,3114.6666666666665,72,-0.002289099592888028,6.308253886087911e-05,3.650830438011957e-05,5.666640612111594e-08,-3.6736510970384624e-05,3.4707588712208714e-05,2.394251025239807e-07,5.011501009605126e-07
2,0.0030679615757712823,3136.0,72,-0.0034526959593465262,6.300408122635517e-05,3.611524963759706e-05,5.664791669311406e-08,-2.676309814392369e-05,3.505319859453415e-05,4.6066061180251934e-07,4.976180264718659e-07
2,0.0030679615757712823,3157.333333333333,72,-0.0046009384831394474,6.304614716168078e-05,3.556854696449719e-05,5.6710601109067317e-08,-1.8158579003459037e-05,3.471755410064192e-05,-3.8347971222525343e-07,4.966264481080762e-07
2,0.0030679615757712823,3178.6666666666665,72,-0.0057294179293920335,6.322648157125413e-05,3.487014057340485e-05,5.676126052579368e-08,-1.98159387716057e-05,3.319901330779477e-05,-3.3555049774394296e-07,4.81779290878753e-07
2,0.0030679615757712823,3200.0,72,-0.00683368749172342,6.359581113138385e-05,3.402088952519692e-05,5.667614117007419e-08,-3.305129557005746e-05,3.194491473674355e-05,2.5928523365478496e-07,5.368259659815841e-07
2,0.0030679615757712823,3221.333333333333,72,-0.007909178104858368,6.413140256851563e-05,3.302569623240034e-05,5.664304482273633e-08,-5.0073286476401195e-05,3.18494981802794e-05,-6.021904919725966e-07,4.405135264252467e-07
2,0.0030679615757712823,3242.6666666666665,72,-0.008951622001570353,6.483181078659314e-05,3.1890646661540675e-05,5.676053942177426e-08,-5.8458706767595846e-05,3.28591027356492e-05,-1.1584268420864738e-06,5.114328950858336e-07
2,0.0030679615757712823,3264.0,72,-0.009956512075281171,6.566852876244798e-05,3.061869952536376e-05,5.6819508556127373e-08,-5.763119032834672e-05,3.373803426409984e-05,-1.222945129426695e-07,4.83995044928731e-07
2,0.0030679615757712823,3285.333333333333,72,-0.010919049308542319,6.658448797541913e-05,2.9214518535283388e-05,5.675791239135111e-08,-5.5529440741860715e-05,3.417817016745557e-05,-1.4353164727166063e-07,4.999391586426071e-07
2,0.0030679615757712823,3306.6666666666665,72,-0.011834943797418559,6.758854496980303e-05,2.768605022459367e-05,5.673042443906503e-08,-5.0693610528105994e-05,3.421139709176479e-05,-9.808558109544143e-07,4.3145804221509594e-07
2,0.0030679615757712823,3328.0,72,-0.012700229492630562,6.866231935023034e-05,2.603968364701387e-05,5.6758625087912096e-08,-4.802119778844971e-05,3.4516239703693214e-05,-3.00721791774668e-08,5.129216423749288e-07
2,0.0030679615757712823,3349.333333333333,72,-0.013510799197996769,6.973369141903556e-05,2.4281098136932554e-05,5.675758340388275e-08,-6.155318093058948e-05,3.430126334448444e-05,7.582584658636568e-07,4.929126281636387e-07
2,0.0030679615757712823,3370.6666666666665,72,-0.014263016528217758,7.07936104369167e-05,2.241829354440181e-05,5.6717549624808504e-08,-7.588294186694887e-05,3.398004141963134e-05,-2.022484299380276e-07,5.510499454765945e-07
2,0.0030679615757712823,3392.0,72,-0.0149539558708547,7.183683813655618e-05,2.0459732206481266e-05,5.667448329218716e-08,-6.454287942260077e-05,3.5169563196585026e-05,-5.9216684857326956e-09,4.690967108527582e-07
2,0.0030679615757712823,3413.333333333333,72,-0.015580818896254558,7.279261824455234e-05,1.841348222461109e-05,5.666079824853638e-08,-4.401341283633386e-05,3.73428874294278e-05,1.1429600632639568e-06,4.819904950848035e-07
2,0.0030679615757712823,3434.6666666666665,72,-0.016140953960033625,7.362184115096189e-05,1.628854499923613e-05,5.666918649114996e-08,-3.802175148602197e-05,3.785592048032655e-05,3.9024556604347185e-07,4.848013022501955e-07
2,0.0030679615757712823,3456.0,72,-0.016632085428019014,7.432336551084989e-05,1.4094100207773836e-05,5.666327710956231e-08,-3.140854180566841e-05,3.716058676539015e-05,-4.4358232895739163e-07,5.56485106102352e-07
2,0.0030679615757712823,3477.333333333333,72,-0.017052072967747398,7.486699609222931e-05,1.1838989638675901e-05,5.664672343409673e-08,-1.740732044802449e-05,3.6096896708469774e-05,4.7410886296643754e-07,4.95074401124174e-07
2,0.0030679615757712823,3498.6666666666665,72,-0.017398975058765028,7.523473116340462e-05,9.53287877682233e-06,5.663494672770348e-08,-1.5756906993132972e-05,3.514599220151287e-05,6.904484902296734e-07,5.19608898940892e-07
2,0.0030679615757712823,3520.0,72,-0.01767120172074703,7.543723055628914e-05,7.186205805668484e-06,5.6608912463499485e-08,-2.0310546911408428e-05,3.498171702828503e-05,-6.696845541906049e-08,5.400773356732253e-07
2,0.0030679615757712823,3541.333333333333,72,-0.017867351331641898,7.545926964109817e-05,4.809059629531515e-06,5.657619048533074e-08,-1.0694509050823544e-05,3.5131609034867046e-05,1.335186215481348e-07,4.503743881955438e-07
2,0.0030679615757712823,3562.6666666666665,72,-0.01798648547941241,7.527657625546312e-05,2.4111931878925015e-06,5.655673934278974e-08,2.5053863724557493e-06,3.547815219995575e-05,2.3523775047299646e-07,5.032039231510086e-07
2,0.0030679615757712823,3584.0,72,-0.018028353592563967,7.489342247445379e-05,2.9500632729602196e-09,5.653220089628064e-08,6.672696702097503e-06,3.5815311291948776e-05,-2.306488574084656e-07,4.6799618548910667e-07
2,0.0030679615757712823,3605.333333333333,72,-0.01799285889083234,7.433279223371295e-05,-2.404966362723773e-06,5.65054545702387e-08,8.489113317758973e-06,3.4669745962775006e-05,6.003430545253503e-07,4.340719298090984e-07
2,0.0030679615757712823,3626.6666666666665,72,-0.017880031220993048,7.362233745165833e-05,-4.802633532833821e-06,5.650043693203478e-08,1.2940631586829003e-07,3.4164967635243464e-05,1.6061363518490438e-06,4.4588231984632516e-07
2,0.0030679615757712823,3648.0,72,-0.01769059830223207,7.277274691394179e-05,-7.180238017934715e-06,5.650116872096746e-08,-2.7155187216259785e-05,3.472733364098446e-05,5.602604063382608e-07,5.16710881012658e-07
2,0.0030679615757712823,3669.333333333333,72,-0.017425659634790196,7.178157342059998e-05,-9.526946713007454e-06,5.6497012102648584e-08,-4.759353283843469e-05,3.4605375598215756e-05,-7.574069414979945e-07,4.5919677156413937e-07
2,0.0030679615757712823,3690.6666666666665,72,-0.017086164370864507,7.067710843471454e-05,-1.1832283472622777e-05,5.6508937821013706e-08,-4.302127296219618e-05,3.508251792057204e-05,-3.900469145175486e-07,5.058799816024187e-07
2,0.0030679615757712823,3712.0,72,-0.016673373143368957,6.950634501393823e-05,-1.4087006114468402e-05,5.653161957999734e-08,-3.766390332669717e-05,3.635956576610341e-05,2.7213778611439743e-07,4.159954480485774e-07
2,0.0030679615757712823,3733.333333333333,72,-0.016189206263282914,6.828103756788305e-05,-1.6281723804998114e-05,5.655167230910208e-08,-4.6789733597865785e-05,3.6942068475886575e-05,1.61788797441322e-07,5.124485404331671e-07
2,0.0030679615757712823,3754.6666666666665,72,-0.0156358646178232,6.698064484314017e-05,-1.8406767419890472e-05,5.6585729535560395e-08,-5.226515072518681e-05,3.646388137859716e-05,6.018479296677248e-08,4.659876991077548e-07
2,0.0030679615757712823,3776.0,72,-0.015015593986470094,6.559867617608926e-05,-2.0452932035166504e-05,5.6627964328694726e-08,-4.682243614430553e-05,3.669330172827477e-05,2.0358483233982118e-07,4.7177647846908466e-07
2,0.0030679615757712823,3797.333333333333,72,-0.01433088460880929,6.41658002657734e-05,-2.2411249927478357e-05,5.663119956617247e-08,-3.975861224278469e-05,3.7361165068767733e-05,1.4298693085005248e-07,5.451787265125339e-07
2,0.0030679615757712823,3818.6666666666665,72,-0.01358485189673218,6.271764098546596e-05,-2.427347906321186e-05,5.6594969700732184e-08,-3.128013525905421e-05,3.80381766367085e-05,-6.165192272889173e-08,4.563724918580267e-07
2,0.0030679615757712823,3840.0,72,-0.012781184148536177,6.126228200929273e-05,-2.6032173015383434e-05,5.6605124431967576e-08,-2.738047246438439e-05,3.8833865049785315e-05,-5.754508810790668e-08,5.762272255691848e-07
2,0.0030679615757712823,3861.333333333333,72,-0.011923336838344435,5.981452359954639e-05,-2.7679544434371565e-05,5.670004185751099e-08,-3.84791274499494e-05,3.9457961430487406e-05,2.0766475402489137e-07,4.998670274805691e-07
2,0.0030679615757712823,3882.6666666666665,72,-0.011014440237590784,5.837190611361665e-05,-2.920823645166852e-05,5.678082942189184e-08,-4.769974453887503e-05,3.8978658734677684e-05,4.463207994170046e-07,5.234829909458117e-07
2,0.0030679615757712823,3904.0,72,-0.010058343389663675,5.688878621716258e-05,-3.0612126168959216e-05,5.679065609454561e-08,-3.878632555156535e-05,3.946040116526787e-05,4.586402532747597e-07,4.992220391882306e-07
2,0.0030679615757712823,3925.333333333333,72,-0.009059526191687461,5.541145077652001e-05,-3.188486144661937e-05,5.6822339959449145e-08,-3.2553449847588255e-05,4.0635424747107033e-05,3.0452914803739637e-07,5.095864978142351e-07
2,0.0030679615757712823,3946.6666666666665,72,-0.008022033531632148,5.407905847687635e-05,-3.302043485711282e-05,5.689239695316903e-08,-4.206711168824012e-05,4.026905255173899e-05,2.9509504377938225e-08,5.253685935136296e-07
2,0.0030679615757712823,3968.0,72,-0.006949878850089575,5.292453178295269e-05,-3.401481937466527e-05,5.6889725770001564e-08,-4.7938613962658065e-05,4.024592861532088e-05,-1.4987083775424287e-07,5.079311798686652e-07
2,0.0030679615757712823,3989.333333333333,72,-0.005847780848639617,5.190277010596205e-05,-3.486408900377897e-05,5.684474569028818e-08,-4.4151389787256404e-05,4.0768208733659866e-05,2.1261861080563104e-08,4.8589508524067e-07
2,0.0030679615757712823,4010.6666666666665,72,-0.004720442397734631,5.1050737516583016e-05,-3.556349536716352e-05,5.688650882706269e-08,-4.015063428838627e-05,3.951629563038162e-05,1.1640488364859772e-07,4.963230760709011e-07
2,0.0030679615757712823,4032.0,72,-0.00357228372981758,5.046290181458336e-05,-3.611002050609578e-05,5.697326364856751e-08,-3.275369967409194e-05,3.845083626942126e-05,-1.844522947931422e-07,5.71767833383259e-07
2,0.0030679615757712823,4053.333333333333,72,-0.002408239109598652,5.02166055495272e-05,-3.650245840859894e-05,5.698946642075635e-08,-2.724315548701687e-05,3.96326545575252e-05,-3.1543364574283106e-07,4.960237390688243e-07
2,0.0030679615757712823,4074.6666666666665,72,-0.0012336718075464446,5.0292395719673215e-05,-3.673913180871805e-05,5.6971122346281005e-08,-3.618897543210194e-05,4.072863953661439e-05,-2.7636074813738804e-07,4.919148185959308e-07
3,0.0046019423636569235,0.0,72,5.7719684209587554e-05,6.944462103629462e-05,-5.518003646585655e-05,4.946193241051122e-08,-1.5517970081082776e-06,3.8402213068497046e-05,-3.1094846133900756e-07,4.861529094496929e-07
3,0.0046019423636569235,21.333333333333332,72,0.0019380561054579267,7.030704194117134e-05,-5.491389064130695e-05,4.954275160320932e-08,-7.154358071265913e-07,3.84342411581354e-05,2.748691500457645e-08,5.305165685991923e-07
3,0.0046019423636569235,42.666666666666664,72,0.0038004100447285743,7.132415068043522e-05,-5.411840417369375e-05,4.954459740276602e-08,5.829914961754609e-06,3.934835466760862e-05,-1.7393387969819289e-07,5.423298475513905e-07
3,0.0046019423636569235,64.0,72,0.005626407017440025,7.235138483940775e-05,-5.2801209865505336e-05,4.950248304517642e-08,1.19033312454851e-06,3.9641556049920025e-05,-9.43340186433233e-07,5.654566583052358e-07
3,0.0046019423636569235,85.33333333333333,72,0.0073986120290637164,7.338606192027376e-05,-5.097561084536885e-05,4.938431931841902e-08,-2.926123161426566e-06,3.9512549429085755e-05,-1.0943667266957665e-06,5.96135982336109e-07
3,0.0046019423636569235,106.66666666666666,72,0.009100421655105112,7.442088192340392e-05,-4.8658785083699894e-05,4.93049043406944e-08,1.1401661193553456e-07,3.970788897336376e-05,-3.2766206297575975e-07,5.689350852886782e-07
3,0.0046019423636569235,128.0,72,0.010715057075726078,7.537361147811703e-05,-4.5872858451442314e-05,4.932413892694524e-08,-6.236794157643417e-06,4.058297508637124e-05,-2.3008517470597388e-07,4.412870211811722e-07
3,0.0046019423636569235,149.33333333333331,72,0.01222702109748721,7.621157667520813e-05,-4.2645145684501174e-05,4.926639018250497e-08,-1.2200892546498234e-05,4.145471438531653e-05,-7.413386109749441e-07,4.0149080832383774e-07
3,0.0046019423636569235,170.66666666666666,72,0.013622414400534312,7.696795121833985e-05,-3.900622736517339e-05,4.9147560953530476e-08,3.1664812174520543e-06,4.1692393721371024e-05,2.860921298056883e-07,4.701664278915711e-07
3,0.0046019423636569235,192.0,72,0.014887465013398795,7.76307926818303e-05,-3.4990871382418026e-05,4.9104025628215107e-08,1.784770986525919e-05,4.109947362892668e-05,1.7268620625024586e-06,5.061142578262008e-07
3,0.0046019423636569235,213.33333333333331,72,0.01600931636189347,7.81767675068587e-05,-3.0638411699821025e-05,4.9069905994610334e-08,9.635888426289937e-06,3.996715030708983e-05,4.882412774555549e-07,5.079242658851911e-07
3,0.0046019423636569235,234.66666666666666,72,0.016977214987901293,7.864352594542588e-05,-2.5990286745364907e-05,4.905551347632167e-08,-2.764748547312105e-06,3.987359022575477e-05,-1.55794386718071e-06,5.168960799489404e-07
3,0.0046019423636569235,256.0,72,0.017781708706703696,7.904316275940008e-05,-2.1090672372603452e-05,4.909958304470817e-08,-7.39487335300519e-06,4.162190218168487e-05,-9.844864393759874e-07,5.05400240181551e-07
3,0.0046019423636569235,277.3333333333333,72,0.01841467283254437,7.93229395912855e-05,-1.5987848457792835e-05,4.9050310017091363e-08,-1.0810496530539454e-05,4.163592812986252e-05,1.042573301984812e-07,4.923276037521709e-07
3,0.0046019423636569235,298.66666666666663,72,0.018870214063865662,7.944800252519255e-05,-1.0731507446511917e-05,4.8973925856778735e-08,-8.676992282926043e-06,3.974065466728873e-05,-6.919608288134379e-07,4.149449862270367e-07
3,0.0046019423636569235,320.0,72,0.01914417443452205,7.940418353578637e-05,-5.371424473276661e-06,4.9025393281589526e-08,-2.360605286641039e-06,3.929929514783568e-05,-9.570796408689927e-07,4.7051974031493407e-07
3,0.0046019423636569235,341.3333333333333,72,0.01923373017576193,7.915249042123997e-05,4.113890672422512e-08,4.9000692450334335e-08,2.803859364343345e-07,3.905401391138129e-05,7.792677556184807e-08,5.688844055199504e-07
3,0.0046019423636569235,362.66666666666663,72,0.01913804353091697,7.86525964341431e-05,5.454004246655903e-06,4.8876714424627115e-08,6.914723280195438e-06,3.767382301101734e-05,-4.212644244676846e-08,5.093559297576085e-07
3,0.0046019423636569235,384.0,72,0.018858251547447358,7.78721533722922e-05,1.0815080437308375e-05,4.889727764252735e-08,1.5574757239877143e-05,3.7135000608986e-05,-5.758838632274709e-07,5.565253116051365e-07
3,0.0046019423636569235,405.3333333333333,72,0.018397094069927872,7.681426323727355e-05,1.6072444292258038e-05,4.891181537534364e-08,1.2606766116555577e-05,3.692635963906074e-05,1.7951563224304599e-07,4.903783184367979e-07
3,0.0046019423636569235,426.66666666666663,72,0.017759078532107085,7.556558598124199e-05,2.1175366337808856e-05,4.8795891226836175e-08,9.654476995266837e-06,3.6794359548122903e-05,3.416084863006836e-07,4.0899408446578294e-07
3,0.0046019423636569235,448.0,72,0.016950206175483068,7.419113915083882e-05,2.60747467474554e-05,4.878607305977282e-08,1.894916623942237e-05,3.6535095435991624e-05,-5.627785731506049e-07,4.353221163084854e-07
3,0.0046019423636569235,469.3333333333333,72,0.015977647782950893,7.26619003497493e-05,3.0723155862060885e-05,4.877905703801289e-08,2.538881851619289e-05,3.665786363483225e-05,-2.669255093763258e-07,4.4889246234708395e-07
3,0.0046019423636569235,490.66666666666663,72,0.014850320463688314,7.100005554097002e-05,3.507621099716366e-05,4.859734674515365e-08,2.432539080786459e-05,3.761324102980448e-05,5.92838071723864e-07,5.136666689723157e-07
3,0.0046019423636569235,512.0,72,0.013578953254201052,6.928934580500753e-05,3.909260004936564e-05,4.8537091331482346e-08,2.5779815026436933e-05,3.7945363992051625e-05,2.026241746976695e-07,4.7165250315029815e-07
3,0.0046019423636569235,533.3333333333333,72,0.0121755602750893,6.751972299641485e-05,4.273301118934048e-05,4.859954242056657e-08,2.5281413396253736e-05,3.801505064893764e-05,-3.678482769859839e-07,4.2766707643599104e-07
3,0.0046019423636569235,554.6666666666666,72,0.01065403018406805,6.568623938784906e-05,4.596156943805321e-05,4.8475287431476186e-08,2.2143730480124978e-05,3.898812063351665e-05,-8.408151685593009e-08,4.6082039837692144e-07
3,0.0046019423636569235,576.0,72,0.009030182981118464,6.391234868729852e-05,4.874763368388942e-05,4.836313412287673e-08,2.6576523545858648e-05,3.926129535915936e-05,5.354394778778147e-07,4.603800408138166e-07
3,0.0046019423636569235,597.3333333333333,72,0.00731989664390521,6.228730177938579e-05,5.1065173128214144e-05,4.840461999912786e-08,3.3516931081613565e-05,3.810522589876906e-05,8.269922654800192e-07,4.976068640585202e-07
3,0.0046019423636569235,618.6666666666666,72,0.005538652363465075,6.0810077931160395e-05,5.289177683309498e-05,4.8328614372224776e-08,3.319445852735281e-05,3.691033061727807e-05,2.872201729287602e-08,5.546462604826258e-07
3,0.0046019423636569235,640.0,72,0.0037032245831252275,5.948477790712786e-05,5.420912987865667e-05,4.826171786338671e-08,2.7829226519245453e-05,3.683295328886351e-05,-7.953723216815229e-07,5.053167997140901e-07
3,0.0046019423636569235,661.3333333333333,72,0.001831882752341325,5.8294617778755684e-05,5.500460179030852e-05,4.837284479626898e-08,2.021743955906458e-05,3.780999857261559e-05,1.3820698695664202e-07,4.885709131396939e-07
3,0.0046019423636569235,682.6666666666666,72,-5.68212710693917e-05,5.721542610306062e-05,5.527141854714532e-05,4.828760186040929e-08,1.526621740973324e-05,3.864545010535434e-05,7.056661739221973e-07,4.3995952193775546e-07
3,0.0046019423636569235,704.0,72,-0.0019447445699212309,5.627171292311909e-05,5.500659997940827e-05,4.801249817797581e-08,1.7975353914474902e-05,3.756726565315829e-05,-6.091602580753892e-07,4.5531214725438255e-07
3,0.0046019423636569235,725.3333333333333,72,-0.003814629640900274,5.548038978670969e-05,5.421155573107046e-05,4.79952349240361e-08,1.8583662957721304e-05,3.5408873263392435e-05,-4.2632252276622554e-07,4.4852078494378654e-07
3,0.0046019423636569235,746.6666666666666,72,-0.005649292214952734,5.4832828604427096e-05,5.289483730911278e-05,4.8061263131336764e-08,9.219048217431532e-06,3.582247065973102e-05,1.201500146870618e-06,5.372649003667004e-07
3,0.0046019423636569235,768.0,72,-0.007430218797448707,5.4326933214592206e-05,5.107003139375844e-05,4.788114285020478e-08,-1.4252559226967129e-06,3.831043475482576e-05,2.673628298546631e-07,4.796993618710254e-07
3,0.0046019423636569235,789.3333333333333,72,-0.009139207994612247,5.397800429967848e-05,4.8753151195764925e-05,4.771591872156306e-08,-9.285141288200322e-06,3.971903935821609e-05,-1.3532484541499786e-06,4.892917857140795e-07
3,0.0046019423636569235,810.6666666666666,72,-0.010760223850862496,5.384964752383048e-05,4.596622719982635e-05,4.769365325319027e-08,-1.7972395238455022e-05,3.864279834263082e-05,-3.4656035765633367e-07,5.207254076443948e-07
3,0.0046019423636569235,832.0,72,-0.012277718352800983,5.39777666638703e-05,4.273832465762312e-05,4.7556988980787433e-08,-2.300850702408989e-05,3.7213261486007906e-05,6.672994726445777e-07,5.260199901217143e-07
3,0.0046019423636569235,853.3333333333333,72,-0.01367663301716527,5.424468475743263e-05,3.910045860652233e-05,4.7320509902115046e-08,-2.097629100508616e-05,3.67458930837855e-05,3.451979617772905e-07,4.779577942625615e-07
3,0.0046019423636569235,874.6666666666666,72,-0.01494483099572946,5.452078586298488e-05,3.5085558937681756e-05,4.719948720862754e-08,-1.831417744014423e-05,3.65519481012307e-05,4.612767963089797e-07,4.930729980863841e-07
3,0.0046019423636569235,896.0,72,-0.016071323331690982,5.479989534545738e-05,3.073262221826274e-05,4.7164507919496044e-08,-1.96872659730664e-05,3.685138388508304e-05,3.002482634107063e-07,5.24649707391709e-07
3,0.0046019423636569235,917.3333333333333,72,-0.01704394099218639,5.506769395370673e-05,2.608488093843441e-05,4.712503975609861e-08,-2.2022526272038183e-05,3.811652543701903e-05,6.699135268353948e-08,5.226205281690538e-07
3,0.0046019423636569235,938.6666666666666,72,-0.017852364889508966,5.5291125195195265e-05,2.1186364978260136e-05,4.710160366382687e-08,-2.0608519757879114e-05,3.892550663546622e-05,1.0443808859748107e-06,5.388715923428496e-07
3,0.0046019423636569235,960.0,72,-0.018489723021331374,5.549715021971946e-05,1.6083678894167234e-05,4.707252156299011e-08,-1.711369054972989e-05,3.859688306368671e-05,7.050063923487081e-07,5.758501077141391e-07
3,0.0046019423636569235,981.3333333333333,72,-0.01894997450138243,5.5678037986378804e-05,1.0827061600639376e-05,4.698775698520201e-08,-1.7552232224544177e-05,3.87063030859501e-05,-1.145571130987848e-06,4.6031695763860393e-07
3,0.0046019423636569235,1002.6666666666666,72,-0.01922814980731588,5.5776634867362155e-05,5.467399318051394e-06,4.691412207736703e-08,-2.0085624059121706e-05,3.959019895465245e-05,-5.932823157156842e-07,4.925429646510666e-07
3,0.0046019423636569235,1024.0,72,-0.019322119530504958,5.575689759888772e-05,5.5157129310123095e-08,4.690931954131662e-08,-1.966505979123426e-05,4.086185234694448e-05,9.374170522142954e-07,5.27461498742682e-07
3,0.0046019423636569235,1045.3333333333333,72,-0.019231219468887117,5.559933972155555e-05,-5.357619690036705e-06,4.687607789558158e-08,-2.2243413277078914e-05,4.2424511349276296e-05,1.668037774071363e-07,4.816907108134514e-07
3,0.0046019423636569235,1066.6666666666665,72,-0.018955875170724296,5.535061408016259e-05,-1.0717745940209853e-05,4.680207857728228e-08,-3.490766388580295e-05,4.26787277321457e-05,-4.60332170635654e-07,5.266326856969855e-07
3,0.0046019423636569235,1088.0,72,-0.01849916070202263,5.508861462543083e-05,-1.5973731562065342e-05,4.681380283277744e-08,-5.434199937797637e-05,4.245519478463526e-05,1.4192954105074397e-07,5.390790576828981e-07
3,0.0046019423636569235,1109.3333333333333,72,-0.017865857376001507,5.476356762772723e-05,-2.10758517139761e-05,4.684453098434687e-08,-7.526009344831614e-05,4.327065311641824e-05,-1.6725124802639973e-07,5.133602557620668e-07
3,0.0046019423636569235,1130.6666666666665,72,-0.017061464020880483,5.433595543713156e-05,-2.597473515850018e-05,4.6795613762976716e-08,-9.234417242122973e-05,4.3416824424712355e-05,-3.2076986946476145e-07,4.89464753909931e-07
3,0.0046019423636569235,1152.0,72,-0.016093825058289726,5.392529777298157e-05,-3.06227363110016e-05,4.684463861345728e-08,-9.933049785756378e-05,4.2053988565104714e-05,2.5112424812866086e-07,5.126676070838536e-07
3,0.0046019423636569235,1173.3333333333333,72,-0.014973049000914404,5.355562369870701e-05,-3.497521130541e-05,4.6983239506067396e-08,-9.936760096596163e-05,4.078940916098135e-05,-2.661518027550034e-07,4.823147642478169e-07
3,0.0046019423636569235,1194.6666666666665,72,-0.013709502305821833,5.3157235593365156e-05,-3.898989941106436e-05,4.693957078662101e-08,-0.00010159370835371279,4.20479181425617e-05,-6.316024569240976e-07,4.2148906626718744e-07
3,0.0046019423636569235,1216.0,72,-0.012314483008976177,5.2859178624854555e-05,-4.262824553071227e-05,4.684559027953909e-08,-0.00010534761179766088,4.3662730064144375e-05,4.474211822412403e-08,4.868118345125998e-07
3,0.0046019423636569235,1237.3333333333333,72,-0.010801871426315115,5.274808238976374e-05,-4.5856358319460735e-05,4.697536067766559e-08,-0.00010163358344243749,4.326716269144225e-05,-1.5383027352512015e-07,4.667657726816522e-07
3,0.0046019423636569235,1258.6666666666665,72,-0.009186900715972904,5.270017177307891e-05,-4.8642717405636185e-05,4.7083511415737614e-08,-8.787941192074704e-05,4.244204135123632e-05,-2.4967395651911837e-07,4.894476644571838e-07
3,0.0046019423636569235,1280.0,72,-0.007484700746033924,5.277046162112713e-05,-5.095893913373576e-05,4.698949720525771e-08,-7.344687666402641e-05,4.2495042243057026e-05,7.422762061597513e-07,5.527210026018359e-07
3,0.0046019423636569235,1301.3333333333333,72,-0.005711192172612285,5.309541143672532e-05,-5.2783360831890056e-05,4.697407266909369e-08,-6.613942118562452e-05,4.226680878975617e-05,4.1573177265442544e-07,5.651140515617422e-07
3,0.0046019423636569235,1322.6666666666665,72,-0.003883515465017006,5.35039333024614e-05,-5.409961833857299e-05,4.709038339031712e-08,-6.010801958208528e-05,4.1550814299504494e-05,-3.1931714690672855e-07,4.212547563033266e-07
3,0.0046019423636569235,1344.0,72,-0.002019084437814724,5.3891347571493426e-05,-5.489433228335613e-05,4.7122067012521974e-08,-5.0813174136316975e-05,4.115502510696523e-05,8.14019300122491e-07,4.824246435836423e-07
3,0.0046019423636569235,1365.3333333333333,72,-0.00013565822322255145,5.4469202694875854e-05,-5.515954833832319e-05,4.7060158142581734e-08,-4.529461529548204e-05,4.26388789277852e-05,1.077538362406528e-06,5.68594327872711e-07
3,0.0046019423636569235,1386.6666666666665,72,0.001748455629228814,5.53094018654094e-05,-5.489336162662112e-05,4.693770968637586e-08,-4.392550280140553e-05,4.468794164424326e-05,-3.8970516847918873e-07,5.427065736064938e-07
3,0.0046019423636569235,1408.0,72,0.003615277102719346,5.6338506760052624e-05,-5.409774652860221e-05,4.678254861204215e-08,-4.0256167139868496e-05,4.519998031874971e-05,-2.5354720983514905e-07,5.401486286022826e-07
3,0.0046019423636569235,1429.3333333333333,72,0.005446938868618873,5.765948498298961e-05,-5.2779826520049075e-05,4.6774910755704046e-08,-3.75398629653452e-05,4.429021112778426e-05,6.064575875478862e-07,5.354637076648653e-07
3,0.0046019423636569235,1450.6666666666665,72,0.0072251706139831095,5.929821815500373e-05,-5.095323237320404e-05,4.686228862732805e-08,-3.800799546289403e-05,4.244375715964143e-05,-1.4073236508015107e-07,5.559800230665166e-07
3,0.0046019423636569235,1472.0,72,0.008932546460380346,6.103460166654336e-05,-4.863594993202732e-05,4.680166098444065e-08,-3.800869394838968e-05,4.0114635219538105e-05,-3.132228809171862e-07,5.085010543183042e-07
3,0.0046019423636569235,1493.3333333333333,72,0.010552696029498524,6.27659051698482e-05,-4.584961560999927e-05,4.671532079803778e-08,-4.1124107328784526e-05,4.060602165357887e-05,8.361536354813219e-07,4.625766471066073e-07
3,0.0046019423636569235,1514.6666666666665,72,0.012069435342218764,6.45736667625779e-05,-4.2620803033460585e-05,4.6778177059838124e-08,-4.5320333546803384e-05,4.240136305687478e-05,9.260487102662079e-07,4.3529677242614347e-07
3,0.0046019423636569235,1536.0,72,0.013468247717662906,6.648459295948708e-05,-3.8980708567111204e-05,4.678440925271173e-08,-4.036166748740469e-05,4.236463223839417e-05,3.0084707976238094e-07,4.829992796484713e-07
3,0.0046019423636569235,1557.3333333333333,72,0.014736858329754469,6.844082393719925e-05,-3.496435691106156e-05,4.667731334276913e-08,-3.404449277125389e-05,4.048985063484415e-05,3.646859658857228e-07,4.870992682961155e-07
3,0.0046019423636569235,1578.6666666666665,72,0.015862967848808408,7.034258795037145e-05,-3.06104312384569e-05,4.666377852716028e-08,-3.6012763037185824e-05,3.959396052307025e-05,2.45934589637862e-07,5.245295020981455e-07
3,0.0046019423636569235,1600.0,72,0.016834823244657057,7.209562622643339e-05,-2.5960946401498672e-05,4.6694582454535444e-08,-3.1152060376628504e-05,3.968511954233905e-05,-3.614248983991313e-07,5.777106231250068e-07
3,0.0046019423636569235,1621.3333333333333,72,0.017643426550342393,7.366785986655258e-05,-2.1061118252434724e-05,4.6663364880423154e-08,-1.2763874828704849e-05,3.907960639773382e-05,-4.760894797318943e-07,5.851510688362432e-07
3,0.0046019423636569235,1642.6666666666665,72,0.018281297442271707,7.504903090075681e-05,-1.5958587888862556e-05,4.6693401644823576e-08,2.0244507706972285e-07,3.8049014465529456e-05,-4.484976044993616e-08,4.404009288371119e-07
3,0.0046019423636569235,1664.0,72,0.018741990252319138,7.622422058941182e-05,-1.0701928798390403e-05,4.677424111113523e-08,-7.24800030765454e-07,3.744672677385833e-05,3.466138263361262e-07,4.5312266108962444e-07
3,0.0046019423636569235,1685.3333333333333,72,0.01902166885008743,7.719056391716166e-05,-5.340923678388562e-06,4.677363905215152e-08,-5.485934502784955e-06,3.772036322020056e-05,4.119158287413564e-07,5.422702518768447e-07
3,0.0046019423636569235,1706.6666666666665,72,0.019117848711854606,7.790808912427995e-05,7.2421431529105e-08,4.6785263944225914e-08,-5.171491778155906e-06,3.836340611560255e-05,1.373517485684755e-07,4.93067965462665e-07
3,0.0046019423636569235,1728.0,72,0.01902874334485013,7.834062747357817e-05,5.485305600825778e-06,4.687576081051516e-08,3.5421470006518767e-06,3.720435179514625e-05,-3.2204060229623644e-07,4.716922710550631e-07
3,0.0046019423636569235,1749.3333333333333,72,0.018755520267283544,7.85338030798342e-05,1.0845998854391833e-05,4.69142496470752e-08,1.3285828446768437e-05,3.62008707043874e-05,-6.819591408505127e-07,5.133008156661743e-07
3,0.0046019423636569235,1770.6666666666665,72,0.01830144852656571,7.84960345439933e-05,1.6103223417895124e-05,4.692827657467804e-08,1.4145772098228154e-05,3.7685691223037645e-05,-4.337063396506809e-07,5.206652551325466e-07
3,0.0046019423636569235,1792.0,72,0.01767012326159583,7.817792798463519e-05,2.1205776477686603e-05,4.702234340961998e-08,1.45680521453216e-05,3.8357669193653825e-05,3.3807151303796586e-07,4.328310204190315e-07
3,0.0046019423636569235,1813.3333333333333,72,0.01686743971767117,7.760897709955297e-05,2.6104514837469378e-05,4.708568168428255e-08,2.226938431830328e-05,3.607143818923669e-05,5.867559475475864e-07,4.65203810435687e-07
3,0.0046019423636569235,1834.6666666666665,72,0.015901760517525423,7.680674133178355e-05,3.075306949690716e-05,4.7087035956012575e-08,2.3357225838339773e-05,3.663728691042988e-05,1.748727819564244e-07,4.402761513218549e-07
3,0.0046019423636569235,1856.0,72,0.014781972240199778,7.570713184739075e-05,3.5106417423297864e-05,4.718719365021674e-08,1.4963960949489986e-05,3.84059878149154e-05,-6.13111714089099e-08,5.042571640383938e-07
3,0.0046019423636569235,1877.3333333333333,72,0.013518832461767154,7.434980804130275e-05,3.9121815885332155e-05,4.7340427616706325e-08,1.5749010984235068e-05,3.73769278364491e-05,-2.2911678230508438e-07,4.514247505546703e-07
3,0.0046019423636569235,1898.6666666666665,72,0.012125553046630494,7.284168655353825e-05,4.2760944145855455e-05,4.7413577298198417e-08,2.410076288923891e-05,3.6209673545423555e-05,-4.2372775680038203e-07,5.148569352473672e-07
3,0.0046019423636569235,1920.0,72,0.010615676262639505,7.119392396803292e-05,4.59890957374626e-05,4.7506466858340174e-08,2.1062787287887466e-05,3.670443637560464e-05,-1.1551688030684607e-07,4.7023668880387483e-07
3,0.0046019423636569235,1941.3333333333333,72,0.009003552474257508,6.94699239944251e-05,4.877502084734503e-05,4.766592794517225e-08,1.5033958727497466e-05,3.592343440905644e-05,9.194523725602094e-08,4.946788410397545e-07
3,0.0046019423636569235,1962.6666666666665,72,0.0073053162307948815,6.782877665534028e-05,5.1092581416171343e-05,4.777558862684058e-08,2.5929448315182797e-05,3.430165421215653e-05,-2.896472664733303e-07,4.200271303180285e-07
3,0.0046019423636569235,1984.0,72,0.005537667181951602,6.632460133565644e-05,5.291929699242483e-05,4.786797794120748e-08,4.1105018817638894e-05,3.5817502352787826e-05,-3.0498456514624454e-07,4.4991561936684974e-07
3,0.0046019423636569235,2005.3333333333333,72,0.0037179111075381095,6.498735686966325e-05,5.423597275074385e-05,4.797547709872069e-08,4.253165258200999e-05,3.8129074715230504e-05,5.0002392163654434e-08,4.947614416715784e-07
3,0.0046019423636569235,2026.6666666666665,72,0.001863533598515344,6.394201239861026e-05,5.5030457473220154e-05,4.7987658969871647e-08,4.508799203874741e-05,3.8894513308513e-05,1.4290840274119922e-08,4.688775030638565e-07
3,0.0046019423636569235,2048.0,72,-9.372375297834958e-06,6.320467573530044e-05,5.5296470412579184e-05,4.799032489888183e-08,5.7068063254190504e-05,3.9432466836394206e-05,-1.6062493955376343e-08,5.048356533768898e-07
3,0.0046019423636569235,2069.333333333333,72,-0.0018838209695209395,6.265981370899507e-05,5.5030216909391795e-05,4.813532976162998e-08,5.60154464318426e-05,3.952261964271763e-05,-2.0465473186182183e-08,4.4096425667975525e-07
3,0.0046019423636569235,2090.6666666666665,72,-0.0037400409735124473,6.226713292335753e-05,5.423424172570613e-05,4.823318827351418e-08,4.084358682404891e-05,3.833359221412171e-05,-3.0970198867231836e-07,4.957230190739514e-07
3,0.0046019423636569235,2112.0,72,-0.0055592069830044475,6.205726799236696e-05,5.291828868164055e-05,4.816338521850536e-08,3.546960724860255e-05,3.781372090032784e-05,2.0023335549761786e-08,4.798352745782014e-07
3,0.0046019423636569235,2133.333333333333,72,-0.007325237466116078,6.202618488006887e-05,5.109371959515846e-05,4.815674876892589e-08,3.5730855372640426e-05,3.9507526688007375e-05,7.844097286037145e-07,4.728518726600341e-07
3,0.0046019423636569235,2154.6666666666665,72,-0.009021913601473338,6.216603439256165e-05,4.877629656709245e-05,4.82858277601669e-08,3.0364736933553818e-05,4.0221895924832064e-05,4.997503403256563e-07,5.573653687190186e-07
3,0.0046019423636569235,2176.0,72,-0.01063219214315397,6.250383931208741e-05,4.599058543562188e-05,4.834314005106956e-08,3.436625288462218e-05,3.957375061984011e-05,-3.040541395860343e-07,5.395539225368668e-07
3,0.0046019423636569235,2197.333333333333,72,-0.012139660293317714,6.30102197359525e-05,4.276369259993187e-05,4.833007671508855e-08,4.485363160648822e-05,3.97485292916551e-05,-4.867897212349863e-07,4.361147922169524e-07
3,0.0046019423636569235,2218.6666666666665,72,-0.013529265159102102,6.354800422912087e-05,3.912397658004825e-05,4.8371911386834414e-08,4.105929004333165e-05,3.976576289118637e-05,-5.755445231976959e-07,5.080612364620811e-07
3,0.0046019423636569235,2240.0,72,-0.014788098987122626,6.404485654034473e-05,3.510757404096638e-05,4.841052221969461e-08,3.702635025008857e-05,3.814921248314766e-05,-5.323757363441381e-07,5.322437397897105e-07
3,0.0046019423636569235,2261.333333333333,72,-0.01590478445845227,6.456569298194731e-05,3.075509476011814e-05,4.8422623734881654e-08,4.874580182971872e-05,3.711177103760624e-05,1.581755094939709e-07,5.399045712023746e-07
3,0.0046019423636569235,2282.6666666666665,72,-0.016868334117643644,6.509004369502445e-05,2.6106852000486676e-05,4.847863552735047e-08,5.268522065375696e-05,3.637181902417284e-05,4.994271683570602e-07,4.7335707157892596e-07
3,0.0046019423636569235,2304.0,72,-0.017669434501139513,6.550254056418793e-05,2.1207486722471516e-05,4.851260766014931e-08,3.627940377685875e-05,3.4773260427857055e-05,1.3672837110495518e-08,5.260826881973632e-07
3,0.0046019423636569235,2325.333333333333,72,-0.018300885893268365,6.580830928919994e-05,1.610549007081248e-05,4.8473161556194234e-08,1.9158722629440795e-05,3.439734497894991e-05,-1.9485303437844955e-07,5.219552032238525e-07
3,0.0046019423636569235,2346.6666666666665,72,-0.018756268986666727,6.605379183902452e-05,1.0848649694659547e-05,4.8473358339647475e-08,1.2286438169736953e-05,3.5502204298729043e-05,2.2151098424142985e-07,4.997980180880541e-07
3,0.0046019423636569235,2368.0,72,-0.019030935387411584,6.617211980646148e-05,5.487308810096343e-06,4.8531784771722736e-08,1.4566898125633176e-05,3.593492066376432e-05,6.593242326353593e-07,4.901847981589684e-07
3,0.0046019423636569235,2389.333333333333,72,-0.01912270464647012,6.611550926665623e-05,7.475564472960652e-08,4.8555306021106286e-08,2.2602902308429493e-05,3.600504889183995e-05,7.21946928493626e-07,5.096642645657358e-07
3,0.0046019423636569235,2410.6666666666665,72,-0.019030036190598922,6.589851921583711e-05,-5.337779540968459e-06,4.8573653978441884e-08,2.333666390037672e-05,3.707063260189301e-05,1.5961020319803168e-07,5.522732113688533e-07
3,0.0046019423636569235,2432.0,72,-0.018752734316173674,6.551013557416275e-05,-1.0699126755443395e-05,4.86225129534455e-08,1.3221590227331024e-05,3.833028648813924e-05,-6.408385062602245e-07,5.491027961154235e-07
3,0.0046019423636569235,2453.333333333333,72,-0.01829407169279842,6.499035317621897e-05,-1.595630490886524e-05,4.8634738898604106e-08,7.224519329935864e-06,3.8072510044478445e-05,-7.725011853262579e-07,5.125083856387361e-07
3,0.0046019423636569235,2474.6666666666665,72,-0.017659333714420793,6.440449318923095e-05,-2.1058754661191526e-05,4.86281596507266e-08,9.959192041015215e-06,3.787534212437541e-05,-3.168837687674403e-07,5.407224081079403e-07
3,0.0046019423636569235,2496.0,72,-0.01685425807066897,6.371583738349407e-05,-2.5958034937522593e-05,4.8667975100790685e-08,1.0441346524536544e-05,3.815742721029537e-05,-1.2597885353562667e-07,5.722039595088989e-07
3,0.0046019423636569235,2517.333333333333,72,-0.015886203431865212,6.29137273200303e-05,-3.060622607582648e-05,4.869302643199316e-08,4.89748851882331e-06,3.874630581324891e-05,-2.4821696232732675e-07,4.775406887424315e-07
3,0.0046019423636569235,2538.6666666666665,72,-0.014764517151399651,6.208915415069006e-05,-3.495909787977956e-05,4.8683464849709355e-08,1.6622538181718072e-06,4.0241691397777724e-05,-2.3610912320111837e-08,4.689295608426334e-07
3,0.0046019423636569235,2560.0,72,-0.013499822930035807,6.128033049208152e-05,-3.89753913576295e-05,4.871462670616223e-08,5.53849848322318e-06,4.0464837807698764e-05,5.225261928614644e-07,5.104816510571841e-07
3,0.0046019423636569235,2581.333333333333,72,-0.01210427007965951,6.051842652926778e-05,-4.261499746068172e-05,4.8770047366445827e-08,7.561439763025784e-06,4.090763118567808e-05,5.379991218077916e-07,5.154083151006889e-07
3,0.0046019423636569235,2602.6666666666665,72,-0.010591659114383327,5.992534651627817e-05,-4.5842954999194965e-05,4.88075289338086e-08,3.5777687767398283e-06,4.331210685314694e-05,-3.748513500339381e-08,5.212575067223544e-07
3,0.0046019423636569235,2624.0,72,-0.008976682489261194,5.9560569637735926e-05,-4.862974993264568e-05,4.887067721766018e-08,6.343705280351335e-06,4.467307440221698e-05,-2.3992945657005046e-07,4.4684974834703776e-07
3,0.0046019423636569235,2645.333333333333,72,-0.007274330609187672,5.941034054461153e-05,-5.094774770897634e-05,4.890034529906023e-08,1.4864672557769553e-05,4.43503655282143e-05,-2.3243461538045995e-08,4.378674329659348e-07
3,0.0046019423636569235,2666.6666666666665,72,-0.005500202502712432,5.951006621729446e-05,-5.277366627828158e-05,4.882724876082104e-08,1.467962016212333e-05,4.451961609883152e-05,-6.426029193088154e-08,4.825381066180458e-07
3,0.0046019423636569235,2688.0,72,-0.003671200456029698,5.985498541531655e-05,-5.409082235070081e-05,4.875825149075288e-08,1.6402561555583412e-05,4.492710417440426e-05,-1.207494176504608e-07,4.351761080470848e-07
3,0.0046019423636569235,2709.333333333333,72,-0.0018052804660204235,6.040288004325277e-05,-5.48864881137527e-05,4.873723450925901e-08,2.787545173886686e-05,4.395337016931497e-05,-7.177261539120059e-08,4.510807397003275e-07
3,0.0046019423636569235,2730.6666666666665,72,7.924342227613652e-05,6.126138234645869e-05,-5.5152416709913554e-05,4.8699711923603796e-08,2.5229382984355074e-05,4.367526636631118e-05,-3.1786047303424447e-07,4.469100230447326e-07
3,0.0046019423636569235,2752.0,72,0.0019637263487586624,6.251670292022843e-05,-5.488670040081117e-05,4.868504042287249e-08,1.0122528334466941e-05,4.456337486729471e-05,-2.379730672538852e-07,4.4728467484183813e-07
3,0.0046019423636569235,2773.333333333333,72,0.0038296063585302235,6.399396485408984e-05,-5.40919410702303e-05,4.866047232728799e-08,1.2434430893979682e-05,4.340510513236449e-05,4.1498470517314306e-07,5.274419578975456e-07
3,0.0046019423636569235,2794.6666666666665,72,0.005658924338110462,6.552897046249955e-05,-5.277497159661884e-05,4.8520546677734714e-08,2.3479196624247513e-05,4.187197687070473e-05,4.782930160198006e-07,5.254485669286027e-07
3,0.0046019423636569235,2816.0,72,0.007433885234186045,6.717349043952927e-05,-5.094864797007065e-05,4.844326290930871e-08,2.25591410239036e-05,4.1739857811538315e-05,8.831965196941678e-08,5.188986796372401e-07
3,0.0046019423636569235,2837.333333333333,72,0.009137309012368693,6.892604251987523e-05,-4.863125981472265e-05,4.852474919149807e-08,2.2381671133433077e-05,4.1464348926064855e-05,2.3875688862919316e-07,5.17689522373741e-07
3,0.0046019423636569235,2858.6666666666665,72,0.010753499896707827,7.065550039460877e-05,-4.584532591614477e-05,4.847169960191409e-08,2.5721256766039657e-05,4.1800837097870574e-05,2.2066078182805363e-07,5.117464964809914e-07
3,0.0046019423636569235,2880.0,72,0.012267240349525662,7.231111670872564e-05,-4.261752008900459e-05,4.8275803492662375e-08,1.8253763046076997e-05,4.2865522864120805e-05,-2.3995333892668153e-07,4.792445750651559e-07
3,0.0046019423636569235,2901.333333333333,72,0.013663634509038175,7.388073513295914e-05,-3.8978736545342036e-05,4.82666224123111e-08,7.218758110230789e-06,4.170851276553344e-05,-2.2928477877567322e-08,5.497930094060179e-07
3,0.0046019423636569235,2922.6666666666665,72,0.01492964332257224,7.527835037551438e-05,-3.496402996487968e-05,4.834399012847382e-08,2.331008218298892e-06,3.9348786132907974e-05,4.858357472053527e-07,5.478188047778332e-07
3,0.0046019423636569235,2944.0,72,0.016053425161378924,7.648189589612764e-05,-3.061179124251078e-05,4.8250697480241555e-08,3.9888620860277104e-07,4.016957419599068e-05,4.712241964656823e-07,4.783959423091262e-07
3,0.0046019423636569235,2965.333333333333,72,0.017023259112713993,7.757172730739452e-05,-2.596346977710205e-05,4.8157773665119675e-08,8.906619796626897e-07,4.283777136408688e-05,5.532696643505916e-07,5.675558026602646e-07
3,0.0046019423636569235,2986.6666666666665,72,0.017829110381770288,7.856562673196109e-05,-2.1064445546622522e-05,4.817522288832838e-08,-4.4005669106188765e-06,4.366334357950735e-05,3.809851226337829e-07,5.13347635248503e-07
3,0.0046019423636569235,3008.0,72,0.01846347570750502,7.942431549973817e-05,-1.5962718607605012e-05,4.812719366287337e-08,-2.0604927766469557e-05,4.223126588359258e-05,-5.765367084940608e-07,4.194506417737467e-07
3,0.0046019423636569235,3029.333333333333,72,0.018920597206155285,8.012725956239236e-05,-1.070682425181518e-05,4.803795621948933e-08,-2.987485071451051e-05,4.078510378972964e-05,-5.106989511856222e-07,5.267470304681173e-07
3,0.0046019423636569235,3050.6666666666665,72,0.019196356586265853,8.060669092911335e-05,-5.3467082573553995e-06,4.80484012257471e-08,-2.5976098991822745e-05,3.930416332542751e-05,9.35116295264537e-07,4.841241070307358e-07
3,0.0046019423636569235,3072.0,72,0.01928805453640646,8.077144117930471e-05,6.574445466327483e-08,4.808959980673314e-08,-2.098013542284505e-05,3.9089236627770205e-05,1.0472960805853807e-06,4.4086428604290394e-07
3,0.0046019423636569235,3093.333333333333,72,0.0191945446078573,8.062621774503829e-05,5.478135288078466e-06,4.808699709507177e-08,-1.2478260444362985e-05,3.9849749448527784e-05,-3.398073566267379e-07,5.050063317589028e-07
3,0.0046019423636569235,3114.6666666666665,72,0.018917043901997454,8.021872928106885e-05,1.0838111304753253e-05,4.808831024068194e-08,-3.6303385563731704e-06,4.027498992541693e-05,-5.667255972452295e-07,5.408160783398409e-07
3,0.0046019423636569235,3136.0,72,0.018458206201320732,7.955828837473147e-05,1.609414436622992e-05,4.810759188126282e-08,-9.51190546295882e-06,4.0161966634850204e-05,3.4670623196561507e-07,4.567009198501053e-07
3,0.0046019423636569235,3157.333333333333,72,0.01782168045600282,7.866177103045012e-05,2.119615111690905e-05,4.8100333703295834e-08,-1.9107415531575937e-05,4.014311737082612e-05,6.023045430284373e-07,4.503589456311276e-07
3,0.0046019423636569235,3178.6666666666665,72,0.01701367962290357,7.753333309399922e-05,2.6094472239131166e-05,4.8069841652757926e-08,-1.8768570564455404e-05,4.073122900477525e-05,3.7319593984160084e-07,4.56346080228667e-07
3,0.0046019423636569235,3200.0,72,0.016042150726200927,7.61693040727391e-05,3.0741306508915866e-05,4.8091486493662104e-08,-2.0378576133826218e-05,4.128631612283468e-05,2.8598776760542515e-07,5.13993784022714e-07
3,0.0046019423636569235,3221.333333333333,72,0.014915572793531404,7.466487177505385e-05,3.5093187356537475e-05,4.815889866959615e-08,-2.2378967783940546e-05,3.987465528512209e-05,3.9530265258512615e-08,4.7180274044306013e-07
3,0.0046019423636569235,3242.6666666666665,72,0.01364493738032826,7.310850918796448e-05,3.9108951591344316e-05,4.8163574066713655e-08,-1.1056938077430131e-05,3.8493896882249274e-05,-2.2137278328139087e-07,5.527524347205953e-07
3,0.0046019423636569235,3264.0,72,0.012243238894886701,7.146277398048122e-05,4.2748595646582145e-05,4.815631617492134e-08,4.783147866018629e-06,3.8395522139552204e-05,-3.6320240196778305e-07,5.608793169753429e-07
3,0.0046019423636569235,3285.333333333333,72,0.01072328384771961,6.975518637347419e-05,4.5976635721353416e-05,4.821038162744594e-08,1.4245961696375885e-05,3.774048219078295e-05,-5.736437344265767e-07,4.6120197295362705e-07
3,0.0046019423636569235,3306.6666666666665,72,0.00910000326230037,6.809282392174303e-05,4.876279667803118e-05,4.8190676923825994e-08,1.778638026397063e-05,3.703899179707038e-05,-2.045403698099072e-07,4.800058905665578e-07
3,0.0046019423636569235,3328.0,72,0.0073909127724956425,6.646149782500613e-05,5.108000664757899e-05,4.8130714950217684e-08,1.543463318080428e-05,3.720281263931718e-05,6.677943084102928e-07,5.406293323972099e-07
3,0.0046019423636569235,3349.333333333333,72,0.005612213565476348,6.485912746155717e-05,5.2905158530692245e-05,4.824133821407964e-08,1.6562172697042717e-05,3.636555581151383e-05,4.7304777518875303e-07,5.785213128517002e-07
3,0.0046019423636569235,3370.6666666666665,72,0.003779856174296852,6.341353653573736e-05,5.4220707951745986e-05,4.834791003359282e-08,2.4833884300820318e-05,3.545880504385695e-05,-3.74460833068584e-07,5.143079708890284e-07
3,0.0046019423636569235,3392.0,72,0.0019123057242750987,6.216584681806943e-05,5.5014863947669426e-05,4.828034314931645e-08,2.4346611570550875e-05,3.6347031301305965e-05,4.053664883600764e-08,5.287454720867917e-07
3,0.0046019423636569235,3413.333333333333,72,2.7668827910008206e-05,6.10954926758239e-05,5.5280542150286456e-05,4.832474922702863e-08,1.781911769263826e-05,3.7490543929127645e-05,7.002055124320661e-07,5.105851279902229e-07
3,0.0046019423636569235,3434.6666666666665,72,-0.0018572773156637268,6.026141088414314e-05,5.5013992282574694e-05,4.850103706644881e-08,1.8932018257883813e-05,3.755522536108915e-05,-5.9347683557445404e-08,5.16732708193228e-07
3,0.0046019423636569235,3456.0,72,-0.0037242954444218898,5.966203195413051e-05,5.4217005168505475e-05,4.8485429279118533e-08,1.2008847539274903e-05,3.717685117706453e-05,-6.57620945035715e-07,5.027282768531574e-07
3,0.0046019423636569235,3477.333333333333,72,-0.005554574253533489,5.930044712539133e-05,5.289921050610363e-05,4.838365701332625e-08,-7.0156671533390234e-06,3.74578045591648e-05,-1.2436280077071825e-07,4.970803527343285e-07
3,0.0046019423636569235,3498.6666666666665,72,-0.007330183324952942,5.931828005741296e-05,5.1073863815958295e-05,4.8417130457749725e-08,-9.065781935293899e-06,3.762285329808014e-05,-8.461219997851056e-08,4.7331315789922914e-07
3,0.0046019423636569235,3520.0,72,-0.009033267643888673,5.976392075292888e-05,4.8755856333077294e-05,4.8429856432775746e-08,6.146486272564179e-06,3.650612025129873e-05,-5.346756810252e-07,3.9439782876851855e-07
3,0.0046019423636569235,3541.333333333333,72,-0.010647456631292723,6.0512874745141365e-05,4.596724622641136e-05,4.838552466508637e-08,1.2948146861632116e-05,3.525884222118512e-05,-2.922114422329199e-07,4.579131418709415e-07
3,0.0046019423636569235,3562.6666666666665,72,-0.012158535463407748,6.143338457552298e-05,4.273754672507592e-05,4.837771215415392e-08,1.3707333359087872e-05,3.5121224567354795e-05,1.6981830663351396e-08,5.532504734366904e-07
3,0.0046019423636569235,3584.0,72,-0.013552282792481538,6.238392011444334e-05,3.909801653772338e-05,4.8315410595709124e-08,2.0355519767507057e-05,3.4764041462802777e-05,3.45532156324714e-08,4.870325333764217e-07
3,0.0046019423636569235,3605.333333333333,72,-0.014815042732659437,6.326799963522288e-05,3.5082071423102405e-05,4.8292479558718923e-08,2.7977001677850157e-05,3.546606925776608e-05,2.6894922612733016e-07,4.578890680276981e-07
3,0.0046019423636569235,3626.6666666666665,72,-0.015935248331137623,6.411294536683108e-05,3.072826033587166e-05,4.84209472505577e-08,3.092903678764146e-05,3.631709221289295e-05,1.7708028878442822e-07,4.3938691651623085e-07
3,0.0046019423636569235,3648.0,72,-0.016902269229997647,6.488699060838791e-05,2.6078990811477592e-05,4.8448226469589895e-08,2.430694902321241e-05,3.686422167756706e-05,-1.6061440199338707e-07,4.850237763163564e-07
3,0.0046019423636569235,3669.333333333333,72,-0.017706516639363006,6.551242691550732e-05,2.1179332669484735e-05,4.8358973371055e-08,7.575400433215519e-06,3.739879329585769e-05,1.0400554626406916e-07,4.7161794359734477e-07
3,0.0046019423636569235,3690.6666666666665,72,-0.018340342748713746,6.603018011517304e-05,1.6076498977863263e-05,4.842066409674691e-08,-5.650423956873101e-06,3.6929617143508164e-05,2.5263928569948676e-07,3.9612472015432654e-07
3,0.0046019423636569235,3712.0,72,-0.018797275089616015,6.647747974231098e-05,1.0818980001056079e-05,4.850505491693206e-08,-9.147410635839555e-06,3.6603117425250596e-05,5.1629423745230715e-08,4.6616355286647956e-07
3,0.0046019423636569235,3733.333333333333,72,-0.019072624258991352,6.682067942891028e-05,5.457546052758539e-06,4.845940149792771e-08,-8.420213916035248e-06,3.735198077590843e-05,4.5153637750760383e-07,4.092796982661697e-07
3,0.0046019423636569235,3754.6666666666665,72,-0.019164104552444633,6.706109957190132e-05,4.458025618894586e-08,4.849145282075066e-08,5.295168463593521e-08,3.767191697415119e-05,3.986327592299079e-07,5.014632307260709e-07
3,0.0046019423636569235,3776.0,72,-0.01907043737435966,6.719180562647422e-05,-5.368422765873313e-06,4.8592808789718994e-08,1.4060212198087238e-05,3.640903305311755e-05,-7.48665244554792e-07,4.439689873619758e-07
3,0.0046019423636569235,3797.333333333333,72,-0.01879204342383245,6.719841991095285e-05,-1.0729681397797573e-05,4.8613307445574636e-08,1.7110448902176313e-05,3.567626813953363e-05,-8.313061599458028e-07,4.6245966620240475e-07
3,0.0046019423636569235,3818.6666666666665,72,-0.01833218545342301,6.713739267698558e-05,-1.5986582605954395e-05,4.866242721267823e-08,7.198058572373721e-06,3.671611493176091e-05,6.113510891741331e-09,5.165778559304712e-07
3,0.0046019423636569235,3840.0,72,-0.017695282665044988,6.701795506514599e-05,-2.1088880784264007e-05,4.874642454728399e-08,-4.765119316272881e-06,3.843948647307721e-05,-4.9189717942961e-07,5.073272564324175e-07
3,0.0046019423636569235,3861.333333333333,72,-0.016887082906736954,6.681747477091954e-05,-2.5988441766139233e-05,4.8770662945893126e-08,-1.378855969519681e-05,3.9674998556798595e-05,-9.446526882743344e-07,4.0668214483290347e-07
3,0.0046019423636569235,3882.6666666666665,72,-0.015915942082793403,6.665655296329215e-05,-3.063727601011386e-05,4.883306453781229e-08,-1.1608988869567902e-05,3.8768499761503345e-05,2.5333693002748103e-07,5.006542923868943e-07
3,0.0046019423636569235,3904.0,72,-0.01479103242870819,6.66302756472047e-05,-3.4990006012923715e-05,4.8927134701228046e-08,4.308272527703897e-06,3.685263599297614e-05,7.048833989374333e-07,4.6990298377486877e-07
3,0.0046019423636569235,3925.333333333333,72,-0.013522509863851125,6.664551669755838e-05,-3.900549940436675e-05,4.9011136052194076e-08,1.444199965191622e-05,3.534109426607088e-05,-4.273568786386311e-07,4.516277257078936e-07
3,0.0046019423636569235,3946.6666666666665,72,-0.012123570909845414,6.665757953253555e-05,-4.264532510354386e-05,4.922842577508712e-08,9.916211649339245e-06,3.5742856907452105e-05,-7.4151139367943e-07,4.955096238247195e-07
3,0.0046019423636569235,3968.0,72,-0.010608185893848718,6.674189942741635e-05,-4.587397403558404e-05,4.9427265393558174e-08,9.441525633926628e-06,3.646907017413224e-05,-5.8405245434782106e-08,4.6287610180501934e-07
3,0.0046019423636569235,3989.333333333333,72,-0.008989947761080648,6.693634033645774e-05,-4.8660052372699844e-05,4.9343624811360586e-08,1.8198858388553828e-05,3.7276918993543834e-05,1.6425347461344888e-07,5.649161285052887e-07
3,0.0046019423636569235,4010.6666666666665,72,-0.0072851713926491935,6.729147867549374e-05,-5.0976804647745374e-05,4.9235488688449024e-08,2.0616267660222068e-05,3.858750944922871e-05,2.4488614577238585e-07,4.822464420339963e-07
3,0.0046019423636569235,4032.0,72,-0.005511670440788831,6.78199654897521e-05,-5.280256549313588e-05,4.931929469632366e-08,1.739981914119361e-05,3.949821169855913e-05,4.7435486450251444e-07,5.722923664275333e-07
3,0.0046019423636569235,4053.333333333333,72,-0.003685422788328788,6.836644076728862e-05,-5.4119742837911295e-05,4.9372457420724213e-08,1.6733370831566047e-05,3.950345911243801e-05,1.7864863106756047e-07,4.797349079866696e-07
3,0.0046019423636569235,4074.6666666666665,72,-0.001822812229506727,6.88478119402954e-05,-5.4914716271193477e-05,4.937131624044445e-08,1.0011364760605866e-05,3.9110115101939065e-05,-3.45106246613464e-07,4.842484679848419e-07
4,0.006135923151542565,0.0,72,1.654320465254253e-05,4.962451728597996e-05,-7.363968820732649e-05,4.1174360649669596e-08,7.475488064694806e-06,3.840884508422208e-05,2.5566925571511827e-07,4.6058587825137344e-07
4,0.006135923151542565,21.333333333333332,72,0.0026374605202732788,4.9565840802066525e-05,-7.30103743695219e-05,4.1323089098805186e-08,4.704331671984221e-06,3.9659102720758434e-05,1.7281250241425726e-07,4.861441646667962e-07
4,0.006135923151542565,42.666666666666664,72,0.005213701445334826,4.9877719665950866e-05,-7.11318283622732e-05,4.1219962528667e-08,1.202510408883096e-05,3.992107768157062e-05,1.4605229867819007e-07,4.1670752947167423e-07
4,0.006135923151542565,64.0,72,0.007701612891010828,5.0550539682705855e-05,-6.803610783031718e-05,4.111100409498083e-08,1.5008099630406927e-05,3.7851619158056884e-05,8.152635355976508e-07,5.003889862822424e-07
4,0.006135923151542565,85.33333333333333,72,0.010057997987014265,5.1717537130451614e-05,-6.377627362229794e-05,4.1168357179003314e-08,1.2423458929085656e-05,3.638710340909886e-05,-2.401007818164655e-09,4.7319114930490704e-07
4,0.006135923151542565,106.66666666666666,72,0.012242275534136815,5.327822155154849e-05,-5.842498236422263e-05,4.1124059954358084e-08,1.5395304948812534e-05,3.797172068427788e-05,-1.1642612099746247e-06,4.7391707607240933e-07
4,0.006135923151542565,128.0,72,0.014217289133143296,5.493211771872067e-05,-5.2074334405935956e-05,4.1033640793056553e-08,1.9019187915792724e-05,3.85691908302806e-05,8.22262065948862e-10,4.824922112755314e-07
4,0.006135923151542565,149.33333333333331,72,0.01594968859193212,5.656600409583552e-05,-4.483347181743295e-05,4.105909492923978e-08,1.694999135625959e-05,3.685719114595138e-05,1.0319217287075483e-06,4.882212306735158e-07
4,0.006135923151542565,170.66666666666666,72,0.017410428723205654,5.809239517110579e-05,-3.682571081235084e-05,4.097988966884475e-08,1.9384597905945833e-05,3.7502919876490525e-05,2.1926254085268053e-07,5.192274656219225e-07
4,0.006135923151542565,192.0,72,0.018574156938711495,5.93821166555258e-05,-2.8187787644340923e-05,4.081284363663713e-08,3.067762948459864e-05,3.990309435807202e-05,2.903242590198975e-07,5.33075595515493e-07
4,0.006135923151542565,213.33333333333331,72,0.019420123308965098,6.047474909592567e-05,-1.906749976920715e-05,4.0782701473907856e-08,4.052929682632844e-05,3.924941386114459e-05,8.811601852332053e-07,5.280314059242051e-07
4,0.006135923151542565,234.66666666666666,72,0.01993401221844423,6.14016226059025e-05,-9.620616783447342e-06,4.078279779250998e-08,4.557208436500336e-05,3.7664260676322146e-05,-4.9911098735696343e-08,5.203918530580046e-07
4,0.006135923151542565,256.0,72,0.020107038365521124,6.204150510338842e-05,-9.465224031380689e-09,4.076136913533098e-08,5.136229312643806e-05,3.8098712534797244e-05,-3.542721876657048e-07,4.914227907260504e-07
4,0.006135923151542565,277.3333333333333,72,0.019935580830065677,6.237887753074964e-05,9.600865099198386e-06,4.0824139596007405e-08,5.6660906871757515e-05,3.8211756761840954e-05,5.443345353401665e-07,5.289264592978382e-07
4,0.006135923151542565,298.66666666666663,72,0.019423185103254352,6.252179480640132e-05,1.904720525374826e-05,4.082375859764699e-08,5.681502738824362e-05,3.7921128513333904e-05,-1.0104841732539328e-07,5.433187219699597e-07
4,0.006135923151542565,320.0,72,0.018579588100051524,6.246011696164193e-05,2.8168714219492896e-05,4.076848140092894e-08,5.469961410534637e-05,3.837503559356162e-05,-1.1253381937115142e-06,5.762364214677677e-07
4,0.006135923151542565,341.3333333333333,72,0.017418121216311908,6.212616643443815e-05,3.6807910756515765e-05,4.08713058012495e-08,5.482795554558099e-05,3.903573322898748e-05,-1.5953962039261656e-07,4.837627891051842e-07
4,0.006135923151542565,362.66666666666663,72,0.015957352638195282,6.158406411498236e-05,4.4815994358939735e-05,4.095046032436788e-08,5.5217755533173334e-05,3.820497177456378e-05,6.281695322582575e-07,4.760204282990518e-07
4,0.006135923151542565,384.0,72,0.014223234656819152,6.097836473770653e-05,5.205650028810421e-05,4.085276337718389e-08,5.338180630506351e-05,3.6267662181238455e-05,-1.3861966013203268e-07,3.938344211946969e-07
4,0.006135923151542565,405.3333333333333,72,0.012246858212659053,6.038669127592497e-05,5.840599092635148e-05,4.083471189935819e-08,5.1515678852771547e-05,3.527001112435013e-05,-3.9413412865732064e-07,5.069478244228553e-07
4,0.006135923151542565,426.66666666666663,72,0.010061975259529145,5.980564232144524e-05,6.37561480637474e-05,4.094049403703035e-08,5.025367880733358e-05,3.588614850181167e-05,-2.7911752875404163e-08,5.25187975566708e-07
4,0.006135923151542565,448.0,72,0.007705533178060204,5.9287644952374517e-05,6.801639274375728e-05,4.1011642837203555e-08,4.7222084923925886e-05,3.6910671750674784e-05,-5.426908884221736e-07,4.5571515357314416e-07
4,0.006135923151542565,469.3333333333333,72,0.0052179794587571444,5.891693946378261e-05,7.111405480706704e-05,4.1075457699808045e-08,4.40113644935755e-05,3.679401251358654e-05,-1.1052022090532264e-06,4.985886290038188e-07
4,0.006135923151542565,490.66666666666663,72,0.0026416631069268153,5.8727335441258526e-05,7.299411481337906e-05,4.107983032712616e-08,4.243394536548003e-05,3.4769601344916705e-05,-5.769853459052318e-07,4.931802566347712e-07
4,0.006135923151542565,512.0,72,2.0028652517131282e-05,5.88592843783012e-05,7.362257967443896e-05,4.099498158942162e-08,3.804624922883822e-05,3.2466715597731574e-05,7.700024222352477e-08,4.288312964175481e-07
4,0.006135923151542565,533.3333333333333,72,-0.0026016666158506976,5.948252406882997e-05,7.299071268636829e-05,4.104154831009535e-08,3.212327100129442e-05,3.251443331153229e-05,2.6683734941521237e-08,4.797551217019257e-07
4,0.006135923151542565,554.6666666666666,72,-0.005177373859811802,6.042544117667596e-05,7.111247202551364e-05,4.1185518243760135e-08,3.641199908883787e-05,3.3364121773470133e-05,-1.1742914451491575e-07,4.92105617228525e-07
4,0.006135923151542565,576.0,72,-0.007663060525691803,6.138306239204625e-05,6.80189005031774e-05,4.1140009685206154e-08,5.1391407552907434e-05,3.3565952626839765e-05,-6.346727127691635e-08,5.4296607749537e-07
4,0.006135923151542565,597.3333333333333,72,-0.010016998823637257,6.242681756793231e-05,6.375999154568831e-05,4.1018836500067545e-08,6.280062672163552e-05,3.370250133890749e-05,-2.412031710986504e-07,5.263343908848394e-07
4,0.006135923151542565,618.6666666666666,72,-0.012198543509907117,6.374253399930087e-05,5.840877570863012e-05,4.103386814549157e-08,6.641194719630674e-05,3.3311196638971504e-05,-3.6166414676337217e-07,5.147990003292953e-07
4,0.006135923151542565,640.0,72,-0.014169818551148525,6.520240122783826e-05,5.205821480047609e-05,4.111869355971954e-08,6.679183047880109e-05,3.398708136005405e-05,1.071298265813938e-07,4.972143290910078e-07
4,0.006135923151542565,661.3333333333333,72,-0.015897657662172382,6.662991743126078e-05,4.481731493320539e-05,4.118052632614678e-08,6.031463806795333e-05,3.489247985143649e-05,6.046336963438883e-07,5.284131966626397e-07
4,0.006135923151542565,682.6666666666666,72,-0.017352797349066185,6.796996911335922e-05,3.681031779768462e-05,4.118508429773561e-08,4.9381883858445967e-05,3.352580729059345e-05,5.331072448978106e-07,4.7196955348779074e-07
4,0.006135923151542565,704.0,72,-0.018510148885335573,6.911041033368804e-05,2.8173595738741886e-05,4.123053392321663e-08,4.9192185003583226e-05,3.392290387741394e-05,1.524367428753122e-07,4.448493635363953e-07
4,0.006135923151542565,725.3333333333333,72,-0.019350416957009547,6.995405852684097e-05,1.9053581538316636e-05,4.1422050334288145e-08,5.888655187997842e-05,3.688086890269277e-05,-3.240843752255473e-07,4.978090100960588e-07
4,0.006135923151542565,746.6666666666666,72,-0.01985952178557333,7.052533347331001e-05,9.607207495544445e-06,4.158220558294254e-08,5.8052971067877536e-05,3.896252030024369e-05,-5.750394128769907e-07,4.4753905776288305e-07
4,0.006135923151542565,768.0,72,-0.020028296759503073,7.078441395455776e-05,-2.6503246272072176e-09,4.159037777764759e-08,4.035640418119214e-05,3.95070911618692e-05,-1.3397559761275158e-07,4.522674878509878e-07
4,0.006135923151542565,789.3333333333333,72,-0.019854082602131062,7.067420529458852e-05,-9.612540792852701e-06,4.169378651175905e-08,2.2158173063145873e-05,4.0340696831936076e-05,4.1283363776075214e-07,5.934696885901467e-07
4,0.006135923151542565,810.6666666666666,72,-0.019340313212447842,7.026522444073782e-05,-1.905833785860519e-05,4.189753915296814e-08,1.595137728603064e-05,4.086589229840419e-05,3.7582674489279876e-07,5.042161125228603e-07
4,0.006135923151542565,832.0,72,-0.018494950602377987,6.960677343894714e-05,-2.8177659035433622e-05,4.200205730413099e-08,1.2936193135407699e-05,3.998368690169862e-05,1.7853720700466272e-07,4.3499758394520034e-07
4,0.006135923151542565,853.3333333333333,72,-0.017331289491083025,6.870987463559481e-05,-3.6815114559211644e-05,4.218035552793825e-08,3.214520051991372e-06,3.957448574260275e-05,3.898179900769986e-08,4.30607982362115e-07
4,0.006135923151542565,874.6666666666666,72,-0.01586884757311642,6.762522342063791e-05,-4.4823000731748335e-05,4.2472772943569914e-08,3.0872308279755634e-06,4.030221899530955e-05,-2.991226116953732e-08,5.0374833666151e-07
4,0.006135923151542565,896.0,72,-0.0141325482834019,6.631632955640623e-05,-5.206333961722872e-05,4.261948547377834e-08,2.6744503648999578e-05,4.0654464670347157e-05,3.748877429202105e-07,4.558805846059258e-07
4,0.006135923151542565,917.3333333333333,72,-0.012152104871851699,6.47923741609808e-05,-5.84130586879468e-05,4.276635206778773e-08,4.641560397055243e-05,3.9897672871352137e-05,5.439692884249052e-07,4.817686275418698e-07
4,0.006135923151542565,938.6666666666666,72,-0.009961514007622265,6.32780056789347e-05,-6.376404432388404e-05,4.3101591698192605e-08,3.850022747846871e-05,3.9673740882100574e-05,-2.2893766976070345e-07,4.234882945767472e-07
4,0.006135923151542565,960.0,72,-0.0075983151667261654,6.18265282801259e-05,-6.802344312948541e-05,4.333610500710686e-08,3.0641722460024646e-05,4.027690783204194e-05,-5.757966937727958e-07,4.5562240941025263e-07
4,0.006135923151542565,981.3333333333333,72,-0.005103555130267646,6.024515977653589e-05,-7.11188642155459e-05,4.3421038750431316e-08,4.156768094664777e-05,4.019896193097558e-05,3.4406389145724225e-09,5.288776971926833e-07
4,0.006135923151542565,1002.6666666666666,72,-0.002521012767607062,5.866129964413283e-05,-7.299847499089522e-05,4.362304452793548e-08,4.417659622795534e-05,4.0168125096112985e-05,-5.5372933667611236e-08,4.7249486927434317e-07
4,0.006135923151542565,1024.0,72,0.00010513551377336583,5.7391030354852956e-05,-7.362852910787762e-05,4.3854840288273357e-08,3.1143320833487825e-05,4.043433132336545e-05,-5.647391555371672e-07,5.311619338677124e-07
4,0.006135923151542565,1045.3333333333333,72,0.002731379917984814,5.641699550980116e-05,-7.299743632384041e-05,4.4056224127525865e-08,3.0101912753858473e-05,3.974098361373361e-05,-1.329220782759952e-07,4.887384054670044e-07
4,0.006135923151542565,1066.6666666666665,72,0.005313535315938978,5.5642977757026494e-05,-7.111756099218423e-05,4.435198784758753e-08,4.285242480528384e-05,3.87665532356418e-05,4.1051914562165677e-07,3.979765672438781e-07
4,0.006135923151542565,1088.0,72,0.007806265435297228,5.520445779485525e-05,-6.802124378549871e-05,4.459503845311017e-08,4.560737353367889e-05,3.981526664875121e-05,-1.4283175400668587e-07,5.075776329252779e-07
4,0.006135923151542565,1109.3333333333333,72,0.010165828236337361,5.521454350515273e-05,-6.376098910023214e-05,4.474792233417547e-08,3.424060377419779e-05,4.11001792544091e-05,-9.437384340048942e-07,4.829922590643283e-07
4,0.006135923151542565,1130.6666666666665,72,0.012352709621099934,5.553815385858198e-05,-5.841039594442083e-05,4.5024216742072075e-08,2.4368904289186414e-05,4.081389829943664e-05,-7.492756637229057e-07,5.473946707604198e-07
4,0.006135923151542565,1152.0,72,0.014330388226704259,5.596093761682099e-05,-5.20604822513273e-05,4.5265194629540547e-08,2.4065540396569704e-05,4.09365915122278e-05,2.626843952697769e-07,5.378168340795074e-07
4,0.006135923151542565,1173.3333333333333,72,0.016064140992144545,5.644101930602798e-05,-4.481894448270875e-05,4.534825426655015e-08,2.185026440170938e-05,4.253407015241271e-05,7.450762471373556e-07,4.4838582310852996e-07
4,0.006135923151542565,1194.6666666666665,72,0.017523835773440233,5.7009849565654726e-05,-3.681059725998598e-05,4.5549021785967804e-08,6.090102373641756e-06,4.354742467901507e-05,2.0868929114123313e-07,4.614469818934595e-07
4,0.006135923151542565,1216.0,72,0.018685472806389186,5.754678891633882e-05,-2.8172717802478115e-05,4.582933370495959e-08,-1.0852172175642754e-05,4.3587543091088385e-05,3.1786305809852995e-11,4.7548531428782135e-07
4,0.006135923151542565,1237.3333333333333,72,0.019529185967572624,5.7956657480744814e-05,-1.905241632406216e-05,4.5967946843403114e-08,-1.6429682487476474e-05,4.27293594217933e-05,4.492673281269491e-07,4.962574971135698e-07
4,0.006135923151542565,1258.6666666666665,72,0.020039720419330113,5.832333064431338e-05,-9.606590231819985e-06,4.6133640493688434e-08,-2.1389861885663216e-05,4.2608067210446473e-05,7.697947161471189e-08,5.20557181400206e-07
4,0.006135923151542565,1280.0,72,0.0202085935248992,5.868008927216828e-05,3.157474793354686e-09,4.636706874628051e-08,-2.9096491840774282e-05,4.4483921576661095e-05,-7.610898009770566e-07,5.216016630977272e-07
4,0.006135923151542565,1301.3333333333333,72,0.02003311559493414,5.897272509859551e-05,9.614142101093736e-06,4.6479679457210535e-08,-3.1199100376069026e-05,4.6248233266239436e-05,-3.4854872762877984e-07,4.958983072924924e-07
4,0.006135923151542565,1322.6666666666665,72,0.01951574554858994,5.920145404358623e-05,1.9061230835360445e-05,4.662294317801427e-08,-3.646052278155721e-05,4.4527503079192754e-05,8.103628154061363e-07,5.325565682538922e-07
4,0.006135923151542565,1344.0,72,0.01866511439934414,5.934885639248566e-05,2.8181114017739708e-05,4.6852886721299694e-08,-4.757119013436893e-05,4.264653099367221e-05,1.250352906668833e-06,4.2586380559965747e-07
4,0.006135923151542565,1365.3333333333333,72,0.017495050493424296,5.946211625930462e-05,3.6819037731259436e-05,4.693645620639935e-08,-4.7205172959430475e-05,4.285245195665843e-05,7.030872200160349e-07,4.4730418395429333e-07
4,0.006135923151542565,1386.6666666666665,72,0.016024634698909076,5.9701809843088474e-05,4.482802143266755e-05,4.702553646398492e-08,-3.842631164163061e-05,4.3903704991807224e-05,-3.690447522056241e-07,5.000792851075511e-07
4,0.006135923151542565,1408.0,72,0.014279885846359256,5.9995411744401795e-05,5.2069511037646275e-05,4.728956412022945e-08,-3.816995884827339e-05,4.4117790773667594e-05,-7.561341759705793e-07,4.92471279981256e-07
4,0.006135923151542565,1429.3333333333333,72,0.012291314652981592,6.010832999322367e-05,5.841993438361341e-05,4.7402117314095114e-08,-4.293174434269087e-05,4.294585209742388e-05,-9.979403431994445e-08,5.052053782011958e-07
4,0.006135923151542565,1450.6666666666665,72,0.010091631882705834,6.008534529605134e-05,6.37716604559677e-05,4.726586704655071e-08,-4.6396593506884434e-05,4.23503912925461e-05,-2.247678103552212e-07,4.884778992020068e-07
4,0.006135923151542565,1472.0,72,0.007718536551498012,6.0076937410149076e-05,6.803170576582664e-05,4.7184955070573876e-08,-4.582517874042396e-05,4.237252103098695e-05,-1.2449087906298508e-06,5.119240064129349e-07
4,0.006135923151542565,1493.3333333333333,72,0.005214471462118194,6.0125037336359845e-05,7.112735076914246e-05,4.722044862947489e-08,-3.0767545967150015e-05,4.173202164255847e-05,-7.882402181984673e-07,5.254420918391774e-07
4,0.006135923151542565,1514.6666666666665,72,0.002622537602238808,6.032130095324342e-05,7.30077617844765e-05,4.726672040044674e-08,-9.266318849159094e-06,4.080718145745772e-05,6.171136806077562e-07,5.599170968270709e-07
4,0.006135923151542565,1536.0,72,-1.324012913628267e-05,6.071893513395852e-05,7.363902106852926e-05,4.730510051889484e-08,-2.5443809852689945e-06,4.073670611414575e-05,5.085049028915118e-07,5.149192362586209e-07
4,0.006135923151542565,1557.3333333333333,72,-0.002647417961700132,6.133480571376867e-05,7.300786509864538e-05,4.7283998592813876e-08,-5.646849134500916e-06,4.147202753445973e-05,-2.4695112471154137e-07,4.6702225060872416e-07
4,0.006135923151542565,1578.6666666666665,72,-0.005236179820878402,6.22055836466183e-05,7.112776208856767e-05,4.7203161466781465e-08,-6.613703289389842e-06,4.194166519622505e-05,5.508132487529226e-08,5.847901955464268e-07
4,0.006135923151542565,1600.0,72,-0.007736636391313881,6.316322001038389e-05,6.803264900423743e-05,4.714891590983565e-08,-9.484395840774705e-06,4.1941045300603326e-05,3.8661679695575087e-07,4.892341635292393e-07
4,0.006135923151542565,1621.3333333333333,72,-0.010104775535248765,6.407954806815265e-05,6.377277082777041e-05,4.706112386280351e-08,-1.1113360830842048e-05,4.2235157193273234e-05,-2.3271374532101006e-08,4.66469169063248e-07
4,0.006135923151542565,1642.6666666666665,72,-0.012298882210139323,6.519946192004075e-05,5.842094387243137e-05,4.693125597540315e-08,-7.298384701385084e-06,4.3040696249246626e-05,-2.3391206993817247e-07,4.886235762026024e-07
4,0.006135923151542565,1664.0,72,-0.014282043062878912,6.666348049475783e-05,5.2070851523806526e-05,4.691305502830746e-08,-8.78865557303926e-06,4.320678832450952e-05,1.641358185559872e-08,4.656512114042628e-07
4,0.006135923151542565,1685.3333333333333,72,-0.0160207437881922,6.818427330075858e-05,4.482944165206002e-05,4.697831882848006e-08,-1.8898372419108187e-05,4.233574906974355e-05,1.7427786295091984e-07,5.09902961849902e-07
4,0.006135923151542565,1706.6666666666665,72,-0.017485494750027458,6.945315038975184e-05,3.681966774485739e-05,4.700807253956163e-08,-2.930808918458795e-05,4.090768611821196e-05,6.353247802415268e-08,4.6741700337120353e-07
4,0.006135923151542565,1728.0,72,-0.01865185279207609,7.038099447163922e-05,2.8181447982851366e-05,4.699231132727205e-08,-3.4588239454424694e-05,4.0433467893686114e-05,-1.6473193581126772e-07,5.116386091270582e-07
4,0.006135923151542565,1749.3333333333333,72,-0.019499817115836742,7.093308546763962e-05,1.9062604227629246e-05,4.691051794136375e-08,-3.266688706704911e-05,4.0884487871920865e-05,-1.0245305932803292e-07,5.41661146428043e-07
4,0.006135923151542565,1770.6666666666665,72,-0.020015141031076787,7.108854893264e-05,9.616705574658843e-06,4.679806167897722e-08,-3.254464815412641e-05,4.0352297211152014e-05,4.450603387080048e-07,4.832201889541303e-07
4,0.006135923151542565,1792.0,72,-0.020189879241649535,7.090462101510366e-05,5.792337443276815e-09,4.675461261490627e-08,-4.211540841739043e-05,3.8327935506700014e-05,7.192048691467871e-07,5.405686539571759e-07
4,0.006135923151542565,1813.3333333333333,72,-0.020020557434725396,7.042769237716472e-05,-9.605120825648683e-06,4.6747493485958065e-08,-4.5607140864710866e-05,3.718182709973193e-05,1.961519064872247e-08,5.625240020481564e-07
4,0.006135923151542565,1834.6666666666665,72,-0.01950915306356805,6.964416553702872e-05,-1.905204677693435e-05,4.6708107486588044e-08,-3.753749877364289e-05,3.8918894589486665e-05,-8.300192376201966e-07,4.718883444827867e-07
4,0.006135923151542565,1856.0,72,-0.018664789686858765,6.855650472085235e-05,-2.8172036850929278e-05,4.6650213697899055e-08,-3.850913356424673e-05,4.154057765484119e-05,-5.628986891123796e-07,5.694230401029438e-07
4,0.006135923151542565,1877.3333333333333,72,-0.017502166530570115,6.718572216590648e-05,-3.680928691222518e-05,4.6585430703088964e-08,-4.615934131914016e-05,4.0650043714657374e-05,3.762284944296946e-07,5.129944388005195e-07
4,0.006135923151542565,1898.6666666666665,72,-0.016040987137749516,6.557516220063558e-05,-4.4818028771093184e-05,4.6563057232584136e-08,-4.324900908007411e-05,3.8812182073305855e-05,5.79050017247917e-07,5.63347716424512e-07
4,0.006135923151542565,1920.0,72,-0.014306525023426267,6.38730746084307e-05,-5.20595663716027e-05,4.657453458609844e-08,-4.011736812712549e-05,3.9117061612416495e-05,1.000025368869311e-07,5.093347477298825e-07
4,0.006135923151542565,1941.3333333333333,72,-0.01232826148859286,6.223589126372164e-05,-5.8408430223136766e-05,4.6479487076852724e-08,-4.4307865727615424e-05,3.965674515372976e-05,-7.873672391435269e-09,4.895081837362459e-07
4,0.006135923151542565,1962.6666666666665,72,-0.010139673111653804,6.064378034019225e-05,-6.375873035268795e-05,4.640687506933854e-08,-4.472773075863467e-05,3.892404700409131e-05,3.8643196770547446e-07,4.812259633242001e-07
4,0.006135923151542565,1984.0,72,-0.007778573317563704,5.9139918555027035e-05,-6.801942348599837e-05,4.646479892624766e-08,-4.28581709190691e-05,3.946852021933707e-05,8.471996719152457e-07,5.038112179923579e-07
4,0.006135923151542565,2005.3333333333333,72,-0.00528531867482923,5.799851018034253e-05,-7.111538637966104e-05,4.6313020681719425e-08,-3.910473200136713e-05,4.0853724627551393e-05,9.932216195350174e-07,4.706839616600678e-07
4,0.006135923151542565,2026.6666666666665,72,-0.002702692498479735,5.720782538573785e-05,-7.299436003269821e-05,4.5909163749963984e-08,-2.6755558499298326e-05,4.0244753112345256e-05,3.9715681948546756e-07,4.971795662320598e-07
4,0.006135923151542565,2048.0,72,-7.594835834580271e-05,5.647630983258297e-05,-7.362426437279846e-05,4.575186003967921e-08,-1.938410985187541e-05,3.9892571526995594e-05,-3.7653843327011006e-07,5.058493621822867e-07
4,0.006135923151542565,2069.333333333333,72,0.0025506354446398804,5.593905200122864e-05,-7.299264574441411e-05,4.5790146105573825e-08,-2.336414902972533e-05,4.005462930814814e-05,-2.6904994527130566e-07,4.382914597580803e-07
4,0.006135923151542565,2090.6666666666665,72,0.0051338412481558475,5.596253492914576e-05,-7.111255406492105e-05,4.5644005674833564e-08,-2.1047194081589525e-05,3.913626481539941e-05,1.1227028492717081e-07,5.117876878254524e-07
4,0.006135923151542565,2112.0,72,0.007628523375015443,5.65421490318808e-05,-6.80178180833783e-05,4.5541006060464956e-08,-1.558375827697547e-05,3.812948537420507e-05,-1.8048896632521092e-07,4.817455590319921e-07
4,0.006135923151542565,2133.333333333333,72,0.00999060137985571,5.760960817353507e-05,-6.375809824895641e-05,4.564563373712006e-08,-2.0576917288749042e-05,3.785795061470927e-05,-3.881787442378055e-07,5.817978733388394e-07
4,0.006135923151542565,2154.6666666666665,72,0.012180178411648906,5.910206979084611e-05,-5.8405933692099996e-05,4.560297743855707e-08,-2.3051973084257537e-05,3.814458983644203e-05,-1.0109350136470922e-07,5.316489475092882e-07
4,0.006135923151542565,2176.0,72,0.014159040572951982,6.071195244899523e-05,-5.205583372565675e-05,4.550101320885134e-08,-1.435595438798787e-05,3.869403383247887e-05,-1.6390777484589974e-07,4.898422252229331e-07
4,0.006135923151542565,2197.333333333333,72,0.015892218984858226,6.2210101444949e-05,-4.4815191264086455e-05,4.5639460035906134e-08,-4.227433769033514e-06,3.8695249811705916e-05,-4.2418479917770976e-07,4.992294980495681e-07
4,0.006135923151542565,2218.6666666666665,72,0.017351993402867902,6.35328373261523e-05,-3.680624804560253e-05,4.5762897087791743e-08,2.4988517322661053e-06,3.8690347719140194e-05,-1.5766981543618398e-07,4.16267447987521e-07
4,0.006135923151542565,2240.0,72,0.01851494116008463,6.457790746622295e-05,-2.8167963716022738e-05,4.5699902457109e-08,-2.27636538696906e-06,3.9450098088453196e-05,1.8545654859366897e-07,5.141199233276756e-07
4,0.006135923151542565,2261.333333333333,72,0.019360226140811013,6.533089192500754e-05,-1.904834191844633e-05,4.56649855560998e-08,-1.934115564951384e-05,3.989434483924011e-05,1.8792947693427088e-07,4.542803574356349e-07
4,0.006135923151542565,2282.6666666666665,72,0.01987366129939785,6.584726018835897e-05,-9.602119686000201e-06,4.566146139326555e-08,-2.4181390465585284e-05,3.993047143627471e-05,2.986314918386853e-07,4.6193516680947387e-07
4,0.006135923151542565,2304.0,72,0.020047531520681287,6.607724219982114e-05,8.391228875410446e-09,4.564154968832324e-08,-1.2726856728036742e-05,3.963259088287865e-05,4.960968464084818e-07,5.07326459440075e-07
4,0.006135923151542565,2325.333333333333,72,0.01987835219025352,6.60388887590395e-05,9.618532076335358e-06,4.56997836089128e-08,-1.2936809356737872e-05,3.960354586202959e-05,3.032274961176087e-07,5.124197334747015e-07
4,0.006135923151542565,2346.6666666666665,72,0.01936884548913613,6.582349635833644e-05,1.906444777432394e-05,4.570748769771055e-08,-2.539392229751627e-05,4.0856074152831976e-05,2.040371243133688e-08,4.927004330988979e-07
4,0.006135923151542565,2368.0,72,0.018527798882791047,6.540844996998076e-05,2.8184554462487736e-05,4.5613234217699115e-08,-2.5354035107179226e-05,4.328716439634606e-05,1.3780939039828712e-07,4.892516197612506e-07
4,0.006135923151542565,2389.333333333333,72,0.01736851640880742,6.47833479132668e-05,3.68235471346e-05,4.567375646109557e-08,-1.0597970206550082e-05,4.4016081572846744e-05,1.2901995488015894e-07,4.4385087836406435e-07
4,0.006135923151542565,2410.6666666666665,72,0.015911169722274233,6.395986004547473e-05,4.483261426668763e-05,4.581113468804033e-08,5.5533020949121546e-06,4.1990643153694537e-05,-3.4377282194527747e-07,4.7051088007422027e-07
4,0.006135923151542565,2432.0,72,0.014182105166234672,6.28757586591869e-05,5.207227846500356e-05,4.5727955175669604e-08,1.6457420390553472e-05,3.975465173461637e-05,-2.7266780872090816e-07,4.779461783279555e-07
4,0.006135923151542565,2453.333333333333,72,0.012210101980013805,6.166128224432694e-05,5.842123239292579e-05,4.5614878942633866e-08,2.1804958591027248e-05,3.8788300025416365e-05,4.878056094609733e-07,5.996767235195044e-07
4,0.006135923151542565,2474.6666666666665,72,0.010028438282167174,6.06244700651476e-05,6.37744203289908e-05,4.574526868855502e-08,2.4784427347351115e-05,3.832677692644151e-05,5.357698861908999e-07,4.827371786731552e-07
4,0.006135923151542565,2496.0,72,0.0076763351261050035,5.985751039224062e-05,6.803676476099087e-05,4.586883447212975e-08,2.46534031810519e-05,3.866260131103699e-05,1.4241117394302696e-07,4.6545976489672327e-07
4,0.006135923151542565,2517.333333333333,72,0.005193831253214724,5.937125890585111e-05,7.113195230235116e-05,4.579736587333443e-08,2.1401243818506875e-05,3.972844693922159e-05,5.67644575549445e-07,4.843425133711406e-07
4,0.006135923151542565,2538.6666666666665,72,0.002620787736769315,5.926326061022576e-05,7.300990729621585e-05,4.57669361426462e-08,2.3661157437315794e-05,4.068965786850431e-05,6.455845425349468e-07,5.24538076099498e-07
4,0.006135923151542565,2560.0,72,1.1136235041854212e-06,5.943760006138025e-05,7.364016292924732e-05,4.5868511762298125e-08,2.880468573287696e-05,3.9555948677774456e-05,-3.746729805843645e-07,4.976587789038988e-07
4,0.006135923151542565,2581.333333333333,72,-0.002618503899013524,5.972885471784549e-05,7.301047375004883e-05,4.5867926178200625e-08,2.44590850589204e-05,3.876634264655726e-05,-5.111867096028916e-07,4.85040085544743e-07
4,0.006135923151542565,2602.6666666666665,72,-0.0051928887231554475,6.0191191246844696e-05,7.113179689395703e-05,4.570081977018552e-08,1.6801303019934683e-05,3.929875637297861e-05,2.9826784865455494e-07,4.2898057041268665e-07
4,0.006135923151542565,2624.0,72,-0.007678492799255441,6.0833902165112226e-05,6.803627526481673e-05,4.555866323043621e-08,1.5596596453559914e-05,4.051755300956574e-05,6.731148562655114e-08,5.454798215406302e-07
4,0.006135923151542565,2645.333333333333,72,-0.010032566862189974,6.148056785818417e-05,6.377603630506118e-05,4.5562460979964117e-08,1.6570774315443726e-05,4.0694381531406905e-05,-4.148859444013324e-07,5.335527989054859e-07
4,0.006135923151542565,2666.6666666666665,72,-0.012214342233106006,6.211620181409713e-05,5.842504600260136e-05,4.5620974135415766e-08,2.1131941956208768e-05,4.042411691200337e-05,1.6578197458236822e-07,4.940805093763944e-07
4,0.006135923151542565,2688.0,72,-0.014186479361761921,6.290257167305627e-05,5.2075217550306476e-05,4.5559849271218984e-08,2.7979167731211635e-05,3.982701111306136e-05,5.112343063050782e-07,4.863607396493556e-07
4,0.006135923151542565,2709.333333333333,72,-0.015915977108729426,6.383040641147674e-05,4.4833812872315956e-05,4.535918950230287e-08,2.3211785086741184e-05,4.004815388882998e-05,1.8238693998625747e-07,5.139603718168189e-07
4,0.006135923151542565,2730.6666666666665,72,-0.017373928781968976,6.479851393703467e-05,3.682487524110832e-05,4.522735244273488e-08,1.2261212996848413e-05,4.03738155917354e-05,1.4450941948006834e-07,4.809114595374476e-07
4,0.006135923151542565,2752.0,72,-0.018535041078116595,6.579760632427068e-05,2.81859412930565e-05,4.525686268875141e-08,1.2106469897949506e-05,4.0038271869740586e-05,1.59199037418798e-08,5.131467949766439e-07
4,0.006135923151542565,2773.333333333333,72,-0.01937900326839085,6.673390381210365e-05,1.9064754383254133e-05,4.525280503375292e-08,1.5908141061282203e-05,3.8728025223720945e-05,-3.740079667685725e-07,5.514294240467541e-07
4,0.006135923151542565,2794.6666666666665,72,-0.01989179414785197,6.742865947499576e-05,9.618515106727187e-06,4.513157423598111e-08,1.2991163522082012e-05,3.8476646128855696e-05,-3.014982832499567e-07,5.44819270767271e-07
4,0.006135923151542565,2816.0,72,-0.02006493117244818,6.787807593063644e-05,8.50962025695387e-09,4.505281121097411e-08,7.1013912334023595e-06,3.900136955083058e-05,-2.8112503713076037e-07,4.7317110716079755e-07
4,0.006135923151542565,2837.333333333333,72,-0.019895066480757912,6.818500613993384e-05,-9.602807100610961e-06,4.505659980287114e-08,1.1039560020084428e-06,4.0175702478552684e-05,-7.092723061265312e-07,5.024878755824738e-07
4,0.006135923151542565,2858.6666666666665,72,-0.019384938791044307,6.83282308613948e-05,-1.904971717991438e-05,4.505964612072026e-08,-1.9382571884024772e-07,4.042540171330946e-05,-6.089724200359079e-07,4.7203403472703924e-07
4,0.006135923151542565,2880.0,72,-0.01854357862118935,6.82508627467166e-05,-2.81691303310328e-05,4.506087876007861e-08,2.6728371258719035e-06,4.086399356326657e-05,1.3898249296972472e-08,5.23929847959206e-07
4,0.006135923151542565,2901.333333333333,72,-0.017385539596383857,6.798728891515161e-05,-3.680759455645672e-05,4.508022743393285e-08,-5.945614450388526e-06,4.125852295221195e-05,3.894116820669026e-08,5.100780542370375e-07
4,0.006135923151542565,2922.6666666666665,72,-0.015930764198520266,6.754149738500888e-05,-4.481764699581961e-05,4.51202887916054e-08,-2.1435146938508697e-05,4.192747333006881e-05,-5.539186891427593e-07,5.583813258847512e-07
4,0.006135923151542565,2944.0,72,-0.01420479663371784,6.685767985600938e-05,-5.205879982647223e-05,4.5175357609266965e-08,-2.132795082342127e-05,4.133983514341344e-05,-7.33996781904382e-07,5.333398718328478e-07
4,0.006135923151542565,2965.333333333333,72,-0.012237462501037908,6.59741056672523e-05,-5.8407761347968826e-05,4.515704734824653e-08,-1.586282552080609e-05,4.092760081399924e-05,-5.11732720767702e-08,5.425977435477346e-07
4,0.006135923151542565,2986.6666666666665,72,-0.010061318762689751,6.502111035865891e-05,-6.375941352877712e-05,4.5039413216107096e-08,-2.416991534430869e-05,4.141611343018595e-05,5.957146934613844e-07,4.4426992669903595e-07
4,0.006135923151542565,3008.0,72,-0.007712979837341683,6.405477642229044e-05,-6.802153404106004e-05,4.501016056975562e-08,-3.1459844816828356e-05,4.144651698906712e-05,3.9285060075929964e-07,4.270235729591331e-07
4,0.006135923151542565,3029.333333333333,72,-0.0052340480344847395,6.308508450151461e-05,-7.111841187703953e-05,4.5141620529101387e-08,-2.7642327198107506e-05,4.072831462152319e-05,1.135265855566331e-07,4.881993831013836e-07
4,0.006135923151542565,3050.6666666666665,72,-0.002667620112206122,6.22285760826449e-05,-7.299690334381028e-05,4.521440374419312e-08,-2.6174795749201992e-05,3.936885277622532e-05,2.641407625180146e-07,5.227907949128466e-07
4,0.006135923151542565,3072.0,72,-5.623557807286927e-05,6.158636912296328e-05,-7.36264366676317e-05,4.507063292657359e-08,-2.784576902023533e-05,3.7031847604076836e-05,3.127302291982326e-08,4.943856707136471e-07
4,0.006135923151542565,3093.333333333333,72,0.002555507550498109,6.112818132992014e-05,-7.299727157513948e-05,4.482051680922116e-08,-2.574014843378076e-05,3.578762030977434e-05,-4.479130431196227e-07,4.028555955352095e-07
4,0.006135923151542565,3114.6666666666665,72,0.005121513692281065,6.0848848846160257e-05,-7.111957126969974e-05,4.4650201141431686e-08,-2.468129489587728e-05,3.651907887758577e-05,-5.876952540733e-07,4.560318278425593e-07
4,0.006135923151542565,3136.0,72,0.007598503620789664,6.0843694844519535e-05,-6.802395017040082e-05,4.458987972775939e-08,-2.5670380477231728e-05,3.801879081666218e-05,-9.088308723270187e-07,4.628037857912604e-07
4,0.006135923151542565,3157.333333333333,72,0.009946202877286979,6.110998370451626e-05,-6.376351322905964e-05,4.4568323556872646e-08,-2.3768785425442282e-05,3.8754737239956355e-05,-9.510219873812522e-07,4.882394217635659e-07
4,0.006135923151542565,3178.6666666666665,72,0.012125441748071742,6.153833305860415e-05,-5.841278253835418e-05,4.457882186252497e-08,-1.903379488525654e-05,3.8319136641599636e-05,-1.8965949786692e-08,4.5498253841516045e-07
4,0.006135923151542565,3200.0,72,0.01409908901445007,6.206882558566498e-05,-5.206355448195479e-05,4.4580447190633605e-08,-1.3371768973414583e-05,3.7339114358109966e-05,1.938742855496717e-07,4.998032745846939e-07
4,0.006135923151542565,3221.333333333333,72,0.015832750612952168,6.265222758475942e-05,-4.48230560364768e-05,4.443992987347382e-08,-1.155425255891369e-05,3.7955545838349344e-05,-8.530821567526788e-07,4.828226687225289e-07
4,0.006135923151542565,3242.6666666666665,72,0.017295124722535193,6.318537578860099e-05,-3.681444066428214e-05,4.420325604065197e-08,-1.7329616134156952e-05,3.948130529035991e-05,-8.597259318073235e-07,4.308879681460224e-07
4,0.006135923151542565,3264.0,72,0.018460324479083953,6.354853830232964e-05,-2.817593537166026e-05,4.4061757881044364e-08,-2.41792945587605e-05,3.995134158897381e-05,2.643759377659853e-07,4.7245509291540737e-07
4,0.006135923151542565,3285.333333333333,72,0.01930868106127158,6.363452755317064e-05,-1.9056663519755014e-05,4.400132260643466e-08,-2.725125103416428e-05,3.951794427327977e-05,4.827053795558914e-07,5.613942500353955e-07
4,0.006135923151542565,3306.6666666666665,72,0.01982550336607869,6.341379369275084e-05,-9.61164591953162e-06,4.3894674500285365e-08,-2.97479484512649e-05,3.9526310661669194e-05,-8.56696311766704e-08,4.3979978842366e-07
4,0.006135923151542565,3328.0,72,0.020001397242521764,6.292595671185255e-05,-1.1169998130344984e-09,4.377571218198894e-08,-3.0804197749806844e-05,3.9624825272729426e-05,-4.826914884032867e-07,5.522855980013538e-07
4,0.006135923151542565,3349.333333333333,72,0.019833115122429364,6.220011162100246e-05,9.609466472869763e-06,4.3709510523495156e-08,-2.8821046320168256e-05,3.8965691082247794e-05,-6.454174417480096e-07,5.375977919493237e-07
4,0.006135923151542565,3370.6666666666665,72,0.01932377884718979,6.12813736812419e-05,1.9054988622328646e-05,4.364048320272138e-08,-2.609665220185972e-05,3.838325033825317e-05,-3.0267766543595167e-07,5.256246902136631e-07
4,0.006135923151542565,3392.0,72,0.01848301257171348,6.023671851327001e-05,2.8174943298624337e-05,4.354310316925273e-08,-2.120616707985803e-05,3.841099451115355e-05,1.8389650234306038e-07,4.625848914682525e-07
4,0.006135923151542565,3413.333333333333,72,0.017325612311936054,5.9100312165581246e-05,3.681302919680157e-05,4.345703130251241e-08,-1.4373510180447525e-05,3.791613712573144e-05,1.4146338269072849e-07,5.166194993570774e-07
4,0.006135923151542565,3434.6666666666665,72,0.015870929922680774,5.792401108365722e-05,4.482084789152361e-05,4.33635012165439e-08,-8.646521149380601e-06,3.7455830043837706e-05,2.3892326041694635e-07,5.154177215263046e-07
4,0.006135923151542565,3456.0,72,0.014144532574276938,5.68215211661481e-05,5.2062425980858176e-05,4.323677203273395e-08,-1.076731407423901e-06,3.678170311808589e-05,5.494760270518268e-07,4.7542855573861333e-07
4,0.006135923151542565,3477.333333333333,72,0.012176911938380004,5.590759133813538e-05,5.841318657542252e-05,4.313380605622383e-08,4.104136967626404e-06,3.691076133527949e-05,1.931283617298205e-07,4.3070193717754377e-07
4,0.006135923151542565,3498.6666666666665,72,0.010000607638914255,5.5255626936033854e-05,6.376303256466076e-05,4.307497751589305e-08,-5.882216641274925e-06,3.6989233779752306e-05,-9.118646698859929e-08,5.601031922573677e-07
4,0.006135923151542565,3520.0,72,0.007651972851478319,5.481764761095789e-05,6.802222867475966e-05,4.298970686498753e-08,-2.2225827472888242e-05,3.649387286007206e-05,2.003352460470177e-07,5.195387136473191e-07
4,0.006135923151542565,3541.333333333333,72,0.005172072157105099,5.443866226482468e-05,7.111862477138849e-05,4.287607313462659e-08,-2.306614728919437e-05,3.6413316156550184e-05,-2.43896010192606e-07,5.886892712059465e-07
4,0.006135923151542565,3562.6666666666665,72,0.00260308512620433,5.413344165847027e-05,7.299700388735153e-05,4.275879746500613e-08,-1.5482210804454556e-05,3.690920855816661e-05,-9.599381725224795e-07,4.884189117738184e-07
4,0.006135923151542565,3584.0,72,-1.1663101112724848e-05,5.406444423893021e-05,7.362637482943255e-05,4.2616246996942534e-08,-2.4947291058065382e-05,3.748767128575102e-05,-2.4407851518539615e-07,5.105019175599958e-07
4,0.006135923151542565,3605.333333333333,72,-0.0026258496009522792,5.422462106143147e-05,7.2997972044263e-05,4.250369366251052e-08,-4.911467945019151e-05,3.803922256174276e-05,6.29132709070816e-07,4.611230901524755e-07
4,0.006135923151542565,3626.6666666666665,72,-0.005194134027174762,5.453841501435403e-05,7.111923925411399e-05,4.251154694225033e-08,-5.841856917069822e-05,3.9108954856143514e-05,-6.323893955092786e-08,5.022293089244e-07
4,0.006135923151542565,3648.0,72,-0.007674836079195397,5.50265372629647e-05,6.802071781104193e-05,4.249773284515952e-08,-4.221586867307284e-05,3.9491167513557637e-05,-6.484132857307733e-07,5.608447132383339e-07
4,0.006135923151542565,3669.333333333333,72,-0.01002656654635719,5.569264192565577e-05,6.375952296786522e-05,4.2356981396363235e-08,-2.6214691145848306e-05,3.9651394200429146e-05,2.983634375057833e-07,5.225080471628346e-07
4,0.006135923151542565,3690.6666666666665,72,-0.01220783921101829,5.6530074620859665e-05,5.840943438037527e-05,4.231997334471401e-08,-2.9852702373665452e-05,4.060646007127316e-05,9.316909975948079e-07,5.239365203916254e-07
4,0.006135923151542565,3712.0,72,-0.01418067783429685,5.752258093622503e-05,5.205883396004318e-05,4.238984980018522e-08,-3.6349165601981964e-05,4.122619870108892e-05,1.1215684268393589e-07,4.478017585356566e-07
4,0.006135923151542565,3733.333333333333,72,-0.015911369960177772,5.8539466916172565e-05,4.4816572566749336e-05,4.226668114504086e-08,-2.9499466776978323e-05,4.103814534796605e-05,-4.6028962383104235e-07,5.195165725293446e-07
4,0.006135923151542565,3754.6666666666665,72,-0.017369954649021427,5.945759641850072e-05,3.6808176816459224e-05,4.2043206498125856e-08,-2.0468615017889858e-05,4.2254438352447906e-05,-1.305709596101252e-07,5.466352781219549e-07
4,0.006135923151542565,3776.0,72,-0.018531285212096883,6.022203293309648e-05,2.817002890321449e-05,4.19964170771627e-08,-1.769553189498188e-05,4.3658834914316294e-05,-1.7779813593723987e-07,5.028368122215321e-07
4,0.006135923151542565,3797.333333333333,72,-0.019375648209076134,6.0697064572943494e-05,1.90497909356737e-05,4.1981985190980886e-08,-1.5528897509439385e-05,4.380134144605749e-05,-2.5590462818921987e-07,4.980462783706795e-07
4,0.006135923151542565,3818.6666666666665,72,-0.019888724974082183,6.0784259333581254e-05,9.603859617131218e-06,4.1869599210138576e-08,-1.58876341253668e-05,4.245386151475063e-05,5.660828920585955e-07,5.299008126576895e-07
4,0.006135923151542565,3840.0,72,-0.020061468312588062,6.0584406747221504e-05,-6.855283206194489e-09,4.1825733028399444e-08,-2.2443872892298805e-05,4.131085705575975e-05,9.708122202894699e-07,5.317814915713414e-07
4,0.006135923151542565,3861.333333333333,72,-0.01989012354900219,6.014575804828108e-05,-9.61775230375087e-06,4.1824944293835525e-08,-2.676331933306708e-05,4.120604923865941e-05,4.79608794277701e-07,5.460243578851655e-07
4,0.006135923151542565,3882.6666666666665,72,-0.019377345088791978,5.9401305021086496e-05,-1.906384203413912e-05,4.176268759729819e-08,-2.1830090432459883e-05,4.040629211991882e-05,6.41466102932567e-07,5.234829081656317e-07
4,0.006135923151542565,3904.0,72,-0.01853258021481726,5.8392994856006155e-05,-2.81841651207036e-05,4.171556258397803e-08,-1.259045456445142e-05,3.836751878190114e-05,8.881497571483167e-07,5.766395071077711e-07
4,0.006135923151542565,3925.333333333333,72,-0.017370775210343425,5.7171431533634054e-05,-3.682274348276345e-05,4.16409999587942e-08,-7.519986123927721e-06,3.684957059208561e-05,-7.491573138122251e-08,5.184992808761006e-07
4,0.006135923151542565,3946.6666666666665,72,-0.015912013933297033,5.574569008598723e-05,-4.483118172240627e-05,4.1486024450303883e-08,-5.486613034199155e-06,3.664553033338722e-05,-6.201301614044136e-07,5.009838830981026e-07
4,0.006135923151542565,3968.0,72,-0.014181273250541712,5.434592211033711e-05,-5.207263577571258e-05,4.1391193388344895e-08,4.831298024480976e-06,3.673927188563266e-05,2.319417385999162e-07,4.6302310678006765e-07
4,0.006135923151542565,3989.333333333333,72,-0.012207265409585688,5.3219207100414075e-05,-5.842300807815538e-05,4.135619420876092e-08,2.211489847696319e-05,3.71746917960668e-05,8.942816187481387e-07,5.067046072281915e-07
4,0.006135923151542565,4010.6666666666665,72,-0.010023274358776478,5.224814642004509e-05,-6.37734147251204e-05,4.13082711426305e-08,2.7567565828198358e-05,3.734620361232204e-05,7.378450681619131e-07,5.04008296546567e-07
4,0.006135923151542565,4032.0,72,-0.007667693342447353,5.1311584788675916e-05,-6.803331021551275e-05,4.130102986333733e-08,1.964573764385181e-05,3.681330525288936e-05,4.4342267631986936e-08,5.776458881940807e-07
4,0.006135923151542565,4053.333333333333,72,-0.00518103793760815,5.055656528766617e-05,-7.112998918661675e-05,4.1243688730144493e-08,1.5773368989498268e-05,3.697072925188442e-05,-8.559736543088424e-07,5.117705186811653e-07
4,0.006135923151542565,4074.6666666666665,72,-0.0026048358662231156,5.0007413094192646e-05,-7.30094552943783e-05,4.1109299295066264e-08,1.4832785265695862e-05,3.754942365078439e-05,-6.67261058858924e-07,4.936462986270546e-07
5,0.007669903939428206,0.0,72,-0.00010395134740916564,5.7923878519799565e-05,-9.199336544598257e-05,4.244680933474571e-08,2.44202314163838e-05,3.548614039175549e-05,-1.966420426476862e-07,5.502401437463507e-07
5,0.007669903939428206,21.333333333333332,72,0.003307128754754768,5.851302040287569e-05,-9.07640805806861e-05,4.291280391130612e-08,1.908206233321199e-05,3.6542020704127916e-05,3.980179791250613e-07,5.082706312409541e-07
5,0.007669903939428206,42.666666666666664,72,0.006627040156601382,5.939085498721619e-05,-8.711007831347278e-05,4.312109724666927e-08,1.6725538218189387e-05,3.723192051189981e-05,-7.092371264561687e-07,4.397466736498132e-07
5,0.007669903939428206,64.0,72,0.009767568194290725,6.027120428282606e-05,-8.11279425992646e-05,4.290164342275815e-08,1.0553668332411922e-05,3.84872752770829e-05,-6.21646407890329e-07,4.3880762384028935e-07
5,0.007669903939428206,85.33333333333333,72,0.012644666400149267,6.100798832435785e-05,-7.297588638832019e-05,4.289213437422739e-08,6.330998873953049e-07,3.918529821604469e-05,1.0182419952673317e-06,4.243846986919405e-07
5,0.007669903939428206,106.66666666666666,72,0.015181195339073398,6.167840067351348e-05,-6.287173042967814e-05,4.304481381317818e-08,-6.1602906970502915e-06,3.861041768123102e-05,4.4701965985770087e-07,5.551572531745112e-07
5,0.007669903939428206,128.0,72,0.017309264669057006,6.230904146362922e-05,-5.1087547467662655e-05,4.2959026368762156e-08,-1.0315253164929797e-05,3.713244653754422e-05,-1.1095914679793075e-06,4.5237750043642855e-07
5,0.007669903939428206,149.33333333333331,72,0.018971728019164656,6.28466179218427e-05,-3.79393162414102e-05,4.2940319597005654e-08,-1.6020160787602578e-05,3.6834907683072374e-05,-1.8292187090276714e-07,4.770766842560936e-07
5,0.007669903939428206,170.66666666666666,72,0.0201253755260279,6.321106145287201e-05,-2.3776519661701e-05,4.311964794024805e-08,-2.1624817230060078e-05,3.834525373998049e-05,1.096223639998693e-06,5.64918265052218e-07
5,0.007669903939428206,192.0,72,0.020740914221667166,6.335034710163987e-05,-8.976455090971572e-06,4.3163230181705615e-08,-2.078598550429692e-05,3.918894820781991e-05,5.500170095208993e-07,4.718269835833207e-07
5,0.007669903939428206,213.33333333333331,72,0.02080089541984258,6.329497165355325e-05,6.064665882025149e-06,4.3189553079888056e-08,-1.0535548560658066e-05,3.8926073577733905e-05,-9.432914154230922e-08,5.520722118874566e-07
5,0.007669903939428206,234.66666666666666,72,0.020302338237570078,6.298144255481865e-05,2.0945312416418592e-05,4.3345786519356684e-08,-7.992454086979329e-07,4.032110609703863e-05,-1.8990152900724246e-07,4.7510001947007843e-07
5,0.007669903939428206,256.0,72,0.019259311488294947,6.230844942559522e-05,3.5268201688726296e-05,4.344855646552896e-08,-3.4744803890724576e-06,4.226211629008076e-05,-6.629365260978043e-08,5.173270124858256e-07
5,0.007669903939428206,277.3333333333333,72,0.01770094262932052,6.144028086375217e-05,4.864938333273137e-05,4.3586926437196335e-08,-1.2851550389177491e-05,4.275859534837643e-05,4.3500546337383506e-07,4.931962146946038e-07
5,0.007669903939428206,298.66666666666663,72,0.01566942752039894,6.057870192220122e-05,6.073142015779876e-05,4.374964109115311e-08,-1.8667688963353124e-05,4.2236469015138766e-05,2.0761350343805184e-07,4.7179545587152666e-07
5,0.007669903939428206,320.0,72,0.013218545427056175,5.966268664446642e-05,7.119309766971058e-05,4.367470166511529e-08,-2.2621722516674805e-05,4.1478152130511074e-05,-4.894472988810487e-07,5.679358009935476e-07
5,0.007669903939428206,341.3333333333333,72,0.01041222722968886,5.8629349667749295e-05,7.975514737122263e-05,4.3600363852225696e-08,-2.6394174325268235e-05,4.041074982682736e-05,1.91434206262071e-07,5.612970728965459e-07
5,0.007669903939428206,362.66666666666663,72,0.007325281398419185,5.756192074616946e-05,8.618774475980936e-05,4.373038143483986e-08,-2.9314123017189365e-05,4.046459846634079e-05,1.0198587683757035e-06,5.28442927752455e-07
5,0.007669903939428206,384.0,72,0.004041849239930391,5.663161341106469e-05,9.03179416676763e-05,4.367531990641392e-08,-3.455664674949727e-05,4.044664798038553e-05,4.430891237104922e-07,4.92687103548905e-07
5,0.007669903939428206,405.3333333333333,72,0.0006501769275180801,5.615196251334352e-05,9.20354208185411e-05,4.351202764608616e-08,-4.0552112591808687e-05,3.930624099766768e-05,-2.7522163701190917e-10,5.571273466250706e-07
5,0.007669903939428206,426.66666666666663,72,-0.0027596097924111073,5.630935926631597e-05,9.129591349194257e-05,4.3700877894943175e-08,-4.499179005462651e-05,3.9376812873524335e-05,-6.999472461207741e-08,4.792979960743669e-07
5,0.007669903939428206,448.0,72,-0.006096003742564724,5.6889131133219196e-05,8.81198923744169e-05,4.39012895493219e-08,-5.10868003831779e-05,3.969016226115484e-05,-6.309392471623478e-07,5.019976155553286e-07
5,0.007669903939428206,469.3333333333333,72,-0.00926975854134434,5.764353518459834e-05,8.259113297308127e-05,4.382144641379657e-08,-5.659631946770217e-05,3.90782397332414e-05,-4.906321568295782e-07,5.017278837876921e-07
5,0.007669903939428206,490.66666666666663,72,-0.012196942523616115,5.8545252464808366e-05,7.485723136592516e-05,4.381527674027724e-08,-6.137102702298704e-05,3.837535388882448e-05,9.94291533429869e-08,4.6322391691656123e-07
5,0.007669903939428206,512.0,72,-0.014799694984778618,5.950467667436626e-05,6.512523864577439e-05,4.390965040396125e-08,-7.214825176401164e-05,3.909103225334282e-05,-2.993835558558461e-07,4.317106905032107e-07
5,0.007669903939428206,533.3333333333333,72,-0.017007978707683957,6.0469792705144845e-05,5.365445062729235e-05,4.388114172305844e-08,-8.062230458335352e-05,4.011726919613278e-05,-2.438192392978171e-07,4.930789118923732e-07
5,0.007669903939428206,554.6666666666666,72,-0.018762181549753173,6.151660165354054e-05,4.0751475125376065e-05,4.393392015929297e-08,-7.842985238780685e-05,4.1047502484858195e-05,7.762615282951583e-07,4.7583765954438954e-07
5,0.007669903939428206,576.0,72,-0.020015684590036425,6.240803703962313e-05,2.6761553871841075e-05,4.410980551298174e-08,-8.013063104149958e-05,4.205969554545639e-05,6.432706082815013e-07,4.5574289087769e-07
5,0.007669903939428206,597.3333333333333,72,-0.020736167972255068,6.27946310146199e-05,1.2057164645952447e-05,4.4163448538102926e-08,-8.543659717548696e-05,4.2859789544478615e-05,-1.8649600397790644e-08,4.930980094693776e-07
5,0.007669903939428206,618.6666666666666,72,-0.020904323879704183,6.274673200552625e-05,-2.968889672363194e-06,4.4181714569363404e-08,-7.635470807131273e-05,4.360149562914988e-05,4.214222650989685e-07,4.954883874592156e-07
5,0.007669903939428206,640.0,72,-0.02051426908508783,6.236956463258863e-05,-1.791324963622174e-05,4.423960166117042e-08,-6.982892156634641e-05,4.41347207072208e-05,4.710269234171582e-07,4.973319523392095e-07
5,0.007669903939428206,661.3333333333333,72,-0.019576522419170534,6.159855731442298e-05,-3.237732789364042e-05,4.419454444362219e-08,-8.817288794642832e-05,4.444353947309458e-05,-3.9527047289268277e-07,5.13103442622937e-07
5,0.007669903939428206,682.6666666666666,72,-0.018117030265022475,6.064436208921028e-05,-4.5976390910010445e-05,4.4192532919292806e-08,-0.00010494855566549268,4.425299670591138e-05,-3.000947439242292e-07,4.6280621779091594e-07
5,0.007669903939428206,704.0,72,-0.016174056163747758,5.962786323301799e-05,-5.834609659296975e-05,4.436086666004455e-08,-9.762356607642743e-05,4.3917270523577484e-05,6.677724295123163e-07,4.771061398497618e-07
5,0.007669903939428206,725.3333333333333,72,-0.013798685949451918,5.828856703156036e-05,-6.915593914941866e-05,4.449787231730615e-08,-8.804437279142672e-05,4.33147936692928e-05,8.408502624918107e-07,4.840114340551425e-07
5,0.007669903939428206,746.6666666666666,72,-0.01105473748476139,5.671326150156268e-05,-7.811860038394865e-05,4.450077346265374e-08,-8.946238522980183e-05,4.18436586792744e-05,-4.182125354149795e-08,4.332408963860305e-07
5,0.007669903939428206,768.0,72,-0.008015863576969333,5.531524984602232e-05,-8.499272624513509e-05,4.44794783148196e-08,-8.887532823990508e-05,4.053291603212098e-05,-9.7195756608391e-07,5.142214749367049e-07
5,0.007669903939428206,789.3333333333333,72,-0.004763847921163014,5.409173455110917e-05,-8.959313426493102e-05,4.444242730902361e-08,-8.183296602395874e-05,3.9658892107939217e-05,-9.427147515934964e-07,4.891488527568475e-07
5,0.007669903939428206,810.6666666666666,72,-0.0013863999223713867,5.290448040183667e-05,-9.180026690756237e-05,4.435354444491943e-08,-7.172634201607945e-05,3.843761101649841e-05,-2.7112374201967115e-07,4.321170604036225e-07
5,0.007669903939428206,832.0,72,0.0020266706957463537,5.196216723935893e-05,-9.155618797413787e-05,4.429039732723952e-08,-5.962953531714879e-05,3.833420571855537e-05,-1.0045188649257241e-07,4.828295053079647e-07
5,0.007669903939428206,853.3333333333333,72,0.005385363782597001,5.1437055359335445e-05,-8.886373713112798e-05,4.428600768990868e-08,-5.1126614276733156e-05,3.978699374161538e-05,-2.87740951299571e-07,4.5026236602660304e-07
5,0.007669903939428206,874.6666666666666,72,0.008600893034627428,5.128127163458603e-05,-8.379477881134842e-05,4.4304801940077754e-08,-4.8349963470966136e-05,3.99664054761451e-05,-3.297953093719125e-07,4.852209901123863e-07
5,0.007669903939428206,896.0,72,0.01158791487919069,5.148471461930087e-05,-7.648754086814511e-05,4.427851802599098e-08,-4.686798138886667e-05,3.830622638019061e-05,-5.617633601594964e-07,3.556249622247165e-07
5,0.007669903939428206,917.3333333333333,72,0.014265536456642318,5.1999305752811336e-05,-6.713624286128209e-05,4.4242449238994403e-08,-4.532029844758645e-05,3.722059616079087e-05,-6.015330447950234e-07,4.6884700688939593e-07
5,0.007669903939428206,938.6666666666666,72,0.01656002212842786,5.2679311970393564e-05,-5.5989463179758676e-05,4.425655982643285e-08,-3.9152816209698e-05,3.7896446296929484e-05,-1.6517122919948047e-07,4.935723989747989e-07
5,0.007669903939428206,960.0,72,0.01840974169963194,5.338275052789621e-05,-4.3346623693430934e-05,4.4250800736869397e-08,-2.5055949730384034e-05,3.725615959357486e-05,-1.8051589879129942e-07,4.7217858526177155e-07
5,0.007669903939428206,981.3333333333333,72,0.019766496273988927,5.396759524164816e-05,-2.954545864158324e-05,4.423575637586873e-08,-1.940076371126841e-05,3.60376833966227e-05,-4.73781439629094e-07,4.4896017739707546e-07
5,0.007669903939428206,1002.6666666666666,72,0.020594501106638456,5.43995790544042e-05,-1.4953578826632733e-05,4.4270847634483424e-08,-3.468384558774325e-05,3.610210922179632e-05,-3.552629666789338e-07,5.053490771939859e-07
5,0.007669903939428206,1024.0,72,0.020871767419888818,5.469963314561955e-05,3.846791041303745e-08,4.4229935004156777e-08,-5.04850832349274e-05,3.6942687499289336e-05,-5.063704435565536e-07,5.569339311490536e-07
5,0.007669903939428206,1045.3333333333333,72,0.020591313594919985,5.47710222197189e-05,1.503046419741175e-05,4.410162993375339e-08,-4.970723978852973e-05,3.673729418656757e-05,-5.652965603000984e-07,5.536661309826701e-07
5,0.007669903939428206,1066.6666666666665,72,0.019760687526284307,5.462596492687981e-05,2.9622793184312714e-05,4.4120785653700525e-08,-4.946079957792766e-05,3.64459264872631e-05,3.3323663283816064e-07,5.060556968687105e-07
5,0.007669903939428206,1088.0,72,0.01840179495465715,5.4337387337185714e-05,4.3424533546313626e-05,4.41962475662829e-08,-6.092927302965733e-05,3.672703472426453e-05,6.883312823708688e-07,4.52069760949873e-07
5,0.007669903939428206,1109.3333333333333,72,0.01655024431340173,5.3746851554169765e-05,5.606710991981795e-05,4.4132676546756695e-08,-6.74871455372439e-05,3.6035072345831294e-05,1.143366999047377e-07,4.2449317641177e-07
5,0.007669903939428206,1130.6666666666665,72,0.014254605542387604,5.287785122719389e-05,6.721398861676162e-05,4.412711127692001e-08,-6.208154949779648e-05,3.4869359504313045e-05,4.7430664747828565e-07,4.976515205752938e-07
5,0.007669903939428206,1152.0,72,0.011576587254017086,5.1968185602764956e-05,7.656578161231236e-05,4.421356557969098e-08,-5.528104200536059e-05,3.5530777819507405e-05,7.991233789757186e-07,4.832163954438719e-07
5,0.007669903939428206,1173.3333333333333,72,0.008589367639978647,5.094465742600971e-05,8.38719346932766e-05,4.4151831029396695e-08,-4.9595703661096955e-05,3.7024283527662153e-05,-5.084710236704979e-07,4.708003749488545e-07
5,0.007669903939428206,1194.6666666666665,72,0.005373725284003427,4.993242949858675e-05,8.893974570510744e-05,4.4140654355889105e-08,-4.5458575799739015e-05,3.8083801148977285e-05,-1.1372710199914594e-06,4.905088365557976e-07
5,0.007669903939428206,1216.0,72,0.0020149861080538045,4.952159604814892e-05,9.163392183714779e-05,4.43251849464788e-08,-4.8085580835440486e-05,3.8360594352239244e-05,-7.35935157591063e-08,4.4078913914613586e-07
5,0.007669903939428206,1237.3333333333333,72,-0.0013986256253685505,4.974225979163558e-05,9.188040198436269e-05,4.428922720078119e-08,-5.169556195354396e-05,3.821226698393082e-05,1.572356756456136e-07,4.863217559734144e-07
5,0.007669903939428206,1258.6666666666665,72,-0.004777132820044747,5.0078580695091334e-05,8.967264534209857e-05,4.392895288156156e-08,-4.867293609604292e-05,3.789362171937159e-05,-4.471402801135671e-07,4.293877166377517e-07
5,0.007669903939428206,1280.0,72,-0.008030793098725045,5.0482145408149214e-05,8.50698375864395e-05,4.374591226968752e-08,-4.452760443919485e-05,3.8461131965811654e-05,-7.1351068572029e-08,5.073614683401748e-07
5,0.007669903939428206,1301.3333333333333,72,-0.0110730495719127,5.1155651988747456e-05,7.819489749062335e-05,4.389270591787389e-08,-4.508834895177155e-05,3.950071524937862e-05,3.5381348785675616e-07,4.6055935527798497e-07
5,0.007669903939428206,1322.6666666666665,72,-0.013822054522723528,5.2012608934370114e-05,6.92331557526369e-05,4.407051018608709e-08,-5.2579519675471485e-05,4.0203046209151476e-05,2.0603249507823886e-08,4.6970158092350953e-07
5,0.007669903939428206,1344.0,72,-0.016202596128186853,5.298113751893951e-05,5.842382389505001e-05,4.4092791072645476e-08,-6.420673039871257e-05,4.056891032094876e-05,5.4885517113527966e-08,4.875869607057603e-07
5,0.007669903939428206,1365.3333333333333,72,-0.018150829993927364,5.4087584954221446e-05,4.6053345508298256e-05,4.4016377691505204e-08,-6.178386815921768e-05,4.170727979840621e-05,2.0084503166982654e-07,4.4813589589564647e-07
5,0.007669903939428206,1386.6666666666665,72,-0.019616136372256465,5.520006006574798e-05,3.24529832732471e-05,4.400465929149497e-08,-4.020210027342531e-05,4.2191882311042244e-05,-2.8003182247237994e-07,4.905469995269247e-07
5,0.007669903939428206,1408.0,72,-0.020559353197226668,5.622060733245394e-05,1.798784720763303e-05,4.408855501672072e-08,-2.6770556153821356e-05,4.093391205434038e-05,-2.949284228518459e-07,4.6562840497474376e-07
5,0.007669903939428206,1429.3333333333333,72,-0.02095464853005969,5.720729413235823e-05,3.0429990988579874e-06,4.409888626791286e-08,-3.086381011370215e-05,4.0648802472604826e-05,4.470327075450175e-07,4.679689026031945e-07
5,0.007669903939428206,1450.6666666666665,72,-0.020792067507972512,5.814428513357414e-05,-1.198321073014378e-05,4.4082555249573175e-08,-3.026482741538419e-05,4.152634627537944e-05,5.31681310563689e-07,4.624235918629022e-07
5,0.007669903939428206,1472.0,72,-0.020075683814696304,5.893974436920194e-05,-2.668821871605441e-05,4.4170500920832895e-08,-2.471015622908211e-05,4.117092198609691e-05,-1.465150096613535e-07,4.528270133769965e-07
5,0.007669903939428206,1493.3333333333333,72,-0.018823178946195854,5.961378048253521e-05,-4.067947302896564e-05,4.415912965281293e-08,-3.0729790368292566e-05,4.0694953091319714e-05,-4.590684423951379e-07,4.7356671102832505e-07
5,0.007669903939428206,1514.6666666666665,72,-0.01706726332611716,6.022712200426224e-05,-5.358400943876481e-05,4.40488400223852e-08,-4.1291245170879876e-05,4.175524017843938e-05,-2.9761659852353824e-07,5.4960847419142e-07
5,0.007669903939428206,1536.0,72,-0.014854615840169557,6.0803289242840894e-05,-6.505588400266109e-05,4.4101329678399455e-08,-4.382817948344429e-05,4.267710410822957e-05,-1.6509274797698685e-07,5.124968108761554e-07
5,0.007669903939428206,1557.3333333333333,72,-0.012245554409719254,6.132817666632501e-05,-7.478777305586275e-05,4.407521640206453e-08,-3.875321634386798e-05,4.181766218528017e-05,-1.7560307355239668e-07,4.43573086386225e-07
5,0.007669903939428206,1578.6666666666665,72,-0.009312242904846254,6.173705128498652e-05,-8.252144970651141e-05,4.3734750038160363e-08,-2.947390912410091e-05,4.205982938582837e-05,-2.688786561936434e-07,5.599211012949435e-07
5,0.007669903939428206,1600.0,72,-0.006132619385279817,6.21281190804822e-05,-8.805173328375421e-05,4.351940318983557e-08,-2.5352963515373055e-05,4.410027496185638e-05,-1.267423721548074e-07,5.052754331702293e-07
5,0.007669903939428206,1621.3333333333333,72,-0.0027896310164640444,6.274448578339335e-05,-9.12288054793814e-05,4.353129023375555e-08,-3.032202687443674e-05,4.5096985068307974e-05,3.7540931502172597e-07,4.568225517393611e-07
5,0.007669903939428206,1642.6666666666665,72,0.000626471465512026,6.353978820847812e-05,-9.196579187706333e-05,4.333109872216783e-08,-3.193970311559363e-05,4.3239555340630426e-05,4.551856650009474e-07,4.876863718297876e-07
5,0.007669903939428206,1664.0,72,0.004024136492988418,6.422440350211222e-05,-9.024541996818031e-05,4.308681143171728e-08,-2.9003878053503417e-05,4.109263966705447e-05,-1.5822327376029448e-07,5.894252113016639e-07
5,0.007669903939428206,1685.3333333333333,72,0.007314492454403047,6.474406995138057e-05,-8.611588991134482e-05,4.317177017392038e-08,-3.093827766754257e-05,4.065516168124595e-05,-3.877462191183165e-07,5.804723893386984e-07
5,0.007669903939428206,1706.6666666666665,72,0.010408046588624506,6.530510335222055e-05,-7.968546562765597e-05,4.331390172737683e-08,-3.072405518370313e-05,3.9907721339684486e-05,-4.563986267645125e-08,5.07527011101927e-07
5,0.007669903939428206,1728.0,72,0.013220209286614933,6.599161009523744e-05,-7.1124927323796e-05,4.327571860308455e-08,-2.5342763344940205e-05,3.837008565350052e-05,-1.4268083490883217e-07,5.768763100184731e-07
5,0.007669903939428206,1749.3333333333333,72,0.01567928340016102,6.672577408326089e-05,-6.0664585267832354e-05,4.326807495201572e-08,-2.5859628180748295e-05,3.727650854909045e-05,-3.6342297342744913e-07,5.105561183194243e-07
5,0.007669903939428206,1770.6666666666665,72,0.01772133733438976,6.745717580236876e-05,-4.8583093848586683e-05,4.316174115641743e-08,-2.7369370506699006e-05,3.632413070067748e-05,8.513770991232237e-08,5.033556498235531e-07
5,0.007669903939428206,1792.0,72,0.01928845729033601,6.803547021831834e-05,-3.520206713431803e-05,4.287838289109788e-08,-2.1460977770312075e-05,3.547617103421615e-05,2.3969142646845505e-07,4.5736188060085897e-07
5,0.007669903939428206,1813.3333333333333,72,0.020338065756469292,6.818978832659533e-05,-2.0880667764755034e-05,4.279001883390776e-08,-1.7156712903579468e-05,3.4566238770350165e-05,-4.866461205202662e-07,4.830609428681086e-07
5,0.007669903939428206,1834.6666666666665,72,0.020843891058824136,6.791896466581066e-05,-6.001710679163477e-06,4.282246410369429e-08,-1.5891305533806423e-05,3.372863459421635e-05,-7.414207571609605e-07,5.446191577889396e-07
5,0.007669903939428206,1856.0,72,0.02079173935498264,6.744271315501186e-05,9.038680080845599e-06,4.26276893359861e-08,-1.218263212158451e-05,3.236569360013383e-05,-9.603311988393067e-08,5.117531425100106e-07
5,0.007669903939428206,1877.3333333333333,72,0.020183175744334925,6.672505938656839e-05,2.3837891983034037e-05,4.252663568442988e-08,-1.3292499686353256e-05,3.107197279947192e-05,9.667630047246554e-08,5.037523370980978e-07
5,0.007669903939428206,1898.6666666666665,72,0.01903605716122363,6.561266115692764e-05,3.800037127965242e-05,4.265057659713384e-08,-1.852106278661495e-05,2.9477750770550105e-05,-5.19571335692421e-07,4.6351199004433145e-07
5,0.007669903939428206,1920.0,72,0.017380121902476783,6.423173069995194e-05,5.114949092195316e-05,4.249061154303482e-08,-1.5256531771233699e-05,2.9194844458808902e-05,-7.643962866046735e-07,4.5404058508427693e-07
5,0.007669903939428206,1941.3333333333333,72,0.015259013708173527,6.274359228766777e-05,6.293369085695583e-05,4.223544607831583e-08,-5.77312021446523e-06,3.004863590335885e-05,-1.2825084337329133e-07,4.773071761486602e-07
5,0.007669903939428206,1962.6666666666665,72,0.01273077469002663,6.108497144903294e-05,7.303679859286199e-05,4.243103066405267e-08,7.80052689010949e-08,2.968830847487925e-05,4.044572737042679e-07,4.7309235705609575e-07
5,0.007669903939428206,1984.0,72,0.009862370734675191,5.919197880925314e-05,8.11891889251519e-05,4.254242212180225e-08,2.2094548571671313e-06,2.939588282768819e-05,1.2366344944170476e-07,4.7109805341315203e-07
5,0.007669903939428206,2005.3333333333333,72,0.006729530221785786,5.7177019382583285e-05,8.717329930900883e-05,4.2107981633151185e-08,3.68836973640526e-06,3.0277602700817698e-05,1.4767427235092004e-08,4.689514203242661e-07
5,0.007669903939428206,2026.6666666666665,72,0.0034172288264306665,5.5359349577308415e-05,9.082865424997869e-05,4.183545389022795e-08,7.4853871218711096e-06,3.0428686295687876e-05,8.060836694898196e-07,4.721416331519819e-07
5,0.007669903939428206,2048.0,72,1.3632035414703131e-05,5.4028270439429374e-05,9.205729084436976e-05,4.204135216747152e-08,1.5219267658529585e-05,3.0495584126118337e-05,1.1547387547450374e-06,5.002581599101547e-07
5,0.007669903939428206,2069.333333333333,72,-0.00339197974422899,5.316103405160016e-05,9.082690447225747e-05,4.209713313960814e-08,2.456848848859706e-05,3.1091461860982996e-05,3.0288846058649716e-07,4.7076914421202536e-07
5,0.007669903939428206,2090.6666666666665,72,-0.006707558115012388,5.260901543644905e-05,8.71717543174338e-05,4.197517075859996e-08,3.4279366796094306e-05,3.176916825264996e-05,-2.3643789393577743e-07,4.5385271425246193e-07
5,0.007669903939428206,2112.0,72,-0.00984289179613806,5.228953742483549e-05,8.118978890801765e-05,4.206080782023601e-08,4.1555517723189465e-05,3.153997044817906e-05,2.1236739958965265e-07,4.628841981823431e-07
5,0.007669903939428206,2133.333333333333,72,-0.012714390812450677,5.2081789480820566e-05,7.303948364893107e-05,4.21791496618481e-08,4.3750593001955516e-05,3.2746222838221536e-05,4.722651862096237e-07,5.403396639931587e-07
5,0.007669903939428206,2154.6666666666665,72,-0.015245237692496527,5.1869946596719114e-05,6.293852556006572e-05,4.208435715052577e-08,4.692643639891725e-05,3.445531239118805e-05,1.7611321578473417e-07,4.5529479269960995e-07
5,0.007669903939428206,2176.0,72,-0.017367641560111703,5.165452264396919e-05,5.115721065137329e-05,4.1966669594311156e-08,5.1076699881275544e-05,3.4411028566199576e-05,-6.702542931330137e-08,4.886520120517879e-07
5,0.007669903939428206,2197.333333333333,72,-0.01902578282243438,5.147456236505896e-05,3.800924814348253e-05,4.192097356201013e-08,4.739037689052415e-05,3.469009532599997e-05,-1.3471382904346598e-07,4.938877391585389e-07
5,0.007669903939428206,2218.6666666666665,72,-0.0201756634725818,5.132476327680983e-05,2.3846292874835344e-05,4.189112275548642e-08,4.159003004782183e-05,3.5716177274865274e-05,-1.381351598983954e-07,5.168001606125883e-07
5,0.007669903939428206,2240.0,72,-0.0207859570872973,5.115981562063095e-05,9.048014291053198e-06,4.187524762254293e-08,3.8997330618804096e-05,3.564318134520488e-05,-1.328287530097945e-07,5.206730005527032e-07
5,0.007669903939428206,2261.333333333333,72,-0.020839955369743025,5.087677918581636e-05,-5.991273126085536e-06,4.184949887642804e-08,2.8309364429442887e-05,3.607283155353181e-05,-6.206028580800779e-08,5.121583587062609e-07
5,0.007669903939428206,2282.6666666666665,72,-0.02033596870313907,5.042703205510139e-05,-2.0870013317201117e-05,4.182139648788918e-08,1.5220757378615905e-05,3.76687418807196e-05,2.8770393697367925e-07,5.056364508155186e-07
5,0.007669903939428206,2304.0,72,-0.01928733572607359,4.985270501928891e-05,-3.518967177430007e-05,4.1813020778675084e-08,1.6911467184645107e-05,3.873623544468409e-05,5.229586126334518e-07,4.3507210993140777e-07
5,0.007669903939428206,2325.333333333333,72,-0.01772159350666276,4.922378882710963e-05,-4.856933924955591e-05,4.178526720361233e-08,2.2078740013725893e-05,3.8991341091281765e-05,2.782521855316812e-07,4.846629763399313e-07
5,0.007669903939428206,2346.6666666666665,72,-0.015679557034150526,4.85873910432031e-05,-6.065187813387557e-05,4.178939995228646e-08,1.8320504577202626e-05,3.911197846222032e-05,2.4657579510674105e-07,5.084191931206467e-07
5,0.007669903939428206,2368.0,72,-0.013215934364102996,4.7870805173059934e-05,-7.111127138595309e-05,4.1842726867873165e-08,1.969472206832426e-05,3.875383580883632e-05,3.893869940062095e-07,4.868169756422403e-07
5,0.007669903939428206,2389.333333333333,72,-0.01039737793332237,4.700952053241966e-05,-7.966880652549253e-05,4.176666488268209e-08,2.9983057295055833e-05,3.825283503808565e-05,-2.3783711247964688e-07,5.073322725101573e-07
5,0.007669903939428206,2410.6666666666665,72,-0.007298389505699088,4.619013174301135e-05,-8.609959562532207e-05,4.161398903224861e-08,3.5067648687259854e-05,3.799591312046889e-05,-7.729792747481694e-07,5.196759740862709e-07
5,0.007669903939428206,2432.0,72,-0.004000942233423361,4.57173521772477e-05,-9.023083400452146e-05,4.162675402702096e-08,3.177769742096514e-05,3.844689703264264e-05,1.0199557691246594e-08,4.267001170617648e-07
5,0.007669903939428206,2453.333333333333,72,-0.0005939522426707498,4.566822182937255e-05,-9.194940273869859e-05,4.162899676416716e-08,2.5319313129225365e-05,3.850797984043521e-05,8.960039951289389e-07,4.640722416111156e-07
5,0.007669903939428206,2474.6666666666665,72,0.0028310984514187416,4.590342867233117e-05,-9.120986762148751e-05,4.141192372835083e-08,2.0284812296263562e-05,3.721937212153846e-05,7.688081412718502e-07,5.491746276129847e-07
5,0.007669903939428206,2496.0,72,0.006182424699457848,4.644949276367199e-05,-8.803308068142185e-05,4.12960708739076e-08,2.1321969462552023e-05,3.67888378938433e-05,3.036198103142989e-07,5.395939419472482e-07
5,0.007669903939428206,2517.333333333333,72,0.00936943504034831,4.735361943296082e-05,-8.250390003950621e-05,4.1478388243229945e-08,2.8283264809144448e-05,3.881829171206586e-05,-2.0912106383735626e-07,5.223587275699952e-07
5,0.007669903939428206,2538.6666666666665,72,0.012307602884480216,4.837998592896284e-05,-7.47691721107057e-05,4.168685706029556e-08,4.020469715698566e-05,4.152904316649115e-05,-5.606125280338145e-07,4.976106247651264e-07
5,0.007669903939428206,2560.0,72,0.014920007901540407,4.942012807686356e-05,-6.503442452186253e-05,4.174697004644277e-08,5.4148092325821776e-05,4.3113119120381004e-05,-1.6318416453538194e-07,5.096448862326966e-07
5,0.007669903939428206,2581.333333333333,72,0.017136071374736925,5.0581405994783686e-05,-5.356081603683341e-05,4.180788492381335e-08,6.223737325369489e-05,4.2931764521282246e-05,-1.2036713196876826e-08,6.391400465469251e-07
5,0.007669903939428206,2602.6666666666665,72,0.018895760212856234,5.177439774974882e-05,-4.06565864377483e-05,4.194165636458992e-08,6.816421377156838e-05,4.1680857441313725e-05,-7.572030680814209e-07,5.541385365604139e-07
5,0.007669903939428206,2624.0,72,0.020153390852514448,5.2802648177960693e-05,-2.6665402270759837e-05,4.1978561611362584e-08,7.652978657365629e-05,4.159691079283758e-05,-5.251731480244544e-07,5.263940030390078e-07
5,0.007669903939428206,2645.333333333333,72,0.020875844910301564,5.36196751503036e-05,-1.1959609538478548e-05,4.188406028166472e-08,7.326657886052409e-05,4.1992541067542536e-05,7.938614912284014e-07,5.169620976797509e-07
5,0.007669903939428206,2666.6666666666665,72,0.021043511961413578,5.4229230626565546e-05,3.067511259051766e-06,4.186141459948749e-08,6.187838672153242e-05,4.1128461346050504e-05,5.689949394427264e-07,5.313834914272112e-07
5,0.007669903939428206,2688.0,72,0.020652931829327693,5.460834293028017e-05,1.801357628353509e-05,4.198522184747024e-08,6.718567315527934e-05,4.007323667917421e-05,-7.569682348969486e-07,4.7381299235805484e-07
5,0.007669903939428206,2709.333333333333,72,0.01971464565264002,5.4792275650101025e-05,3.24786391659854e-05,4.207031450538058e-08,7.903524550154398e-05,3.9936046320539355e-05,-4.7390720261824617e-07,5.283090488829212e-07
5,0.007669903939428206,2730.6666666666665,72,0.01825249797154717,5.4870185567472014e-05,4.607773834057662e-05,4.2032385089854885e-08,7.342521686699307e-05,4.117190179829969e-05,5.380939653671137e-07,5.137601858956495e-07
5,0.007669903939428206,2752.0,72,0.016305555340645737,5.493984434144014e-05,5.844963795538799e-05,4.194548223361078e-08,6.473768935002568e-05,4.194583690750968e-05,2.09163588148617e-07,4.834687444693241e-07
5,0.007669903939428206,2773.333333333333,72,0.013925679382200348,5.506353132813555e-05,6.926144467501086e-05,4.183507037276503e-08,6.781519629249124e-05,4.088829692440008e-05,-2.1919286466277152e-07,5.030310960920765e-07
5,0.007669903939428206,2794.6666666666665,72,0.011175773079383963,5.5244791483501604e-05,7.82220925092812e-05,4.17648492716643e-08,7.241266597088559e-05,3.914873614066965e-05,4.435693305270767e-07,4.476371025726638e-07
5,0.007669903939428206,2816.0,72,0.008131228610148146,5.553012019461736e-05,8.509529416194701e-05,4.174524168877773e-08,7.444901183479591e-05,3.8570639848834755e-05,7.377123336210002e-07,4.752743321486737e-07
5,0.007669903939428206,2837.333333333333,72,0.004875353647117728,5.59638619636704e-05,8.969820831660932e-05,4.171797910818978e-08,7.079906224315056e-05,3.801727798497887e-05,-4.6252244763765547e-08,5.498563601168772e-07
5,0.007669903939428206,2858.6666666666665,72,0.0014930483770843191,5.64788061709471e-05,9.190503622852786e-05,4.176484786877538e-08,5.758504656671278e-05,3.676042381678776e-05,-7.293792829501618e-07,4.992352966144204e-07
5,0.007669903939428206,2880.0,72,-0.0019275304681390178,5.710352213632918e-05,9.165800353610202e-05,4.197112562524416e-08,5.014250201026144e-05,3.660417377938431e-05,-5.979083536151339e-07,4.984000572675009e-07
5,0.007669903939428206,2901.333333333333,72,-0.005294261562541406,5.801639333861622e-05,8.896471653429504e-05,4.2047788373033435e-08,5.24007261604896e-05,3.781836104855314e-05,7.122124507770035e-08,4.948183381436595e-07
5,0.007669903939428206,2922.6666666666665,72,-0.008517151642653467,5.916161140296794e-05,8.38950028185474e-05,4.192525066027782e-08,4.6885284049906496e-05,3.903528804922777e-05,5.508031237150457e-07,4.866195510152515e-07
5,0.007669903939428206,2944.0,72,-0.011511242334576946,6.024714948515256e-05,7.658643751596736e-05,4.190555188962277e-08,3.939541810701218e-05,3.978408577989173e-05,1.960547089509145e-07,5.515585869487431e-07
5,0.007669903939428206,2965.333333333333,72,-0.014195974041451573,6.12488331554062e-05,6.72363269994647e-05,4.19403238761858e-08,4.6112064539879505e-05,4.053438373850791e-05,-4.27105076258968e-07,5.30409721133923e-07
5,0.007669903939428206,2986.6666666666665,72,-0.01649861104743342,6.234237564253068e-05,5.6090431051081724e-05,4.1889342141354673e-08,5.8114446961476605e-05,3.985560492780267e-05,-3.041570755576163e-07,4.460246114815785e-07
5,0.007669903939428206,3008.0,72,-0.01835804098290441,6.344418071812215e-05,4.344582991747468e-05,4.198129051541255e-08,6.362131711789974e-05,3.762157507628482e-05,2.8245706837719114e-07,5.350799834195064e-07
5,0.007669903939428206,3029.333333333333,72,-0.019724906212371704,6.43267444379292e-05,2.9643697489927743e-05,4.2145210589616305e-08,5.927165682898078e-05,3.6711670456059806e-05,6.240917841824835e-07,4.157672986902643e-07
5,0.007669903939428206,3050.6666666666665,72,-0.02056222893599596,6.49584929883776e-05,1.5051527674713412e-05,4.203684931833984e-08,4.506267548082164e-05,3.750277845696381e-05,6.405260581720172e-07,4.815382935923168e-07
5,0.007669903939428206,3072.0,72,-0.02084730059732212,6.536706318053071e-05,5.81372026936067e-08,4.1888370746356904e-08,3.6319211777403715e-05,3.898171461208307e-05,2.603542693294931e-07,4.860784835692024e-07
5,0.007669903939428206,3093.333333333333,72,-0.0205723579619088,6.544897776556406e-05,-1.4934347241318249e-05,4.2052225475307854e-08,4.17885502768311e-05,3.8562652103530646e-05,-2.1354621519210007e-07,4.244290072503049e-07
5,0.007669903939428206,3114.6666666666665,72,-0.0197447760001409,6.515119687352257e-05,-2.9527585380235452e-05,4.227802056609907e-08,4.9353110392355576e-05,3.5917629902500306e-05,-8.299697450580675e-08,4.951744906441844e-07
5,0.007669903939428206,3136.0,72,-0.018387309908611194,6.453744192029903e-05,-4.333208173151355e-05,4.234042680800463e-08,5.9526080434086324e-05,3.544665599043014e-05,3.5353973500327364e-07,4.977471022937644e-07
5,0.007669903939428206,3157.333333333333,72,-0.0165373313797557,6.369759655344103e-05,-5.59747827939352e-05,4.233434795472641e-08,7.437459681402165e-05,3.75688770626539e-05,4.182312573692302e-07,4.873759453535144e-07
5,0.007669903939428206,3178.6666666666665,72,-0.014244867984122713,6.281608190247267e-05,-6.711933030259184e-05,4.2294610103857665e-08,7.443763768200402e-05,3.840962547807674e-05,1.845508229065763e-07,5.840498325560575e-07
5,0.007669903939428206,3200.0,72,-0.01157059552559839,6.202848128292566e-05,-7.647205994276055e-05,4.231899701296383e-08,6.124211108621542e-05,3.857296333586448e-05,-2.802350504851392e-07,4.4153526395197317e-07
5,0.007669903939428206,3221.333333333333,72,-0.008585184751540659,6.121145290017573e-05,-8.378075411994364e-05,4.24745715420081e-08,5.7400602006605095e-05,3.9266018903327925e-05,-5.10672955261687e-07,4.4304583878121793e-07
5,0.007669903939428206,3242.6666666666665,72,-0.00536860041943861,6.032640809385065e-05,-8.884815516327019e-05,4.246108250870587e-08,5.718897042208147e-05,3.987366032688116e-05,2.691130087381412e-07,5.302522378663054e-07
5,0.007669903939428206,3264.0,72,-0.0020071855819128034,5.9634092159552625e-05,-9.154092329014839e-05,4.226656579090717e-08,5.023685037896486e-05,4.10839397836903e-05,8.921542437305332e-07,4.860758200845331e-07
5,0.007669903939428206,3285.333333333333,72,0.0014094010800111288,5.9165392389901896e-05,-9.178728079073278e-05,4.229620538497938e-08,4.86928985474683e-05,4.128691435811466e-05,1.4270761776337227e-07,5.579406688154756e-07
5,0.007669903939428206,3306.6666666666665,72,0.00478984333303243,5.869101881152335e-05,-8.958043953685332e-05,4.24218204895322e-08,5.279159595824859e-05,3.950016916035562e-05,-1.6288051838214917e-07,4.6490504290891904e-07
5,0.007669903939428206,3328.0,72,0.008043610791859434,5.83463231820496e-05,-8.497996449394465e-05,4.230299003546508e-08,5.4930638725937996e-05,3.8600652420769986e-05,8.275258369933911e-07,4.983334435982864e-07
5,0.007669903939428206,3349.333333333333,72,0.011083972553591689,5.828568983352069e-05,-7.810706534664074e-05,4.21792772052861e-08,6.396527801692119e-05,3.780362290655891e-05,8.469781692830014e-07,4.515707831660119e-07
5,0.007669903939428206,3370.6666666666665,72,0.013829977348944181,5.8269973381886094e-05,-6.914511749587101e-05,4.2267648451680635e-08,8.022861528651281e-05,3.657059523873932e-05,-1.458517540721267e-07,5.8714439007974e-07
5,0.007669903939428206,3392.0,72,0.016208221980053433,5.824019531921881e-05,-5.83357561080062e-05,4.2256296598130615e-08,8.823885023256341e-05,3.625244691402622e-05,-5.034464900255019e-08,4.7304705946240295e-07
5,0.007669903939428206,3413.333333333333,72,0.018154549015820906,5.837303119210666e-05,-4.596705339883321e-05,4.209960399352052e-08,8.093127987461205e-05,3.525937892945486e-05,3.07629272657939e-07,5.156549788631464e-07
5,0.007669903939428206,3434.6666666666665,72,0.019616102600986167,5.858455527439103e-05,-3.236805097987555e-05,4.203277179843607e-08,6.259756441725428e-05,3.261266847060231e-05,-3.865984476565164e-07,4.874365944592954e-07
5,0.007669903939428206,3456.0,72,0.02055406037667797,5.87029122328711e-05,-1.790319357148082e-05,4.192295510453944e-08,4.536813116363164e-05,3.147676647038629e-05,-6.804443607189093e-07,5.465592196984233e-07
5,0.007669903939428206,3477.333333333333,72,0.02094392623609591,5.8703526103540185e-05,-2.959216027463128e-06,4.174444740775549e-08,3.872545493255594e-05,3.242358248658559e-05,-1.6729299072415397e-08,4.834516087042179e-07
5,0.007669903939428206,3498.6666666666665,72,0.020774601357392022,5.8548439694634525e-05,1.2065167566636267e-05,4.177725532352663e-08,3.517024414284408e-05,3.323609729214191e-05,3.2685003605844174e-07,5.554339693589897e-07
5,0.007669903939428206,3520.0,72,0.02005050550700736,5.821433819659137e-05,2.6768551752045262e-05,4.185668665491331e-08,2.9574141975122988e-05,3.4464337270824076e-05,3.8859734139401295e-07,5.719738148316975e-07
5,0.007669903939428206,3541.333333333333,72,0.018791807261556784,5.768602120432657e-05,4.075886203912258e-05,4.168373962489494e-08,2.8778025437269446e-05,3.516436445941367e-05,6.568872435743399e-07,5.091606234962489e-07
5,0.007669903939428206,3562.6666666666665,72,0.017030898547927973,5.694253540680434e-05,5.3662003885048725e-05,4.153535663534053e-08,2.89385952923722e-05,3.394539837518311e-05,5.304109442936017e-07,4.7223778916013266e-07
5,0.007669903939428206,3584.0,72,0.01481357665428019,5.614235473584969e-05,6.513227959682953e-05,4.161718813909282e-08,2.390962088229311e-05,3.312421602724648e-05,-1.7144438733151967e-08,4.3892125325332173e-07
5,0.007669903939428206,3605.333333333333,72,0.01220100101609483,5.538765358911219e-05,7.486471929834095e-05,4.1675761498354933e-08,1.956417845023115e-05,3.2856611799150923e-05,-2.844768945958657e-07,4.590535906125759e-07
5,0.007669903939428206,3626.6666666666665,72,0.009263845724107002,5.4523933602913896e-05,8.259970763947456e-05,4.1662377327887596e-08,1.7704989282299643e-05,3.271229241935993e-05,-3.1840312148720693e-07,5.308724559642288e-07
5,0.007669903939428206,3648.0,72,0.006078711267153243,5.370953507385915e-05,8.812842848055451e-05,4.169500746165675e-08,2.022898224238353e-05,3.235522177752172e-05,-5.274330905897613e-07,5.011860739412952e-07
5,0.007669903939428206,3669.333333333333,72,0.0027305632008156585,5.342359458442291e-05,9.13031400730632e-05,4.163503619634993e-08,3.0065852273641226e-05,3.3055716366123344e-05,-7.385904837894051e-07,4.1278302479242974e-07
5,0.007669903939428206,3690.6666666666665,72,-0.0006909536494277388,5.3609098496226476e-05,9.203995666902276e-05,4.146985197437917e-08,3.154433331668277e-05,3.26852966849796e-05,-5.777008282789529e-07,4.612474569895094e-07
5,0.007669903939428206,3712.0,72,-0.004096656981266651,5.38335115780542e-05,9.031930839209437e-05,4.1407706966143906e-08,1.9298517075001655e-05,3.099085552964093e-05,-2.342529694872188e-07,5.646266946352393e-07
5,0.007669903939428206,3733.333333333333,72,-0.007395780347703846,5.408981106976807e-05,8.618868539021761e-05,4.135962195474658e-08,1.5651571358662547e-05,3.072711604077876e-05,-1.44025643501261e-07,5.249496069889434e-07
5,0.007669903939428206,3754.6666666666665,72,-0.01049816526512984,5.4582393192330705e-05,7.975766534809991e-05,4.135461936049604e-08,1.876860990963573e-05,3.201623131483722e-05,-2.1271289582315464e-07,3.7078509246529795e-07
5,0.007669903939428206,3776.0,72,-0.013321300601701414,5.5317153940514625e-05,7.119498587600225e-05,4.156141596925178e-08,8.144410932413252e-06,3.208680976731928e-05,-2.836214420873253e-07,5.496073648208153e-07
5,0.007669903939428206,3797.333333333333,72,-0.01579008070019606,5.62356571168031e-05,6.073183051485709e-05,4.171741565768742e-08,-4.201114807813238e-06,2.963663534736553e-05,-3.78994947924313e-07,5.622556891120742e-07
5,0.007669903939428206,3818.6666666666665,72,-0.01783684046660859,5.7181705420824015e-05,4.8650821759643334e-05,4.163420633847605e-08,-7.741593032873641e-06,2.823454494895625e-05,-1.3261089469267093e-08,4.872693355795568e-07
5,0.007669903939428206,3840.0,72,-0.01940746029419239,5.788081256133484e-05,3.5270867713146824e-05,4.161579468712745e-08,-1.8728994886913867e-05,2.9250517184918928e-05,7.04854952852907e-07,4.6449400225920025e-07
5,0.007669903939428206,3861.333333333333,72,-0.02046171237741863,5.829354816373249e-05,2.094771027262347e-05,4.1731127432997164e-08,-3.1513832692276305e-05,3.1478442673258746e-05,5.748187467921468e-07,5.110671877418491e-07
5,0.007669903939428206,3882.6666666666665,72,-0.020970542213607047,5.862891634318018e-05,6.067571552639099e-06,4.179002563181482e-08,-2.9254288234862886e-05,3.272433814744085e-05,-1.6114703200439122e-07,5.331185679889325e-07
5,0.007669903939428206,3904.0,72,-0.020919579849284657,5.888189279488132e-05,-8.972635322579142e-06,4.192551237250791e-08,-2.4595513426851887e-05,3.188208108949114e-05,-1.7661120098341828e-07,4.513842555980586e-07
5,0.007669903939428206,3925.333333333333,72,-0.020310937467206504,5.885862220493285e-05,-2.3773064497923442e-05,4.2143257418219746e-08,-2.481243710686728e-05,3.148458352732372e-05,9.366187583463325e-08,4.896833249722609e-07
5,0.007669903939428206,3946.6666666666665,72,-0.019161163860665284,5.860892862418387e-05,-3.7936120366624644e-05,4.216513085795852e-08,-1.6795439204717697e-05,3.222953846212519e-05,-7.76961513805169e-08,4.8897925109329e-07
5,0.007669903939428206,3968.0,72,-0.017501812338271347,5.827765005078609e-05,-5.108385298596156e-05,4.2120272407469583e-08,-5.122705097896104e-06,3.3049944568319586e-05,-1.6121298284442537e-07,5.237782234295299e-07
5,0.007669903939428206,3989.333333333333,72,-0.015377910440314356,5.7818323921126597e-05,-6.286765723607908e-05,4.2268837098606305e-08,-9.652079713517439e-07,3.233756752001837e-05,-1.3759430189850623e-07,5.680428394884701e-07
5,0.007669903939428206,4010.6666666666665,72,-0.01284478337862169,5.728722105705414e-05,-7.297099421686533e-05,4.24721174372187e-08,4.538659086465433e-06,3.277337042590481e-05,-5.192794588819867e-08,4.967561515176152e-07
5,0.007669903939428206,4032.0,72,-0.009969905973830389,5.7005913112546885e-05,-8.112264099304353e-05,4.259288316181547e-08,1.7907155625470155e-05,3.537595148056091e-05,3.0239139237707976e-07,5.395167653435279e-07
5,0.007669903939428206,4053.333333333333,72,-0.0068319498199882825,5.716974838254865e-05,-8.710696795956374e-05,4.257062145246331e-08,2.9483292376901768e-05,3.6541543837845784e-05,-7.013480201208383e-08,4.909208736358146e-07
5,0.007669903939428206,4074.6666666666665,72,-0.003514279517540151,5.754564595386228e-05,-9.076374127665682e-05,4.238538713974446e-08,3.078568573572826e-05,3.534184913598702e-05,-8.505799954710468e-07,4.758062146179787e-07
6,0.009203884727313847,0.0,72,-2.451926842477019e-05,4.5662903374552976e-05,-0.00011038777196662856,3.860750161822219e-08,-4.23050892551237e-05,4.1166503023678346e-05,-1.5924452157245579e-07,4.994037387388576e-07
6,0.009203884727313847,21.333333333333332,72,0.00419997750022173,4.6007762224242486e-05,-0.00010826556760071954,3.892246964610964e-08,-3.951602543438547e-05,4.206156215518151e-05,-1.5031221826843353e-07,4.738164450621078e-07
6,0.009203884727313847,42.666666666666664,72,0.008262090318535769,4.6473345009185866e-05,-0.00010197887179569959,3.902758419194709e-08,-3.790797926110445e-05,4.2277076920875724e-05,-1.0063968339196271e-06,5.001110234629285e-07
6,0.009203884727313847,64.0,72,0.012005465853608753,4.69089840896405e-05,-9.177240737517068e-05,3.894053701038882e-08,-4.5658917822458886e-05,4.165744957472084e-05,-9.73997386012126e-07,5.383101459599032e-07
6,0.009203884727313847,85.33333333333333,72,0.015285081455647125,4.742702729050199e-05,-7.803730474902548e-05,3.889140077316398e-08,-5.572435918637715e-05,4.133215345205594e-05,5.878060527820192e-07,4.906627575976908e-07
6,0.009203884727313847,106.66666666666666,72,0.017975328450079615,4.8042884993425885e-05,-6.129961531639831e-05,3.897916877529626e-08,-6.202084521955665e-05,4.1254084059470026e-05,1.0356596795648158e-06,4.74786505074461e-07
6,0.009203884727313847,128.0,72,0.019973210851820956,4.8475805812928576e-05,-4.220375665376764e-05,3.90745667168259e-08,-6.602286893351244e-05,4.059833327405814e-05,3.227629790350946e-07,4.6445878565196756e-07
6,0.009203884727313847,149.33333333333331,72,0.02120220511789169,4.859209093190283e-05,-2.1483948601457815e-05,3.905821280869961e-08,-6.525552784236759e-05,3.964279524601125e-05,2.1766236220691276e-07,5.383723643293373e-07
6,0.009203884727313847,170.66666666666666,72,0.02161601824907191,4.84169268835052e-05,6.426863064228634e-08,3.905838655396145e-08,-5.951423403578618e-05,3.911198305404496e-05,-2.675949070839535e-07,4.513217661442658e-07
6,0.009203884727313847,192.0,72,0.021198447923135234,4.7939330928105146e-05,2.1612377680291612e-05,3.916400721496114e-08,-5.468310311638129e-05,3.999554036198216e-05,-9.42676600042371e-07,5.496643022584204e-07
6,0.009203884727313847,213.33333333333331,72,0.019964449543648878,4.726924391906721e-05,4.233216479747984e-05,3.9224945820851345e-08,-5.2297508628751785e-05,4.101660484027062e-05,-4.3045610395841097e-08,4.894617488842797e-07
6,0.009203884727313847,234.66666666666666,72,0.01796197153682995,4.6561620267639914e-05,6.142770179590586e-05,3.92154188402364e-08,-4.921173445161101e-05,4.073959931412715e-05,6.056219309182288e-07,5.948569706139514e-07
6,0.009203884727313847,256.0,72,0.015268466210193763,4.590066401211191e-05,7.816481224967136e-05,3.917910299238612e-08,-4.249009280857461e-05,3.9749884371084246e-05,-3.444836676429956e-07,5.326593924563485e-07
6,0.009203884727313847,277.3333333333333,72,0.011986093857221184,4.544715617378846e-05,9.190067761532924e-05,3.9104573038642256e-08,-3.271388894389326e-05,3.9927357464766106e-05,-3.69256761748174e-07,5.110504579525721e-07
6,0.009203884727313847,298.66666666666663,72,0.008240148372467572,4.52673502751332e-05,0.00010210842984968678,3.918738761278819e-08,-2.6541475667470146e-05,4.004565437691157e-05,6.284276655897923e-07,4.3957047016910496e-07
6,0.009203884727313847,320.0,72,0.0041753940705043435,4.54044594121606e-05,0.00010839525555929032,3.9431876410349286e-08,-2.8901502513151804e-05,3.997451174274124e-05,4.5161948359678076e-07,5.416742957941459e-07
6,0.009203884727313847,341.3333333333333,72,-5.181723992164851e-05,4.6103326420881226e-05,0.00011051815219899245,3.945267630014242e-08,-3.830645774023522e-05,4.0083018589074144e-05,-1.2721748794243547e-07,5.325803976993019e-07
6,0.009203884727313847,362.66666666666663,72,-0.004280315256597912,4.730211189369166e-05,0.00010839524208976934,3.930800694865568e-08,-5.007867674288946e-05,3.908566712649753e-05,-9.385017260699301e-08,5.125216348029491e-07
6,0.009203884727313847,384.0,72,-0.008348229051964686,4.8561223088498275e-05,0.00010210885832516419,3.937597453510092e-08,-5.530740877940742e-05,3.700472483450602e-05,-7.809061240021193e-08,4.895638309074167e-07
6,0.009203884727313847,405.3333333333333,72,-0.012098272649289789,4.985722616140122e-05,9.190165634217454e-05,3.949865480787127e-08,-5.406009729224039e-05,3.5836867454548954e-05,1.4892300296075323e-07,5.005275209952412e-07
6,0.009203884727313847,426.66666666666663,72,-0.015385416546530964,5.1452771218667224e-05,7.816673937977725e-05,3.953698820878484e-08,-6.181943040236644e-05,3.643610395712471e-05,2.464900787617209e-07,4.485843368764333e-07
6,0.009203884727313847,448.0,72,-0.018083649374859304,5.3122366967280955e-05,6.143154651128955e-05,3.9721924323976926e-08,-7.484758801792894e-05,3.7500339652893406e-05,-4.345719943529845e-07,4.948210957581856e-07
6,0.009203884727313847,469.3333333333333,72,-0.020089669397373708,5.4504519556435105e-05,4.233771969702571e-05,3.991667435022417e-08,-6.998985988777909e-05,3.832593284254539e-05,-4.1951035436903536e-07,4.919104961352967e-07
6,0.009203884727313847,490.66666666666663,72,-0.02132563316945352,5.5467731162490913e-05,2.161827063436923e-05,3.984370060047223e-08,-5.589679095425217e-05,3.801883456266121e-05,5.273872316278838e-07,5.688393873995393e-07
6,0.009203884727313847,512.0,72,-0.021743253406058767,5.597766326531344e-05,6.995385070911003e-08,3.981035698260798e-08,-5.7830195484986116e-05,3.7450834488387756e-05,7.016592487954052e-07,4.73726994693447e-07
6,0.009203884727313847,533.3333333333333,72,-0.021327456483457075,5.607593345779237e-05,-2.1478378061377438e-05,3.997136030535637e-08,-6.763944615521268e-05,3.783113742627895e-05,5.832526520836671e-07,5.273933668820638e-07
6,0.009203884727313847,554.6666666666666,72,-0.020095975305589722,5.583059243550188e-05,-4.2197715611705346e-05,4.006614492645151e-08,-7.191161497777448e-05,3.825324909448148e-05,5.535502348470652e-07,4.6229192044067283e-07
6,0.009203884727313847,576.0,72,-0.01809587541029254,5.52362917509173e-05,-6.129165333841715e-05,4.013577634655857e-08,-7.655799744325418e-05,3.849274385327635e-05,-5.382115333510666e-07,4.6737563597397586e-07
6,0.009203884727313847,597.3333333333333,72,-0.015402426940621534,5.437204164327726e-05,-7.80284996896892e-05,4.0205215826209497e-08,-7.520839357252075e-05,3.9421582588645655e-05,-1.0692052139058865e-06,5.295431645144293e-07
6,0.009203884727313847,618.6666666666666,72,-0.01211946857222716,5.3411738500214954e-05,-9.176627603101699e-05,4.0046858708934974e-08,-6.170054977533144e-05,3.998134638446541e-05,1.6278490800181847e-07,4.5760738726111705e-07
6,0.009203884727313847,640.0,72,-0.008374507612485795,5.2457945610135966e-05,-0.0001019744709756846,3.990612021389836e-08,-5.443802463585813e-05,3.9500035335413094e-05,2.1552741656877185e-07,5.022441842199155e-07
6,0.009203884727313847,661.3333333333333,72,-0.0043109516748503105,5.162042122156693e-05,-0.00010825908359479967,4.000908061241776e-08,-5.8419680386306775e-05,3.902805391043419e-05,-1.109830875238853e-06,5.158746468741607e-07
6,0.009203884727313847,682.6666666666666,72,-8.419523769676649e-05,5.102878201679084e-05,-0.00011038058722185213,4.004371936895652e-08,-5.6973549537899796e-05,3.78053549319242e-05,-6.5426030262224e-07,4.7013372701952613e-07
6,0.009203884727313847,704.0,72,0.004142825641646885,5.0735926396586966e-05,-0.00010825885241353528,3.989841747042263e-08,-5.1133566786559885e-05,3.7282952852988155e-05,4.476851812581319e-07,5.195730343376669e-07
6,0.009203884727313847,725.3333333333333,72,0.008208010298004744,5.0778242116748024e-05,-0.00010197541037534866,3.985622223563142e-08,-4.846692880459227e-05,3.858694490523721e-05,-1.8956089048506658e-07,5.124822023141915e-07
6,0.009203884727313847,746.6666666666666,72,0.011955975205268983,5.104581646526592e-05,-9.177180895562269e-05,3.9878152847198526e-08,-3.8282246349792925e-05,3.905179254155882e-05,-7.110509874468953e-07,4.7232315881834564e-07
6,0.009203884727313847,768.0,72,0.01524208065385522,5.136188924652627e-05,-7.803843714089996e-05,3.9751809333832625e-08,-1.7177189986223702e-05,3.9164716844096384e-05,7.92751417572048e-08,4.7514654956074697e-07
6,0.009203884727313847,789.3333333333333,72,0.017939514171670272,5.1748633281030765e-05,-6.13022254813424e-05,3.958806415860657e-08,-2.0155123834679338e-06,3.996756630482501e-05,5.124031467626528e-07,4.825147939438065e-07
6,0.009203884727313847,810.6666666666666,72,0.01994491734439982,5.2161101420636853e-05,-4.2209068061084494e-05,3.947982801153566e-08,-2.4111695050136556e-06,4.069544070984607e-05,1.3834919977127996e-07,4.446002334574389e-07
6,0.009203884727313847,832.0,72,0.02118127347953226,5.233369226652469e-05,-2.149230123590757e-05,3.936252902311516e-08,-7.483092444622966e-06,4.0465668804077935e-05,-1.737180807773e-07,5.261332943335776e-07
6,0.009203884727313847,853.3333333333333,72,0.02160202075959484,5.223616036150216e-05,5.5357702976382623e-08,3.9305111728965256e-08,-3.8522924655706305e-06,4.000316795798523e-05,1.5055796033776948e-09,4.5832606175002783e-07
6,0.009203884727313847,874.6666666666666,72,0.02119233227701245,5.2039704997740715e-05,2.160318546933146e-05,3.927407668916051e-08,6.799178207219545e-06,3.920197748028106e-05,3.05677609882013e-07,4.896465796797267e-07
6,0.009203884727313847,896.0,72,0.019967465299315413,5.1704027307785304e-05,4.2319678237245174e-05,3.913541148448004e-08,1.5287700640553748e-05,3.7733937614780554e-05,-1.760511005184237e-07,5.175695036833721e-07
6,0.009203884727313847,917.3333333333333,72,0.017974632908554958,5.1253089034615643e-05,6.141317475798826e-05,3.902745690206017e-08,1.8115182468025937e-05,3.618656313513944e-05,-6.289400904439586e-07,5.533430750063911e-07
6,0.009203884727313847,938.6666666666666,72,0.015292519461188552,5.0820879431264984e-05,7.815199018299723e-05,3.91144055640497e-08,1.2823285701830848e-05,3.578543165386319e-05,4.364707415716996e-07,4.902365807091383e-07
6,0.009203884727313847,960.0,72,0.012024107466906112,5.0264611396162476e-05,9.188698657333202e-05,3.9119010682151596e-08,1.4250948013828536e-06,3.703373937383514e-05,1.1062256137694658e-06,4.719252540029219e-07
6,0.009203884727313847,981.3333333333333,72,0.008293294695802707,4.957499664201006e-05,0.00010208962865293894,3.888688854721843e-08,-2.987416349720947e-06,3.770076225856948e-05,-1.4852291317603506e-07,3.783585357426726e-07
6,0.009203884727313847,1002.6666666666666,72,0.00424450440274559,4.89662238584943e-05,0.00010837397717831205,3.879417211234645e-08,1.0528779033273362e-06,3.6192629396770984e-05,-6.101552126626555e-07,4.701428372576802e-07
6,0.009203884727313847,1024.0,72,3.486032546272244e-05,4.83381885818255e-05,0.00011049852431798586,3.8950395029247126e-08,9.415610241369392e-07,3.532160139660532e-05,2.923943972621918e-07,4.793000306950292e-07
6,0.009203884727313847,1045.3333333333333,72,-0.004174923153098948,4.780308118304979e-05,0.00010837632246861291,3.8863811687744364e-08,1.1004492590674053e-06,3.6303474591374624e-05,-1.246831837028089e-07,4.993209864402567e-07
6,0.009203884727313847,1066.6666666666665,72,-0.008224144725102344,4.777897395173819e-05,0.00010208887252164943,3.857314899388335e-08,9.116854481882946e-06,3.746424607390832e-05,-8.659931863212745e-07,5.176764928801936e-07
6,0.009203884727313847,1088.0,72,-0.011957118058181069,4.80216979394157e-05,9.188139987865068e-05,3.850675059290791e-08,1.2350103612042049e-05,3.670244338607675e-05,-1.648577357601267e-08,4.995320168238427e-07
6,0.009203884727313847,1109.3333333333333,72,-0.01523015336752179,4.812095864613099e-05,7.814606509481804e-05,3.854103765951785e-08,9.828564914032165e-06,3.536227572725102e-05,4.4217805347552566e-07,4.969133365426755e-07
6,0.009203884727313847,1130.6666666666665,72,-0.017916457224239294,4.834566315526544e-05,6.140844696948218e-05,3.845388493358684e-08,1.4788847082846781e-05,3.503521156056055e-05,-7.229367196741832e-08,4.3803518622899565e-07
6,0.009203884727313847,1152.0,72,-0.019911970021741783,4.876349757214715e-05,4.231218342297767e-05,3.8397362171369515e-08,1.879638869427201e-05,3.5868551392673493e-05,1.9020595918836288e-07,4.2106187962145984e-07
6,0.009203884727313847,1173.3333333333333,72,-0.02114055949666202,4.900496976622736e-05,2.1592426790834776e-05,3.8320763514343066e-08,1.3519319882179282e-05,3.584286245767313e-05,3.5932273585269524e-07,4.787713612209345e-07
6,0.009203884727313847,1194.6666666666665,72,-0.0215549139562161,4.913355768144459e-05,4.45206590491587e-08,3.81105656062888e-08,1.2933315692511611e-05,3.4736467745124806e-05,-2.2216880128402735e-07,4.874774089947066e-07
6,0.009203884727313847,1216.0,72,-0.02113792425638731,4.924320826019613e-05,-2.1503887282994833e-05,3.804944846158065e-08,1.8675251092682646e-05,3.5326833952048206e-05,9.55015566442804e-08,4.848098001801574e-07
6,0.009203884727313847,1237.3333333333333,72,-0.019905153883612373,4.9078869709772455e-05,-4.22232419242045e-05,3.818995090815254e-08,1.8975751448009964e-05,3.8478165002982435e-05,5.912046307425464e-07,4.5530552677584596e-07
6,0.009203884727313847,1258.6666666666665,72,-0.017903825978887136,4.874617522291174e-05,-6.131766323468519e-05,3.8214713462361206e-08,1.5562742443844086e-05,4.070631718792412e-05,-2.834376323185723e-07,4.135562205568026e-07
6,0.009203884727313847,1280.0,72,-0.015211022095038447,4.8515214687987574e-05,-7.805539231985932e-05,3.814380122540613e-08,1.1975059927417625e-05,4.1306263804291644e-05,-8.361778749381621e-07,5.183278335514722e-07
6,0.009203884727313847,1301.3333333333333,72,-0.011931981368609425,4.823432378724748e-05,-9.179300827925483e-05,3.815265002850014e-08,1.1368406398145378e-05,4.2158939345636016e-05,-1.1850178830269928e-07,4.953146951992539e-07
6,0.009203884727313847,1322.6666666666665,72,-0.008193961544328186,4.787825022614028e-05,-0.00010200106049145592,3.815959336727538e-08,2.4352180775124938e-05,4.298546486738111e-05,1.7914092202358734e-07,4.329454836822362e-07
6,0.009203884727313847,1344.0,72,-0.004138966313199623,4.7737538675687715e-05,-0.00010828717619958089,3.812516454479626e-08,4.3380809885665105e-05,4.2975257713692706e-05,-1.3085795921860685e-07,5.048061836337414e-07
6,0.009203884727313847,1365.3333333333333,72,7.955362479557991e-05,4.7689733419695246e-05,-0.00011041039487578796,3.801585618355831e-08,4.648433053624252e-05,4.245952914990153e-05,-9.96953785596571e-08,4.4499509257437893e-07
6,0.009203884727313847,1386.6666666666665,72,0.004299911134479766,4.7602195662778286e-05,-0.00010828902131234594,3.790358961939772e-08,3.475107472464147e-05,4.1844593324463434e-05,-1.2436937203758776e-08,4.6565008501534986e-07
6,0.009203884727313847,1408.0,72,0.008358911828599734,4.779006917412055e-05,-0.00010200391207042802,3.796107511342148e-08,2.3773887783270916e-05,4.144369034929308e-05,1.7846729413707377e-07,4.09586920909908e-07
6,0.009203884727313847,1429.3333333333333,72,0.012099808863996496,4.830329738203136e-05,-9.179698417961426e-05,3.814246009897707e-08,1.9850313306747663e-05,4.170476005569811e-05,8.103177614694981e-07,4.672674000572427e-07
6,0.009203884727313847,1450.6666666666665,72,0.015378632985538867,4.8776948664383054e-05,-7.806210649411839e-05,3.819299786670966e-08,2.2591078846712153e-05,4.191844883064534e-05,1.0413970289439898e-06,5.678730437666171e-07
6,0.009203884727313847,1472.0,72,0.018068589337852884,4.9053298871911025e-05,-6.132646183428375e-05,3.824187952212372e-08,2.2774614819937307e-05,4.10585598409481e-05,6.085739344267247e-07,5.16971732631063e-07
6,0.009203884727313847,1493.3333333333333,72,0.02006527462118043,4.915105722366465e-05,-4.223094376264011e-05,3.843107263487374e-08,1.2693509442924512e-05,3.904421675377867e-05,4.532934873299806e-07,5.962898686962997e-07
6,0.009203884727313847,1514.6666666666665,72,0.021292889886873487,4.907734546917677e-05,-2.1510889462262696e-05,3.855644866309024e-08,3.878895830726808e-06,3.756049492722302e-05,6.588292737105263e-07,4.989061463980226e-07
6,0.009203884727313847,1536.0,72,0.021706421758847134,4.89024692727977e-05,3.517250520268306e-08,3.8666202425778245e-08,3.637422729066599e-06,3.756476452678798e-05,6.97926425551043e-07,4.335530564155365e-07
6,0.009203884727313847,1557.3333333333333,72,0.021290355659138137,4.857107293010417e-05,2.1581560827477407e-05,3.8922535803073616e-08,2.5531926658159667e-06,3.831364739119497e-05,6.299442598085715e-07,4.0862209303246893e-07
6,0.009203884727313847,1578.6666666666665,72,0.0200597509614689,4.7961125647436375e-05,4.2301614823573136e-05,3.909631722757691e-08,3.513927586077606e-06,3.761575893460006e-05,5.19491807589196e-07,4.6599670881905533e-07
6,0.009203884727313847,1600.0,72,0.018061612503248205,4.722279191995294e-05,6.139658940721767e-05,3.904499109218413e-08,1.4962685113775223e-05,3.5907767710772477e-05,4.958535322857511e-07,5.726742021993661e-07
6,0.009203884727313847,1621.3333333333333,72,0.015372202372305478,4.66214757436728e-05,7.813270108388846e-05,3.899376408094402e-08,2.4780878381433547e-05,3.5571255340863005e-05,7.912971240820653e-07,4.20684232911932e-07
6,0.009203884727313847,1642.6666666666665,72,0.012093555511472415,4.6296639273577744e-05,9.186844732979668e-05,3.90483379434571e-08,2.153441272810112e-05,3.642664884152078e-05,6.661957685202813e-07,4.595854710483703e-07
6,0.009203884727313847,1664.0,72,0.008351000348929287,4.640124584356193e-05,0.0001020746923173077,3.9137346885165027e-08,1.3713862119281796e-05,3.716460527209678e-05,-2.878770609051469e-07,5.261705865671811e-07
6,0.009203884727313847,1685.3333333333333,72,0.004288655023872357,4.696746872138041e-05,0.00010835857704052668,3.9167949148184236e-08,1.2785418306850469e-05,3.738727859850519e-05,-5.674211547075122e-07,4.860404752182323e-07
6,0.009203884727313847,1706.6666666666665,72,6.312195956360836e-05,4.785820172313969e-05,0.00011048008506132762,3.909087173297118e-08,2.063171700679089e-05,3.7601892953162965e-05,3.7037030716818406e-07,5.236020920220569e-07
6,0.009203884727313847,1728.0,72,-0.004162848189474069,4.914026331944109e-05,0.00010835777328216251,3.904907593927612e-08,2.9157854495420648e-05,3.924418750140854e-05,6.553534866376444e-07,5.021333838510092e-07
6,0.009203884727313847,1749.3333333333333,72,-0.008226735949626092,5.091695589959372e-05,0.00010207250365660956,3.905117500271859e-08,3.108535685277166e-05,4.069925166657891e-05,-1.7666569036772817e-07,5.166363517386488e-07
6,0.009203884727313847,1770.6666666666665,72,-0.011972066554251414,5.285950719838422e-05,9.186537006705782e-05,3.9036663101583426e-08,3.374130385800408e-05,4.046604319638019e-05,-6.326274596298822e-07,4.55004857755985e-07
6,0.009203884727313847,1792.0,72,-0.015254115146674475,5.460636346041826e-05,7.81282792021867e-05,3.923408869872267e-08,4.260692654601198e-05,3.931404697525993e-05,-7.255894675062358e-07,5.50912136939042e-07
6,0.009203884727313847,1813.3333333333333,72,-0.017946455000983994,5.6120163625475356e-05,6.139045511530252e-05,3.957233234317095e-08,4.647874963659206e-05,3.8926453658542115e-05,-8.970409495784525e-07,5.376458286215308e-07
6,0.009203884727313847,1834.6666666666665,72,-0.01994613524158166,5.7415834156024593e-05,4.229605224403957e-05,3.958657360158612e-08,3.974287782073381e-05,3.8644625500769674e-05,-2.4558142554390854e-07,5.315706618735164e-07
6,0.009203884727313847,1856.0,72,-0.02117657021802767,5.834515937129063e-05,2.1577302811000192e-05,3.943671331612493e-08,3.064915602148477e-05,3.779592699084022e-05,6.494860510442318e-07,5.048791352073811e-07
6,0.009203884727313847,1877.3333333333333,72,-0.021590643327971965,5.870901325862847e-05,2.986028044535089e-08,3.956938143205577e-08,2.6204030351139443e-05,3.82470716182347e-05,2.9556481604931334e-07,5.22611989398279e-07
6,0.009203884727313847,1898.6666666666665,72,-0.021173351372838274,5.841854746002945e-05,-2.1517580763556923e-05,3.972419151299374e-08,3.122117043083433e-05,3.8880118642991075e-05,-1.807533449755894e-07,5.079176746315978e-07
6,0.009203884727313847,1920.0,72,-0.019941295722138756,5.7626429742549435e-05,-4.2237296207267816e-05,3.968866577633479e-08,4.28039658673499e-05,3.8058964507629716e-05,3.4536422004690125e-07,4.671367040448884e-07
6,0.009203884727313847,1941.3333333333333,72,-0.017940801607799914,5.672111737106782e-05,-6.13321024533456e-05,3.974541614949036e-08,4.948728530540655e-05,3.686292044742555e-05,5.757536498709546e-07,4.7048368522932415e-07
6,0.009203884727313847,1962.6666666666665,72,-0.015247131524597982,5.588965516887115e-05,-7.806738743936105e-05,3.9880799137605555e-08,5.523198979634375e-05,3.609966178023903e-05,3.937192387317634e-07,4.2590421010530477e-07
6,0.009203884727313847,1984.0,72,-0.011963010522103698,5.489664980601269e-05,-9.180196454541957e-05,3.989363201407006e-08,6.860538944817972e-05,3.689439968812727e-05,7.874133329154403e-07,5.268236733656745e-07
6,0.009203884727313847,2005.3333333333333,72,-0.008215020729868083,5.3563385893999144e-05,-0.00010200830364306691,3.98356094346368e-08,7.186150440889772e-05,3.772283999446583e-05,7.643461614392904e-07,4.866899566742991e-07
6,0.009203884727313847,2026.6666666666665,72,-0.004148883219188994,5.20922346293659e-05,-0.00010829270493640027,3.97639666383807e-08,5.237563809131867e-05,3.6748045655661375e-05,-1.2566551462399334e-07,5.30432810494884e-07
6,0.009203884727313847,2048.0,72,7.711171260800964e-05,5.083285269173015e-05,-0.0001104145781639434,3.975482076867788e-08,3.200024846931626e-05,3.5766647832840144e-05,-4.2101466822834185e-07,5.606030079319093e-07
6,0.009203884727313847,2069.333333333333,72,0.004300645734681674,4.9971625183796794e-05,-0.00010829243369530276,3.99282033394172e-08,2.660631949708041e-05,3.665513230146632e-05,-7.996383834178781e-08,4.6368980991139733e-07
6,0.009203884727313847,2090.6666666666665,72,0.008361451907820734,4.947074093587742e-05,-0.00010200658595770145,4.00395815220235e-08,2.6438971267463897e-05,3.784781224532129e-05,6.399374835843111e-08,4.840559628121928e-07
6,0.009203884727313847,2112.0,72,0.012103999406874393,4.9232237922719163e-05,-9.17997219994929e-05,4.001001634816012e-08,2.5239182235906832e-05,3.787867176718861e-05,2.0413924445743912e-07,5.221246147044237e-07
6,0.009203884727313847,2133.333333333333,72,0.01538301162226212,4.929294835676953e-05,-7.806323685404696e-05,4.010446179449944e-08,2.3570866392719388e-05,3.721840846392979e-05,8.608450895215083e-08,5.053283158174681e-07
6,0.009203884727313847,2154.6666666666665,72,0.01807237055014603,4.966487201628972e-05,-6.132287478966786e-05,4.030587143271512e-08,1.7420408248320087e-05,3.714010088128044e-05,-2.1799218434050888e-07,5.13725113929005e-07
6,0.009203884727313847,2176.0,72,0.0200702953226298,5.0151040969497666e-05,-4.2225253043308105e-05,4.0455665052682846e-08,6.497306981713301e-06,3.768318675951244e-05,3.0768087132582085e-07,5.168926254745344e-07
6,0.009203884727313847,2197.333333333333,72,0.021300634824040002,5.047742632222276e-05,-2.1505977820409073e-05,4.055431084384684e-08,-2.453155848557871e-06,3.823223036269051e-05,6.994869702838331e-07,5.699777995787482e-07
6,0.009203884727313847,2218.6666666666665,72,0.021715779741689815,5.0548055198330943e-05,4.279501013180823e-08,4.048530636430024e-08,-2.5833134509539105e-06,3.852962670025898e-05,-3.064623409912596e-07,4.7001771169335717e-07
6,0.009203884727313847,2240.0,72,0.021299860346539534,5.045972677469621e-05,2.159242819734955e-05,4.040135966687851e-08,4.476527203708527e-06,3.911056183486963e-05,-1.0360309956745972e-06,4.5353018062292357e-07
6,0.009203884727313847,2261.333333333333,72,0.020068620572440965,5.02432061762884e-05,4.231238587682099e-05,4.0575913459787914e-08,6.4658385656013434e-06,3.956897953929894e-05,-6.158046241870551e-07,5.407867437362369e-07
6,0.009203884727313847,2282.6666666666665,72,0.018068106803712833,4.9862882071501525e-05,6.140973227593685e-05,4.067005884175825e-08,4.460330763988902e-07,3.8667621821024306e-05,-4.311987996312842e-07,4.645708539715998e-07
6,0.009203884727313847,2304.0,72,0.015374294442325215,4.938798369848657e-05,7.81500109969506e-05,4.055356190290318e-08,-1.2904467036218417e-06,3.69236237867324e-05,-2.8139989327427933e-07,4.709607855221319e-07
6,0.009203884727313847,2325.333333333333,72,0.012091426992274047,4.888201891727484e-05,9.188590605989132e-05,4.0699177054426796e-08,2.108039648463147e-06,3.8052935044981676e-05,1.7712568721758365e-07,4.791855432208192e-07
6,0.009203884727313847,2346.6666666666665,72,0.008347040842684847,4.8456215157614407e-05,0.0001020934040839811,4.084289832725741e-08,3.665233875947319e-06,4.0125640445919726e-05,-2.6854537107003247e-07,5.474399527869309e-07
6,0.009203884727313847,2368.0,72,0.0042854999846196435,4.827624436450158e-05,0.00010838258922824834,4.048213379982339e-08,9.905441878633275e-06,3.950593317307662e-05,-8.274081850402303e-07,4.3413806020151485e-07
6,0.009203884727313847,2389.333333333333,72,6.268811849417921e-05,4.847920053490759e-05,0.00011050639977555748,4.021622891904038e-08,1.8218773643823392e-05,3.848564373878219e-05,-2.0746930257494108e-07,5.103247455029328e-07
6,0.009203884727313847,2410.6666666666665,72,-0.004159602653972627,4.9151505720303183e-05,0.00010838401124194937,4.0437960035227996e-08,1.2866656973262516e-05,3.8040945420649437e-05,3.0325875504714554e-08,5.168753734080132e-07
6,0.009203884727313847,2432.0,72,-0.008220870806719278,5.018206575680519e-05,0.00010210143417374255,4.047053967212098e-08,3.693867017808906e-06,3.688420838273564e-05,-5.54044345510376e-07,4.5033386485551426e-07
6,0.009203884727313847,2453.333333333333,72,-0.01196693130617377,5.1259086979131164e-05,9.189678834055336e-05,4.026882246980351e-08,8.109870090374715e-06,3.525388078896774e-05,-3.495451188767752e-07,5.060821093349899e-07
6,0.009203884727313847,2474.6666666666665,72,-0.015252999893089085,5.215504500540748e-05,7.816071245470183e-05,4.0246385335557656e-08,1.2488962067922733e-05,3.4983458797498033e-05,-3.228971502649965e-08,5.503266907499616e-07
6,0.009203884727313847,2496.0,72,-0.017950532267337508,5.2860320722692686e-05,6.14251885612e-05,4.0147190995480854e-08,8.88461653593756e-06,3.6526902659578406e-05,-4.7352831170371163e-07,4.868727569440969e-07
6,0.009203884727313847,2517.333333333333,72,-0.019955558412750152,5.3457047853147395e-05,4.233208422335045e-05,3.9889323290297925e-08,1.3927645452826084e-05,3.713057553850246e-05,-2.7810914015407937e-07,4.890690549290732e-07
6,0.009203884727313847,2538.6666666666665,72,-0.021192264811285774,5.382382127564512e-05,2.1612254134120905e-05,3.987013558212817e-08,2.1845342908877497e-05,3.7779685919850736e-05,3.62276483503498e-07,5.05937707120745e-07
6,0.009203884727313847,2560.0,72,-0.021613776225846017,5.3748842085625786e-05,6.426332336845771e-08,3.991800080587846e-08,1.4832571055770042e-05,3.8207966696481024e-05,3.480809940646524e-08,5.245715275130077e-07
6,0.009203884727313847,2581.333333333333,72,-0.02120316603554086,5.335049719874729e-05,-2.1483038295380912e-05,3.975900777509253e-08,7.896209753157599e-06,3.8012450249305756e-05,-4.2890479583737107e-07,5.32533516459436e-07
6,0.009203884727313847,2602.6666666666665,72,-0.019974589562956443,5.2812755593845164e-05,-4.220262087311809e-05,3.964171484018504e-08,1.4040278729077892e-05,3.8579279752764503e-05,-2.5026162430276444e-07,5.041535470777249e-07
6,0.009203884727313847,2624.0,72,-0.01797499023986069,5.2071155984172176e-05,-6.129702926777293e-05,3.957590588014022e-08,1.5230274666117361e-05,3.928203819091111e-05,-1.3314639460079512e-07,4.814845892577145e-07
6,0.009203884727313847,2645.333333333333,72,-0.015282605750975564,5.1215608555544787e-05,-7.803358545690702e-05,3.934298156270285e-08,7.839131049048345e-06,3.8392454008870484e-05,4.027026509359453e-08,5.071099306828918e-07
6,0.009203884727313847,2666.6666666666665,72,-0.012001045383097765,5.049682875127378e-05,-9.177086730927842e-05,3.914397858527571e-08,7.187124518858814e-06,3.764898542328745e-05,4.0253830084170853e-07,5.186639417536532e-07
6,0.009203884727313847,2688.0,72,-0.008256404485047079,4.9885139399707185e-05,-0.00010197776207637308,3.919996906753852e-08,7.119516994160048e-06,3.7375070309617775e-05,1.9763601642348435e-07,4.539055479865453e-07
6,0.009203884727313847,2709.333333333333,72,-0.004195044682572896,4.9292595813534904e-05,-0.00010826039345686646,3.9312225716823215e-08,-9.91296213086335e-07,3.7034013282879596e-05,-4.2644132550012704e-07,5.254075625917923e-07
6,0.009203884727313847,2730.6666666666665,72,2.578625666812746e-05,4.884725806106557e-05,-0.00011038128908437234,3.927777777798592e-08,-4.7695645188878806e-06,3.774690345870273e-05,-8.128454554647929e-07,5.029381573540318e-07
6,0.009203884727313847,2752.0,72,0.004245558796673518,4.8608212270989936e-05,-0.00010826047436924802,3.915208945394237e-08,-2.6247395623635573e-06,3.77521539376603e-05,-7.702461097232037e-07,4.996536397309272e-07
6,0.009203884727313847,2773.333333333333,72,0.008302319946168504,4.858024850147695e-05,-0.00010197622972435796,3.915435886852302e-08,-4.991442961240791e-06,3.583669077111378e-05,-8.980722380063936e-08,5.007402272181557e-07
6,0.009203884727313847,2794.6666666666665,72,0.012040712440465796,4.8844442537646944e-05,-9.17686628059535e-05,3.9139102590472276e-08,-4.894556307949114e-06,3.4395032481887675e-05,6.200537542639399e-07,5.161505091689229e-07
6,0.009203884727313847,2816.0,72,0.015320230657403159,4.938282151974136e-05,-7.803219908052457e-05,3.886551057181989e-08,3.8055999108685306e-06,3.569429570471197e-05,4.492970457917107e-07,5.037281909166558e-07
6,0.009203884727313847,2837.333333333333,72,0.018013807500491343,5.001599862683096e-05,-6.129584022096038e-05,3.866904974698411e-08,1.0009901769351423e-05,3.775590868439243e-05,9.969548043164083e-08,4.610189953667854e-07
6,0.009203884727313847,2858.6666666666665,72,0.020012833306308223,5.060826321603673e-05,-4.220110326505576e-05,3.882094037534425e-08,9.798232250543479e-06,3.793934204277001e-05,1.3121937972266808e-07,4.541069410217175e-07
6,0.009203884727313847,2880.0,72,0.021240643335189782,5.094628145483323e-05,-2.1481231695365808e-05,3.8896280969017785e-08,5.653147584646188e-06,3.662082379561897e-05,-2.2037095615190716e-07,4.786981333131595e-07
6,0.009203884727313847,2901.333333333333,72,0.021653105924898625,5.0745050622098625e-05,6.605423553320178e-08,3.867188662925975e-08,-5.1881089913808485e-06,3.649207070578617e-05,-6.26496005639994e-07,4.838108098866967e-07
6,0.009203884727313847,2922.6666666666665,72,0.02123327014895037,5.005959846725587e-05,2.1613217621314525e-05,3.851991082086871e-08,-1.163250516002066e-05,3.714019856402972e-05,-3.571075749076176e-07,4.801117854844069e-07
6,0.009203884727313847,2944.0,72,0.019996268100900952,4.91051679257443e-05,4.2333149520807e-05,3.8536575832797695e-08,9.633495507311746e-07,3.6781712588995744e-05,-1.899628415276462e-07,5.004023758502745e-07
6,0.009203884727313847,2965.333333333333,72,0.017990218053475688,4.793309334015445e-05,6.142770233223838e-05,3.855139651140905e-08,1.7809275093744274e-05,3.712805411308339e-05,-2.2459320607939167e-07,3.9966904529460834e-07
6,0.009203884727313847,2986.6666666666665,72,0.015289540196730745,4.672255872704835e-05,7.81632161587585e-05,3.855073346761026e-08,1.910745080374578e-05,3.9373287456649125e-05,3.4213674956374186e-07,4.124825372652148e-07
6,0.009203884727313847,3008.0,72,0.011996614238933875,4.561898695264459e-05,9.189922699572449e-05,3.8431375224428386e-08,1.458410185977666e-05,3.992755271308706e-05,6.72230203903969e-07,4.865730567528368e-07
6,0.009203884727313847,3029.333333333333,72,0.008241725649859304,4.443545432356293e-05,0.00010210634504557644,3.824165857561412e-08,2.0855224309857668e-05,3.804773062879233e-05,-1.2493949884083922e-07,4.308196299137258e-07
6,0.009203884727313847,3050.6666666666665,72,0.004170190120282019,4.326472594559025e-05,0.0001083902217547109,3.8235559445415565e-08,3.760304561088979e-05,3.753591401412753e-05,-9.140098594789695e-07,4.713277658782028e-07
6,0.009203884727313847,3072.0,72,-6.478573923376937e-05,4.2641322172877515e-05,0.0001105123912833735,3.830745107677369e-08,5.634055281538038e-05,3.867126990829509e-05,-6.434246724378375e-07,4.845286036731472e-07
6,0.009203884727313847,3093.333333333333,72,-0.0043003824017166445,4.271806179491467e-05,0.00010839226248230874,3.821883530241874e-08,7.04250223147679e-05,3.7666846592196996e-05,1.9125216459550343e-07,5.477802019525666e-07
6,0.009203884727313847,3114.6666666666665,72,-0.00837157718763411,4.316812222745297e-05,0.00010210768897668844,3.8182821233471494e-08,8.106812003398119e-05,3.653390123992084e-05,5.307589455712823e-07,5.530048933845323e-07
6,0.009203884727313847,3136.0,72,-0.012122555117075592,4.369942185880546e-05,9.189983237941375e-05,3.8294958780106465e-08,9.191001641618947e-05,3.6861689416976596e-05,-2.6354524144913706e-08,5.085689031205717e-07
6,0.009203884727313847,3157.333333333333,72,-0.015410081971578112,4.418681524070153e-05,7.816331065135561e-05,3.8240110397715604e-08,9.50879923113116e-05,3.66363726345489e-05,-5.384676433774288e-07,6.082367644365033e-07
6,0.009203884727313847,3178.6666666666665,72,-0.018107071456571852,4.471493263423609e-05,6.142596861181948e-05,3.797716661856867e-08,8.527540259762281e-05,3.637218675045073e-05,-2.523411881001071e-07,4.889223168565473e-07
6,0.009203884727313847,3200.0,72,-0.020109835312701364,4.5275625711146134e-05,4.233066800767736e-05,3.775242204188217e-08,7.582773764569097e-05,3.770453198456921e-05,-1.5144498241562004e-08,4.7471570189646836e-07
6,0.009203884727313847,3221.333333333333,72,-0.021341907562360696,4.56534775056552e-05,2.1611505294181165e-05,3.766403471563089e-08,7.477312919758707e-05,3.911028533228087e-05,-1.9407917408434002e-07,4.587181445813977e-07
6,0.009203884727313847,3242.6666666666665,72,-0.0217562456193191,4.581714866139649e-05,6.406295849418961e-08,3.7707833202752416e-08,7.179605535252508e-05,4.0585228606552605e-05,-1.7684378229029334e-08,5.146943593394061e-07
6,0.009203884727313847,3264.0,72,-0.021337847243418837,4.592496639045462e-05,-2.1483554022669918e-05,3.7800806450448243e-08,6.190455784300835e-05,4.173555873323607e-05,2.4740306502723603e-07,5.700149118276651e-07
6,0.009203884727313847,3285.333333333333,72,-0.020103000275346374,4.597686499236283e-05,-4.2202827710066773e-05,3.7826375729216105e-08,4.9918412885732994e-05,4.120002978080809e-05,1.0979384373147082e-07,5.578272009690591e-07
6,0.009203884727313847,3306.6666666666665,72,-0.01809778642350683,4.587174039644375e-05,-6.129801084069959e-05,3.788770645005426e-08,3.6407696495370613e-05,4.017236042702272e-05,1.0048017075798897e-07,4.835282713782252e-07
6,0.009203884727313847,3328.0,72,-0.015398500767676536,4.56225530360808e-05,-7.803496118312625e-05,3.805321563182876e-08,2.2350452311390705e-05,4.0329062787224875e-05,-1.352997635856525e-09,4.83423367813551e-07
6,0.009203884727313847,3349.333333333333,72,-0.012109341797009975,4.528340468860904e-05,-9.177019140111502e-05,3.8159447838191284e-08,1.2049522189024498e-05,4.057971527944279e-05,-6.349506739847105e-07,5.361569207519722e-07
6,0.009203884727313847,3370.6666666666665,72,-0.008357096468063744,4.4964932787175725e-05,-0.0001019772135572898,3.817340434595652e-08,3.1066047323695074e-06,3.9040336121144724e-05,-7.949409312785089e-07,4.954188154185841e-07
6,0.009203884727313847,3392.0,72,-0.0042863925552799765,4.488089967341908e-05,-0.00010826358922279171,3.817480501502764e-08,-9.958814607886412e-06,3.7892470403873835e-05,-5.978642907211662e-08,5.165889601755589e-07
6,0.009203884727313847,3413.333333333333,72,-5.394451568098046e-05,4.5128360082298335e-05,-0.00011038582487503768,3.8094881576236444e-08,-2.3074807344855733e-05,3.809358006482023e-05,5.538653491171845e-07,4.257360725407399e-07
6,0.009203884727313847,3434.6666666666665,72,0.00417816494623682,4.562651225750679e-05,-0.00010826301401167683,3.7921040092582156e-08,-2.7374514421911616e-05,3.744406514011536e-05,5.554486082592373e-07,5.271905783774345e-07
6,0.009203884727313847,3456.0,72,0.008247258496968734,4.633583987981092e-05,-0.000101978748284245,3.794381790232855e-08,-2.615025760398944e-05,3.754158252915554e-05,6.676293343735656e-08,5.851037738673471e-07
6,0.009203884727313847,3477.333333333333,72,0.011995981078474905,4.721688714153388e-05,-9.177420984470905e-05,3.817189972467779e-08,-3.14335751680418e-05,3.8269535644432864e-05,-4.6873282119395604e-07,5.371498286896292e-07
6,0.009203884727313847,3498.6666666666665,72,0.01528084162372104,4.81545930345548e-05,-7.804035635961058e-05,3.819108713539283e-08,-4.04089509772515e-05,3.815223350089489e-05,-2.6912231545117284e-07,4.466117850257583e-07
6,0.009203884727313847,3520.0,72,0.01797721702913141,4.890415701783189e-05,-6.130457793722857e-05,3.795593765356753e-08,-3.945198223556262e-05,3.7171124549359474e-05,2.1484060038238123e-07,5.552716406620043e-07
6,0.009203884727313847,3541.333333333333,72,0.019981284841928237,4.9197412099760034e-05,-4.2209587289676595e-05,3.795602776392389e-08,-3.200256579459496e-05,3.591584724810329e-05,8.494881866958713e-08,4.208188676157401e-07
6,0.009203884727313847,3562.6666666666665,72,0.021215138333394046,4.9147130082632426e-05,-2.1489611606953156e-05,3.813805981702139e-08,-3.0214812946797037e-05,3.5554556831768004e-05,4.51526157055356e-08,5.163494651876404e-07
6,0.009203884727313847,3584.0,72,0.021631489419824512,4.903563150117542e-05,5.758380563728203e-08,3.807347380324794e-08,-3.089536644065939e-05,3.667402135365074e-05,4.182818549522945e-07,4.776294682138159e-07
6,0.009203884727313847,3605.333333333333,72,0.02121404503714587,4.884156613996785e-05,2.1604277559527034e-05,3.7996907700932495e-08,-2.9337982754782277e-05,3.89123746332546e-05,3.389426116082381e-07,5.173114935975072e-07
6,0.009203884727313847,3626.6666666666665,72,0.01997886514058063,4.854891620297755e-05,4.232419905613351e-05,3.819245142634233e-08,-3.110973687726951e-05,4.1007131848921255e-05,1.1859717817518172e-07,4.975790225509796e-07
6,0.009203884727313847,3648.0,72,0.0179750964191072,4.826538362576596e-05,6.142024534301422e-05,3.828669109157328e-08,-3.627379281470033e-05,4.06503318036231e-05,9.182164339664559e-08,4.1004242859535114e-07
6,0.009203884727313847,3669.333333333333,72,0.015279952116358872,4.78801066351975e-05,7.81567644995693e-05,3.819462820109205e-08,-4.072500854783027e-05,3.883061099523496e-05,-3.6340540024742053e-07,5.26200578800646e-07
6,0.009203884727313847,3690.6666666666665,72,0.011995536315666015,4.729902061779535e-05,9.189198998691805e-05,3.822227260305571e-08,-4.54370420587965e-05,3.898135141350309e-05,-3.8756337453774757e-07,5.33047507074172e-07
6,0.009203884727313847,3712.0,72,0.008249469255543056,4.666206247792944e-05,0.00010209915096597578,3.8282119928526735e-08,-4.703665820733171e-05,4.1347511723107514e-05,7.039436459966062e-07,5.537246002060632e-07
6,0.009203884727313847,3733.333333333333,72,0.004188052292276768,4.590831105314589e-05,0.00010838398739926951,3.823535522776023e-08,-3.926733243136642e-05,4.1923759158710685e-05,1.2705309574157285e-06,5.846766107131593e-07
6,0.009203884727313847,3754.6666666666665,72,-3.437189144435035e-05,4.4841703086756756e-05,0.00011050551361716937,3.8364460196865836e-08,-2.367224076687684e-05,4.125761276745659e-05,9.386304943480755e-07,4.5460900260110487e-07
6,0.009203884727313847,3776.0,72,-0.004258196323789067,4.378294479927405e-05,0.00010838480878578242,3.856716637039065e-08,-5.393900508856999e-06,4.355660199732292e-05,8.283616352144845e-07,4.770888627989848e-07
6,0.009203884727313847,3797.333333333333,72,-0.008320767578101485,4.32387583263127e-05,0.00010210126801827746,3.864358807234457e-08,9.591536031943011e-06,4.625576196948664e-05,3.9239989441619444e-07,5.018774454462863e-07
6,0.009203884727313847,3818.6666666666665,72,-0.01206518365853966,4.310808959338356e-05,9.189381753598082e-05,3.873908023625757e-08,1.5996506615853117e-05,4.593793382203085e-05,-2.549110575064162e-07,5.246052960377827e-07
6,0.009203884727313847,3840.0,72,-0.015347792663072936,4.310405903762862e-05,7.815749513232016e-05,3.878956462961629e-08,1.5970342415022278e-05,4.529943937047689e-05,1.7134552708545957e-07,4.848113683053795e-07
6,0.009203884727313847,3861.333333333333,72,-0.018042616485393317,4.328883364220143e-05,6.14215745151465e-05,3.866313830525892e-08,1.2316458672784583e-05,4.6819999216264025e-05,4.5960305267697273e-07,5.204126309956951e-07
6,0.009203884727313847,3882.6666666666665,72,-0.020046090997656068,4.36482449493294e-05,4.232693568031966e-05,3.86313521223878e-08,5.474069451168905e-06,4.7143982789820986e-05,-3.359124538383156e-07,4.698764551598043e-07
6,0.009203884727313847,3904.0,72,-0.021280112901805846,4.397796990665035e-05,2.1607750243870818e-05,3.86840028470593e-08,3.2068524091415077e-06,4.5362278669291944e-05,-3.2712803646746066e-07,4.5467084772341075e-07
6,0.009203884727313847,3925.333333333333,72,-0.021695766022623946,4.422459798185522e-05,6.13036103536667e-08,3.855726376256649e-08,8.405149305854979e-06,4.4027961161880586e-05,3.7728022444452085e-07,5.14480327063631e-07
6,0.009203884727313847,3946.6666666666665,72,-0.021277929887861882,4.4413500649537496e-05,-2.1485752547974415e-05,3.847851628243192e-08,9.733449486576408e-06,4.347680956863505e-05,-1.2464109174378807e-07,5.847600379659529e-07
6,0.009203884727313847,3968.0,72,-0.02004370395703813,4.4564057398239315e-05,-4.220487062557679e-05,3.859303764577934e-08,3.982815020646248e-06,4.3961989976974646e-05,-9.439339285119117e-07,6.032082309458798e-07
6,0.009203884727313847,3989.333333333333,72,-0.01803947885720623,4.4696240689574994e-05,-6.129887933835588e-05,3.8627924181199765e-08,-2.591776289885345e-06,4.497924376586445e-05,-8.565655831644403e-07,5.219569040453028e-07
6,0.009203884727313847,4010.6666666666665,72,-0.015342961317296348,4.4803121592488524e-05,-7.803576713189174e-05,3.8664746579688723e-08,-1.260871466309901e-05,4.4276866503729216e-05,-5.537776680286437e-07,5.698962779119153e-07
6,0.009203884727313847,4032.0,72,-0.01205986924577633,4.4941494312934e-05,-9.177197607438236e-05,3.881493317609113e-08,-2.5984216730479948e-05,4.309241943814451e-05,-1.8753622096100276e-07,5.334088783018971e-07
6,0.009203884727313847,4053.333333333333,72,-0.008315034852518024,4.518445417208637e-05,-0.00010197793631781834,3.873338991122412e-08,-3.4646114320292104e-05,4.262716270090297e-05,1.0163063190385179e-07,4.349055350961212e-07
6,0.009203884727313847,4074.6666666666665,72,-0.004250604090432289,4.544620564279252e-05,-0.00010826353430684102,3.850228401102495e-08,-3.9432765074986726e-05,4.173144094491325e-05,-1.4530215766160068e-07,5.071981830972465e-07
8,0.01227184630308513,0.0,72,-1.8979974810107698e-05,4.477323829527476e-05,-0.00014727826475303832,2.959365666258654e-08,3.977776126750235e-05,3.858498222942523e-05,-2.488256486039899e-07,5.569606118096724e-07
8,0.01227184630308513,21.333333333333332,72,0.005941194654603505,4.435853511980961e-05,-0.0001422590298156679,2.986964362108266e-08,3.6384436573455646e-05,3.87323420876064e-05,-3.0845196905775614e-07,5.480270933457975e-07
8,0.01227184630308513,42.666666666666664,72,0.01149845285372509,4.4149325191725e-05,-0.0001275495932306105,3.019700051673357e-08,2.694826025775451e-05,3.98716299205722e-05,-1.5895934143577077e-07,5.216984290928662e-07
8,0.01227184630308513,64.0,72,0.016272701245136818,4.4308476978016617e-05,-0.00010414893677730901,3.018131078113958e-08,2.4208368840351134e-05,4.003763889516081e-05,-1.9281815951118594e-07,5.375271745371207e-07
8,0.01227184630308513,85.33333333333333,72,0.019936787708683915,4.485998373010464e-05,-7.364811222228269e-05,3.002945312903786e-08,2.8631514440772703e-05,3.872606667127952e-05,-5.398379263648369e-07,4.555540460156839e-07
8,0.01227184630308513,106.66666666666666,72,0.022241553823933044,4.549447860819835e-05,-3.812983231691734e-05,3.012812227829227e-08,2.8958168687542826e-05,3.803516606555183e-05,-2.5954211522995807e-07,5.212923938729947e-07
8,0.01227184630308513,128.0,72,0.023030745984259023,4.584049162265008e-05,-1.698786147638864e-08,3.0215977315900686e-08,2.0587056265538284e-05,3.9024352591441894e-05,8.737964486439021e-08,4.5234707938337965e-07
8,0.01227184630308513,149.33333333333331,72,0.022248855902286507,4.602771455142246e-05,3.809782936448896e-05,3.023689552193998e-08,1.2029039931202128e-05,3.9969787794450764e-05,-2.448490236236442e-07,5.901947048806481e-07
8,0.01227184630308513,170.66666666666666,72,0.019950136257712546,4.6419227361959545e-05,7.361662474950907e-05,3.053386299069643e-08,1.0657925893423936e-05,3.985563482528908e-05,-8.15502775451388e-08,5.210728583417025e-07
8,0.01227184630308513,192.0,72,0.016295821279992004,4.6957823051057455e-05,0.00010411352111502136,3.084604111658005e-08,7.327765586642627e-06,4.031602675295953e-05,4.3185053476612417e-07,4.899788724696333e-07
8,0.01227184630308513,213.33333333333331,72,0.011535595829318434,4.759479753938244e-05,0.0001275144092718073,3.07332183349512e-08,-1.5469550421461836e-06,4.192231867067537e-05,-2.1316740926085589e-07,5.140825986010701e-07
8,0.01227184630308513,234.66666666666666,72,0.005991242431165675,4.8699568098488244e-05,0.00014222961800220517,3.049873287962877e-08,-1.1230214504987277e-06,4.185085184035725e-05,-7.982364237924759e-07,5.713004684290021e-07
8,0.01227184630308513,256.0,72,4.104356614588246e-05,5.01579623719449e-05,0.00014724989871713436,3.0668927651848453e-08,6.104425404681969e-06,3.987165288507393e-05,1.4151844801696058e-07,5.160937165378081e-07
8,0.01227184630308513,277.3333333333333,72,-0.005908169095523317,5.145134640817444e-05,0.00014223033760146593,3.108670241516427e-08,3.7106501969739656e-06,3.802576359376935e-05,7.491889350860888e-07,4.997177290902929e-07
8,0.01227184630308513,298.66666666666663,72,-0.011452042384857732,5.2573667237150676e-05,0.00012751896387666413,3.131402114151256e-08,-6.469787102713705e-07,3.732358992560179e-05,5.2955983195003785e-08,4.547931959444039e-07
8,0.01227184630308513,320.0,72,-0.016213503089818986,5.3606821793402074e-05,0.00010411753329654427,3.1270761303549486e-08,1.6883128707347173e-06,3.72110296256358e-05,-5.966604318841993e-08,4.632825965013843e-07
8,0.01227184630308513,341.3333333333333,72,-0.019867649217402687,5.43716932986035e-05,7.361768980105163e-05,3.121210578073314e-08,2.2952957590873632e-06,3.6907245508108097e-05,5.722143469119498e-07,4.537526965874558e-07
8,0.01227184630308513,362.66666666666663,72,-0.022165472889060855,5.4677629228041665e-05,3.810124323876375e-05,3.134535094165711e-08,6.502788901567918e-06,3.697815857727295e-05,3.871551461085421e-07,3.955508086309449e-07
8,0.01227184630308513,384.0,72,-0.0229501389918902,5.449870418735171e-05,-1.1974116813919838e-08,3.140028273625324e-08,1.773289654014716e-05,3.809521283639636e-05,-7.159995660158374e-08,5.096626014627861e-07
8,0.01227184630308513,405.3333333333333,72,-0.022167688540681615,5.395103132599367e-05,-3.8127302319396245e-05,3.117132401615967e-08,1.883769537756173e-05,3.9463204313077705e-05,1.5599137462946776e-07,4.76494421144412e-07
8,0.01227184630308513,426.66666666666663,72,-0.019871485856685175,5.297538292762774e-05,-7.364352657157504e-05,3.099246988428998e-08,1.2918910957516335e-05,4.2207056938444795e-05,7.525774741792715e-08,4.930259231226147e-07
8,0.01227184630308513,448.0,72,-0.01621740482367115,5.135020791982273e-05,-0.00010413943130583953,3.099570955503607e-08,1.7275600558441945e-05,4.403798048358492e-05,-4.889791860512981e-07,4.878000376855251e-07
8,0.01227184630308513,469.3333333333333,72,-0.011453365818092656,4.934206491957767e-05,-0.00012753969643462218,3.090011769859106e-08,2.4967134041949405e-05,4.3359261478317815e-05,-2.951947502967552e-07,5.149636850811085e-07
8,0.01227184630308513,490.66666666666663,72,-0.0059047396408423315,4.7580654198662705e-05,-0.00014224821804383837,3.082256868945171e-08,3.0177054113626333e-05,4.321256725730917e-05,1.333836115889283e-07,4.84590422182934e-07
8,0.01227184630308513,512.0,72,4.7924989059392645e-05,4.6379242871537725e-05,-0.00014726402661071928,3.0919208988496986e-08,3.685937072984185e-05,4.4307182492163065e-05,-2.7851843122360464e-07,4.7321547174058995e-07
8,0.01227184630308513,533.3333333333333,72,0.005997371026057789,4.579880946863272e-05,-0.00014224787610540244,3.0843345170927676e-08,3.396240183611209e-05,4.291469360004847e-05,-3.959112571609742e-07,5.017773221481404e-07
8,0.01227184630308513,554.6666666666666,72,0.011538624234901401,4.5788906991410866e-05,-0.00012753585327811978,3.0502621554962316e-08,2.3139444733605154e-05,4.112879306237894e-05,3.602710166413749e-07,4.870969972504567e-07
8,0.01227184630308513,576.0,72,0.01629567210496827,4.6056188118622995e-05,-0.00010412959027498363,3.019272251129105e-08,2.2583720920778028e-05,4.113277618127944e-05,5.566888266998274e-07,4.97042336903741e-07
8,0.01227184630308513,597.3333333333333,72,0.019945568151238977,4.644540841112457e-05,-7.363135025573095e-05,3.009933834711271e-08,2.2599014339595553e-05,4.00976798154633e-05,2.3850766648471396e-07,4.89280328492123e-07
8,0.01227184630308513,618.6666666666666,72,0.022239622205578,4.693905564571873e-05,-3.8116421280341096e-05,3.021472355510116e-08,1.0109970890800604e-05,4.0430299488029676e-05,3.54076723901819e-07,4.583550552510496e-07
8,0.01227184630308513,640.0,72,0.023020477571360456,4.7222553068101444e-05,4.4183192414957805e-10,3.0279077094902204e-08,-9.95369239958228e-07,4.204110606937148e-05,-9.411482376718506e-08,5.102622107293471e-07
8,0.01227184630308513,661.3333333333333,72,0.02223349178483482,4.7102393147584065e-05,3.8115860380085404e-05,3.0141201876469095e-08,-1.2295528349750462e-05,4.173586813632763e-05,-1.2414890973693517e-06,4.602985950490423e-07
8,0.01227184630308513,682.6666666666666,72,0.019931296696052175,4.683249589766516e-05,7.363127857652329e-05,3.0207790003471426e-08,-3.5545294291994914e-05,4.1454030229053486e-05,-1.242375799548773e-06,4.4647535094934466e-07
8,0.01227184630308513,704.0,72,0.016270899446931497,4.64598495307263e-05,0.00010413127325591838,3.0528408689410166e-08,-5.1254815560955874e-05,4.1772539677302595e-05,-3.0183912188133375e-07,5.3882147960594e-07
8,0.01227184630308513,725.3333333333333,72,0.011502792126577878,4.591067693674052e-05,0.00012753344348637722,3.042503952958602e-08,-4.835635892924032e-05,4.118921824388064e-05,1.2198653904578402e-07,4.3449193192341847e-07
8,0.01227184630308513,746.6666666666666,72,0.005952470379868922,4.5495278220751915e-05,0.00014224234011292586,3.01101710410558e-08,-4.929471636254837e-05,4.0194966965561186e-05,3.5722666067174275e-07,4.246648323731991e-07
8,0.01227184630308513,768.0,72,-2.34743313077881e-06,4.567138547400397e-05,0.00014726209739391517,3.013411768395761e-08,-5.71793144298468e-05,4.035178825725763e-05,3.781574340777065e-07,4.780522473053718e-07
8,0.01227184630308513,789.3333333333333,72,-0.005955986607561436,4.6524198441571095e-05,0.00014224601878181406,2.9952218811356746e-08,-5.5988690720463024e-05,4.055047200555393e-05,-3.061685709659714e-07,5.114954322258733e-07
8,0.01227184630308513,810.6666666666666,72,-0.011502869080599505,4.761219058538794e-05,0.0001275304530816428,2.9323704287908226e-08,-5.621377222214417e-05,4.099920572863322e-05,-3.734830386963203e-07,4.917755613184468e-07
8,0.01227184630308513,832.0,72,-0.016267425827317793,4.8619624935739527e-05,0.00010412606757873904,2.916505834946548e-08,-6.869420301192646e-05,4.1051090767786954e-05,3.193569343541315e-07,4.977860356251471e-07
8,0.01227184630308513,853.3333333333333,72,-0.01992667035289429,4.956415382893621e-05,7.362944250066587e-05,2.95269027476321e-08,-7.295956427255453e-05,3.998670886456103e-05,-4.8852428336221646e-08,5.141178883810538e-07
8,0.01227184630308513,874.6666666666666,72,-0.022228406674652725,5.0168643813675947e-05,3.811147729061637e-05,2.9537579411426317e-08,-6.276498983639873e-05,3.808088651536364e-05,-6.985439590179436e-07,4.882182257429615e-07
8,0.01227184630308513,896.0,72,-0.02301359837913769,5.0139156536760465e-05,-5.006076642896094e-09,2.9373628917720093e-08,-6.501320637350864e-05,3.73745187883605e-05,-4.9399305770555824e-08,4.1946494194485657e-07
8,0.01227184630308513,917.3333333333333,72,-0.022230325658673167,4.96050898922626e-05,-3.811923068667105e-05,2.944018724201937e-08,-8.261140096480923e-05,3.7594633300112085e-05,3.7638599776917223e-07,4.343351682300539e-07
8,0.01227184630308513,938.6666666666666,72,-0.01993088791738162,4.865953966245723e-05,-7.363825910684231e-05,2.9450251104068926e-08,-8.809771773239354e-05,3.690115913075828e-05,-4.2048332991718914e-08,4.5322854170926044e-07
8,0.01227184630308513,960.0,72,-0.01626967948952064,4.729422501070315e-05,-0.00010413926241730318,2.9394334579237537e-08,-8.386470202331582e-05,3.701397192606117e-05,3.1887862143012426e-07,4.1775016501988564e-07
8,0.01227184630308513,981.3333333333333,72,-0.011500180144231424,4.566110475033499e-05,-0.0001275397448217317,2.9448006800696167e-08,-9.066491717201178e-05,3.828588586769902e-05,7.268358848586696e-07,5.083136661768964e-07
8,0.01227184630308513,1002.6666666666666,72,-0.0059506272031525885,4.3947782868437406e-05,-0.00014225146524128533,2.9532344919239055e-08,-9.550325610463499e-05,3.768525337248677e-05,-4.217044279787879e-08,5.104097387470475e-07
8,0.01227184630308513,1024.0,72,4.9933690596247326e-06,4.243226462499047e-05,-0.00014727365478067723,2.9655139902167382e-08,-8.557396577962102e-05,3.721859803829781e-05,-3.076077522647213e-07,5.677153812231865e-07
8,0.01227184630308513,1045.3333333333333,72,0.005961427077376459,4.1669087872638985e-05,-0.0001422569971623492,2.9764871656236593e-08,-7.966648533288543e-05,3.772784349401938e-05,4.055102855908778e-07,4.615520813153694e-07
8,0.01227184630308513,1066.6666666666665,72,0.011507120175878642,4.1899605209208866e-05,-0.0001275444171768937,2.956619227556525e-08,-8.050537631801514e-05,3.769842535452902e-05,3.027007062105615e-07,4.3828708720441114e-07
8,0.01227184630308513,1088.0,72,0.016264782963585474,4.27603235432996e-05,-0.00010414363356705484,2.9292991845600413e-08,-7.558333717164591e-05,3.6700505719881314e-05,-2.549985723839727e-07,5.449198944732401e-07
8,0.01227184630308513,1109.3333333333333,72,0.019915293522028192,4.385426664828119e-05,-7.364641343361778e-05,2.9246856619882607e-08,-7.713644113221298e-05,3.6054331853220966e-05,-2.1834779502031494e-08,5.561975469080029e-07
8,0.01227184630308513,1130.6666666666665,72,0.0222093240171938,4.483639480692307e-05,-3.81288070433337e-05,2.9190355359520712e-08,-8.643925963115238e-05,3.543966408172184e-05,2.403022041618408e-07,4.6835350360298193e-07
8,0.01227184630308513,1152.0,72,0.022988866690243474,4.541266739816245e-05,-1.4460637436796287e-08,2.9210940717409113e-08,-8.000808821513109e-05,3.490352298970561e-05,3.056968437807175e-07,4.822815740900097e-07
8,0.01227184630308513,1173.3333333333333,72,0.022202326157871072,4.5559299288278556e-05,3.809887889727944e-05,2.9579266013494325e-08,-6.386782420689494e-05,3.5948422613713016e-05,7.514857048040272e-07,5.349036570592791e-07
8,0.01227184630308513,1194.6666666666665,72,0.01990291262642734,4.5299030151619e-05,7.361587367933357e-05,2.9797464854302182e-08,-5.7259365396940754e-05,3.565046210617862e-05,5.848677929123098e-07,4.829537889037124e-07
8,0.01227184630308513,1216.0,72,0.016246248439334556,4.4650880309771755e-05,0.00010411546854537573,2.9632062269499196e-08,-4.927045237739114e-05,3.445262953942928e-05,-3.623752882582037e-07,4.808521411280691e-07
8,0.01227184630308513,1237.3333333333333,72,0.011483055598650411,4.38576489317377e-05,0.00012751766649715112,2.9538640262444822e-08,-3.422367043835262e-05,3.467293751782097e-05,-2.661562774908192e-07,4.643908242342137e-07
8,0.01227184630308513,1258.6666666666665,72,0.005938417144282222,4.328491928453572e-05,0.0001422273508586989,2.9579598507892958e-08,-2.5217528740352753e-05,3.600236323385155e-05,7.547501991792805e-07,4.995292787939216e-07
8,0.01227184630308513,1280.0,72,-1.0404251404486785e-05,4.3216693225924405e-05,0.00014724335640414483,2.9728394312844393e-08,-2.241561897415931e-05,3.673518852270205e-05,1.012021551649454e-06,5.11176380199276e-07
8,0.01227184630308513,1301.3333333333333,72,-0.0059572989376386635,4.3598305884999274e-05,0.00014222513581693005,3.012190512504282e-08,-2.4611475871936788e-05,3.747087202657558e-05,7.71810151734633e-07,5.50179120050296e-07
8,0.01227184630308513,1322.6666666666665,72,-0.011497798258827074,4.4195306911756114e-05,0.00012751275572098206,3.0371150636481656e-08,-3.40569586451368e-05,3.8768830548819293e-05,5.472082583632846e-07,4.856473533122797e-07
8,0.01227184630308513,1344.0,72,-0.016255970884180557,4.50123690750354e-05,0.00010410734009190322,3.020081522418706e-08,-3.817314026599597e-05,3.882799680333566e-05,-1.3301429557314338e-07,4.880975343471473e-07
8,0.01227184630308513,1365.3333333333333,72,-0.019906688284208083,4.5969060771271546e-05,7.360732354582283e-05,3.02384336393316e-08,-3.487097017085131e-05,3.752444105686657e-05,-3.4667281817757206e-07,5.066138521115433e-07
8,0.01227184630308513,1386.6666666666665,72,-0.022200773920672986,4.6770505703672305e-05,3.809283906711546e-05,3.055824417122748e-08,-3.848275547946824e-05,3.6037820618397664e-05,3.8901384125495504e-07,4.98612406610131e-07
8,0.01227184630308513,1408.0,72,-0.02298322893851261,4.7210642849215175e-05,-1.9857846302383326e-08,3.049648717151926e-08,-4.321425187468629e-05,3.604249566818793e-05,3.0192608436005294e-07,5.138851446946404e-07
8,0.01227184630308513,1429.3333333333333,72,-0.022200408034150333,4.729609582573393e-05,-3.8135048459235803e-05,3.028282332861295e-08,-3.730532619865734e-05,3.746979799390969e-05,-4.3049268902594044e-07,5.103046903459777e-07
8,0.01227184630308513,1450.6666666666665,72,-0.01990507419151797,4.7212505615963134e-05,-7.365292963985302e-05,3.034602091603939e-08,-2.6880501776677226e-05,3.8913987369401854e-05,1.1744954008662216e-07,4.7591461614861987e-07
8,0.01227184630308513,1472.0,72,-0.01625430949957748,4.7104705982954444e-05,-0.00010415292087614146,3.0464988680644804e-08,-1.2425437835627677e-05,4.070145554438272e-05,7.404099925310933e-07,5.362217214050673e-07
8,0.01227184630308513,1493.3333333333333,72,-0.011496319997815994,4.6707563041757056e-05,-0.00012755644683163178,3.0540818940287036e-08,6.639431087953211e-06,4.226908087564697e-05,-3.690022326902361e-08,4.968814191974743e-07
8,0.01227184630308513,1514.6666666666665,72,-0.0059549362496427935,4.5760319923875744e-05,-0.00014226618502250204,3.061764783330667e-08,1.4107582905855338e-05,4.296481662738775e-05,-3.969420323303812e-07,5.124755246774763e-07
8,0.01227184630308513,1536.0,72,-8.704550966306145e-06,4.4796760848792785e-05,-0.0001472811489142368,3.0519307695882385e-08,7.57915711798189e-06,4.2371034753106715e-05,1.1270865885197314e-07,4.930989208775396e-07
8,0.01227184630308513,1557.3333333333333,72,0.005938332318391055,4.4300805388004815e-05,-0.00014226405293903764,3.033943226136405e-08,6.371605656741991e-06,4.186198743259938e-05,-2.1599970539191197e-07,4.753406209050325e-07
8,0.01227184630308513,1578.6666666666665,72,0.011482207924733546,4.383210634002722e-05,-0.00012755525334441165,3.028422631919689e-08,1.3544827530242491e-05,4.260683330526566e-05,-7.016007678231526e-07,5.306985686318266e-07
8,0.01227184630308513,1600.0,72,0.016243001545543697,4.326364902125927e-05,-0.00010415218146842102,3.020253605236453e-08,1.3983212277303684e-05,4.3200109995832436e-05,-2.318612537584332e-07,5.064980486745255e-07
8,0.01227184630308513,1621.3333333333333,72,0.019895304621017164,4.292288840850927e-05,-7.365099716002025e-05,3.0050641664784065e-08,6.776099352083243e-06,4.206144705928084e-05,9.238254407507198e-08,5.020205244712523e-07
8,0.01227184630308513,1642.6666666666665,72,0.022191884770100444,4.268690547680336e-05,-3.813427718655148e-05,2.995334120754889e-08,9.059746596506119e-06,4.1702976216494735e-05,8.853375366886998e-09,5.117593464441291e-07
8,0.01227184630308513,1664.0,72,0.02297516499561049,4.240552593362281e-05,-2.1153865356041993e-08,2.991007637879942e-08,2.492634162596583e-05,4.203027462332365e-05,1.9752857465037777e-07,4.3944752031111524e-07
8,0.01227184630308513,1685.3333333333333,72,0.022189379700432492,4.206370698904363e-05,3.8092882276210946e-05,2.9883996264266064e-08,3.381479068575869e-05,4.075295186457609e-05,3.10246152312604e-07,5.227479808626579e-07
8,0.01227184630308513,1706.6666666666665,72,0.01988855541163552,4.1574578090349426e-05,7.360825750572341e-05,2.9765377198365822e-08,3.0695285424584416e-05,3.9687268321074724e-05,3.03796595758752e-07,5.076449602449136e-07
8,0.01227184630308513,1728.0,72,0.01622966573771173,4.116556411136041e-05,0.00010410472976906029,2.960400523318207e-08,3.8487479296312484e-05,4.014335708937073e-05,1.484892185333353e-07,5.865786801366316e-07
8,0.01227184630308513,1749.3333333333333,72,0.011460520716994825,4.118173733362651e-05,0.00012750697548153438,2.9688685762922037e-08,5.414783956978091e-05,3.9291556500695156e-05,-5.979145536378916e-07,5.114921505115896e-07
8,0.01227184630308513,1770.6666666666665,72,0.005906593969620209,4.1484636408074986e-05,0.0001422190149264925,2.9793358141724718e-08,5.1179634656545605e-05,3.849877179894971e-05,-6.794800235052708e-07,5.560888317156022e-07
8,0.01227184630308513,1792.0,72,-5.172016375554386e-05,4.1833220969232716e-05,0.00014723605719416593,2.9559565747236592e-08,4.0303487034828364e-05,3.897830573351749e-05,5.067739519053962e-07,5.382608007276014e-07
8,0.01227184630308513,1813.3333333333333,72,-0.006008041610296649,4.243575386575131e-05,0.00014221824737050163,2.9307742085784963e-08,4.355139875727088e-05,3.927101432177915e-05,6.578069778114041e-07,5.392978228462406e-07
8,0.01227184630308513,1834.6666666666665,72,-0.01155721342785979,4.359359893249239e-05,0.0001275078815510694,2.928964912383922e-08,4.445498870929051e-05,3.954483379107388e-05,-4.884163439017203e-07,4.811024087550916e-07
8,0.01227184630308513,1856.0,72,-0.016321537957925514,4.524774069607496e-05,0.00010410484566388239,2.9145007203989538e-08,3.185820458302554e-05,4.070939394482374e-05,-5.902736244061398e-07,4.1560036964586194e-07
8,0.01227184630308513,1877.3333333333333,72,-0.01997610323628607,4.689880295449299e-05,7.360516711727909e-05,2.8824025506979284e-08,2.5218244292351066e-05,4.143721554735241e-05,-4.1641627670300046e-08,4.828250403779722e-07
8,0.01227184630308513,1898.6666666666665,72,-0.02227156122588155,4.795394807559958e-05,3.808908624704788e-05,2.8669243133374594e-08,2.9665597134907772e-05,4.0748917042809776e-05,-1.3108731210214162e-07,4.66791882370752e-07
8,0.01227184630308513,1920.0,72,-0.02305225755701997,4.836687297044045e-05,-2.508886141085265e-08,2.8627480294554562e-08,3.3064846798620015e-05,3.9126630462020255e-05,3.1480113537835535e-08,4.7290968698006756e-07
8,0.01227184630308513,1941.3333333333333,72,-0.022265592925021702,4.8339812382504636e-05,-3.814038336691054e-05,2.8496275376730335e-08,3.443268077995357e-05,3.80138035797582e-05,2.888920366176649e-07,4.7170088404813466e-07
8,0.01227184630308513,1962.6666666666665,72,-0.01996515068346596,4.768756264786146e-05,-7.365802179502234e-05,2.836968787569298e-08,3.813749618173625e-05,3.714851255782174e-05,-4.791415755101832e-08,4.977742555203372e-07
8,0.01227184630308513,1984.0,72,-0.01630979269470147,4.663559533371212e-05,-0.00010415787449925696,2.8320588338151236e-08,4.477223094127823e-05,3.636409076391157e-05,3.1336731010353817e-07,5.136031918571627e-07
8,0.01227184630308513,2005.3333333333333,72,-0.011550491296104014,4.59952569124965e-05,-0.00012755988806533813,2.81889217969996e-08,4.873318992811787e-05,3.652383690742303e-05,1.201940276548082e-06,5.615477195479064e-07
8,0.01227184630308513,2026.6666666666665,72,-0.006007685216950257,4.586648705772821e-05,-0.00014226896108734784,2.7934606006983286e-08,3.980491577161707e-05,3.652119834440009e-05,7.182810409671683e-07,4.789724993044135e-07
8,0.01227184630308513,2048.0,72,-5.397141815875649e-05,4.5838266070578686e-05,-0.0001472879610958637,2.7750944807663448e-08,2.472961902978368e-05,3.627955477373677e-05,-3.794622704102047e-07,5.036767325120873e-07
8,0.01227184630308513,2069.333333333333,72,0.005903253927466723,4.6043476848528565e-05,-0.0001422748061210084,2.7678007282843346e-08,2.408628621834815e-05,3.6349580489423145e-05,-4.2115340197885757e-07,5.116090338064236e-07
8,0.01227184630308513,2090.6666666666665,72,0.011452975883627791,4.6678951911439446e-05,-0.00012756379519505582,2.759770605027468e-08,3.69771018447649e-05,3.677174307542517e-05,-1.3155677128136905e-07,4.282364417792469e-07
8,0.01227184630308513,2112.0,72,0.016215875928660695,4.743033499260305e-05,-0.00010415784034566205,2.7613624278767368e-08,4.340872292719692e-05,3.74988150336529e-05,-3.9051162461518567e-07,4.377521566408926e-07
8,0.01227184630308513,2133.333333333333,72,0.01986955784123791,4.799314395756854e-05,-7.365811838880201e-05,2.7810626933973974e-08,3.586489530624643e-05,3.7646230530000646e-05,-7.057907340582455e-07,4.557748122605201e-07
8,0.01227184630308513,2154.6666666666665,72,0.02216632017627275,4.836622520936284e-05,-3.81422896015787e-05,2.787271102100564e-08,2.5122560399111882e-05,3.8628247978562e-05,-5.226679490425843e-07,5.025015216214494e-07
8,0.01227184630308513,2176.0,72,0.022948718009298534,4.849251982359013e-05,-2.7984163466343095e-08,2.777405076618483e-08,2.329982715284222e-05,3.91284106133442e-05,1.4592345668391371e-07,4.97579694016303e-07
8,0.01227184630308513,2197.333333333333,72,0.02216253935793875,4.82260651805814e-05,3.8086261643851923e-05,2.7780191746524755e-08,2.545649217271851e-05,3.803143915441135e-05,6.952902374636917e-07,4.46264311363983e-07
8,0.01227184630308513,2218.6666666666665,72,0.019862861438401713,4.7563390289961935e-05,7.360299042447059e-05,2.7712385027152644e-08,1.8767390071985412e-05,3.784641629693444e-05,7.426400582992476e-07,4.793436073561438e-07
8,0.01227184630308513,2240.0,72,0.016207893112692606,4.659913136066235e-05,0.00010410226925803,2.760093264133444e-08,1.1731097041975496e-05,3.8530516190816564e-05,5.564776963733304e-07,4.947664488365137e-07
8,0.01227184630308513,2261.333333333333,72,0.011445359688494788,4.54869812065303e-05,0.0001275053003814016,2.7875278140761364e-08,1.8029250256378022e-05,3.871864097788737e-05,7.41798058826848e-08,4.77688892526662e-07
8,0.01227184630308513,2282.6666666666665,72,0.005898146996433536,4.456396346993343e-05,0.0001422175781539693,2.8267946295908702e-08,2.5007483857053483e-05,4.0116932324633423e-05,-3.702791170396555e-07,4.5635761092331166e-07
8,0.01227184630308513,2304.0,72,-5.6319591296638884e-05,4.39722337259975e-05,0.00014723498413404766,2.818689615644511e-08,2.2618904486299463e-05,4.1107164815262856e-05,1.5602383833312876e-07,4.6133733903127167e-07
8,0.01227184630308513,2325.333333333333,72,-0.006013335685443837,4.346649262834305e-05,0.00014221585136788318,2.7912812071215645e-08,2.5264397207864562e-05,4.071462362094526e-05,6.772030004988703e-07,5.303466706589135e-07
8,0.01227184630308513,2346.6666666666665,72,-0.011566232191265166,4.313465299735344e-05,0.000127506608735838,2.790549773938411e-08,3.7229528037327905e-05,4.078504643885333e-05,-1.8785556257651742e-07,4.602795385718924e-07
8,0.01227184630308513,2368.0,72,-0.01633370715049494,4.324548036801751e-05,0.00010410713161381678,2.7872097654710187e-08,4.433701133739016e-05,4.197783920721933e-05,-9.927637527058699e-07,4.2833061775282863e-07
8,0.01227184630308513,2389.333333333333,72,-0.019991065328395233,4.359041117917772e-05,7.360608331376395e-05,2.7769244758140585e-08,3.822570686872699e-05,4.360744303564557e-05,-5.576810640442603e-07,5.224361863351544e-07
8,0.01227184630308513,2410.6666666666665,72,-0.02229131935455224,4.398403114420444e-05,3.8087304617850316e-05,2.776248443121477e-08,1.9569808899755583e-05,4.42398408012368e-05,9.389653206598688e-09,4.897467045530095e-07
8,0.01227184630308513,2432.0,72,-0.023076568010920513,4.4393643367865534e-05,-2.397216291802578e-08,2.777361465731281e-08,-4.134784452583231e-07,4.23828615246777e-05,5.478598455183189e-07,4.492330162401069e-07
8,0.01227184630308513,2453.333333333333,72,-0.022291727646568973,4.440433268524919e-05,-3.813679605544142e-05,2.7792030179443815e-08,-5.309139865243634e-06,4.0619617486965075e-05,1.2423087725959713e-06,5.132944126594651e-07
8,0.01227184630308513,2474.6666666666665,72,-0.019991671708365234,4.3787466156221696e-05,-7.365468939818483e-05,2.7911322117734282e-08,9.028420415166825e-07,4.078537966725656e-05,8.605757860883298e-07,4.956477175529398e-07
8,0.01227184630308513,2496.0,72,-0.016332885654987243,4.294123195210837e-05,-0.00010415304556634748,2.7965924957253827e-08,9.924895509867479e-07,3.987233515031912e-05,-3.6529228183566224e-07,4.6563380399132104e-07
8,0.01227184630308513,2517.333333333333,72,-0.011562040414234939,4.2140360494864916e-05,-0.00012755702946209413,2.7875740702438045e-08,-6.019650800377548e-06,3.802894331622708e-05,-7.409652854502801e-07,4.356328508770563e-07
8,0.01227184630308513,2538.6666666666665,72,-0.0060042517514200845,4.1392485832863705e-05,-0.00014227138141691134,2.7864250548086037e-08,-1.0416581355408002e-05,3.778682039858652e-05,-9.738324168741084e-08,4.933886636000032e-07
8,0.01227184630308513,2560.0,72,-4.0249710610491715e-05,4.090167889021221e-05,-0.00014728744821472625,2.8083754953263756e-08,-6.4855556589647545e-06,3.8983591738127264e-05,7.372985751697644e-07,4.880839627557458e-07
8,0.01227184630308513,2581.333333333333,72,0.0059236031586936515,4.0699995520658515e-05,-0.00014226733839751898,2.8386536357379372e-08,6.956332440680282e-06,3.966424054476878e-05,7.463993604682071e-07,4.551421507883159e-07
8,0.01227184630308513,2602.6666666666665,72,0.011482362575749463,4.065011512833167e-05,-0.00012755666967168553,2.8384992360051253e-08,2.170066603052253e-05,3.984849621794213e-05,-4.5774102078509855e-07,5.227777010196918e-07
8,0.01227184630308513,2624.0,72,0.01625762642278963,4.078735303591449e-05,-0.00010415238770715839,2.814272292422809e-08,2.617060248283377e-05,4.027659538547557e-05,-8.720748457744382e-07,4.786296548364815e-07
8,0.01227184630308513,2645.333333333333,72,0.01992301975397765,4.1049153219232406e-05,-7.365092000689092e-05,2.8280017637792322e-08,2.081713558509735e-05,4.14165435000741e-05,3.7471893121214686e-07,4.930019573677181e-07
8,0.01227184630308513,2666.6666666666665,72,0.02222788393296381,4.123996988051779e-05,-3.81353080050453e-05,2.8597045366300022e-08,1.4562779098178233e-05,4.170596373713052e-05,4.797813864844172e-07,4.925453609188567e-07
8,0.01227184630308513,2688.0,72,0.02301585520135829,4.133398871416899e-05,-2.141519560743549e-08,2.853231840977224e-08,1.1909438287372638e-05,4.1679924977185e-05,-8.865755106535965e-07,4.5405800229469476e-07
8,0.01227184630308513,2709.333333333333,72,0.022234979493967435,4.127382395668747e-05,3.809335540562721e-05,2.8511371616735206e-08,8.012186508718125e-06,4.195158631251658e-05,-7.235596017259002e-07,4.784058601007008e-07
8,0.01227184630308513,2730.6666666666665,72,0.019939648620319318,4.0954811071189494e-05,7.360765469723951e-05,2.8808763185180848e-08,-9.487358634462006e-07,4.205973398546218e-05,2.1161008180818024e-07,4.508677238785506e-07
8,0.01227184630308513,2752.0,72,0.016286187577376474,4.048549635602562e-05,0.00010410625764372013,2.8791094183199068e-08,-3.7708020873823515e-06,4.107050656540854e-05,-3.9723973486450747e-07,4.914920967159125e-07
8,0.01227184630308513,2773.333333333333,72,0.011522156007027306,3.9832041864676386e-05,0.00012751151251197155,2.8657397691443646e-08,5.738873394287143e-06,3.9858686583730716e-05,-7.020232894443043e-07,4.956227175789402e-07
8,0.01227184630308513,2794.6666666666665,72,0.0059712107393517285,3.891525574299096e-05,0.0001422223078842764,2.894149883105536e-08,1.0078555653047866e-05,3.9878497905095626e-05,5.260674765151342e-07,4.840815876484948e-07
8,0.01227184630308513,2816.0,72,1.31064301032225e-05,3.831030783244283e-05,0.00014724019246321654,2.9032079468836045e-08,3.2098949595544364e-06,3.888743300078661e-05,9.540816466085112e-07,4.793736029103238e-07
8,0.01227184630308513,2837.333333333333,72,-0.005944226667171605,3.8606370575978035e-05,0.0001422260631842999,2.8777747981538663e-08,1.2433231453342547e-06,3.746084946789638e-05,1.9785553710376335e-07,5.604838416333361e-07
8,0.01227184630308513,2858.6666666666665,72,-0.011494894089864866,3.947534453189939e-05,0.00012751336122297766,2.8942331124862217e-08,1.1617045935418135e-07,3.776974082970604e-05,6.500716523022056e-08,5.19693726816277e-07
8,0.01227184630308513,2880.0,72,-0.0162607389644053,4.0536104337168116e-05,0.0001041060618656384,2.9262450214413224e-08,-1.3257218630407729e-05,3.7898433948207394e-05,1.9062330880835928e-07,5.393465721528117e-07
8,0.01227184630308513,2901.333333333333,72,-0.019916267277758665,4.168506520143104e-05,7.360758037998446e-05,2.921695333952228e-08,-2.3122659519461782e-05,3.701044098938813e-05,-4.328497648435081e-07,4.961146827573133e-07
8,0.01227184630308513,2922.6666666666665,72,-0.02221302074972846,4.2631503664375694e-05,3.809217193382102e-05,2.9193435689177765e-08,-1.5965358415890087e-05,3.6979665529625055e-05,-7.371800616426797e-07,4.267330936454337e-07
8,0.01227184630308513,2944.0,72,-0.022996162390790727,4.320985521849232e-05,-2.338746873437216e-08,2.928911305944384e-08,-7.10438876280274e-06,3.74996623272606e-05,8.786599499562982e-08,4.847079582676627e-07
8,0.01227184630308513,2965.333333333333,72,-0.022212786879381278,4.341754223797465e-05,-3.813606133150503e-05,2.9145243713781094e-08,-9.81610453163617e-06,3.814685906146396e-05,6.910351421524742e-07,5.051611629958501e-07
8,0.01227184630308513,2986.6666666666665,72,-0.019915011306774238,4.325529198334458e-05,-7.365014335821194e-05,2.9083402513607466e-08,-1.940479438612453e-05,3.8015131175636855e-05,1.1374641014069651e-07,5.361951746676067e-07
8,0.01227184630308513,3008.0,72,-0.01625804819873393,4.298765367831572e-05,-0.00010414991595041834,2.934672842792627e-08,-2.3381442427745503e-05,3.755425690978424e-05,-3.5518068124600877e-07,5.198198126950884e-07
8,0.01227184630308513,3029.333333333333,72,-0.011492084505711004,4.297668273274468e-05,-0.00012755257726507004,2.938658110529778e-08,-1.4379860505133224e-05,3.784464070218419e-05,6.279417363895772e-08,4.96680664055341e-07
8,0.01227184630308513,3050.6666666666665,72,-0.005943290915240837,4.326050945478598e-05,-0.00014226158891444604,2.9136677595102086e-08,-4.443148200981551e-06,3.8229572385059315e-05,8.670465123742151e-08,5.195071645872477e-07
8,0.01227184630308513,3072.0,72,1.283907852872184e-05,4.381847044778178e-05,-0.00014727913449391015,2.8936102775958804e-08,-7.437156486969765e-06,3.903403511795454e-05,-4.281487411111446e-07,5.090813353187442e-07
8,0.01227184630308513,3093.333333333333,72,0.005973150105224525,4.4598855196595176e-05,-0.00014226293098588212,2.8870884958789446e-08,-1.3935733576699744e-05,4.123975502095685e-05,-1.2100369604356592e-07,5.156033862995613e-07
8,0.01227184630308513,3114.6666666666665,72,0.01152886891464404,4.548589062638871e-05,-0.00012755166379972097,2.883315717553968e-08,-1.0107226053305166e-05,4.191478742456147e-05,4.476015911759172e-07,4.918961459757158e-07
8,0.01227184630308513,3136.0,72,0.016299539000619603,4.631468715927708e-05,-0.00010414824349021812,2.872081782600405e-08,5.482832140505065e-06,4.052480634572199e-05,8.977431030815483e-08,4.4783163013709026e-07
8,0.01227184630308513,3157.333333333333,72,0.019962807202200908,4.6798437116539445e-05,-7.364845223206787e-05,2.841091868533053e-08,2.6667489809200683e-05,4.002319064407134e-05,-1.9616159337858546e-07,4.908299594285179e-07
8,0.01227184630308513,3178.6666666666665,72,0.02226907146831761,4.6891686480655384e-05,-3.813088776895604e-05,2.8273142438007722e-08,3.741050324223889e-05,4.1077551515949995e-05,2.9619557865396107e-07,5.118021445335817e-07
8,0.01227184630308513,3200.0,72,0.02305782891279001,4.673107266277499e-05,-1.6332161567572467e-08,2.8343148169195875e-08,3.266737878510274e-05,4.1350161213093746e-05,5.541617480258005e-07,5.067322747263373e-07
8,0.01227184630308513,3221.333333333333,72,0.022275073238514957,4.622880446925822e-05,3.809812498441805e-05,2.835885826929094e-08,3.218894572065608e-05,4.2276642410205435e-05,3.0308054066033544e-07,4.93707405303987e-07
8,0.01227184630308513,3242.6666666666665,72,0.019975526212493697,4.513609077529313e-05,7.361537541033511e-05,2.85645633344969e-08,4.037344256497467e-05,4.4354616575111574e-05,1.859623032509335e-07,5.370216182374562e-07
8,0.01227184630308513,3264.0,72,0.01631700436784715,4.354612804742407e-05,0.00010411430147932585,2.8923457586998978e-08,4.2057364177869516e-05,4.390685373683263e-05,4.0192005209482753e-07,4.879461271417271e-07
8,0.01227184630308513,3285.333333333333,72,0.01155214702911552,4.172026926383113e-05,0.0001275156194508508,2.874168349561311e-08,4.164146311790232e-05,4.1737560135383386e-05,6.742835555205857e-07,4.6307262125775123e-07
8,0.01227184630308513,3306.6666666666665,72,0.006007224718039059,3.964246154666883e-05,0.00014222529072178633,2.8130160616656935e-08,4.4510507053922096e-05,4.2467650962739935e-05,4.049843136088208e-07,4.515070444152804e-07
8,0.01227184630308513,3328.0,72,5.674785140482295e-05,3.7565321719975954e-05,0.00014724289858008391,2.7849871610037314e-08,3.819618778471129e-05,4.4412002075025455e-05,-2.3619533547206396e-07,5.645369681575075e-07
8,0.01227184630308513,3349.333333333333,72,-0.005895717467933415,3.6216424474564066e-05,0.0001422261473846806,2.7941975862756365e-08,2.2329718258638085e-05,4.438233651096502e-05,-1.816648086495831e-07,5.112017817448704e-07
8,0.01227184630308513,3370.6666666666665,72,-0.011442845379678322,3.589790922480521e-05,0.00012751529136283005,2.805834844943791e-08,2.9991021124277947e-06,4.450720030497796e-05,1.8892753100973988e-07,5.620317188440226e-07
8,0.01227184630308513,3392.0,72,-0.01620594587838807,3.6339231838198635e-05,0.00010411425520260594,2.820314700427237e-08,-1.7714434802798018e-05,4.4422510807218256e-05,-1.3068709830336723e-07,5.03295549174791e-07
8,0.01227184630308513,3413.333333333333,72,-0.019861054152556783,3.7258229025008066e-05,7.361746396138198e-05,2.821648614029136e-08,-2.2691616068316658e-05,4.35640353643346e-05,-3.392248946587807e-07,4.923782632658761e-07
8,0.01227184630308513,3434.6666666666665,72,-0.022159408360554734,3.8169410206374267e-05,3.809980569516545e-05,2.8088322678531985e-08,-1.0464882957712128e-05,4.2949197003819865e-05,-1.766730118705888e-07,4.96359175682621e-07
8,0.01227184630308513,3456.0,72,-0.02294439442707902,3.871389282173221e-05,-1.5870827588819517e-08,2.813018731427894e-08,-1.011140383877212e-05,4.173626916920169e-05,-6.86279116342809e-07,5.345625708942108e-07
8,0.01227184630308513,3477.333333333333,72,-0.02216159389449189,3.897630469912053e-05,-3.8128421948860656e-05,2.8276353547026978e-08,-2.2083168236644544e-05,4.044830858187133e-05,-9.127297942364429e-07,4.778715057994608e-07
8,0.01227184630308513,3498.6666666666665,72,-0.019864489704906226,3.883179297860315e-05,-7.364449975762347e-05,2.8360910929668263e-08,-2.3600100149332066e-05,4.1180540840267295e-05,9.758692308245071e-08,4.870823511444521e-07
8,0.01227184630308513,3520.0,72,-0.016211525447757155,3.8213872047949126e-05,-0.00010414479733803282,2.846528404779716e-08,-2.0525123306536037e-05,4.294888099097638e-05,3.576457990692028e-07,4.407009411756468e-07
8,0.01227184630308513,3541.333333333333,72,-0.011450655685172466,3.767179975289111e-05,-0.00012754616198901587,2.8495399336811653e-08,-2.0989573617114445e-05,4.270810935994839e-05,-7.178713085378341e-07,4.954112028206767e-07
8,0.01227184630308513,3562.6666666666665,72,-0.005904014329933612,3.747335736598294e-05,-0.0001422558122142898,2.841465545589842e-08,-1.8697138638002812e-05,4.119019836643898e-05,-8.82067864178404e-07,4.2884099401576664e-07
8,0.01227184630308513,3584.0,72,4.782693627785718e-05,3.744958291160263e-05,-0.00014727427801270167,2.843392183648469e-08,-1.821817116453173e-05,4.064695474017047e-05,-5.456908449671281e-08,4.449066110260214e-07
8,0.01227184630308513,3605.333333333333,72,0.0059963979316666645,3.781228342271862e-05,-0.00014225638791266244,2.8570093674009256e-08,-1.6287009072080562e-05,4.098003062338094e-05,5.263826705037047e-08,5.199150360024122e-07
8,0.01227184630308513,3626.6666666666665,72,0.011539048390251445,3.8650008161642455e-05,-0.00012754499809843436,2.857998535585134e-08,-7.432842516926586e-06,4.060173521737788e-05,-2.1364810575073395e-07,4.6753873372867155e-07
8,0.01227184630308513,3648.0,72,0.016300366877745793,3.957069755148655e-05,-0.00010414479901908441,2.85373799164755e-08,-1.2618783260683124e-05,4.01137586479058e-05,-7.040727984212224e-09,4.784349513350661e-07
8,0.01227184630308513,3669.333333333333,72,0.019953957618865488,4.0406738404745625e-05,-7.364640996883987e-05,2.85086957988891e-08,-2.9486045059410544e-05,4.012935559215767e-05,1.7097712631545436e-07,4.868440996140607e-07
8,0.01227184630308513,3690.6666666666665,72,0.022249583364361787,4.125374512829965e-05,-3.812876145471318e-05,2.8513784160174242e-08,-2.2782267695092028e-05,4.019715976582879e-05,1.530521424690193e-07,5.238806349244219e-07
8,0.01227184630308513,3712.0,72,0.023031254803004955,4.189815408533592e-05,-1.6066755369038847e-08,2.8552896418949495e-08,1.2585930000471798e-08,4.0322555022395154e-05,1.5133642469810595e-07,4.481285885333903e-07
8,0.01227184630308513,3733.333333333333,72,0.022245159868270196,4.2150395345951405e-05,3.809754598364054e-05,2.846707003135158e-08,8.371471947777201e-06,4.101850573752661e-05,-2.6276407743528676e-07,5.084702481656911e-07
8,0.01227184630308513,3754.6666666666665,72,0.01994372266162772,4.219899980507566e-05,7.361438731142052e-05,2.827277543507491e-08,9.708160992588871e-06,4.120326917766298e-05,-9.813536803641716e-07,4.798533467251305e-07
8,0.01227184630308513,3776.0,72,0.01628287300234748,4.207562187779787e-05,0.00010411019983736942,2.8270953352328447e-08,1.2441376973578016e-05,3.988016034552326e-05,-9.674236105363717e-07,5.078018567023288e-07
8,0.01227184630308513,3797.333333333333,72,0.01151184747460396,4.169045711204708e-05,0.00012751257973608372,2.8329969433993516e-08,1.0055477911306347e-05,3.833012819303865e-05,-1.3267007425361446e-07,5.037701925547239e-07
8,0.01227184630308513,3818.6666666666665,72,0.005957044791728346,4.1257283444522215e-05,0.00014222817170242078,2.8196814605935082e-08,1.0793157763949443e-05,3.880696536864591e-05,3.2038918526585826e-07,4.812540584690024e-07
8,0.01227184630308513,3840.0,72,-1.7349897821956167e-06,4.103772437760211e-05,0.00014724413876011366,2.8105464970717385e-08,1.2747664737383106e-05,3.954336472965303e-05,-6.494723012054749e-08,4.85104968908953e-07
8,0.01227184630308513,3861.333333333333,72,-0.005959516496956235,4.1185414509710294e-05,0.00014222076455333422,2.832216276003273e-08,4.938107713791845e-06,3.9209604878027844e-05,-4.4221703458519774e-07,4.822462949995056e-07
8,0.01227184630308513,3882.6666666666665,72,-0.011512836861837551,4.185709893637934e-05,0.0001275101653126179,2.851370295124478e-08,4.432480214792196e-06,3.842417849075477e-05,-2.3648364193559983e-07,4.57983252364569e-07
8,0.01227184630308513,3904.0,72,-0.016283770294247834,4.286885558677497e-05,0.00010410963593407934,2.8551086831091112e-08,1.9457057330054383e-05,3.8797939650764026e-05,3.962901811872808e-07,4.911225510947725e-07
8,0.01227184630308513,3925.333333333333,72,-0.019944703573845035,4.387717727381185e-05,7.360861166864841e-05,2.8490904342190967e-08,2.5920163114386224e-05,3.888436610722047e-05,9.931327339086282e-07,4.804619925657664e-07
8,0.01227184630308513,3946.6666666666665,72,-0.02224529660417188,4.4777059570555427e-05,3.809245335831313e-05,2.8449635750313868e-08,1.984844067134447e-05,3.83722784705849e-05,7.339159363952633e-07,4.7001728697600464e-07
8,0.01227184630308513,3968.0,72,-0.023031709606558586,4.551100661978384e-05,-1.8722579190560205e-08,2.8615910621156647e-08,2.037414071614572e-05,3.80943445280798e-05,-2.792740140575379e-07,5.947384040669501e-07
8,0.01227184630308513,3989.333333333333,72,-0.02225058338169461,4.589367900288741e-05,-3.813354624781347e-05,2.8985524862496824e-08,3.073555895198139e-05,3.7608487857481446e-05,-5.168679833855063e-07,6.253300680458824e-07
8,0.01227184630308513,4010.6666666666665,72,-0.019951185662567313,4.591283866856731e-05,-7.36504538514673e-05,2.921832357085978e-08,4.336425774804382e-05,3.7034603385321306e-05,9.04015003975022e-08,4.929446201826589e-07
8,0.01227184630308513,4032.0,72,-0.016290817200235556,4.575029015456476e-05,-0.0001041460419161766,2.9196655816470466e-08,4.973942751506014e-05,3.740728438278891e-05,-7.195849821335912e-08,4.344774664014559e-07
8,0.01227184630308513,4053.333333333333,72,-0.011523967779731848,4.5505978036537357e-05,-0.0001275477880545542,2.924670778067754e-08,4.4580431398124014e-05,3.8656462698142e-05,-7.183485454407419e-07,4.462487637725228e-07
8,0.01227184630308513,4074.6666666666665,72,-0.005975422014480712,4.518579400840474e-05,-0.00014226115550426154,2.9445440523712667e-08,3.8757030826825205e-05,3.916470877517448e-05,-5.648497216822346e-07,4.911668909573782e-07
10,0.015339807878856412,0.0,72,-2.571344721041928e-05,3.301242080435103e-05,-0.00018404556622569307,2.7781001068918163e-08,-1.1905486343925961e-05,4.087562957624988e-05,3.078954620290806e-07,4.7327514264892117e-07
10,0.015339807878856412,21.333333333333332,72,0.007754246714890434,3.3542373155352604e-05,-0.00017427696711042254,2.7778934155386258e-08,-1.026688131216712e-05,4.019457490235442e-05,-4.3253749699336266e-07,4.811097602832529e-07
10,0.015339807878856412,42.666666666666664,72,0.014709238014965209,3.479997575729096e-05,-0.000146007038276603,2.7767936149634455e-08,-1.4340134803192787e-05,3.836621325087588e-05,-3.1053487863059695e-07,4.772371988399004e-07
10,0.015339807878856412,64.0,72,0.020098850535112102,3.587449807277966e-05,-0.00010223629224542373,2.7678315086396248e-08,-1.4192195725119606e-05,3.680469489723459e-05,3.030212421695319e-07,4.599021683962606e-07
10,0.015339807878856412,85.33333333333333,72,0.02334869662536107,3.6171308757623564e-05,-4.761171988446234e-05,2.7675555668063514e-08,-9.330423819464679e-06,3.7017949100432436e-05,3.9620333622230765e-07,4.109923564324761e-07
10,0.015339807878856412,106.66666666666666,72,0.024116571580257252,3.6183851228828794e-05,1.2070215417593338e-05,2.7723573320611116e-08,-2.6399352884286868e-06,3.807834104034388e-05,1.5899850112337977e-07,4.2661198700613404e-07
10,0.015339807878856412,128.0,72,0.02232224851455682,3.6314378544324635e-05,7.047582275691803e-05,2.7768147285203833e-08,2.8407485894060783e-06,3.765406702312497e-05,2.3297326518834406e-07,5.585942448197661e-07
10,0.015339807878856412,149.33333333333331,72,0.018152752348577106,3.6155848763677514e-05,0.00012140213477146936,2.796771252246044e-08,1.140743885323484e-05,3.564568545765378e-05,2.664416096634886e-07,5.792399498072559e-07
10,0.015339807878856412,170.66666666666666,72,0.012049508934180152,3.560207842670386e-05,0.000159443841987816,2.8162638443978423e-08,2.635856276413772e-05,3.362631625297071e-05,-1.6378773737460536e-07,4.399475155128895e-07
10,0.015339807878856412,192.0,72,0.004662186317747706,3.5300081423034253e-05,0.00018056871274568513,2.786972021846716e-08,3.23585111291968e-05,3.474953426663374e-05,-5.202507849891788e-07,4.873396556046541e-07
10,0.015339807878856412,213.33333333333331,72,-0.0032260000512935186,3.549850913523465e-05,0.00018253282558372194,2.7475836091049932e-08,2.4355438900017407e-05,3.638851977223041e-05,-2.443349497706075e-07,4.939585799633761e-07
10,0.015339807878856412,234.66666666666666,72,-0.010780569653183438,3.6049942956011004e-05,0.00016512236250576601,2.7828642745751913e-08,2.2573863427962475e-05,3.596346498026804e-05,3.042897691048061e-07,5.484473655412137e-07
10,0.015339807878856412,256.0,72,-0.017199939180953135,3.686168431678552e-05,0.00013018866972153674,2.829588095102514e-08,2.6593639942773277e-05,3.479847165431701e-05,4.898422106051025e-07,5.451722042932077e-07
10,0.015339807878856412,277.3333333333333,72,-0.021801285374679857,3.769183477918321e-05,8.144325779756933e-05,2.8008366753662142e-08,2.1147635470929668e-05,3.372685659021137e-05,4.4022564818869264e-07,5.125300848903255e-07
10,0.015339807878856412,298.66666666666663,72,-0.024096172976049494,3.8304978119498974e-05,2.405621681752662e-05,2.7707456914082137e-08,2.097487687182614e-05,3.2720986288082576e-05,5.026500982718644e-07,4.362345001509808e-07
10,0.015339807878856412,320.0,72,-0.023841358708260336,3.871968721869672e-05,-3.588376015424174e-05,2.793443533638191e-08,3.359872038676126e-05,3.244219941725022e-05,1.7070022688542722e-07,5.211064745815476e-07
10,0.015339807878856412,341.3333333333333,72,-0.021063192622780866,3.914375046162091e-05,-9.20135617680495e-05,2.7941436274947962e-08,3.227807208811225e-05,3.2583531670191084e-05,-6.38327511246884e-07,5.204851207404324e-07
10,0.015339807878856412,362.66666666666663,72,-0.016058793792483216,3.949341751964524e-05,-0.00013837381175855248,2.7704330080694933e-08,1.4076293740635277e-05,3.2070858730104857e-05,-6.352568095885022e-07,4.032836708577126e-07
10,0.015339807878856412,384.0,72,-0.009363844262364281,3.9457778994648374e-05,-0.00017004053506848753,2.7866511302363522e-08,2.680403476954953e-06,3.198783378313353e-05,2.878893545258134e-07,5.043300307630279e-07
10,0.015339807878856412,405.3333333333333,72,-0.0016870881992039157,3.9267019973405195e-05,-0.00018365391578618428,2.8192379310204992e-08,-1.7297264174056019e-06,3.195700697010793e-05,5.516113097469315e-07,4.5484305270547963e-07
10,0.015339807878856412,426.66666666666663,72,0.006162012231882907,3.9512914524371105e-05,-0.00017777486543366335,2.8192790059809498e-08,-3.7345591049716337e-06,3.2308822411299783e-05,1.0049225229735662e-07,4.800837731753732e-07
10,0.015339807878856412,448.0,72,0.013348380533208143,4.0125584634435284e-05,-0.00015302632925297358,2.815442708539615e-08,3.953260877761555e-06,3.2922748845014394e-05,-1.0791457996980534e-07,5.092789984847947e-07
10,0.015339807878856412,469.3333333333333,72,0.019105822373928785,4.060225078511903e-05,-0.00011203077872250659,2.8306939847068348e-08,8.664152773606978e-06,3.3056935641532327e-05,-4.86010111245618e-07,4.974569410215923e-07
10,0.015339807878856412,490.66666666666663,72,0.022826019021260482,4.087354629033851e-05,-5.914122235789414e-05,2.8308621803703133e-08,-3.6193543882642956e-06,3.302865959674673e-05,-9.272907585201965e-07,5.126289808769928e-07
10,0.015339807878856412,512.0,72,0.02411370713188709,4.1050749745115535e-05,2.7775293274649195e-08,2.8248937574410963e-08,-1.6862033169981473e-05,3.4005749977265834e-05,-4.6059821701552243e-07,4.975390543852111e-07
10,0.015339807878856412,533.3333333333333,72,0.022827980399423096,4.09403711895731e-05,5.9198040908520154e-05,2.8347677336946368e-08,-1.7464396731400692e-05,3.500481178094072e-05,1.1705494630457549e-07,4.601466657266378e-07
10,0.015339807878856412,554.6666666666666,72,0.01910880928728045,4.048803958197759e-05,0.00011208732839535237,2.864884216257426e-08,-1.1222940875679183e-05,3.50768713016342e-05,3.894379347885943e-08,5.123984123957465e-07
10,0.015339807878856412,576.0,72,0.013356708968993262,3.998501370299135e-05,0.00015308146711206507,2.8969095767197796e-08,-3.535979181220553e-06,3.473137454123245e-05,3.5164245058817935e-07,5.15537997489664e-07
10,0.015339807878856412,597.3333333333333,72,0.006180277589251769,3.961393093557356e-05,0.00017783288570079106,2.8964303829178202e-08,-3.6200696517592037e-06,3.469089934765169e-05,8.812123685403999e-07,4.637045940476445e-07
10,0.015339807878856412,618.6666666666666,72,-0.0016617069710460923,3.921393499018319e-05,0.0001837133005230244,2.860863517332318e-08,-1.6979706966743408e-05,3.5281117392421606e-05,5.104926288598747e-07,4.633575334981274e-07
10,0.015339807878856412,640.0,72,-0.009336737799578944,3.888906586063298e-05,0.00017009523375688737,2.8452178978458096e-08,-2.3603549028074584e-05,3.5090294074428475e-05,-4.869838799840437e-08,4.5003153636967517e-07
10,0.015339807878856412,661.3333333333333,72,-0.01603044972162299,3.901304870435276e-05,0.00013842605021779447,2.8785933559308202e-08,-9.314871517446053e-06,3.484682725327066e-05,-1.6872489782099478e-07,4.936486871500447e-07
10,0.015339807878856412,682.6666666666666,72,-0.021030906279356776,3.928002522404678e-05,9.206927153470348e-05,2.9007728248120025e-08,5.582821443528955e-06,3.536033543134539e-05,-2.683705192382526e-07,5.876223240710303e-07
10,0.015339807878856412,704.0,72,-0.02380506612884053,3.916115649948439e-05,3.5943861848758956e-05,2.8766658739257344e-08,5.466803105540049e-06,3.6245157307596456e-05,2.1266593083159495e-08,5.036009421346249e-07
10,0.015339807878856412,725.3333333333333,72,-0.02405922400873099,3.857666383814596e-05,-2.3994132207760392e-05,2.8623369866321333e-08,1.042472133692962e-06,3.6712963548448884e-05,4.1049182576555094e-07,5.479772648785377e-07
10,0.015339807878856412,746.6666666666666,72,-0.021766244740628504,3.775522884280408e-05,-8.13829208086391e-05,2.8821546549414626e-08,-3.6904109770994135e-06,3.6956783813392626e-05,-1.1558064526764252e-07,5.41356261879774e-07
10,0.015339807878856412,768.0,72,-0.017167453559628718,3.695350177734891e-05,-0.00013013038478952953,2.8836328957579313e-08,-1.544418558797832e-05,3.6835461791181394e-05,-4.91712886826017e-07,5.443305562407128e-07
10,0.015339807878856412,789.3333333333333,72,-0.010750537544034267,3.6312278423670404e-05,-0.0001650606951601269,2.8648545462226185e-08,-2.5899403736295197e-05,3.5996543783660007e-05,1.0665153231557352e-07,5.005578053329505e-07
10,0.015339807878856412,810.6666666666666,72,-0.003195372518393068,3.584117827255694e-05,-0.0001824666575767465,2.870724194885885e-08,-2.3217469199677417e-05,3.469809467046635e-05,1.8999925040481733e-07,5.878112171702861e-07
10,0.015339807878856412,832.0,72,0.004697053363117941,3.5776377556854546e-05,-0.00018050326736539967,2.879521352604533e-08,-1.3225894798194854e-05,3.5363039116125486e-05,-1.3677367569223356e-07,4.49203132350847e-07
10,0.015339807878856412,853.3333333333333,72,0.012086310692304756,3.616600898505601e-05,-0.0001593792772068424,2.8905074448583213e-08,-4.276489743999901e-06,3.7766190218166865e-05,4.1884602571694e-07,5.819978665370144e-07
10,0.015339807878856412,874.6666666666666,72,0.0181878130481937,3.670283015829259e-05,-0.00012133421485326813,2.9181522284222216e-08,4.080147093863148e-06,4.045940281815365e-05,5.286718273164292e-07,5.156422931586221e-07
10,0.015339807878856412,896.0,72,0.022356518450856355,3.708497857732793e-05,-7.040522152288055e-05,2.9073446966710856e-08,1.069624016632466e-05,4.189028637313731e-05,-5.290931992311757e-07,4.692032410975458e-07
10,0.015339807878856412,917.3333333333333,72,0.024148511488726796,3.720924342564766e-05,-1.200037939467407e-05,2.865897375692889e-08,1.8244469885599316e-05,4.303789696680625e-05,-6.333009626593387e-07,4.3459491513688536e-07
10,0.015339807878856412,938.6666666666666,72,0.023373257319949152,3.7196703573065166e-05,4.768109386776218e-05,2.873326037931289e-08,3.3880007978502476e-05,4.465349247189706e-05,3.349026852019395e-07,4.6724655215379873e-07
10,0.015339807878856412,960.0,72,0.02011649400809332,3.706541419462377e-05,0.00010230802335659736,2.8771766690157985e-08,4.6732341840479526e-05,4.5054731880750075e-05,3.372952531922782e-07,5.341814980016875e-07
10,0.015339807878856412,981.3333333333333,72,0.014721940826849276,3.682277242566469e-05,0.0001460807277832541,2.8242662018596795e-08,4.3448784584453716e-05,4.477297243764656e-05,-2.3183795605618543e-07,5.317395526768063e-07
10,0.015339807878856412,1002.6666666666666,72,0.007758343733936541,3.6724670722245494e-05,0.00017434875967659637,2.8150620700971267e-08,4.1001490586975296e-05,4.365563952117366e-05,-1.3020697030577044e-07,5.065645303673463e-07
10,0.015339807878856412,1024.0,72,-3.3065442902901064e-05,3.697056955500133e-05,0.00018411522122994392,2.8452581892152297e-08,5.1761714959301257e-05,4.2805946792140044e-05,-3.0027662620332626e-07,4.98995968101262e-07
10,0.015339807878856412,1045.3333333333333,72,-0.007824712772134056,3.770825614816479e-05,0.00017434810537840246,2.8096086895624554e-08,5.439320103789342e-05,4.4348301009280926e-05,-1.1085570858651344e-06,4.879404112891981e-07
10,0.015339807878856412,1066.6666666666665,72,-0.01479139871567273,3.894210278609115e-05,0.0001460803810499902,2.783107711626009e-08,4.3769448539498926e-05,4.5413195074229225e-05,-8.872290881107138e-07,4.819172847112179e-07
10,0.015339807878856412,1088.0,72,-0.020190818082812395,4.0308470376229463e-05,0.00010230945399656862,2.829060984709309e-08,4.208324662084273e-05,4.473097321795449e-05,5.295485509479803e-07,5.155436449128736e-07
10,0.015339807878856412,1109.3333333333333,72,-0.02344906974696047,4.140090877480655e-05,4.7683358302699966e-05,2.8194113026401002e-08,4.64513555946588e-05,4.527381566161957e-05,1.0382203466468365e-06,5.384440584722274e-07
10,0.015339807878856412,1130.6666666666665,72,-0.024224134897103327,4.203234553492672e-05,-1.1998947452257921e-05,2.78502991506312e-08,3.9730857548375044e-05,4.446375454970137e-05,1.6235807818786558e-07,6.403900106902269e-07
10,0.015339807878856412,1152.0,72,-0.022433025770105842,4.221079908959339e-05,-7.040193450902722e-05,2.8133998580793477e-08,2.9128536644727906e-05,4.009013806870341e-05,-2.638381415422995e-07,5.680839946771807e-07
10,0.015339807878856412,1173.3333333333333,72,-0.018265016791156177,4.213651648103936e-05,-0.00012132727598850862,2.8129096280748353e-08,2.4153131814578367e-05,3.7286199104944204e-05,2.1434353777741853e-07,4.922551863953561e-07
10,0.015339807878856412,1194.6666666666665,72,-0.012167498683737241,4.208633674616454e-05,-0.0001593740863956183,2.7939751049511022e-08,2.2037870548142626e-05,3.735499115165165e-05,3.604129485749925e-07,4.4654222521459775e-07
10,0.015339807878856412,1216.0,72,-0.004788712404145697,4.207679481308347e-05,-0.00018050222569521336,2.8731642224101565e-08,2.1196008831014216e-05,3.623633935743418e-05,2.0034457697707123e-07,4.5954219843843037e-07
10,0.015339807878856412,1237.3333333333333,72,0.003092022345941483,4.184360054427297e-05,-0.00018246355926603396,2.9250003007260665e-08,1.5086742292871854e-05,3.545342445053209e-05,4.6684241996928855e-07,4.0065917347439436e-07
10,0.015339807878856412,1258.6666666666665,72,0.010638148489451143,4.15244383618789e-05,-0.00016505432359020895,2.8354978077534006e-08,3.044842732933535e-06,3.6045128144667056e-05,7.470941443385775e-07,5.353814946164724e-07
10,0.015339807878856412,1280.0,72,0.01704802307062099,4.141589372000407e-05,-0.00013012634852545946,2.777246455551954e-08,1.0008926511773966e-06,3.621814053812701e-05,6.45250361183106e-07,5.53235514949706e-07
10,0.015339807878856412,1301.3333333333333,72,0.021643088492286397,4.1386451424114906e-05,-8.138074500956833e-05,2.8036940910623644e-08,6.052306401423703e-06,3.705418006038437e-05,3.910183493349574e-07,4.2609257755931444e-07
10,0.015339807878856412,1322.6666666666665,72,0.023934612258527964,4.1412067378046016e-05,-2.3990822832002057e-05,2.807497817199686e-08,-6.925322088495994e-07,3.892324279543272e-05,6.834275173074122e-08,4.192874065275517e-07
10,0.015339807878856412,1344.0,72,0.02367791653483302,4.152923390843164e-05,3.594649509052988e-05,2.8156531166939836e-08,-1.038326098714459e-05,3.858859844542943e-05,-6.75535359771055e-08,4.4865010408670387e-07
10,0.015339807878856412,1365.3333333333333,72,0.02090214559379487,4.167899885263566e-05,9.207144536794651e-05,2.847473612710416e-08,-9.345633653813056e-06,3.69233678658428e-05,-2.7686736327228975e-08,4.330510968667804e-07
10,0.015339807878856412,1386.6666666666665,72,0.01590312346688202,4.211692209756806e-05,0.00013842857845486914,2.8365549783279026e-08,-7.954128045495748e-06,3.6923557997476836e-05,-3.961095965585796e-07,3.8195876306286226e-07
10,0.015339807878856412,1408.0,72,0.009211624918062718,4.300380346002908e-05,0.00017009471346831793,2.8216144065481654e-08,-7.96833653074389e-06,3.727661704563109e-05,-7.818240612616151e-07,4.493741902844755e-07
10,0.015339807878856412,1429.3333333333333,72,0.001539186910621547,4.4262499052296894e-05,0.00018371185191439103,2.839773802835868e-08,-3.5195456260498547e-06,3.7461137925791854e-05,-5.068698742883206e-07,5.17083212434634e-07
10,0.015339807878856412,1450.6666666666665,72,-0.0062999392696713,4.610092701400058e-05,0.00017783665039622113,2.8417196605208778e-08,-3.6476364722373884e-06,3.738479402307265e-05,-2.2998516902677144e-07,5.628344158438008e-07
10,0.015339807878856412,1472.0,72,-0.013474590561799855,4.8475867706801504e-05,0.00015308717868565773,2.828533542306683e-08,-3.4819506080900966e-06,3.819592450948626e-05,-2.1973544897166843e-07,4.46697426938361e-07
10,0.015339807878856412,1493.3333333333333,72,-0.019222058878650663,5.056976199626811e-05,0.00011208943611031049,2.820922578876092e-08,1.420083359511312e-05,4.010684836894256e-05,-7.764303757497114e-08,4.71148696238843e-07
10,0.015339807878856412,1514.6666666666665,72,-0.022931214306454197,5.172690925611086e-05,5.919841394217107e-05,2.8034675890011258e-08,3.726774456978685e-05,3.9968216458172615e-05,-4.1322048063938026e-07,5.253466755402451e-07
10,0.015339807878856412,1536.0,72,-0.02420869125681048,5.209157925230563e-05,2.7789869267948104e-08,2.7875728122673893e-08,4.3379946556840856e-05,3.848060195150408e-05,-9.722448493726404e-07,4.254333297339495e-07
10,0.015339807878856412,1557.3333333333333,72,-0.022918318972034113,5.203285037469495e-05,-5.914165049845361e-05,2.8099529500156454e-08,3.5351249943983595e-05,3.756405146885697e-05,-3.885548046570406e-07,5.074546950576144e-07
10,0.015339807878856412,1578.6666666666665,72,-0.01919497143340769,5.1512011663576223e-05,-0.00011203040622674114,2.8295720153395418e-08,2.76553992386911e-05,3.6977868612103876e-05,4.5478010328909987e-07,5.481400896414602e-07
10,0.015339807878856412,1600.0,72,-0.013431616543099224,5.021252229446322e-05,-0.00015302870106834957,2.798001831718661e-08,3.166663181134087e-05,3.663124178159468e-05,2.3405083167663295e-07,4.664852525499189e-07
10,0.015339807878856412,1621.3333333333333,72,-0.00623913004749629,4.8321749077844004e-05,-0.00017778110838303617,2.7548666057179836e-08,4.663129441857767e-05,3.66602124149434e-05,1.649044585188113e-07,4.480811613610725e-07
10,0.015339807878856412,1642.6666666666665,72,0.0016186950545974078,4.6614758036060827e-05,-0.00018365462263776706,2.761289544892884e-08,5.6497515113370596e-05,3.661556346079848e-05,6.52955499753135e-07,4.929224657959638e-07
10,0.015339807878856412,1664.0,72,0.00930825134976953,4.557421931204064e-05,-0.0001700325673688726,2.811172485758495e-08,5.6289871134252234e-05,3.626433489853171e-05,3.917746952972185e-07,6.004938627938209e-07
10,0.015339807878856412,1685.3333333333333,72,0.01601376874475361,4.505422804758046e-05,-0.00013836673517220405,2.820211349580174e-08,5.204898826650813e-05,3.562372894622357e-05,-7.230198164891049e-08,5.457998353703851e-07
10,0.015339807878856412,1706.6666666666665,72,0.02102245507151471,4.477676675165679e-05,-9.201147569187301e-05,2.7812284215661804e-08,3.718868001808279e-05,3.5130448986442884e-05,2.821044003052249e-07,4.990714508818192e-07
10,0.015339807878856412,1728.0,72,0.02380348582472623,4.4535995775544954e-05,-3.588297451420504e-05,2.7918123731584456e-08,1.829112847152356e-05,3.559153763177603e-05,5.584976723302689e-07,5.224407486054787e-07
10,0.015339807878856412,1749.3333333333333,72,0.024064949187945595,4.421653207696665e-05,2.405695668899358e-05,2.8479617585373612e-08,1.998719924856796e-05,3.646242393095765e-05,3.4467162591332365e-07,4.862652265092924e-07
10,0.015339807878856412,1770.6666666666665,72,0.021779582563872874,4.3774003400372545e-05,8.144475227764154e-05,2.85478644021944e-08,3.3018053135373605e-05,3.7016463334511714e-05,3.376682289410384e-07,5.716482152881755e-07
10,0.015339807878856412,1792.0,72,0.017187745928228908,4.3093994040615495e-05,0.00013019085847753082,2.833057075241855e-08,3.0950948942227836e-05,3.70759939486395e-05,4.3408650907299013e-07,4.993519857397528e-07
10,0.015339807878856412,1813.3333333333333,72,0.01077760098127136,4.215321386862803e-05,0.00016512211049399958,2.8580396841040105e-08,2.2767006667646057e-05,3.722450397865523e-05,3.1104825548032453e-07,4.937100647356211e-07
10,0.015339807878856412,1834.6666666666665,72,0.003233552532569404,4.1234300265412325e-05,0.0001825315665668381,2.8923783359884697e-08,2.0083304125690035e-05,3.828994861910201e-05,1.9704930832373222e-07,5.595255033573088e-07
10,0.015339807878856412,1856.0,72,-0.004641792525774473,4.081911248273389e-05,0.00018056990274944578,2.8823136130916826e-08,1.216476396392227e-05,3.865771508897143e-05,2.1737359792591664e-07,4.896798862655635e-07
10,0.015339807878856412,1877.3333333333333,72,-0.012014998560575425,4.1005843404752516e-05,0.0001594437084088035,2.8733403419350848e-08,6.660257271231001e-06,3.823583588200093e-05,2.771166027843569e-07,4.7424240484742446e-07
10,0.015339807878856412,1898.6666666666665,72,-0.018105705024425017,4.123597095786088e-05,0.00012139846583850085,2.8846316768139684e-08,2.0865535777010188e-05,3.793121378840718e-05,1.0782963556223642e-07,5.233464498143303e-07
10,0.015339807878856412,1920.0,72,-0.02226606469016431,4.122260513019521e-05,7.047426049618448e-05,2.8860911739622953e-08,4.053968355270414e-05,3.8138869388817325e-05,-3.051965288657705e-07,4.4355016681308036e-07
10,0.015339807878856412,1941.3333333333333,72,-0.024053454514488717,4.106397961778008e-05,1.2071862554228819e-05,2.8889338679656673e-08,4.150695269408463e-05,3.806281486104544e-05,-3.9064813606588946e-07,4.788848916018066e-07
10,0.015339807878856412,1962.6666666666665,72,-0.023278706698743323,4.0694128217557875e-05,-4.761211088816742e-05,2.909925277853893e-08,2.3708107234605602e-05,3.6733218465681006e-05,-1.664781068806537e-07,6.002401462478746e-07
10,0.015339807878856412,1984.0,72,-0.020021741226444068,4.003233459389387e-05,-0.00010223860061993217,2.9126882147127352e-08,3.5821948424854895e-06,3.568050560603879e-05,-2.2586195100160496e-07,6.095293912592889e-07
10,0.015339807878856412,2005.3333333333333,72,-0.01462652708485244,3.898072564601403e-05,-0.0001460072318628592,2.8943079052323355e-08,-6.770117696081058e-06,3.687375598190358e-05,-3.4239005948279564e-07,5.756525766594167e-07
10,0.015339807878856412,2026.6666666666665,72,-0.007669057686946206,3.777014998828242e-05,-0.00017427529741735796,2.900769309361692e-08,-1.1490502370332039e-05,3.7734501810078925e-05,-2.2889029683320119e-07,5.930008898421821e-07
10,0.015339807878856412,2048.0,72,0.00011212656747267862,3.7491332331296573e-05,-0.00018404410868305966,2.9326999879558587e-08,-1.9036672180163186e-05,3.674993287099576e-05,-2.0112901189707617e-07,5.656692690059619e-07
10,0.015339807878856412,2069.333333333333,72,0.007896624477346952,3.866932465021869e-05,-0.00017427533446271585,2.9424688742431975e-08,-2.5019483145704473e-05,3.5043291734802646e-05,-7.776594159827537e-08,4.7356862219054435e-07
10,0.015339807878856412,2090.6666666666665,72,0.014857898952811597,4.020459920899422e-05,-0.0001460054176908431,2.9165672761376525e-08,-2.4859178986438003e-05,3.420889644376205e-05,3.175583155507427e-07,5.05339547649659e-07
10,0.015339807878856412,2112.0,72,0.020252087392819126,4.113149244512803e-05,-0.00010223553432445287,2.877885545488581e-08,-2.1743956704684487e-05,3.377298380196542e-05,4.917371156532853e-07,5.159675107100539e-07
10,0.015339807878856412,2133.333333333333,72,0.023507212994532567,4.17988758286585e-05,-4.76103217131978e-05,2.8534145241137077e-08,-1.4970925142504128e-05,3.2894458743029404e-05,3.442093305799345e-07,5.33187311788195e-07
10,0.015339807878856412,2154.6666666666665,72,0.02427982309734608,4.2252751265200983e-05,1.207350709639543e-05,2.850866461074697e-08,-7.990384988473545e-06,3.2769021128838985e-05,1.2800797319935585e-07,5.124353724113682e-07
10,0.015339807878856412,2176.0,72,0.02248614393270458,4.1807074537244224e-05,7.047990512694201e-05,2.8617814552947855e-08,-9.017633645047999e-06,3.3340814061974056e-05,3.8810061340819275e-08,5.132319771454489e-07
10,0.015339807878856412,2197.333333333333,72,0.018316631662191378,4.05849765578494e-05,0.00012140698101452432,2.8710359034495806e-08,-1.127980542538992e-05,3.33824528172634e-05,2.864716722476343e-07,5.337581939824162e-07
10,0.015339807878856412,2218.6666666666665,72,0.012215532463459204,3.951333962786675e-05,0.00015944890221626575,2.850815901726528e-08,-7.258237347776071e-06,3.318258517519619e-05,1.840611680805631e-07,4.971877234845087e-07
10,0.015339807878856412,2240.0,72,0.004828889041713028,3.886528019556105e-05,0.00018057185991652964,2.802128023719992e-08,-4.661069372723599e-06,3.4026360368743875e-05,-7.425580207771761e-07,4.610962889251715e-07
10,0.015339807878856412,2261.333333333333,72,-0.0030601409287518856,3.839787909073126e-05,0.00018253632891412807,2.7874311617536645e-08,-3.429894415394983e-06,3.487585950306077e-05,-1.0439168400581924e-06,4.4695266165665857e-07
10,0.015339807878856412,2282.6666666666665,72,-0.010611967938422309,3.825382269343615e-05,0.0001651292682639793,2.8143463390844502e-08,3.5964876960704084e-06,3.3935182233339577e-05,-2.2293620632198492e-07,5.117175742729875e-07
10,0.015339807878856412,2304.0,72,-0.017025170642897478,3.8338548089247786e-05,0.000130195850905173,2.8143500303189855e-08,1.1889093668364553e-05,3.309847123845589e-05,1.1068134491187582e-07,5.269609875396644e-07
10,0.015339807878856412,2325.333333333333,72,-0.02162258355713112,3.830639985505431e-05,8.144912520218292e-05,2.7812747174924868e-08,1.9929698870932014e-05,3.3194479909824406e-05,-1.0543726645643123e-07,5.552790284385767e-07
10,0.015339807878856412,2346.6666666666665,72,-0.023917658256171925,3.8123504070335474e-05,2.4063316040290255e-05,2.772985195942968e-08,3.0206108748212243e-05,3.30298013029992e-05,-3.65916157726229e-08,5.567508301137657e-07
10,0.015339807878856412,2368.0,72,-0.023664537269893576,3.777094046861484e-05,-3.5876574024748084e-05,2.8080820104011355e-08,3.370110209299261e-05,3.367053472885073e-05,-3.9759147257926714e-07,4.7044934103156037e-07
10,0.015339807878856412,2389.333333333333,72,-0.02088922379758731,3.734673628684367e-05,-9.200639819999685e-05,2.829206473901034e-08,2.8372047192442454e-05,3.5988410856616905e-05,-9.547996237904947e-07,4.6639459885978e-07
10,0.015339807878856412,2410.6666666666665,72,-0.015889461482661557,3.7316336001030696e-05,-0.0001383631545632718,2.827271658783412e-08,2.3398091103226453e-05,3.7783206868541856e-05,-6.290727349555288e-07,4.954138351650823e-07
10,0.015339807878856412,2432.0,72,-0.009197440541568631,3.790658488875519e-05,-0.0001700297132231004,2.8266223883800713e-08,1.757088449331578e-05,3.7513817086751644e-05,-2.624207068689876e-07,4.821892532905517e-07
10,0.015339807878856412,2453.333333333333,72,-0.0015201530492695594,3.8720817015253115e-05,-0.00018364849673318146,2.8295767544131463e-08,1.1697540539424305e-05,3.7499484764610846e-05,-3.361837903126412e-07,5.036938393741348e-07
10,0.015339807878856412,2474.6666666666665,72,0.006328878713263784,3.949885570259598e-05,-0.00017777212121533904,2.8540012719917767e-08,1.3223214073817862e-05,3.873676951707113e-05,-6.117089161860399e-08,4.5568161860176964e-07
10,0.015339807878856412,2496.0,72,0.013513112746397072,4.036520376177167e-05,-0.00015302300481415986,2.8787954172069437e-08,1.2791863587153867e-05,3.91545942818545e-05,-4.742318053475774e-08,5.26642950918163e-07
10,0.015339807878856412,2517.333333333333,72,0.019267685789583922,4.113832628727776e-05,-0.00011202672840767867,2.8711613438846025e-08,3.284219766863237e-06,3.9075917600910146e-05,-5.933557882216377e-07,4.2753307951225976e-07
10,0.015339807878856412,2538.6666666666665,72,0.022981922211075874,4.143516230044156e-05,-5.913472569987909e-05,2.8523020364534532e-08,-8.874443366274682e-07,3.9647554920381823e-05,-6.015794255331665e-07,4.864616570756505e-07
10,0.015339807878856412,2560.0,72,0.024261687697183797,4.143953046548174e-05,3.4575399818778484e-08,2.855303894383105e-08,3.062617556089385e-06,3.873679654731976e-05,-3.931161593397008e-07,4.839980403864424e-07
10,0.015339807878856412,2581.333333333333,72,0.022972167220020708,4.150272567196699e-05,5.920146193014841e-05,2.8681440523536538e-08,3.0168260265961086e-06,3.752655427666455e-05,-3.914990960117702e-07,4.774154351378429e-07
10,0.015339807878856412,2602.6666666666665,72,0.01925116156309528,4.146320597976926e-05,0.00011209121435241106,2.88697719244141e-08,-1.9872049667254355e-07,3.82678034704343e-05,7.0653275654985e-08,4.909075731716445e-07
10,0.015339807878856412,2624.0,72,0.013492882877246544,4.11253454644319e-05,0.00015308748014117104,2.922537897547224e-08,-6.161661088824165e-06,3.767521338912815e-05,3.219764950485783e-08,5.255515911955694e-07
10,0.015339807878856412,2645.333333333333,72,0.0063084798802383055,4.070124146222435e-05,0.0001778355951137531,2.940823874508124e-08,-2.203223090869241e-05,3.607891936768553e-05,-9.043091733076882e-07,5.234938610437082e-07
10,0.015339807878856412,2666.6666666666665,72,-0.0015397512539209117,4.0226243159882e-05,0.00018371368370696784,2.908928384589295e-08,-4.0243628778101594e-05,3.618170938677771e-05,-6.975539069638045e-07,4.791128147557034e-07
10,0.015339807878856412,2688.0,72,-0.009221300506479378,3.975120127841556e-05,0.00017009779557259028,2.8786495590951388e-08,-4.880371485633915e-05,3.643345468011436e-05,1.7353421444520587e-07,5.467435861993544e-07
10,0.015339807878856412,2709.333333333333,72,-0.01592141098646918,3.972322868876632e-05,0.00013842756887785075,2.8769324690373742e-08,-5.094730546708815e-05,3.6443459510067065e-05,-3.6637524921108315e-07,4.1985912480355067e-07
10,0.015339807878856412,2730.6666666666665,72,-0.020926852916980973,4.0231234480559584e-05,9.206748163059853e-05,2.857822159386168e-08,-5.505578881654472e-05,3.711519042012732e-05,-8.263963736390598e-07,4.459261306858786e-07
10,0.015339807878856412,2752.0,72,-0.02370630818636675,4.088789528008231e-05,3.594236201094277e-05,2.8226350019979277e-08,-6.533472269786718e-05,3.810146694664724e-05,-5.611608511562168e-08,4.387897918334873e-07
10,0.015339807878856412,2773.333333333333,72,-0.02396483987056537,4.155064275883356e-05,-2.3994929382952746e-05,2.8071711936695016e-08,-7.593381250955403e-05,3.8176101265297344e-05,2.878542852219604e-09,3.964254577846237e-07
10,0.015339807878856412,2794.6666666666665,72,-0.021672725191799906,4.211557293161459e-05,-8.138443594732688e-05,2.8191223807551444e-08,-7.258624740020687e-05,3.834262572927111e-05,-6.270307832128553e-07,4.3354421465515504e-07
10,0.015339807878856412,2816.0,72,-0.017073426479384854,4.236627695594436e-05,-0.00013013122995629735,2.848305886616644e-08,-5.677890737653045e-05,3.9072398832623816e-05,-3.839223840524421e-07,4.607132494759637e-07
10,0.015339807878856412,2837.333333333333,72,-0.010657758512739656,4.248296309289869e-05,-0.0001650621599495161,2.874676571022718e-08,-4.48191718671047e-05,4.0195028735979956e-05,3.015538870721738e-07,4.656881271760924e-07
10,0.015339807878856412,2858.6666666666665,72,-0.0031062128443141495,4.2829978321938393e-05,-0.0001824729838456863,2.8665925161769746e-08,-4.082612216514035e-05,4.1116656721440945e-05,1.0453364574742753e-06,4.5418027369388996e-07
10,0.015339807878856412,2880.0,72,0.004781613638066492,4.343978292965464e-05,-0.00018051397702677945,2.831218557498263e-08,-4.2539076558436965e-05,4.150359005189641e-05,1.64738799954299e-06,4.6310419016604246e-07
10,0.015339807878856412,2901.333333333333,72,0.012167888802028442,4.431327882174643e-05,-0.00015938892907122433,2.809531308191995e-08,-5.0148127053486033e-05,4.2028828360573716e-05,8.286857639441145e-07,4.062317492324134e-07
10,0.015339807878856412,2922.6666666666665,72,0.018268001406412968,4.5149008982426684e-05,-0.00012134052793104335,2.7967589247168142e-08,-5.44721473476521e-05,4.1561381940526065e-05,-6.675425682440089e-07,4.76041828592184e-07
10,0.015339807878856412,2944.0,72,0.022435601317044876,4.569646684781535e-05,-7.041184268310702e-05,2.7903706436685472e-08,-5.130767324737033e-05,3.992155923468588e-05,-7.327397983586156e-07,4.931802600434657e-07
10,0.015339807878856412,2965.333333333333,72,0.024228086830880763,4.621999031158408e-05,-1.2009244142635368e-05,2.8021044082024732e-08,-5.034622031016732e-05,3.8709347604938206e-05,4.425729439589054e-08,4.113442095348175e-07
10,0.015339807878856412,2986.6666666666665,72,0.02345291277321303,4.6600816319846546e-05,4.767203194180966e-05,2.820201555210564e-08,-5.085175266137205e-05,3.8027653027914005e-05,2.758245456990221e-07,5.110488613958918e-07
10,0.015339807878856412,3008.0,72,0.02019193517260719,4.665246878049336e-05,0.00010229693805494492,2.8191066500392805e-08,-4.708318765738164e-05,3.79826077523867e-05,5.6832241057740293e-08,4.850083929354762e-07
10,0.015339807878856412,3029.333333333333,72,0.014794067036290727,4.70512445840207e-05,0.000146064866775765,2.7976256399597432e-08,-4.378153410212373e-05,3.9600485395276816e-05,-5.484544706426614e-07,5.06296803494669e-07
10,0.015339807878856412,3050.6666666666665,72,0.007833481226885047,4.8318540848789725e-05,0.00017433293079973945,2.7683553013082736e-08,-3.7851379242434244e-05,4.112690779842311e-05,-9.354478335584122e-07,4.897863140211135e-07
10,0.015339807878856412,3072.0,72,4.5831864321647344e-05,4.984830851012819e-05,0.0001841031711467807,2.7679440518534582e-08,-2.6476931200479436e-05,4.0145276569018395e-05,-2.5677659198649133e-07,4.6798998037107167e-07
10,0.015339807878856412,3093.333333333333,72,-0.007744591240685837,5.111301081944365e-05,0.0001743356867174472,2.804412186699642e-08,-2.5443227248881795e-05,3.831690854317878e-05,2.817081135633414e-07,4.911743203756318e-07
10,0.015339807878856412,3114.6666666666665,72,-0.01470854953466677,5.221210209937423e-05,0.00014606553387138093,2.8166141224768174e-08,-3.7100102849163404e-05,3.8400270577502635e-05,-1.798300472573244e-07,4.1843277326314023e-07
10,0.015339807878856412,3136.0,72,-0.020104776216603962,5.318131343582543e-05,0.00010229451471724511,2.786510401341469e-08,-4.4319035955937284e-05,4.0419634131545675e-05,-2.6837478016580584e-07,4.870427951694719e-07
10,0.015339807878856412,3157.333333333333,72,-0.02336219231688043,5.3992103670381234e-05,4.766884177051018e-05,2.7791612555937883e-08,-4.7737551392340275e-05,4.130533055740353e-05,1.5665427136137742e-07,4.82789107378766e-07
10,0.015339807878856412,3178.6666666666665,72,-0.024136752881786825,5.436270808100572e-05,-1.201335562250087e-05,2.8055534760570842e-08,-5.3851234772533354e-05,4.032754753988088e-05,2.2342779980427897e-08,4.422769992747824e-07
10,0.015339807878856412,3200.0,72,-0.02234588257717658,5.415992258475236e-05,-7.041761178967452e-05,2.8151081452715378e-08,-5.420550936463945e-05,3.963750197296443e-05,-7.77331405461697e-08,4.77052447710327e-07
10,0.015339807878856412,3221.333333333333,72,-0.018180061252377606,5.352951848105193e-05,-0.00012134577041304088,2.8162100542684546e-08,-4.8561328252713996e-05,3.929227507238602e-05,2.0936817088436545e-07,5.571696716209997e-07
10,0.015339807878856412,3242.6666666666665,72,-0.012083321381494037,5.256910755390874e-05,-0.0001593916390558147,2.8256911745437887e-08,-4.288878694485967e-05,3.8471880572691714e-05,-1.9906262481547284e-08,5.588637482512099e-07
10,0.015339807878856412,3264.0,72,-0.004703654800397855,5.170039555552358e-05,-0.0001805158571983091,2.7970603166142944e-08,-3.405698578695036e-05,3.712455625156207e-05,-2.2736874384456996e-07,5.351652110884491e-07
10,0.015339807878856412,3285.333333333333,72,0.003176399874530678,5.151713381503442e-05,-0.0001824759281007519,2.7509844348572507e-08,-2.5299264125427597e-05,3.568185911176098e-05,4.376810961717664e-07,4.3761635108904346e-07
10,0.015339807878856412,3306.6666666666665,72,0.010721621195284647,5.181375988537211e-05,-0.00016506434871332254,2.763324833839511e-08,-2.0044848380616253e-05,3.313259129081818e-05,7.055483299966251e-07,4.7468825196103456e-07
10,0.015339807878856412,3328.0,72,0.01713266958250197,5.2084394298750624e-05,-0.00013013224842805263,2.8149286291686762e-08,-1.3285270242204898e-05,3.163629611801783e-05,-2.1603250492309186e-07,4.638030427289986e-07
10,0.015339807878856412,3349.333333333333,72,0.021729943432819854,5.2394517825146464e-05,-8.138808327770838e-05,2.8248738942829296e-08,-1.4035892767714988e-05,3.1907465924028835e-05,-8.034319919301886e-07,5.458569088941381e-07
10,0.015339807878856412,3370.6666666666665,72,0.024022812732123883,5.2608519017366616e-05,-2.4000332353986513e-05,2.815963718727161e-08,-2.5311911211006425e-05,3.116184538994626e-05,-2.6248937948455366e-07,4.987868017559001e-07
10,0.015339807878856412,3392.0,72,0.023763269510696124,5.2040904543381715e-05,3.5941082994903485e-05,2.827454037001809e-08,-2.237658704974074e-05,3.0146784861534125e-05,8.355101098270507e-08,4.4578352134134663e-07
10,0.015339807878856412,3413.333333333333,72,0.020978208314435934,5.0762068012343085e-05,9.206896325532045e-05,2.8169094924642932e-08,-5.717511318808929e-06,3.200434111131033e-05,-2.6623885223382694e-07,4.821722847876124e-07
10,0.015339807878856412,3434.6666666666665,72,0.01596597397030298,4.940182875354773e-05,0.00013842601721559799,2.7722208493295056e-08,-3.694456113905854e-06,3.395326880754452e-05,-1.2902260696876295e-08,4.817167952983314e-07
10,0.015339807878856412,3456.0,72,0.00925870745931708,4.79552843935103e-05,0.00017009479115084005,2.7544443381618443e-08,-6.753445095218862e-06,3.346883965247541e-05,8.494370945752242e-07,4.772536270309858e-07
10,0.015339807878856412,3477.333333333333,72,0.001566739443899953,4.620638153504549e-05,0.0001837123728231988,2.7836853199084608e-08,4.052142488021226e-06,3.3521909297045035e-05,5.970099352000166e-07,5.265724826977991e-07
10,0.015339807878856412,3498.6666666666665,72,-0.0062928897531522076,4.477362473045581e-05,0.00017783343454639552,2.782820764730746e-08,5.52540284189532e-06,3.33648417997903e-05,-5.671831899388781e-07,5.942063718542208e-07
10,0.015339807878856412,3520.0,72,-0.013485788244013476,4.433130511943913e-05,0.00015308331733652718,2.7594128096323382e-08,-1.3715738800230788e-05,3.291404093734423e-05,-7.25970173624696e-07,4.5702451564342774e-07
10,0.015339807878856412,3541.333333333333,72,-0.019250307448136626,4.4613375683435696e-05,0.0001120867876171192,2.7742303973908228e-08,-2.9879456887472967e-05,3.337924355765367e-05,-9.347924747689038e-08,4.835377636883674e-07
10,0.015339807878856412,3562.6666666666665,72,-0.02297432936737359,4.499570100500792e-05,5.9196246782159067e-05,2.7967596018854066e-08,-3.519943006283327e-05,3.4105682027359874e-05,2.2940368689330677e-09,4.977169968976236e-07
10,0.015339807878856412,3584.0,72,-0.024261166298601908,4.5154339145823094e-05,2.8093342006584452e-08,2.791151962520124e-08,-3.377540820567631e-05,3.383756530692372e-05,1.2058841744199598e-07,4.704413186298099e-07
10,0.015339807878856412,3605.333333333333,72,-0.022976382376033812,4.490872254129804e-05,-5.914179511174306e-05,2.780439224873685e-08,-2.3530382288713242e-05,3.442508755171677e-05,7.358364524277136e-07,5.279066544245504e-07
10,0.015339807878856412,3626.6666666666665,72,-0.01925919342702751,4.430155005240094e-05,-0.00011203439977743515,2.7549769876212787e-08,-1.6515662528801054e-05,3.5620984180912075e-05,7.571622024011765e-07,5.39013690641645e-07
10,0.015339807878856412,3648.0,72,-0.013502969221074329,4.347825356958946e-05,-0.00015302895656362888,2.7144489101953966e-08,-1.704380637711671e-05,3.560870548555136e-05,1.5279935412742587e-07,5.158149772942936e-07
10,0.015339807878856412,3669.333333333333,72,-0.006317296133839822,4.2499126678276946e-05,-0.0001777740231196465,2.7167111499712216e-08,-6.326194281776854e-06,3.520789813636663e-05,7.96459913924139e-08,4.5691813710413583e-07
10,0.015339807878856412,3690.6666666666665,72,0.001532423446495521,4.1647322549467193e-05,-0.00018365016782481225,2.742633522387417e-08,1.2650773542633045e-05,3.486992266554176e-05,4.1838017216855385e-07,4.7361321338569616e-07
10,0.015339807878856412,3712.0,72,0.009210185214161002,4.146047796236359e-05,-0.00017003516389240618,2.727484532710235e-08,2.1532337108565787e-05,3.5098857679725556e-05,3.3226283776944055e-07,3.9890883459020967e-07
10,0.015339807878856412,3733.333333333333,72,0.015902669674236307,4.189871859562007e-05,-0.00013837006531795327,2.697417404274762e-08,2.742969174181433e-05,3.539456806861241e-05,-1.3014610991890497e-07,5.509691984888078e-07
10,0.015339807878856412,3754.6666666666665,72,0.020903166345683316,4.238328716247523e-05,-9.201250452331309e-05,2.7018414380056305e-08,3.5958285750180696e-05,3.5367151818451394e-05,-5.42960916681551e-07,4.542885622742276e-07
10,0.015339807878856412,3776.0,72,0.023681768654200908,4.256122144112022e-05,-3.5883358341862404e-05,2.6974829711466902e-08,3.7710929777091815e-05,3.6131156801704125e-05,-6.196620823868976e-07,4.662228838505118e-07
10,0.015339807878856412,3797.333333333333,72,0.02394119884257924,4.2271173225456605e-05,2.40556717069661e-05,2.6741295582727585e-08,4.032528766805085e-05,3.759077151109517e-05,-1.8608663153896153e-07,4.6314410595185795e-07
10,0.015339807878856412,3818.6666666666665,72,0.021652593125943264,4.1201578433619674e-05,8.144229618484761e-05,2.6909696720543982e-08,4.9239588710625395e-05,3.845961715652019e-05,4.249436556642531e-07,4.6978374877075573e-07
10,0.015339807878856412,3840.0,72,0.01706066803631737,3.944116635836004e-05,0.00013018982821001019,2.7247338474712287e-08,4.8029618703071174e-05,3.815609568252917e-05,6.732352753506704e-07,4.778144032253636e-07
10,0.015339807878856412,3861.333333333333,72,0.010653711714286609,3.778121357604817e-05,0.00016512318393736394,2.701937356451897e-08,3.572245363693991e-05,3.7704323277833875e-05,5.594601165112882e-07,4.563951329940843e-07
10,0.015339807878856412,3882.6666666666665,72,0.0031103619417239665,3.6593805282556654e-05,0.00018253114749565078,2.66720304801895e-08,2.6798390418263714e-05,3.8233911189336994e-05,3.260958504948949e-07,5.789321516185656e-07
10,0.015339807878856412,3904.0,72,-0.004766851502106636,3.556468926832729e-05,0.00018056927177102354,2.6629651035056052e-08,2.0134747309709385e-05,3.9074289327998435e-05,1.925906319322519e-08,5.295271258667299e-07
10,0.015339807878856412,3925.333333333333,72,-0.012137772755211138,3.480231581637764e-05,0.00015944798559051497,2.6490731539223953e-08,1.2412178461022392e-05,3.904435901154241e-05,-1.4986623988349488e-07,5.344679758795213e-07
10,0.015339807878856412,3946.6666666666665,72,-0.01822241706000964,3.4585005396269005e-05,0.00012140505374595733,2.622724730553168e-08,7.310772429791047e-06,3.881804067819806e-05,1.2588426915449655e-07,4.894868896807644e-07
10,0.015339807878856412,3968.0,72,-0.0223808300097718,3.468078508694741e-05,7.047708505259256e-05,2.6410924940293313e-08,4.118259412562118e-06,3.962141429748248e-05,5.569810630017873e-07,4.914361291882947e-07
10,0.015339807878856412,3989.333333333333,72,-0.024171157278442466,3.479657927613592e-05,1.2072275940142657e-05,2.6819450017620398e-08,5.7829324636063086e-06,3.953537510404992e-05,5.07893370374614e-07,5.010547715130875e-07
10,0.015339807878856412,4010.6666666666665,72,-0.02339976662308297,3.463011583233319e-05,-4.760998182701514e-05,2.6848758501994854e-08,1.0456399281993654e-05,3.8370157877240076e-05,5.827531450282842e-08,4.5089183437589154e-07
10,0.015339807878856412,4032.0,72,-0.020148042067352753,3.4046307615413345e-05,-0.00010223592070881336,2.685960404978132e-08,1.5821732175622874e-06,3.8174224629682474e-05,-1.2239884657614528e-08,4.5810498740822074e-07
10,0.015339807878856412,4053.333333333333,72,-0.014760080911013817,3.3487544188945655e-05,-0.00014600696142312436,2.7232771337929075e-08,-1.712712397555568e-05,3.946272341546694e-05,5.308537064277833e-07,5.037789363560295e-07
10,0.015339807878856412,4074.6666666666665,72,-0.007806064214274928,3.315731385182483e-05,-0.00017427679143279735,2.762282398193801e-08,-2.0842160953571978e-05,4.063556638832295e-05,8.611312013785396e-07,4.783755351334374e-07
12,0.018407769454627694,0.0,72,-7.088206053088584e-05,4.436627533306641e-05,-0.0002208885511419201,2.9491952339689158e-08,6.20600662032651e-05,4.474830839047323e-05,-7.441188225586246e-07,5.452892651724547e-07
12,0.018407769454627694,21.333333333333332,72,0.009629357849896547,4.5053515844815895e-05,-0.00020407540580838116,2.973554887197245e-08,6.744950781470813e-05,4.433471313296827e-05,-1.663602862208674e-07,4.441272096306571e-07
12,0.018407769454627694,42.666666666666664,72,0.01785134670757584,4.601628684260148e-05,-0.0001561925417833362,2.9274986277848636e-08,6.068050660119202e-05,4.445810535054507e-05,-2.1852655147655296e-08,5.047718242376252e-07
12,0.018407769454627694,64.0,72,0.02334571445828877,4.626353506551627e-05,-8.45301297714626e-05,2.9012607207156492e-08,4.623988298333802e-05,4.463543409159232e-05,-5.144184491298671e-08,4.931786184796188e-07
12,0.018407769454627694,85.33333333333333,72,0.02527438634099541,4.5843808035399884e-05,3.399271574860058e-09,2.915756247306495e-08,4.2320005086426114e-05,4.503067165021386e-05,5.810665715632751e-07,4.785190213798229e-07
12,0.018407769454627694,106.66666666666666,72,0.023345698706893556,4.549908867630925e-05,8.453623922021753e-05,2.9113812937988376e-08,4.832831534062357e-05,4.556000643667275e-05,4.104226155411775e-07,4.753975124115755e-07
12,0.018407769454627694,128.0,72,0.01785677984221051,4.5213126316622386e-05,0.00015619623160340816,2.9246685909926185e-08,4.072352992248952e-05,4.463292208468532e-05,-7.238924097545804e-07,4.945921593588126e-07
12,0.018407769454627694,149.33333333333331,72,0.009640324053172007,4.443954364964495e-05,0.0002040776920091218,2.9793915810037395e-08,1.9992344340334544e-05,4.389266952510065e-05,-1.5831877399105933e-07,5.451769443022971e-07
12,0.018407769454627694,170.66666666666666,72,-5.551221020054629e-05,4.362339999586473e-05,0.00022089394656447353,2.9725415089936734e-08,1.2742900359031067e-05,4.446001326106011e-05,1.123033985828837e-06,5.568044682313362e-07
12,0.018407769454627694,192.0,72,-0.009752528040924252,4.357111913796478e-05,0.0002040809514723649,2.9145918634435918e-08,1.6974205284810957e-05,4.422847169819582e-05,2.125216261738077e-07,5.139375878140132e-07
12,0.018407769454627694,213.33333333333331,72,-0.017973710408625086,4.4152680242343635e-05,0.0001561971340761491,2.8879498348977697e-08,1.576177898303525e-05,4.1751857123166375e-05,-8.187241860335383e-07,5.467655294841228e-07
12,0.018407769454627694,234.66666666666666,72,-0.023467035794683434,4.4727798952545385e-05,8.453437006311817e-05,2.888063110213637e-08,1.702062752545153e-05,4.014643457488939e-05,-1.5023579066765517e-08,5.337361091749103e-07
12,0.018407769454627694,256.0,72,-0.025393725470364312,4.4911366727543106e-05,1.1884433440054376e-10,2.8737015271323734e-08,2.2727243849929813e-05,4.0218632679489026e-05,1.857949440697169e-07,4.4347151231542694e-07
12,0.018407769454627694,277.3333333333333,72,-0.023461609141078248,4.476675606070813e-05,-8.45359701455307e-05,2.8719824314133695e-08,2.4430075124470787e-05,4.08206456409917e-05,-5.024379963867052e-07,4.872211067592301e-07
12,0.018407769454627694,298.66666666666663,72,-0.01796744286790158,4.4454338218654816e-05,-0.00015619819342553454,2.886525019621941e-08,3.1098335837730746e-05,4.182328137263937e-05,-2.6378076897824508e-08,4.6807511745015435e-07
12,0.018407769454627694,320.0,72,-0.009744485220418715,4.394012418068054e-05,-0.0002040785746840168,2.9036036382995977e-08,3.7039394479844714e-05,4.1467963936434e-05,7.5902510720335e-07,5.072710783731272e-07
12,0.018407769454627694,341.3333333333333,72,-4.136241628840393e-05,4.3500418805204194e-05,-0.00022089458996358972,2.916127291414828e-08,2.6446257608391535e-05,3.967798484310246e-05,7.121062810895783e-07,4.3629910935015723e-07
12,0.018407769454627694,362.66666666666663,72,0.009661413692659472,4.378220283702948e-05,-0.0002040824777728539,2.8990345098877396e-08,2.1188321447221933e-05,3.9075073780846024e-05,4.933643367202425e-07,4.962368522487366e-07
12,0.018407769454627694,384.0,72,0.017884017030058756,4.468185618210398e-05,-0.00015619651221751278,2.8583305468440864e-08,3.222103201312545e-05,4.080438734289702e-05,1.4324725728340552e-07,4.5123697273618776e-07
12,0.018407769454627694,405.3333333333333,72,0.023377382443657394,4.515473926134556e-05,-8.453267627693363e-05,2.853255992269483e-08,2.99793774945467e-05,4.188569859859581e-05,-5.404119618993958e-08,5.052385249795083e-07
12,0.018407769454627694,426.66666666666663,72,0.025306839328653675,4.504887259453252e-05,-5.066225845036007e-09,2.891623947749327e-08,1.7918185368040044e-05,4.146608278930321e-05,2.3119869958040923e-07,5.74057772205328e-07
12,0.018407769454627694,448.0,72,0.023377057235522136,4.494651529141242e-05,8.452337989332888e-05,2.907510187668078e-08,1.937211439383515e-05,4.1356467064912396e-05,-2.4116575339966464e-07,5.216081860471938e-07
12,0.018407769454627694,469.3333333333333,72,0.01788118915156319,4.4769451426005305e-05,0.00015618669892441105,2.89569248066032e-08,1.7278841473060508e-05,4.1490610815292806e-05,-1.105248186230487e-06,4.943196536324907e-07
12,0.018407769454627694,490.66666666666663,72,0.009654750947871464,4.456274960082642e-05,0.00020407144535730377,2.8926987967770043e-08,5.6726826769911e-06,4.118233890603732e-05,-5.037398941482632e-07,4.888648126288893e-07
12,0.018407769454627694,512.0,72,-5.196810330497723e-05,4.5042748295249095e-05,0.00022088645935125552,2.8914651804171782e-08,6.147373826082815e-06,4.19763082928815e-05,4.033434354995275e-07,4.41396869247071e-07
12,0.018407769454627694,533.3333333333333,72,-0.00975807558999853,4.593442399044483e-05,0.0002040728230384648,2.8795684181502558e-08,9.492430526207946e-06,4.286587257722093e-05,4.11844448226575e-08,4.948704684851349e-07
12,0.018407769454627694,554.6666666666666,72,-0.017980781521208914,4.621650192692567e-05,0.00015618967529650347,2.8633258157065285e-08,2.7495038781075007e-06,4.13782105869337e-05,-2.481304783338464e-07,4.4461122249550834e-07
12,0.018407769454627694,576.0,72,-0.02347064603459845,4.603668497061411e-05,8.452600037713465e-05,2.8516377593360334e-08,-1.184821186685689e-06,3.922874693458646e-05,-1.875766783172309e-08,5.529494111593514e-07
12,0.018407769454627694,597.3333333333333,72,-0.025396562400405415,4.575961052549008e-05,-7.780260533979747e-09,2.8482216711770996e-08,-2.343775038356298e-06,3.887122175213885e-05,-2.8393044655139574e-07,5.077044060519938e-07
12,0.018407769454627694,618.6666666666666,72,-0.023464190231237348,4.5095642047219746e-05,-8.454183227327934e-05,2.8378591702107652e-08,-1.8504029753597268e-06,3.854123482964693e-05,-5.516653963400532e-07,5.186300929081792e-07
12,0.018407769454627694,640.0,72,-0.017966195518236347,4.395799893460121e-05,-0.00015620609777815058,2.834433785517088e-08,8.542079033912797e-06,3.92354104214217e-05,-4.4269506129510256e-07,4.5053501316012377e-07
12,0.018407769454627694,661.3333333333333,72,-0.00973952978883555,4.2884125546945356e-05,-0.00020408856168676606,2.8580399454846962e-08,1.2400726651535282e-05,4.082486401909286e-05,-3.065857320277221e-07,5.34269654240314e-07
12,0.018407769454627694,682.6666666666666,72,-3.405161790350606e-05,4.255259311999502e-05,-0.00022089883195561494,2.8816085268861068e-08,3.3804527379873046e-06,4.137656396537683e-05,3.8459405645413886e-07,4.845054827966199e-07
12,0.018407769454627694,704.0,72,0.009672433453645225,4.309298279816574e-05,-0.00020408185509066315,2.88190334992092e-08,5.219242296003648e-06,4.097950637234237e-05,1.1208295360771756e-06,5.032541940797294e-07
12,0.018407769454627694,725.3333333333333,72,0.017898596567891834,4.4230992349750206e-05,-0.00015620192372873493,2.869627597951167e-08,1.157153497182548e-05,4.086623468525943e-05,6.117307468465699e-07,5.207838219330952e-07
12,0.018407769454627694,746.6666666666666,72,0.023393854586689675,4.5512069120194025e-05,-8.454428143504005e-05,2.8606950727620826e-08,5.1366827688703616e-06,4.1023453214460884e-05,-1.5056941504535306e-07,4.74424969051007e-07
12,0.018407769454627694,768.0,72,0.025325076237530334,4.6267599067043215e-05,-1.2498562847681959e-08,2.878646423621666e-08,2.171271832274325e-06,3.918875912104788e-05,-2.713100871954468e-07,4.4164746988048383e-07
12,0.018407769454627694,789.3333333333333,72,0.023397800651844124,4.6200208242685585e-05,8.452177694319019e-05,2.9194249061736946e-08,1.2170503964226131e-06,3.698416918994779e-05,-7.895701305427241e-07,4.327241619353663e-07
12,0.018407769454627694,810.6666666666666,72,0.017908137984433,4.5544745651269174e-05,0.00015618489478289065,2.921948344337985e-08,-1.3980094931336336e-05,3.743312891268318e-05,-1.0691524331362262e-06,4.915365873665287e-07
12,0.018407769454627694,832.0,72,0.009694943654876415,4.481209381108798e-05,0.00020406790968749747,2.8835912995125265e-08,-2.4426768748128068e-05,3.784538607459596e-05,8.043210187774337e-08,4.398440759417249e-07
12,0.018407769454627694,853.3333333333333,72,3.4740874574066906e-06,4.4294364771965535e-05,0.00022088168871194417,2.875467513638331e-08,-2.4250450560566334e-05,3.6412792629668426e-05,7.606531595842237e-07,4.935746138883813e-07
12,0.018407769454627694,874.6666666666666,72,-0.009693888763114812,4.372769198106251e-05,0.00020406548137977823,2.8950689268448847e-08,-3.513917674491031e-05,3.5451128991883015e-05,-1.5730575215812532e-07,4.7224365788215615e-07
12,0.018407769454627694,896.0,72,-0.017914941306306303,4.310275306491784e-05,0.00015618101638091252,2.8898369032093602e-08,-4.6246575966205235e-05,3.5913350722190846e-05,-5.90130478279756e-07,4.822117121959152e-07
12,0.018407769454627694,917.3333333333333,72,-0.023405656680438355,4.264014914654114e-05,8.451858157253544e-05,2.8869368278587085e-08,-4.505135841718028e-05,3.719340847819967e-05,-1.0691393673252095e-07,5.144788319587495e-07
12,0.018407769454627694,938.6666666666666,72,-0.02533306113766233,4.209293887076716e-05,-1.4752383393513619e-08,2.9124721046473688e-08,-5.078661005810864e-05,3.641600383884426e-05,-2.6863883339366285e-07,5.638141586781115e-07
12,0.018407769454627694,960.0,72,-0.023403589125761022,4.1348091857485287e-05,-8.454910593213373e-05,2.9360005343217672e-08,-6.0734802561552777e-05,3.5511909737960555e-05,-6.665133969254364e-07,6.408302701466446e-07
12,0.018407769454627694,981.3333333333333,72,-0.017911307166721156,4.0513753287413054e-05,-0.00015621206087523297,2.948197188683209e-08,-5.7435210956043813e-05,3.624139813048957e-05,-5.459074398974493e-07,4.827757439490734e-07
12,0.018407769454627694,1002.6666666666666,72,-0.009694740490351884,3.961997564837822e-05,-0.00020409504203161363,2.9503710040430035e-08,-4.768097387937408e-05,3.7677593093259975e-05,-4.948159806058126e-07,4.669657468259643e-07
12,0.018407769454627694,1024.0,72,-1.997274665296123e-06,3.884250501191906e-05,-0.00022091057349477754,2.9295445566084217e-08,-3.4792620907602306e-05,3.835029820956898e-05,-1.2739336570506015e-07,4.874173955404495e-07
12,0.018407769454627694,1045.3333333333333,72,0.009695312590856459,3.833833356422378e-05,-0.00020409664473590238,2.8965686474826287e-08,-2.151236725603352e-05,3.8833873776910715e-05,6.928078170219697e-07,4.0287324140305667e-07
12,0.018407769454627694,1066.6666666666665,72,0.01791820700995396,3.82340332875401e-05,-0.00015621182879478206,2.8917081989187823e-08,-2.4551898107878217e-05,3.993040484153911e-05,4.5188525960426866e-07,5.285047607869791e-07
12,0.018407769454627694,1088.0,72,0.023411449638207297,3.831979957928388e-05,-8.45480281354677e-05,2.9228397373115948e-08,-3.307353899078881e-05,4.081354392591563e-05,-3.50944869654754e-07,5.359893633948469e-07
12,0.018407769454627694,1109.3333333333333,72,0.02534133013124695,3.8265367727083986e-05,-1.511883844838746e-08,2.9455193651435378e-08,-2.6616122245119508e-05,4.213992961929166e-05,1.3631228004277733e-07,4.433987557342577e-07
12,0.018407769454627694,1130.6666666666665,72,0.023418027278888764,3.792591437536883e-05,8.45182199550491e-05,2.9190664518953385e-08,-2.294077150752014e-05,4.389299371141122e-05,6.993975615975825e-07,4.578061617008584e-07
12,0.018407769454627694,1152.0,72,0.017934989532109716,3.713606922172438e-05,0.00015618020948144842,2.8987254837219824e-08,-3.15567186425876e-05,4.46557243681435e-05,3.527146101689764e-08,5.132059709473605e-07
12,0.018407769454627694,1173.3333333333333,72,0.009725787447210608,3.600630161743756e-05,0.00020406197009517963,2.9190204983145227e-08,-3.1138169952189446e-05,4.468962740110569e-05,-1.7505220888557775e-07,4.826728325636835e-07
12,0.018407769454627694,1194.6666666666665,72,3.8971661252446615e-05,3.499305866985429e-05,0.00022087776213001328,2.9278493808024014e-08,-2.2415776383225208e-05,4.3683555975736554e-05,3.4992502341861756e-07,4.4271288537451716e-07
12,0.018407769454627694,1216.0,72,-0.00965209311174478,3.4412134358414695e-05,0.0002040647100832966,2.918358244211666e-08,-2.0491624669871647e-05,4.2410520249230796e-05,1.0252935819368599e-07,4.4138727178395717e-07
12,0.018407769454627694,1237.3333333333333,72,-0.01787217067511734,3.416417967079374e-05,0.00015617911587153223,2.936302691905262e-08,-2.1679806519866785e-05,4.249743428956821e-05,-2.6913534185865575e-07,5.212642491845208e-07
12,0.018407769454627694,1258.6666666666665,72,-0.02336768479366563,3.4169439265740905e-05,8.451555249082615e-05,2.9490246578131843e-08,-2.349891837128655e-05,4.347192627280281e-05,-3.5926964126136364e-08,4.840281662768726e-07
12,0.018407769454627694,1280.0,72,-0.02529980075335496,3.4417319719315577e-05,-1.4888997506114014e-08,2.950127250344359e-08,-2.8801135350295995e-05,4.316248877031338e-05,-1.1676702685426128e-07,5.38823285879e-07
12,0.018407769454627694,1301.3333333333333,72,-0.023373090238069653,3.4390776864975765e-05,-8.454740014928494e-05,2.978139796144475e-08,-3.467668766431905e-05,4.295121820179516e-05,-2.2279709140604056e-07,5.106926569453769e-07
12,0.018407769454627694,1322.6666666666665,72,-0.01787986436595902,3.396049968772768e-05,-0.0001562095357031012,2.9672346008833303e-08,-4.096332728173951e-05,4.392937822450072e-05,1.3343491131744913e-07,5.079888699151402e-07
12,0.018407769454627694,1344.0,72,-0.009658512119415328,3.3923351754889065e-05,-0.00020408908409136068,2.8919674704490744e-08,-4.2166023887262905e-05,4.457224249994791e-05,5.004357909747745e-08,5.190733286424789e-07
12,0.018407769454627694,1365.3333333333333,72,3.533689925299009e-05,3.43303256424739e-05,-0.000220903203063325,2.870870291269233e-08,-3.19754713906189e-05,4.428976939566557e-05,-2.3247419354375008e-07,5.499553978090735e-07
12,0.018407769454627694,1386.6666666666665,72,0.009727217385617479,3.470382668625539e-05,-0.0002040912917745903,2.9156121989353443e-08,-2.60833922799809e-05,4.367224938878156e-05,3.8776251201625e-08,5.547609615191198e-07
12,0.018407769454627694,1408.0,72,0.01794529148391398,3.546192269047816e-05,-0.00015620635293174897,2.9273641442314278e-08,-3.515506088571488e-05,4.326330784604602e-05,2.5684481201868163e-07,4.789246160402454e-07
12,0.018407769454627694,1429.3333333333333,72,0.023436596681300704,3.649422576010563e-05,-8.454240861483804e-05,2.9247485300898465e-08,-4.232905491045735e-05,4.257952494111112e-05,3.3380881466186814e-07,5.14423408513401e-07
12,0.018407769454627694,1450.6666666666665,72,0.025363871409474867,3.714436672530718e-05,-1.277012961912578e-08,2.94697199216433e-08,-3.817538626047344e-05,4.197311756292869e-05,2.8730307463015203e-07,5.960791455567357e-07
12,0.018407769454627694,1472.0,72,0.023438005930493885,3.7565863816916695e-05,8.451915704341523e-05,2.9290590529213525e-08,-2.8182092184302284e-05,4.1742345076156344e-05,-6.509761387944471e-07,5.307044294258773e-07
12,0.018407769454627694,1493.3333333333333,72,0.017953946372826515,3.79904038425041e-05,0.0001561824157271505,2.8895083302679106e-08,-1.481693123110165e-05,4.129734157874268e-05,-1.4209745221604701e-06,5.043917715846919e-07
12,0.018407769454627694,1514.6666666666665,72,0.009744394827864575,3.827577458717804e-05,0.00020406267314737947,2.8866909845300057e-08,-1.0254455470812339e-05,4.063075886907397e-05,-7.894215166696662e-07,5.507576936880826e-07
12,0.018407769454627694,1536.0,72,5.824508803197736e-05,3.8705018498147766e-05,0.00022087650290374475,2.8775232986929067e-08,-2.380788722923677e-05,3.943539533652302e-05,-2.1481035700330438e-07,5.58825662916559e-07
12,0.018407769454627694,1557.3333333333333,72,-0.00963148421857369,3.952445900214408e-05,0.00020406683716186157,2.860875448504299e-08,-3.473282710450632e-05,3.854061658177999e-05,-1.7069845275218914e-07,4.624349249321066e-07
12,0.018407769454627694,1578.6666666666665,72,-0.01785033809018603,4.043371683356402e-05,0.0001561871456549938,2.8752774880326702e-08,-2.559205385519351e-05,3.821275386923327e-05,4.1531369328037985e-07,4.993083612654297e-07
12,0.018407769454627694,1600.0,72,-0.02334314367395261,4.1304845670442523e-05,8.452453572170812e-05,2.8935812271442443e-08,-1.0511812551456514e-05,3.785107946222443e-05,5.575846822192818e-07,5.204901944796141e-07
12,0.018407769454627694,1621.3333333333333,72,-0.02527227024808462,4.18411224400025e-05,-1.054548801703358e-08,2.8795427612041432e-08,-3.2143778034595947e-06,3.7139469354262614e-05,-1.4009758454972546e-07,4.995336817853242e-07
12,0.018407769454627694,1642.6666666666665,72,-0.023347394977073322,4.161860136215377e-05,-8.454595251150074e-05,2.8861467006841107e-08,-9.76977761739072e-07,3.6980608892105906e-05,-2.4407364299338084e-08,4.465948317055539e-07
12,0.018407769454627694,1664.0,72,-0.017861314581598467,4.089945608764833e-05,-0.00015620666362946436,2.8987758845091872e-08,-2.1331175725351696e-06,3.8207347877632444e-05,5.327183318993686e-07,4.783944063780231e-07
12,0.018407769454627694,1685.3333333333333,72,-0.009647047722436953,3.996052293406381e-05,-0.0002040866975910051,2.8802557631628522e-08,-7.040857622460503e-06,3.821388794877822e-05,3.908773374338151e-07,5.96300898157947e-07
12,0.018407769454627694,1706.6666666666665,72,4.35320943514987e-05,3.8946070654718e-05,-0.00022090359908875503,2.870050253245199e-08,-1.2209161655092486e-05,3.710076006370136e-05,1.7510147132820326e-07,5.115913333283999e-07
12,0.018407769454627694,1728.0,72,0.00973474668119912,3.813328694659926e-05,-0.00020409106567642022,2.8962016216065667e-08,-1.6329442978698925e-05,3.784563396875824e-05,-1.23312078471632e-07,4.865861312828729e-07
12,0.018407769454627694,1749.3333333333333,72,0.017952142981198564,3.7502049743022406e-05,-0.00015620420183859283,2.9183660955897995e-08,-2.148201224437364e-05,3.924374963364466e-05,-4.848213666183383e-07,5.751839550027647e-07
12,0.018407769454627694,1770.6666666666665,72,0.02344266168529506,3.694528242352697e-05,-8.453975592816453e-05,2.9301261784115362e-08,-2.608968928606903e-05,3.892624587420521e-05,-1.1863401028644805e-08,4.620801338459013e-07
12,0.018407769454627694,1792.0,72,0.025368782701634392,3.6578175579688966e-05,-7.584475143825382e-09,2.9423423989770354e-08,-2.5607811756561574e-05,3.895059299815843e-05,3.0691525962698724e-07,4.4504216297987024e-07
12,0.018407769454627694,1813.3333333333333,72,0.0234378268926484,3.648733535236441e-05,8.452653925782018e-05,2.952387465054216e-08,-2.2776125207910856e-05,3.98702772181258e-05,-8.488283949768394e-08,5.016346543874149e-07
12,0.018407769454627694,1834.6666666666665,72,0.017943201780162128,3.631830927447504e-05,0.00015618849298886363,2.9753810849552002e-08,-2.512012681013215e-05,3.977828954455886e-05,4.096253483111979e-07,5.284917889524091e-07
12,0.018407769454627694,1856.0,72,0.009721383841357201,3.58872161983733e-05,0.00020406937396215614,2.994188581558056e-08,-3.053465473071581e-05,3.843855762344929e-05,9.247585258681084e-07,4.918093432256529e-07
12,0.018407769454627694,1877.3333333333333,72,2.5703501942158374e-05,3.5522707413358194e-05,0.00022088477063715266,2.994138404440207e-08,-3.298279344401377e-05,3.899936995187801e-05,5.5689993156841245e-08,4.756078376804321e-07
12,0.018407769454627694,1898.6666666666665,72,-0.009667876588539886,3.5738669490147e-05,0.00020407067642067166,3.0156426965032054e-08,-3.524321805372331e-05,3.897270313303206e-05,-1.7380451910699214e-07,5.160784562226571e-07
12,0.018407769454627694,1920.0,72,-0.017885094858679413,3.651570902060661e-05,0.0001561858047506474,3.054855594026586e-08,-4.009561256106042e-05,3.761556193508317e-05,4.3318748090832345e-07,5.103309888908368e-07
12,0.018407769454627694,1941.3333333333333,72,-0.02337555433093028,3.716036180952462e-05,8.452490173337444e-05,3.0301154082627955e-08,-4.5441895300183885e-05,3.703595282564678e-05,-1.5828414938282094e-08,5.01379511883802e-07
12,0.018407769454627694,1962.6666666666665,72,-0.02530335018187092,3.729161433415667e-05,-5.1707680650721995e-09,2.9777677411512518e-08,-4.901956756942229e-05,3.786531184096803e-05,-2.0404104802798506e-08,5.029624680897388e-07
12,0.018407769454627694,1984.0,72,-0.023374717994826433,3.698069029953739e-05,-8.453761503313398e-05,2.98094008155419e-08,-4.529711330465153e-05,3.795063478978421e-05,1.0947819413260583e-06,4.651151862599619e-07
12,0.018407769454627694,2005.3333333333333,72,-0.0178837152969666,3.622222011088539e-05,-0.00015619971474422134,3.013505044120879e-08,-3.5813511750627074e-05,3.6802786508796755e-05,9.263813958883371e-07,4.7410836085635336e-07
12,0.018407769454627694,2026.6666666666665,72,-0.009666639315081696,3.548662956417531e-05,-0.00020408328728976327,3.0051605972049736e-08,-3.292826004833685e-05,3.612118952393929e-05,1.5894087420126253e-07,5.217178065495158e-07
12,0.018407769454627694,2048.0,72,2.841966154117417e-05,3.559820687645664e-05,-0.00022089784546822883,2.996940861865695e-08,-3.1956286931762255e-05,3.520267647019721e-05,3.1086777130466355e-07,4.705400801658817e-07
12,0.018407769454627694,2069.333333333333,72,0.009728803345068534,3.655993713449682e-05,-0.00020407871187807342,3.037077691692305e-08,-1.980222842930789e-05,3.514171271706191e-05,-1.8118541378835176e-07,4.953593936862962e-07
12,0.018407769454627694,2090.6666666666665,72,0.017956337033631423,3.7632782311136805e-05,-0.0001561918281645393,3.0800400922388757e-08,-1.0630923561788983e-05,3.6241306090750925e-05,-8.864010083302478e-07,5.638777173883558e-07
12,0.018407769454627694,2112.0,72,0.02345490692581336,3.8430345830824206e-05,-8.453084224967666e-05,3.0706641856559957e-08,-1.5871759002053266e-05,3.7094166795237555e-05,-2.915645840643861e-07,4.4871910632836264e-07
12,0.018407769454627694,2133.333333333333,72,0.025386226480640393,3.882711761303667e-05,3.313749349949312e-09,3.05706370227484e-08,-1.5543851705615347e-05,3.85098097119689e-05,-1.7796951634032404e-07,4.94427490291132e-07
12,0.018407769454627694,2154.6666666666665,72,0.023458080012173192,3.8788304194266756e-05,8.454013894675218e-05,3.0642888450528535e-08,-3.99437503127468e-06,4.0796727970555954e-05,-8.423776342015579e-07,4.855113365979955e-07
12,0.018407769454627694,2176.0,72,0.017966926325398726,3.856946022287805e-05,0.0001562016364822009,3.056297984641395e-08,-1.0124046428369055e-06,4.232828734023618e-05,-3.693393598426944e-07,4.889457531220824e-07
12,0.018407769454627694,2197.333333333333,72,0.00974853925477766,3.8328490049171235e-05,0.0002040837950490587,3.0514611688926086e-08,-6.582360681090867e-06,4.209429951489775e-05,1.5228230165062612e-07,5.411280148493047e-07
12,0.018407769454627694,2218.6666666666665,72,5.1933284192474206e-05,3.807626227339318e-05,0.00022090247831435997,3.088475440958561e-08,-4.037765647267597e-06,4.193579749019299e-05,-3.0398886356953094e-07,4.577643647044101e-07
12,0.018407769454627694,2240.0,72,-0.009644393427268591,3.812978353313032e-05,0.00020409153858154153,3.115505446093147e-08,9.627743510569445e-06,4.309049947656754e-05,-2.873043128435477e-07,4.7336202535368066e-07
12,0.018407769454627694,2261.333333333333,72,-0.01786184073254939,3.8576243723748944e-05,0.00015620920385891015,3.1212992421923284e-08,2.342217359418563e-05,4.529373597543113e-05,-3.3770923493720844e-08,4.773412060607372e-07
12,0.018407769454627694,2282.6666666666665,72,-0.023353330532756587,3.88943315051972e-05,8.45469751178713e-05,3.1317818925779646e-08,2.354406715481768e-05,4.610325781758674e-05,-2.0425786200424202e-07,5.233549952318883e-07
12,0.018407769454627694,2304.0,72,-0.025284547967043623,3.8788660928154066e-05,1.2409059399001204e-08,3.123923483382581e-08,1.4552490737976125e-05,4.46106294214887e-05,1.0104781126041212e-07,4.774132229709354e-07
12,0.018407769454627694,2325.333333333333,72,-0.02335674500662272,3.8297111779012454e-05,-8.45226975115796e-05,3.1221388858970537e-08,1.8164676603390168e-05,4.312073236698943e-05,1.8469598668671293e-07,4.4793696810652957e-07
12,0.018407769454627694,2346.6666666666665,72,-0.017862766945390365,3.774533046685048e-05,-0.0001561851125097177,3.1798408099126766e-08,2.9692797016162734e-05,4.370460225309167e-05,-6.444726181509608e-07,5.162951424283543e-07
12,0.018407769454627694,2368.0,72,-0.009643051939358407,3.754384885640253e-05,-0.00020406653233761586,3.2021841506507286e-08,2.6779095971204117e-05,4.4018780038802686e-05,-6.41179406725875e-07,5.706483919344799e-07
12,0.018407769454627694,2389.333333333333,72,5.090394335213034e-05,3.77072779231364e-05,-0.00022087787191023509,3.1524405031679024e-08,2.0743950672807296e-05,4.28765353389226e-05,4.3835140958925857e-07,6.476188459231202e-07
12,0.018407769454627694,2410.6666666666665,72,0.009745110230928312,3.803467609797977e-05,-0.00020406133237597614,3.1379611353459985e-08,2.7840416647590535e-05,4.16798609868173e-05,8.492244897113678e-07,4.655008275748456e-07
12,0.018407769454627694,2432.0,72,0.017963305629931432,3.848254611209337e-05,-0.00015618043051276626,3.143687660552581e-08,2.93357971743913e-05,4.1387346196739735e-05,4.984966532986395e-07,5.461100402413172e-07
12,0.018407769454627694,2453.333333333333,72,0.0234533437987823,3.8786561907456245e-05,-8.451970479072754e-05,3.1057303044420286e-08,1.699729085593793e-05,4.2468901198276534e-05,3.1669987977697205e-07,5.274855375285118e-07
12,0.018407769454627694,2474.6666666666665,72,0.025378209840813334,3.895345255659471e-05,1.5656552442038624e-08,3.108180760495274e-08,1.0138786101308217e-05,4.2850244732559865e-05,5.315061595914367e-07,4.3358017865578324e-07
12,0.018407769454627694,2496.0,72,0.023444438198581472,3.907098853593967e-05,8.455018254882655e-05,3.156505407216213e-08,9.939772112257142e-06,4.113385224035972e-05,6.874262059124623e-07,4.556986777766661e-07
12,0.018407769454627694,2517.333333333333,72,0.01794679443872122,3.844573857129068e-05,0.00015621203862252998,3.1349939623687495e-08,4.2627783275749794e-06,3.9460372754397e-05,1.5019066200143116e-07,4.4703564251390874e-07
12,0.018407769454627694,2538.6666666666665,72,0.009719465429304122,3.7131012683550005e-05,0.00020409507956715495,3.1116881978828017e-08,-2.106512433433396e-06,3.9027492865036446e-05,-3.9113155878580493e-07,4.956604324987368e-07
12,0.018407769454627694,2560.0,72,1.2182002980135459e-05,3.640325617313706e-05,0.00022090895057247899,3.187943491650773e-08,-3.2910000912584695e-06,3.830359404911145e-05,-7.768537779582868e-08,5.220554664800769e-07
12,0.018407769454627694,2581.333333333333,72,-0.0096945447900951,3.655802618973323e-05,0.00020409489705779818,3.241569894496935e-08,-3.5069890672693957e-06,3.7386841619791326e-05,7.838417591515819e-08,5.214273236011327e-07
12,0.018407769454627694,2602.6666666666665,72,-0.017921311675325576,3.682263936210976e-05,0.0001562153856677244,3.2045876726056255e-08,-3.7382190479754836e-06,3.795563370569446e-05,-1.1144202640660951e-07,5.250482778457233e-07
12,0.018407769454627694,2624.0,72,-0.023419096367692405,3.685556854286751e-05,8.455466511280835e-05,3.177486944502273e-08,-3.998652003281905e-06,3.841571830588692e-05,2.6594347986665857e-07,5.162168678203821e-07
12,0.018407769454627694,2645.333333333333,72,-0.025351669778150707,3.6561340530882305e-05,1.9370786805422516e-08,3.1934889031684434e-08,-8.553529526336016e-06,3.840704370158634e-05,8.733338516243945e-08,4.7555970460659904e-07
12,0.018407769454627694,2666.6666666666665,72,-0.02342268421440398,3.6199639132831895e-05,-8.451533828253915e-05,3.207245981423249e-08,-1.8677266614438264e-05,3.8669768047016156e-05,-7.863262976137068e-07,4.4055294168911486e-07
12,0.018407769454627694,2688.0,72,-0.017927720591339274,3.61988533592552e-05,-0.00015617768234390503,3.206851765444542e-08,-3.229376253591712e-05,3.798336490807057e-05,-2.1613837845329365e-07,4.767562930816812e-07
12,0.018407769454627694,2709.333333333333,72,-0.009706214453551937,3.628139807656847e-05,-0.00020405987322667872,3.191549644836487e-08,-4.9301342128296e-05,3.652944486046121e-05,8.117898431623285e-07,4.813653516827046e-07
12,0.018407769454627694,2730.6666666666665,72,-8.460171786395666e-06,3.644865983640116e-05,-0.00022087274696902382,3.1976851080448196e-08,-6.699791562907859e-05,3.598261215782509e-05,3.4101273351757665e-07,6.112273112365702e-07
12,0.018407769454627694,2752.0,72,0.009691402243296917,3.748573237820532e-05,-0.00020405779594333595,3.243412063049929e-08,-7.325334980103538e-05,3.58867806475454e-05,1.834687733844419e-07,5.372369118212383e-07
12,0.018407769454627694,2773.333333333333,72,0.01791687572730315,3.912781775111316e-05,-0.0001561744279978911,3.233231936122318e-08,-5.976800614083697e-05,3.6295986962289765e-05,7.722175102041078e-07,5.389818996372854e-07
12,0.018407769454627694,2794.6666666666665,72,0.023415143490991053,4.035972236642468e-05,-8.450965468334524e-05,3.169169486821208e-08,-4.146662090531809e-05,3.818450568604722e-05,7.441475948600933e-08,4.814338766700592e-07
12,0.018407769454627694,2816.0,72,0.025348130858445884,4.108206826640308e-05,2.4458033874585758e-08,3.148475736679847e-08,-3.9319929284284046e-05,4.003017828494218e-05,-5.694230529784719e-07,4.720749339248846e-07
12,0.018407769454627694,2837.333333333333,72,0.023420518737431666,4.1400665506136856e-05,8.455568587913599e-05,3.167064541435156e-08,-5.0264499464077904e-05,4.002507880450092e-05,3.3404846272838013e-07,4.72057480291115e-07
12,0.018407769454627694,2858.6666666666665,72,0.017926313125739713,4.1271996601955575e-05,0.00015621726016263641,3.1646858489669806e-08,-5.845881172512995e-05,3.880189713641439e-05,5.060622088480303e-07,5.073721185753129e-07
12,0.018407769454627694,2880.0,72,0.00970326258439319,4.1229473299748766e-05,0.00020410139506823343,3.173766785951986e-08,-5.691619948327523e-05,3.856204703962752e-05,-5.91019800102484e-07,4.630537613249213e-07
12,0.018407769454627694,2901.333333333333,72,3.0013097691139502e-06,4.1622169650848195e-05,0.00022091736541605142,3.1963102018119556e-08,-4.500510405663299e-05,3.8879498480241864e-05,-8.434821339016388e-07,5.007471992975341e-07
12,0.018407769454627694,2922.6666666666665,72,-0.009698046042472696,4.199597217687791e-05,0.00020410317222943405,3.1627925645036834e-08,-2.9424889750704017e-05,3.823717977733092e-05,-2.4986782401955576e-07,4.864140203395689e-07
12,0.018407769454627694,2944.0,72,-0.017921203618577984,4.2457264487860544e-05,0.00015621737193927912,3.1179962951344194e-08,-2.0266878832062457e-05,3.642070455644253e-05,1.4123438365789596e-07,4.4021917769668755e-07
12,0.018407769454627694,2965.333333333333,72,-0.023414212411405663,4.3224804342498664e-05,8.455445057038981e-05,3.141511303160688e-08,-1.4045673242467948e-05,3.670162529842927e-05,2.3973571305705404e-07,5.015579695367694e-07
12,0.018407769454627694,2986.6666666666665,72,-0.025343390618949066,4.3761511696988624e-05,2.8166380027800363e-08,3.181673084668941e-08,-4.837505513622119e-06,3.708877322931188e-05,-1.0478244353633426e-07,4.52078513647695e-07
12,0.018407769454627694,3008.0,72,-0.023414192296679053,4.3895014352932836e-05,-8.449907726592692e-05,3.163220885430598e-08,-5.401042432200761e-07,3.648362072113287e-05,-4.368306090107679e-07,4.776971427183242e-07
12,0.018407769454627694,3029.333333333333,72,-0.01791674140364971,4.4064101009801675e-05,-0.00015616191692803598,3.123909465396615e-08,-5.396274168394316e-06,3.661144767252167e-05,1.641408215879736e-08,5.137850639365052e-07
12,0.018407769454627694,3050.6666666666665,72,-0.00968996114126446,4.4421740953686116e-05,-0.00020404425455584874,3.120385228299743e-08,-1.3923202497950857e-05,3.7905109781346764e-05,5.024792178970867e-07,5.166504793956402e-07
12,0.018407769454627694,3072.0,72,1.0107708005129997e-05,4.5049984443797024e-05,-0.0002208562651432757,3.1163488069041876e-08,-2.236025537801982e-05,3.8139311358478424e-05,1.4279118935739893e-07,5.183874034292658e-07
12,0.018407769454627694,3093.333333333333,72,0.009708595335476506,4.58242057946521e-05,-0.0002040418444384783,3.085675146497201e-08,-2.350329634920403e-05,3.700689364990355e-05,-2.748491712826811e-07,5.413438577142084e-07
12,0.018407769454627694,3114.6666666666665,72,0.01792962139205198,4.605030504312197e-05,-0.0001561575799475468,3.0753484421222364e-08,-1.619382255439256e-05,3.686436131727567e-05,1.460929180750485e-07,5.448469167197964e-07
12,0.018407769454627694,3136.0,72,0.023419962249085578,4.578297958004033e-05,-8.449442457231427e-05,3.093626677007376e-08,-1.699167780565057e-05,3.662220444819144e-05,5.725637778222186e-07,4.496022435173725e-07
12,0.018407769454627694,3157.333333333333,72,0.025348335757762783,4.5658587442356704e-05,3.402469614472927e-08,3.081426430007759e-08,-2.7055937643895155e-05,3.61152209037079e-05,-2.2531304088903065e-07,4.360868474056848e-07
12,0.018407769454627694,3178.6666666666665,72,0.023424397468368555,4.5398728021257694e-05,8.456570986915864e-05,3.0513461974625684e-08,-2.2753790746986604e-05,3.698782944794923e-05,-1.0754818780197236e-06,3.8185796955139843e-07
12,0.018407769454627694,3200.0,72,0.017933810245466336,4.430063248248526e-05,0.0001562327672677036,3.0638408495451154e-08,-2.8418028773737916e-06,3.792452048557275e-05,-2.657483028241102e-07,4.564711592081638e-07
12,0.018407769454627694,3221.333333333333,72,0.009708430851280122,4.265477564031902e-05,0.0002041139665355894,3.075711034109881e-08,8.103486702391375e-06,3.756750805826301e-05,5.537144511642519e-07,5.166879503468054e-07
12,0.018407769454627694,3242.6666666666665,72,7.462476190823758e-06,4.1496659799155724e-05,0.00022092141582458376,3.055410083001861e-08,4.382307342372643e-06,3.6604560445763295e-05,-1.3301115916019049e-08,5.186290885720195e-07
12,0.018407769454627694,3264.0,72,-0.009688576096165054,4.1200565162234495e-05,0.0002041070859204233,3.055660719618687e-08,-9.954836284142926e-08,3.576377005507853e-05,2.3300453961520187e-07,4.882513667729976e-07
12,0.018407769454627694,3285.333333333333,72,-0.017907681029232198,4.138960608680108e-05,0.00015622723941943514,3.080416577937857e-08,3.197306917635435e-07,3.556004312483254e-05,1.19049070377159e-06,4.959764906675646e-07
12,0.018407769454627694,3306.6666666666665,72,-0.023400139935637748,4.158544582717318e-05,8.456285769552531e-05,3.0526121361816907e-08,3.416477514262692e-06,3.5851322290991874e-05,1.4611233332316713e-07,5.157527857043942e-07
12,0.018407769454627694,3328.0,72,-0.025328388082223083,4.1200822044454424e-05,2.6954416423852373e-08,3.0131214830979664e-08,1.0098118451569546e-05,3.492506793233469e-05,-1.1608800047167136e-06,5.490251239768362e-07
12,0.018407769454627694,3349.333333333333,72,-0.023399369156676824,4.015892535523435e-05,-8.450604635999674e-05,3.0375150350838056e-08,2.0831569685237776e-05,3.436724316680181e-05,-3.512842657498321e-07,4.4153818753187963e-07
12,0.018407769454627694,3370.6666666666665,72,-0.017906926323251762,3.903412630541287e-05,-0.00015616730760980536,3.0613434559305394e-08,2.8173795483388785e-05,3.533825197781294e-05,1.0642743582784796e-07,4.015147293467945e-07
12,0.018407769454627694,3392.0,72,-0.00968680784680588,3.798277013132219e-05,-0.0002040498542133351,3.0136115647460344e-08,2.4341932229181524e-05,3.653159055368795e-05,-4.869170127292691e-07,4.722851581255978e-07
12,0.018407769454627694,3413.333333333333,72,8.061979291417416e-06,3.6822841081560885e-05,-0.00022086625328226035,2.9895356135085084e-08,1.6208801833849126e-05,3.734104232960215e-05,1.6742133795054138e-07,5.577550846479507e-07
12,0.018407769454627694,3434.6666666666665,72,0.009701509148045335,3.5761745465878885e-05,-0.00020405359962400707,3.016990739512793e-08,1.659975279998784e-05,3.8229656053485886e-05,7.951680310755833e-07,4.460006750817064e-07
12,0.018407769454627694,3456.0,72,0.017920334900404167,3.508860549898914e-05,-0.00015616856353852334,3.0035871283724195e-08,2.432081979125021e-05,3.89204354435269e-05,-7.711008612965016e-08,4.7244429321133554e-07
12,0.018407769454627694,3477.333333333333,72,0.023413008854295026,3.463255726173991e-05,-8.450598805885974e-05,2.9669708416749878e-08,3.027232557553874e-05,3.773463376050919e-05,-3.38344699348642e-07,4.3368157306360804e-07
12,0.018407769454627694,3498.6666666666665,72,0.025339925858343267,3.4132008505731226e-05,2.1956759533167825e-08,2.9779442831515542e-08,3.169411246977853e-05,3.6287475608666207e-05,2.327883869688025e-07,4.7184368686631957e-07
12,0.018407769454627694,3520.0,72,0.023407791732997243,3.363127582565325e-05,8.455283818308891e-05,2.9751490508444576e-08,3.054839324832636e-05,3.7678818453946625e-05,1.5540068328099536e-07,5.311652407474036e-07
12,0.018407769454627694,3541.333333333333,72,0.017913084424033363,3.2997440935091786e-05,0.0001562182302551439,2.9211801069992347e-08,2.933315072096564e-05,4.114312035762359e-05,3.211034067776625e-07,4.7244956666391706e-07
12,0.018407769454627694,3562.6666666666665,72,0.009691286790231285,3.217286214597067e-05,0.0002041020539997273,2.9281458639248952e-08,2.7849214858090287e-05,4.318584554128418e-05,8.144282301624328e-07,5.403673162241234e-07
12,0.018407769454627694,3584.0,72,-7.294370432705616e-06,3.162826978795093e-05,0.00022091463527992213,2.991258781366402e-08,2.5699971902283282e-05,4.27724068784546e-05,3.5022808344560933e-07,4.982925502204976e-07
12,0.018407769454627694,3605.333333333333,72,-0.009705314208577983,3.202075537067908e-05,0.00020409875000768941,2.991032492480554e-08,3.0246345406095972e-05,4.135965511497368e-05,3.84840204348243e-08,4.864931918444965e-07
12,0.018407769454627694,3626.6666666666665,72,-0.017927825285263852,3.328041129709027e-05,0.00015621297513859623,2.9309729824110196e-08,4.3904243255171545e-05,4.097902667978897e-05,7.052419701313431e-07,4.869821996724306e-07
12,0.018407769454627694,3648.0,72,-0.023425116243889658,3.4633732921965955e-05,8.454735149987576e-05,2.9306397381794187e-08,5.2659678011528233e-05,4.087833177178926e-05,6.965857484357031e-07,4.7574657589678377e-07
12,0.018407769454627694,3669.333333333333,72,-0.025358908002345623,3.5456889508008314e-05,1.3263559593671523e-08,2.9662816207527353e-08,4.8975879742045384e-05,4.0323894073683314e-05,-9.913328358893629e-08,4.5486557471694084e-07
12,0.018407769454627694,3690.6666666666665,72,-0.023435295076955645,3.558322366374806e-05,-8.452029958438875e-05,2.9675105566845403e-08,4.1989837211172676e-05,3.967133962587424e-05,-2.401740068677974e-07,5.423365277949328e-07
12,0.018407769454627694,3712.0,72,-0.017949825047122545,3.5313448442191135e-05,-0.00015618308984381038,2.9484567296306395e-08,3.9269822941513416e-05,4.0193611472885394e-05,-9.062645027560618e-08,4.508935419043126e-07
12,0.018407769454627694,3733.333333333333,72,-0.009735428666270196,3.511023583388502e-05,-0.00020406584775057698,2.9539355569704128e-08,4.483000803263079e-05,4.162491098627315e-05,-3.838385581150392e-07,4.617459174277524e-07
12,0.018407769454627694,3754.6666666666665,72,-4.048210136755629e-05,3.546697636919913e-05,-0.00022088251869149193,2.976730633510263e-08,5.638407256652803e-05,4.312564010550296e-05,-4.3984828094885305e-07,5.281429327426057e-07
12,0.018407769454627694,3776.0,72,0.009655044418169851,3.662015233349598e-05,-0.00020407128175340314,2.9687818933529903e-08,5.725119617695809e-05,4.410254193010568e-05,-6.238245472279509e-08,4.2289265016644327e-07
12,0.018407769454627694,3797.333333333333,72,0.01787284765348423,3.810701529050215e-05,-0.00015618663599815927,2.9265426366281122e-08,4.3019223270227145e-05,4.437777023705341e-05,-2.7010791336988232e-08,4.846605390504787e-07
12,0.018407769454627694,3818.6666666666665,72,0.023364227886907812,3.91541621238007e-05,-8.452125658634379e-05,2.9087655279269725e-08,3.349073183277979e-05,4.433686867561267e-05,-2.12222676149034e-07,5.797342136947941e-07
12,0.018407769454627694,3840.0,72,0.025292986844630258,3.9612856993375346e-05,9.605628225729412e-09,2.9207294429310168e-08,3.681001749474372e-05,4.3891840674351927e-05,1.0310491464466696e-07,5.814775233031061e-07
12,0.018407769454627694,3861.333333333333,72,0.023362718805876804,3.9819768899537294e-05,8.45399177270185e-05,2.9200457858862646e-08,4.433692200217922e-05,4.402600642950327e-05,3.805564575555922e-07,4.90982581741767e-07
12,0.018407769454627694,3882.6666666666665,72,0.017865233551732276,3.970583524814827e-05,0.00015620434634536323,2.9210257217473086e-08,5.5626600334015456e-05,4.426443576649681e-05,-6.409023075597587e-08,4.938621221696005e-07
12,0.018407769454627694,3904.0,72,0.009637468642193073,3.9555356423835416e-05,0.0002040892881269616,2.925164671324369e-08,7.002755699939638e-05,4.361612055345079e-05,-2.5538979934053564e-07,5.484283032626841e-07
12,0.018407769454627694,3925.333333333333,72,-6.387086225087978e-05,4.0000154241025974e-05,0.00022090182241041653,2.9180384325507523e-08,7.801722665700504e-05,4.338531908031326e-05,1.9053274656212474e-07,5.672416609873428e-07
12,0.018407769454627694,3946.6666666666665,72,-0.009760438551628484,4.095885865246038e-05,0.0002040850674492129,2.914588511967209e-08,7.491329966799392e-05,4.4569381799993286e-05,-5.51448213954916e-08,5.260714860916909e-07
12,0.018407769454627694,3968.0,72,-0.01798316550568753,4.210302832482054e-05,0.000156201035971949,2.9344766784064965e-08,6.435682835736072e-05,4.528016082983048e-05,-7.12342940145314e-07,4.74725734773662e-07
12,0.018407769454627694,3989.333333333333,72,-0.023483446157694737,4.3000617292597445e-05,8.45377138137206e-05,2.9397261154234286e-08,5.825951209589432e-05,4.4750938375404985e-05,-2.5545560681772585e-07,5.011208409937539e-07
12,0.018407769454627694,4010.6666666666665,72,-0.025417875374832012,4.330775641532771e-05,4.87873208514921e-09,2.9289813996452583e-08,6.694268166475602e-05,4.4245662950332916e-05,5.282785365270565e-07,4.784880421102726e-07
12,0.018407769454627694,4032.0,72,-0.023490383331445274,4.346829218551057e-05,-8.452606121160058e-05,2.933137629565719e-08,7.708617671136567e-05,4.413056708873877e-05,2.8411783569155853e-07,4.3677289478658976e-07
12,0.018407769454627694,4053.333333333333,72,-0.017997452360664145,4.392410268930815e-05,-0.0001561870672969321,2.9253007960384335e-08,7.095391628212832e-05,4.4168774757596045e-05,-4.20627646753733e-07,4.97314940566666e-07
12,0.018407769454627694,4074.6666666666665,72,-0.009773597169355377,4.4230841425955924e-05,-0.00020407150613642434,2.9133631797762433e-08,6.024215248965079e-05,4.449566505692261e-05,-8.531430631797183e-07,4.572115981404076e-07
16,0.02454369260617026,0.0,72,-3.705919814377911e-07,3.778741468538983e-05,-0.00029454373887013107,2.650248222145048e-08,6.906183716448167e-05,3.7751054155987446e-05,-6.382119500985864e-07,4.970474111945174e-07
16,0.02454369260617026,21.333333333333332,72,0.013704178193429846,3.839405669404131e-05,-0.00025508721843397954,2.6967576275551432e-08,5.7171034965695506e-05,3.820082032784705e-05,2.9713275480057476e-08,4.833564838084787e-07
16,0.02454369260617026,42.666666666666664,72,0.023735050267732236,3.885560817814593e-05,-0.0001472799370347039,2.748840261108643e-08,4.2930541028256244e-05,3.863182557910905e-05,-2.7358026013790616e-07,4.2811726030613265e-07
16,0.02454369260617026,64.0,72,0.027404879224450743,3.8750371493537504e-05,-1.5411397250563558e-08,2.7229782582915137e-08,3.8332541701859454e-05,3.946938769666007e-05,-4.449405723140182e-07,4.857665815066489e-07
16,0.02454369260617026,85.33333333333333,72,0.023730389297769838,3.804885250496036e-05,0.0001472396673607202,2.698125747562134e-08,3.444815962875948e-05,3.958225262940021e-05,5.496583612558565e-07,4.501021042414687e-07
16,0.02454369260617026,106.66666666666666,72,0.013694360570479026,3.7139578562588725e-05,0.00025503880074580015,2.7219324897502232e-08,2.889069348477484e-05,3.7442396518110784e-05,5.019418245599742e-07,5.407635391074261e-07
16,0.02454369260617026,128.0,72,-1.4616203727911686e-05,3.6639770067728665e-05,0.00029449999549069713,2.7069242613217523e-08,2.6728239864134e-05,3.571803034581879e-05,-5.511624952215719e-07,4.502329692146012e-07
16,0.02454369260617026,149.33333333333331,72,-0.013723654320602395,3.683543721283852e-05,0.0002550427375956742,2.6528937825811187e-08,2.3461832088199678e-05,3.58089004063716e-05,-4.348567249143181e-07,4.928215231399899e-07
16,0.02454369260617026,170.66666666666666,72,-0.02376040911427493,3.722375573594024e-05,0.00014723995749072927,2.6768189152630314e-08,1.963217519764081e-05,3.684742159917168e-05,2.5041466807895984e-08,4.130960214498994e-07
16,0.02454369260617026,192.0,72,-0.02743382298730681,3.73647544974306e-05,-2.3117684733734966e-08,2.752887086448118e-08,1.6833809216266318e-05,3.674951886202458e-05,-3.616686717720494e-07,5.253179146303035e-07
16,0.02454369260617026,213.33333333333331,72,-0.023758179602175994,3.711770546170477e-05,-0.00014728797252614947,2.7595008428327494e-08,7.009401779786452e-06,3.6285714178478884e-05,-4.291612599471895e-07,4.775982350199115e-07
16,0.02454369260617026,234.66666666666666,72,-0.013719607620918615,3.6617447472122526e-05,-0.0002550905687407656,2.7276473627734057e-08,-5.3875615700292345e-06,3.6797352366607653e-05,1.3206645919153665e-08,5.444154998157802e-07
16,0.02454369260617026,256.0,72,-6.504566360284218e-06,3.61020123410163e-05,-0.00029454812950927353,2.7214718945160108e-08,-1.1562115622303228e-05,3.6787285605141356e-05,-1.0776595369024173e-08,4.905263174846446e-07
16,0.02454369260617026,277.3333333333333,72,0.013707768634730087,3.568633956620148e-05,-0.00025509176614044735,2.7244573414874616e-08,-2.146221347427174e-05,3.56982095514475e-05,-2.7515137432736355e-07,4.091614162935306e-07
16,0.02454369260617026,298.66666666666663,72,0.023744104278822866,3.527109950174357e-05,-0.0001472889225200863,2.7135610410563127e-08,-3.209320153556049e-05,3.497768176840367e-05,-3.1043585953393583e-07,5.018685971868611e-07
16,0.02454369260617026,320.0,72,0.027413362163000655,3.503339111299415e-05,-2.7300694958821883e-08,2.6805789446577297e-08,-2.1003967959330157e-05,3.512450079736116e-05,-2.7896428836490624e-07,4.777754418607193e-07
16,0.02454369260617026,341.3333333333333,72,0.02373821112680484,3.53281219786169e-05,0.00014722970081008745,2.6464558811585562e-08,3.2959641896538348e-06,3.550369311904918e-05,-2.624196996148035e-07,5.016787989975511e-07
16,0.02454369260617026,362.66666666666663,72,0.013702190541606062,3.620686072412592e-05,0.0002550311551519082,2.6656457565043315e-08,1.293494595835148e-05,3.5616597128851505e-05,-3.0063851164071697e-07,4.776495473312831e-07
16,0.02454369260617026,384.0,72,-8.077351418337929e-06,3.7360553561712014e-05,0.00029449317478932435,2.7025966924602007e-08,1.412160740768734e-05,3.531722780344372e-05,-3.977044098780688e-07,4.69756776642756e-07
16,0.02454369260617026,405.3333333333333,72,-0.013713441367047382,3.8254208274707935e-05,0.0002550346148855558,2.6881439495774213e-08,2.387353357941306e-05,3.515320658768416e-05,-3.143603513926408e-07,5.51576202414533e-07
16,0.02454369260617026,426.66666666666663,72,-0.02374102126378352,3.902458034866655e-05,0.00014722971894895275,2.677697070235767e-08,2.738536526485436e-05,3.517403062387114e-05,5.380182847922443e-09,5.472744960589587e-07
16,0.02454369260617026,448.0,72,-0.02741032034755109,3.989993996437418e-05,-3.183265426936145e-08,2.7296229548484643e-08,1.0122447104284803e-05,3.4661006788206606e-05,9.577398501601542e-09,5.413026037529511e-07
16,0.02454369260617026,469.3333333333333,72,-0.023737152461006748,4.0056069352360305e-05,-0.00014729449762362705,2.7456038840988292e-08,-7.902547341466353e-06,3.348798905031199e-05,-8.37489479504786e-07,5.172538122386909e-07
16,0.02454369260617026,490.66666666666663,72,-0.01370326667247592,3.9040813802932966e-05,-0.00025510011614553657,2.703882434681754e-08,-8.63181460275112e-06,3.197969935079689e-05,-1.5950144565708156e-06,4.873458547565362e-07
16,0.02454369260617026,512.0,72,-5.825424611929859e-07,3.7640920290555796e-05,-0.0002945612170251573,2.715649502841992e-08,-8.115712511447755e-06,3.197681071094791e-05,-8.075970986881293e-07,5.011248436985208e-07
16,0.02454369260617026,533.3333333333333,72,0.013702059073335866,3.7088428001704026e-05,-0.0002551033857962104,2.7712396465981035e-08,-1.9616775696634272e-05,3.369468375412218e-05,5.618510078588905e-07,4.979713315004942e-07
16,0.02454369260617026,554.6666666666666,72,0.02373951019262266,3.7361584673313626e-05,-0.0001472970620707372,2.757939964254208e-08,-2.664093091260572e-05,3.508975045748534e-05,6.776208541133115e-07,4.496334639151825e-07
16,0.02454369260617026,576.0,72,0.027419889520505402,3.704902989362323e-05,-3.1942331806153005e-08,2.7096301058120026e-08,-2.119934675635945e-05,3.46326237902105e-05,2.451883608386831e-07,4.5431923614771856e-07
16,0.02454369260617026,597.3333333333333,72,0.02375352252304212,3.578062831208948e-05,0.0001472293858292129,2.7120559694050942e-08,-1.875793949222888e-05,3.488055127698578e-05,3.755544905620896e-07,5.176434843155961e-07
16,0.02454369260617026,618.6666666666666,72,0.013723629499554265,3.418158629860241e-05,0.0002550338231520208,2.735998575314499e-08,-2.1290720657103997e-05,3.563081559155651e-05,5.091221432888432e-07,4.5938522458627144e-07
16,0.02454369260617026,640.0,72,1.607186050993726e-05,3.2308479346100197e-05,0.0002944955632254681,2.6784463562160592e-08,-1.917639115140187e-05,3.7116968735723903e-05,5.594931019843761e-07,4.58213963828836e-07
16,0.02454369260617026,661.3333333333333,72,-0.013696417377595381,3.0483032796231645e-05,0.0002550348596592283,2.5949216995633343e-08,-1.710788228857283e-05,3.785329268118674e-05,6.636039380718152e-07,4.4058628712052875e-07
16,0.02454369260617026,682.6666666666666,72,-0.023736449415113516,2.9570455342386704e-05,0.00014722854440207792,2.6081893796219263e-08,-1.6966181616583365e-05,3.7366204521323306e-05,2.2932899464483004e-07,5.239952247007701e-07
16,0.02454369260617026,704.0,72,-0.02741476188696633,2.9489939490596035e-05,-3.197492348070462e-08,2.657670164690153e-08,-1.2598116171341634e-05,3.693851477249233e-05,-1.1650174030986447e-07,5.223028010873229e-07
16,0.02454369260617026,725.3333333333333,72,-0.02374536834026081,2.9542772374311172e-05,-0.00014729176104132132,2.6224874522899995e-08,-1.1330311847526758e-05,3.6924604082126146e-05,3.521594691951789e-07,4.5935696466989464e-07
16,0.02454369260617026,746.6666666666666,72,-0.013706152748801865,2.9645387647983993e-05,-0.00025509384467048164,2.5668868852789903e-08,-1.593539415965333e-05,3.806294857168358e-05,4.78831023235803e-07,4.814849397811042e-07
16,0.02454369260617026,768.0,72,1.2328482684217292e-05,3.0530224861160535e-05,-0.0002945510204670811,2.5954071157392236e-08,-1.2171289664349751e-05,4.036489856804915e-05,-1.0069132323470382e-07,5.008130818366631e-07
16,0.02454369260617026,789.3333333333333,72,0.013731050568275565,3.2254472069933674e-05,-0.00025509074122893286,2.657091098150035e-08,-1.240040944573216e-06,4.076291718088563e-05,-3.5523230862960996e-07,5.291291894346637e-07
16,0.02454369260617026,810.6666666666666,72,0.023777321631496727,3.392525098602123e-05,-0.00014728492347091567,2.637373474339365e-08,3.4289621951707583e-06,3.885601491066944e-05,-3.107158283684054e-07,5.51759271585571e-07
16,0.02454369260617026,832.0,72,0.02745929402476772,3.4792020547567e-05,-2.06196486406487e-08,2.5601142019020652e-08,4.847769903222414e-06,3.627051277020826e-05,-1.8880550398474838e-07,5.645073814088038e-07
16,0.02454369260617026,853.3333333333333,72,0.023786019337921724,3.49708766834167e-05,0.00014724166472644725,2.5089522112489894e-08,5.297783139804162e-06,3.5660975249234255e-05,1.456551283936838e-07,5.776588718105358e-07
16,0.02454369260617026,874.6666666666666,72,0.013744985029461554,3.508530717753214e-05,0.00025504691026020275,2.5064421134032893e-08,-3.6161025160187218e-06,3.682264768424814e-05,4.1587780579272834e-08,4.7523822701002986e-07
16,0.02454369260617026,896.0,72,3.069866851118704e-05,3.548341423788169e-05,0.0002945082792415504,2.512633350352692e-08,-1.6682375766392656e-05,3.763675833733124e-05,-4.4196913772749407e-07,5.115559310478942e-07
16,0.02454369260617026,917.3333333333333,72,-0.013686187100702418,3.616109488742909e-05,0.00025504766095405993,2.5233076652076704e-08,-2.191810318131944e-05,3.720619470937853e-05,-3.740944536839267e-07,4.968767222719163e-07
16,0.02454369260617026,938.6666666666666,72,-0.023732147896995084,3.684070116302617e-05,0.00014724137013333218,2.502895916362546e-08,-2.0265681404045947e-05,3.6414601439577016e-05,8.887210248143789e-08,5.008194352463062e-07
16,0.02454369260617026,960.0,72,-0.027413078360173038,3.7177435165281915e-05,-2.2297137237954152e-08,2.4873949425403274e-08,-1.591852009628421e-05,3.612044917505593e-05,5.664068740635644e-07,4.425561076807173e-07
16,0.02454369260617026,981.3333333333333,72,-0.023744299784263026,3.718425086284522e-05,-0.00014728692745088985,2.5103494154346226e-08,-1.182708199302322e-05,3.600642089803032e-05,8.077398136550758e-07,4.3959213693857476e-07
16,0.02454369260617026,1002.6666666666666,72,-0.01371045743971531,3.727491448370005e-05,-0.00025508998240160696,2.4809442841795805e-08,-1.2500328241862865e-05,3.5605230600117854e-05,1.4169510465188347e-07,4.594165289897178e-07
16,0.02454369260617026,1024.0,72,6.01021825015328e-07,3.764750555966141e-05,-0.0002945464891169682,2.396578707424304e-08,-1.6190927545955982e-05,3.458516688457256e-05,-4.6603238420306976e-07,4.455569642949198e-07
16,0.02454369260617026,1045.3333333333333,72,0.013712440190118285,3.796709163742606e-05,-0.0002550905057645156,2.398242348282224e-08,-2.0547815779091138e-05,3.512997620871546e-05,2.8944757712203943e-07,5.348986203649587e-07
16,0.02454369260617026,1066.6666666666665,72,0.02374902321431167,3.8469240284190806e-05,-0.00014728930942010813,2.4500984813771026e-08,-2.797206197014561e-05,3.683937678226723e-05,7.978236229273977e-07,5.255258374220294e-07
16,0.02454369260617026,1088.0,72,0.027422964943416582,3.884980426103404e-05,-2.4154788198445687e-08,2.4517310652030068e-08,-3.261183082265776e-05,3.707920544166515e-05,-2.0676260493063195e-08,5.897247064078082e-07
16,0.02454369260617026,1109.3333333333333,72,0.023749273842585468,3.8770606168619067e-05,0.0001472373186111518,2.4386770771504063e-08,-2.6733517292179513e-05,3.563670903179405e-05,-4.044868614548686e-07,4.839496355408198e-07
16,0.02454369260617026,1130.6666666666665,72,0.013711362256039137,3.85738060319651e-05,0.00025503801258997336,2.4788161675154966e-08,-1.712620644156924e-05,3.524887145833254e-05,1.2132912259690516e-07,4.641933319134197e-07
16,0.02454369260617026,1152.0,72,3.306855136583274e-06,3.8955877332568555e-05,0.00029449950709887487,2.4531904725657646e-08,-1.219458668655636e-05,3.507190131005294e-05,4.726881614662169e-07,4.815530864340474e-07
16,0.02454369260617026,1173.3333333333333,72,-0.013698647375766603,3.963010281096602e-05,0.00025504138014695814,2.3787102063638753e-08,-1.0180776823579757e-05,3.590548881400487e-05,4.6633688900387435e-07,4.623563924737767e-07
16,0.02454369260617026,1194.6666666666665,72,-0.023725502535622733,3.99009077590969e-05,0.00014723421176130908,2.3873432197106294e-08,-8.567836211103673e-06,3.8235530471774914e-05,-5.70308897475865e-08,5.461576578949167e-07
16,0.02454369260617026,1216.0,72,-0.027392387004634686,4.026146921162801e-05,-2.77287432176468e-08,2.4511954730506036e-08,-7.511108796843975e-06,4.0087321610509116e-05,-6.275395451940818e-07,5.534100572844722e-07
16,0.02454369260617026,1237.3333333333333,72,-0.023716122286959743,4.077599989366722e-05,-0.00014728752667533286,2.4631304444196983e-08,-8.627210461601882e-06,4.0596531352563276e-05,-8.902631227839522e-08,4.581377279379838e-07
16,0.02454369260617026,1258.6666666666665,72,-0.013680854415650858,4.067047043224574e-05,-0.0002550890217280428,2.4915202558396217e-08,-1.2412709559105566e-05,4.050363662747124e-05,6.032624399894081e-07,4.756693127731667e-07
16,0.02454369260617026,1280.0,72,2.6900098190435885e-05,4.007462460416589e-05,-0.0002945439400486336,2.510930694257098e-08,-1.2200429629981119e-05,3.96062794945413e-05,3.393370651661363e-07,5.338670007514963e-07
16,0.02454369260617026,1301.3333333333333,72,0.013736372208353982,3.987772600921992e-05,-0.00025508628764553507,2.4451351343180168e-08,-7.341168622483197e-06,3.8846454689721245e-05,2.5574084409467846e-07,5.411406094947158e-07
16,0.02454369260617026,1322.6666666666665,72,0.02377305298732839,3.998620918515149e-05,-0.00014728987370708958,2.385133609606222e-08,-1.1480749239513125e-05,3.985895880021851e-05,5.398409791482802e-07,5.317964066648112e-07
16,0.02454369260617026,1344.0,72,0.02744711180138655,3.992399342411477e-05,-2.8378607558728382e-08,2.4277633874560095e-08,-2.4607434657404046e-05,4.032208060284788e-05,5.124545078138199e-07,4.9119407156699e-07
16,0.02454369260617026,1365.3333333333333,72,0.023777464554836217,3.9703708516330874e-05,0.00014723751872681838,2.4942007552869255e-08,-2.976712803507529e-05,4.024603842636107e-05,6.835333127627655e-07,4.5519821315601603e-07
16,0.02454369260617026,1386.6666666666665,72,0.013750519638259632,3.927132137109962e-05,0.00025503963433022483,2.514334460896227e-08,-2.9170523755961334e-05,4.1286881897267064e-05,4.4602104773527627e-07,4.1924357220997505e-07
16,0.02454369260617026,1408.0,72,5.235908285083224e-05,3.883885036111278e-05,0.0002944963861632518,2.5069202103424747e-08,-3.746809172203226e-05,4.213754076442935e-05,-6.59318336638992e-07,4.2286437101624703e-07
16,0.02454369260617026,1429.3333333333333,72,-0.01364869686117258,3.905407669741104e-05,0.0002550371839970438,2.4717970993391142e-08,-4.904866763568718e-05,4.227523533194017e-05,-7.312173993048975e-07,4.7467358356076533e-07
16,0.02454369260617026,1450.6666666666665,72,-0.023681422376231012,3.969445388195491e-05,0.00014723181586264933,2.43355464471901e-08,-5.1090588635236556e-05,4.2397753021053574e-05,3.8880061011401505e-08,4.949797959011825e-07
16,0.02454369260617026,1472.0,72,-0.027354919869964082,3.9862523656751e-05,-2.9540837407658274e-08,2.4318382300330046e-08,-4.2842796826080115e-05,4.2370905259531794e-05,-2.733259328257365e-07,4.788655759774523e-07
16,0.02454369260617026,1493.3333333333333,72,-0.02368271478062635,3.9482150930793084e-05,-0.00014728887901425925,2.4244803939822624e-08,-2.873838664560012e-05,4.174868831190897e-05,-4.492682631876076e-07,4.546231715801756e-07
16,0.02454369260617026,1514.6666666666665,72,-0.013648848354292746,3.888283511613628e-05,-0.00025509433213645217,2.4186161844141085e-08,-1.8197709304148466e-05,4.1396918238164956e-05,2.756111541665068e-07,4.872885379844816e-07
16,0.02454369260617026,1536.0,72,5.8410302784626064e-05,3.818665991512401e-05,-0.0002945552871097973,2.468899549758497e-08,-1.740300433656713e-05,4.057306740847593e-05,1.7182439576899127e-07,3.775307672244008e-07
16,0.02454369260617026,1557.3333333333333,72,0.013767449973626392,3.760128881273203e-05,-0.00025509367792375085,2.517113774257729e-08,-1.6618234438846143e-05,3.8898177378632655e-05,-7.312062787006067e-08,4.630440817400544e-07
16,0.02454369260617026,1578.6666666666665,72,0.023803810605389334,3.7361611000605386e-05,-0.00014728889262424454,2.4746363958934836e-08,-1.2930708428881563e-05,3.955186067020067e-05,6.881160235660562e-07,4.493820543191524e-07
16,0.02454369260617026,1600.0,72,0.027475520339945245,3.743639099236563e-05,-2.9308384551735067e-08,2.4536199447748954e-08,-1.7629624660708695e-05,4.1595857299482934e-05,9.480693269509791e-07,4.6847532953107777e-07
16,0.02454369260617026,1621.3333333333333,72,0.02379702068131303,3.7226164553326815e-05,0.00014723043158825695,2.4797226302567027e-08,-2.43001067307872e-05,4.232056572841677e-05,5.439410981192175e-07,4.0263813197264397e-07
16,0.02454369260617026,1642.6666666666665,72,0.013751456393137268,3.6337501958695544e-05,0.00025503340005845413,2.4596030516018606e-08,-2.006336378485042e-05,4.210485937134538e-05,2.1078687625133876e-07,5.730958538157236e-07
16,0.02454369260617026,1664.0,72,2.8343499477046948e-05,3.532490488317608e-05,0.0002944949925383297,2.4269714435270392e-08,-1.4606286547133383e-05,4.1590245559497134e-05,-6.910342960361664e-07,5.12312790220053e-07
16,0.02454369260617026,1685.3333333333333,72,-0.013693665376068153,3.478111339109486e-05,0.00025503990939788234,2.4280987364770944e-08,-9.916652167864452e-06,4.030111362817813e-05,-1.075474807963998e-06,4.873095767745068e-07
16,0.02454369260617026,1706.6666666666665,72,-0.023737725097712686,3.470527379395304e-05,0.00014723485983496695,2.42473812431637e-08,1.0093450341687088e-05,3.879088299979113e-05,-1.1413271903950414e-07,5.149099772720464e-07
16,0.02454369260617026,1728.0,72,-0.027417734739759544,3.482310177804868e-05,-3.280367109790254e-08,2.424235824830778e-08,3.622535938897389e-05,3.767639337792171e-05,1.1409932037670959e-08,4.965267480135085e-07
16,0.02454369260617026,1749.3333333333333,72,-0.023750531716735315,3.485917330557688e-05,-0.00014729784531589872,2.4777525477576233e-08,4.3005555115798034e-05,3.5810648355325385e-05,-4.6638782030828576e-07,4.4391986568651947e-07
16,0.02454369260617026,1770.6666666666665,72,-0.013718291850973107,3.486772890860411e-05,-0.00025510169445425624,2.4975930951255748e-08,3.0247983090674483e-05,3.501880467655805e-05,4.636192501828524e-07,4.835226778288396e-07
16,0.02454369260617026,1792.0,72,-1.2188556163973066e-05,3.511054780853431e-05,-0.0002945602011475482,2.4874013834396495e-08,1.1669789327015448e-05,3.403646855303545e-05,9.674928662441678e-07,4.938722292755868e-07
16,0.02454369260617026,1813.3333333333333,72,0.013693294420757163,3.5662376648636174e-05,-0.0002550979007041059,2.4649472258728645e-08,-1.5494310068810997e-06,3.2005944811912486e-05,-9.348077572300075e-08,5.566860966837467e-07
16,0.02454369260617026,1834.6666666666665,72,0.023729459823167584,3.585083560999325e-05,-0.00014728860407840492,2.416321667436662e-08,-4.7777178155815074e-08,3.067589761108654e-05,-4.379239421410747e-07,5.37182849401997e-07
16,0.02454369260617026,1856.0,72,0.02740742262886722,3.579363742524511e-05,-2.4476999232524253e-08,2.4009907937455483e-08,7.5894099007961394e-06,3.0859146654784335e-05,-9.6013150966533e-08,4.816613932203789e-07
16,0.02454369260617026,1877.3333333333333,72,0.02373769340576861,3.609434019967859e-05,0.00014723383833230871,2.4696689421017673e-08,6.564436018077481e-06,3.038229052264573e-05,-2.681770275371199e-07,5.145970804468851e-07
16,0.02454369260617026,1898.6666666666665,72,0.013704545686780274,3.634208031599856e-05,0.0002550338552006179,2.4885594554792834e-08,2.281586669359779e-06,3.029994657751281e-05,-4.798025236984079e-08,4.968181853530241e-07
16,0.02454369260617026,1920.0,72,-1.0827234897592854e-06,3.64011201837585e-05,0.00029449320315517937,2.432101732933644e-08,-3.950453286619065e-06,3.114845225353592e-05,2.9151987735757605e-07,5.71202872546917e-07
16,0.02454369260617026,1941.3333333333333,72,-0.013708441563828892,3.711220758198916e-05,0.0002550352346813784,2.446941662081172e-08,-1.9934199620291447e-05,3.1069213548033786e-05,3.225054540131512e-08,5.599301365623381e-07
16,0.02454369260617026,1962.6666666666665,72,-0.02374449121919268,3.842922428732903e-05,0.00014723283084187657,2.5402264960921132e-08,-2.7848176488697034e-05,3.0036264247029472e-05,2.7019027912504786e-07,5.222764470174349e-07
16,0.02454369260617026,1984.0,72,-0.027417075051260384,3.9274403672901946e-05,-2.6539590379163664e-08,2.5707646368949943e-08,-1.6039399687687095e-05,3.0075519684057156e-05,6.290891850300359e-07,5.33437775116722e-07
16,0.02454369260617026,2005.3333333333333,72,-0.02374189040026628,3.9263592185925906e-05,-0.00014729024731385668,2.5486403283208424e-08,-1.4302103356442494e-05,3.077041158133875e-05,8.43406656281138e-08,5.299134007226469e-07
16,0.02454369260617026,2026.6666666666665,72,-0.013703752759739023,3.914128057830912e-05,-0.0002551003122375614,2.5305978920433714e-08,-3.315305566836856e-05,3.0500652835392237e-05,-2.5720099966089976e-07,5.008564697152594e-07
16,0.02454369260617026,2048.0,72,9.379003659252085e-06,3.913741872269959e-05,-0.00029456056983393543,2.49892369483148e-08,-4.051003473198334e-05,3.07032382918968e-05,-2.2892202455644596e-07,5.041039682898528e-07
16,0.02454369260617026,2069.333333333333,72,0.013722463388006886,3.887246542403425e-05,-0.0002550979772652886,2.4880326400446532e-08,-2.848885832067338e-05,3.308523246586026e-05,-5.288672159844381e-07,5.489668553129721e-07
16,0.02454369260617026,2090.6666666666665,72,0.023759100545329995,3.8299069523126175e-05,-0.00014729443597611035,2.5092972174566237e-08,-2.0339352778957207e-05,3.4006765670955884e-05,-3.3059464498488847e-07,6.019405897826238e-07
16,0.02454369260617026,2112.0,72,0.027429992492008417,3.779491956430523e-05,-3.304878863827997e-08,2.5338039173294336e-08,-2.0764448532833535e-05,3.373827348922597e-05,-1.237378331414869e-07,4.984232445009967e-07
16,0.02454369260617026,2133.333333333333,72,0.02375170907762254,3.759137657581761e-05,0.0001472326524458286,2.5447195427849708e-08,-1.871523206070069e-05,3.4288854867321714e-05,-8.729082888917873e-07,5.256350610224708e-07
16,0.02454369260617026,2154.6666666666665,72,0.01370902808705996,3.75040579245053e-05,0.00025503843895579746,2.5366665651464644e-08,-1.1929262550747628e-05,3.445639011067641e-05,-8.670100041626128e-07,4.927397478616489e-07
16,0.02454369260617026,2176.0,72,-7.76860994448959e-06,3.7478453937673626e-05,0.000294495061306317,2.5134461781641236e-08,-7.756955028806924e-06,3.5005797491129315e-05,-2.1511578774818798e-08,5.662984533997739e-07
16,0.02454369260617026,2197.333333333333,72,-0.013723281349305123,3.8192938435319514e-05,0.0002550338597835589,2.5216939543525032e-08,-1.273848202567392e-05,3.643192679293578e-05,-4.7475587462238627e-07,4.28384052756063e-07
16,0.02454369260617026,2218.6666666666665,72,-0.023761789406750854,3.949938495239169e-05,0.00014723097506757427,2.5479276569650073e-08,-1.6944667270484044e-05,3.820859114140848e-05,-9.630184881408225e-07,4.910008627461859e-07
16,0.02454369260617026,2240.0,72,-0.027434233543610305,3.999024287990889e-05,-2.872177055856594e-08,2.557884253666188e-08,-7.618770830206675e-06,4.0421496281326e-05,2.1950407563076522e-07,4.935402914658539e-07
16,0.02454369260617026,2261.333333333333,72,-0.023759188899660385,3.890457159640435e-05,-0.00014729026208093801,2.5637696264693233e-08,2.4305448274329223e-06,4.129052314707086e-05,1.1437736754903743e-06,4.056486798369642e-07
16,0.02454369260617026,2282.6666666666665,72,-0.013721544524499609,3.7356616832543796e-05,-0.0002550964564185508,2.5777627611049718e-08,-6.720916164421233e-08,3.856337440156259e-05,1.0554586236284928e-06,4.6037102135203874e-07
16,0.02454369260617026,2304.0,72,-9.522533796529063e-06,3.661940664964304e-05,-0.00029455848482448735,2.6148269008868643e-08,-6.19577261183355e-06,3.694346434864874e-05,1.0854623150723904e-06,5.088861211994041e-07
16,0.02454369260617026,2325.333333333333,72,0.013700732599343733,3.67431074952759e-05,-0.0002551020920976564,2.6569407623890047e-08,-1.6001413686842918e-05,3.817116448632303e-05,5.777247793685233e-07,4.88093062459056e-07
16,0.02454369260617026,2346.6666666666665,72,0.02373418657808074,3.718226789885202e-05,-0.00014729833988968316,2.682527445147644e-08,-3.1976309682952425e-05,3.8459438179163396e-05,-3.7286295569358366e-07,4.816114306551552e-07
16,0.02454369260617026,2368.0,72,0.027405410157599314,3.7279671300457544e-05,-2.955051222649243e-08,2.6997315778851356e-08,-3.2797996736070414e-05,3.766568430707359e-05,-1.5654777635682085e-07,4.619878129677651e-07
16,0.02454369260617026,2389.333333333333,72,0.02373183789051841,3.6779642594322013e-05,0.00014723805487260616,2.7131747836442603e-08,-1.626333001298728e-05,3.746685675682096e-05,5.549120232278808e-07,5.104688163974427e-07
16,0.02454369260617026,2410.6666666666665,72,0.01369586579858692,3.606436233086342e-05,0.000255037153039905,2.7433648128044197e-08,-1.1455580697881031e-05,3.759408013088158e-05,5.213974299870783e-07,4.6801479638072474e-07
16,0.02454369260617026,2432.0,72,-1.2074063838867894e-05,3.5660694048410555e-05,0.000294491615112469,2.748724789265435e-08,-1.724709942145004e-05,3.842694760752068e-05,4.1411907519116886e-07,5.170537220967169e-07
16,0.02454369260617026,2453.333333333333,72,-0.01371619870874925,3.5851285198674084e-05,0.000255036373210388,2.763002954144877e-08,-1.1586332481705322e-05,3.855775053374614e-05,2.861158370474423e-07,5.43301020653615e-07
16,0.02454369260617026,2474.6666666666665,72,-0.023745310862507515,3.609159998672067e-05,0.00014723587229291144,2.798134054259442e-08,-7.4086972110992156e-06,3.729172472000343e-05,-2.2666250541571853e-07,5.194997109470152e-07
16,0.02454369260617026,2496.0,72,-0.027413672597004637,3.542134750039696e-05,-2.58835959440531e-08,2.770642036355173e-08,-2.3138330596487317e-05,3.7011733002133426e-05,-7.415286964764758e-08,4.960705489321627e-07
16,0.02454369260617026,2517.333333333333,72,-0.02373773887599421,3.4459684584323864e-05,-0.00014728527700732974,2.716225733207829e-08,-4.176286441402451e-05,3.742553769767268e-05,8.192226588849532e-07,5.262883176367616e-07
16,0.02454369260617026,2538.6666666666665,72,-0.013702025730966043,3.4043490149959546e-05,-0.00025508781899299623,2.7484065556017256e-08,-4.280388737286543e-05,3.7363803690146255e-05,1.0301564082985952e-06,5.006413297509266e-07
16,0.02454369260617026,2560.0,72,3.839403658432168e-06,3.3736535825800976e-05,-0.0002945470269774493,2.797469839781431e-08,-2.9850355341571987e-05,3.7935055808242876e-05,6.386970411200262e-07,5.730043233432062e-07
16,0.02454369260617026,2581.333333333333,72,0.013708646028747246,3.340946399205154e-05,-0.00025508383852975564,2.782084769364849e-08,-1.6958864644871288e-05,3.8136544987507524e-05,5.67139095744313e-07,5.203042722938386e-07
16,0.02454369260617026,2602.6666666666665,72,0.023743710058963856,3.334433211351053e-05,-0.00014727796200992012,2.759891204894618e-08,-1.3595647498514271e-05,3.679539685204273e-05,2.973496940719764e-07,5.03696392801569e-07
16,0.02454369260617026,2624.0,72,0.027420434498166394,3.341322520051751e-05,-1.950164040721835e-08,2.787083856710693e-08,-1.8272222870822302e-05,3.568103461604185e-05,-4.987688944427992e-07,4.406833381264718e-07
16,0.02454369260617026,2645.333333333333,72,0.02374845777414271,3.3422201701271644e-05,0.00014724277137893245,2.7919253349334613e-08,-2.3388503491861485e-05,3.54700380745264e-05,-6.32179736808068e-07,4.838071283458685e-07
16,0.02454369260617026,2666.6666666666665,72,0.013708776857202058,3.3252472288080266e-05,0.00025505110525624627,2.7982209800199767e-08,-2.69982539684855e-05,3.4680420610727535e-05,1.6450406684247178e-07,4.1307456684480363e-07
16,0.02454369260617026,2688.0,72,-5.218038641681018e-06,3.340016066363642e-05,0.00029451087639683704,2.8588462636608456e-08,-3.2328671452425744e-05,3.4221020836021354e-05,3.7451461268771763e-07,4.5743733574326926e-07
16,0.02454369260617026,2709.333333333333,72,-0.013716789638273684,3.389537454836619e-05,0.0002550502899728649,2.9178989794820208e-08,-3.766694887566413e-05,3.577686497220786e-05,-3.627217491180016e-07,5.571795572603779e-07
16,0.02454369260617026,2730.6666666666665,72,-0.02375340002665956,3.414466678920137e-05,0.0001472469414618765,2.9217728751008088e-08,-3.163760652293313e-05,3.688486971778015e-05,-5.576143581970043e-07,4.452387285878426e-07
16,0.02454369260617026,2752.0,72,-0.027425917244601083,3.407324215427138e-05,-1.4272521529697388e-08,2.9049876757674e-08,-8.57418914611594e-06,3.707319072756816e-05,1.531437949016742e-07,5.14889156128008e-07
16,0.02454369260617026,2773.333333333333,72,-0.02375020697161332,3.383936856301177e-05,-0.0001472747870633941,2.895014477225864e-08,1.1886830650331504e-05,3.701742019516396e-05,5.48316185612885e-07,5.083711186550935e-07
16,0.02454369260617026,2794.6666666666665,72,-0.013711955051066002,3.3430284604235236e-05,-0.0002550760046357622,2.890898329102361e-08,1.0236965519374645e-05,3.688253300724671e-05,2.305068592735705e-07,4.758614245868277e-07
16,0.02454369260617026,2816.0,72,6.55913365020834e-07,3.34806751771912e-05,-0.00029453387391627684,2.9025180005940326e-08,1.6972392241969737e-06,3.702246382321736e-05,-1.431886066954363e-07,5.034584297094755e-07
16,0.02454369260617026,2837.333333333333,72,0.013714108190500056,3.446938161096005e-05,-0.00025507577244754447,2.910596787157502e-08,5.346519289199487e-06,3.707376452441353e-05,-1.2970936584278432e-07,4.565931134395507e-07
16,0.02454369260617026,2858.6666666666665,72,0.02375109954520647,3.577234768685323e-05,-0.00014727492516984568,2.938166711263416e-08,1.2016213441970353e-05,3.648046187796663e-05,1.209302435426872e-07,5.30223153464406e-07
16,0.02454369260617026,2880.0,72,0.027422189977666624,3.650577191854765e-05,-1.4272080916714693e-08,2.965984951074541e-08,1.182194720225603e-05,3.61043692309406e-05,-8.65187155176181e-08,5.042878798731211e-07
16,0.02454369260617026,2901.333333333333,72,0.02374669891595383,3.6461133025388504e-05,0.00014725265737657164,2.966269447116084e-08,6.352483045553817e-06,3.579598053170424e-05,-7.628904874037509e-07,5.618993620603797e-07
16,0.02454369260617026,2922.6666666666665,72,0.013708467444861084,3.608480458037894e-05,0.0002550612659559619,2.9942713320075966e-08,-3.4160740059812888e-06,3.5230004614546483e-05,-6.141260727873596e-07,5.33331208073504e-07
16,0.02454369260617026,2944.0,72,-5.172614847447847e-06,3.5955197683535865e-05,0.0002945160296547565,3.03672330642898e-08,-6.631413074163569e-06,3.490372917340847e-05,3.4008513523855704e-07,5.44896437430442e-07
16,0.02454369260617026,2965.333333333333,72,-0.01371809585620274,3.618517759385116e-05,0.00025505170870178563,3.011407470977387e-08,5.200857758030993e-06,3.562080046082493e-05,3.112008181813709e-07,4.922780545637081e-07
16,0.02454369260617026,2986.6666666666665,72,-0.023754368808042627,3.630331340303974e-05,0.0001472515927474303,2.99036866144281e-08,1.7476583914194127e-05,3.605684996287802e-05,-4.832258084994154e-07,5.175278181407084e-07
16,0.02454369260617026,3008.0,72,-0.027426468305957134,3.6089433936279995e-05,-8.38896352634231e-09,3.032765310853607e-08,2.238057349435411e-05,3.597889664850468e-05,-2.8007077675491753e-07,5.193720741391633e-07
16,0.02454369260617026,3029.333333333333,72,-0.023753099809862163,3.582645521199136e-05,-0.00014727803372234234,3.0552455981499643e-08,2.768893422092027e-05,3.612912210935303e-05,2.3434404698025623e-07,5.253928121546995e-07
16,0.02454369260617026,3050.6666666666665,72,-0.013720476565897803,3.594723201903018e-05,-0.0002550862945821698,2.998716911598402e-08,2.6996307032875893e-05,3.5508039222660025e-05,-3.0249714164985455e-07,5.199294772989339e-07
16,0.02454369260617026,3072.0,72,-1.6560627218125318e-05,3.64449410586977e-05,-0.0002945399699499862,2.9692545489435483e-08,1.689726929306565e-05,3.3986317963693586e-05,-6.799872379664816e-07,5.368215144619654e-07
16,0.02454369260617026,3093.333333333333,72,0.013688309449703685,3.717764907949864e-05,-0.00025507748125883794,2.9862819511189015e-08,1.1368253259869622e-05,3.254480225829541e-05,-2.356456764647231e-08,5.341175315074186e-07
16,0.02454369260617026,3114.6666666666665,72,0.023720464145404976,3.784645042330542e-05,-0.0001472767753432226,3.008551384457152e-08,9.69964609547457e-06,3.1118873044097786e-05,2.983460379690215e-07,5.530832298780394e-07
16,0.02454369260617026,3136.0,72,0.02738904974327677,3.7953516118866883e-05,-1.607784807111914e-08,3.009003889708618e-08,5.254192013424117e-06,3.197373391860236e-05,6.576782257448511e-08,5.199709900029048e-07
16,0.02454369260617026,3157.333333333333,72,0.023712104548780463,3.7590808882941006e-05,0.0001472466977981143,2.9683888780292393e-08,6.776429193805047e-06,3.4508270009801067e-05,3.842307634488603e-07,5.579841174174443e-07
16,0.02454369260617026,3178.6666666666665,72,0.013675677212347075,3.704984914953635e-05,0.0002550493695701085,2.929289233625312e-08,1.0615564670760185e-05,3.601211017571073e-05,4.909111281091579e-07,6.164844259543328e-07
16,0.02454369260617026,3200.0,72,-3.405793079297202e-05,3.6733292585303644e-05,0.00029450849820107064,2.9612982763194072e-08,5.807459019387654e-06,3.729790001577749e-05,-4.269827077153791e-07,5.116951954837068e-07
16,0.02454369260617026,3221.333333333333,72,-0.013744824764358305,3.682936984579417e-05,0.0002550510344934058,3.0058848342576397e-08,3.353197865308913e-06,3.9231100585555785e-05,-7.126494704120191e-07,5.682679202328688e-07
16,0.02454369260617026,3242.6666666666665,72,-0.02378141380236356,3.685971490555776e-05,0.00014724736505530628,2.959731589889071e-08,1.0674119612011225e-05,4.027241906766175e-05,1.41869676793669e-07,5.127055392347653e-07
16,0.02454369260617026,3264.0,72,-0.027456248392567027,3.663398607329142e-05,-1.5156676406313956e-08,2.9073358336533535e-08,1.9359785735372703e-05,4.032026140385548e-05,2.191591313730492e-07,5.285774251298985e-07
16,0.02454369260617026,3285.333333333333,72,-0.023786904287823034,3.64289435639942e-05,-0.00014727886790073157,2.9231347691964942e-08,2.7631471877557984e-05,3.960185083305899e-05,-3.0782218924855987e-07,5.022858366421034e-07
16,0.02454369260617026,3306.6666666666665,72,-0.013754815264373312,3.649804995644478e-05,-0.00025508510339261777,2.9215692580123577e-08,2.9250673652716813e-05,3.859413184596818e-05,1.3800073653625769e-07,4.6252757135019553e-07
16,0.02454369260617026,3328.0,72,-4.6757307919530686e-05,3.64485440407626e-05,-0.00029454169257226066,2.8870295407357763e-08,1.723802157307822e-05,3.85369036064727e-05,5.393418783388041e-07,5.080333012613116e-07
16,0.02454369260617026,3349.333333333333,72,0.013662962847454923,3.630062565805078e-05,-0.00025507955698731745,2.8611188946291002e-08,9.068914581506936e-06,3.909111421360718e-05,2.7468967494569434e-08,4.3132942525831177e-07
16,0.02454369260617026,3370.6666666666665,72,0.023700276442933224,3.681658688348422e-05,-0.00014728033815982868,2.8384191846668e-08,1.4875396815515645e-05,3.962633790717206e-05,-1.854204789686829e-07,4.5147092933592637e-07
16,0.02454369260617026,3392.0,72,0.027374476071860963,3.7639403141767436e-05,-2.048676862892605e-08,2.8180774784064515e-08,1.9503164794608535e-05,4.0242549730736774e-05,-3.1658703709075694e-07,4.843782939987064e-07
16,0.02454369260617026,3413.333333333333,72,0.023699498713298364,3.781446255372653e-05,0.00014724691242337288,2.8392571072009957e-08,2.3900680331232073e-05,3.970630992887997e-05,-7.323369307625651e-07,4.7284612887446076e-07
16,0.02454369260617026,3434.6666666666665,72,0.013662470043468634,3.740093827716933e-05,0.00025504903363504216,2.8461061643924868e-08,3.665412322410971e-05,3.781466307944296e-05,8.854892674554006e-08,4.5261354191309713e-07
16,0.02454369260617026,3456.0,72,-4.472843374410986e-05,3.655290836627607e-05,0.0002945007269728022,2.8434515368786075e-08,4.18991999197213e-05,3.818956892837681e-05,1.1574408820611314e-06,4.41142365073891e-07
16,0.02454369260617026,3477.333333333333,72,-0.013750714312634454,3.5537724838305204e-05,0.0002550435561509011,2.8521043061261123e-08,3.144007418486215e-05,3.9961274859763495e-05,1.9328157857896076e-07,4.6200805493103847e-07
16,0.02454369260617026,3498.6666666666665,72,-0.02378229336327144,3.527982463800785e-05,0.00014724487114690157,2.8355363532073382e-08,1.9924230729986218e-05,3.988308244273378e-05,-7.088457101945215e-07,4.7248332693456565e-07
16,0.02454369260617026,3520.0,72,-0.02744977616689477,3.551609205600347e-05,-1.755678204236714e-08,2.779597721667322e-08,1.2381306840077547e-05,3.8849369473747035e-05,3.2691797644676836e-07,4.534251187298725e-07
16,0.02454369260617026,3541.333333333333,72,-0.0237734769311117,3.5585223003779606e-05,-0.00014727744681984379,2.8085856334535373e-08,3.978767684549671e-06,3.8840713128108134e-05,7.965961434212502e-07,4.4616718219595295e-07
16,0.02454369260617026,3562.6666666666665,72,-0.013737111839319034,3.589382614295006e-05,-0.000255077625287099,2.8838199805633498e-08,-4.624427597664234e-06,3.892789573240437e-05,4.6148008459967286e-08,5.318477025370083e-07
16,0.02454369260617026,3584.0,72,-2.162038096770418e-05,3.653016427023904e-05,-0.00029453949477097204,2.8610654400000013e-08,-1.0193148763829208e-05,3.8876867224567974e-05,4.940799543380629e-08,4.512226543376771e-07
16,0.02454369260617026,3605.333333333333,72,0.013696732405358895,3.6870784947102655e-05,-0.0002550835914017958,2.800684872136265e-08,-8.153581323026346e-06,4.014831053890898e-05,2.731293902825887e-07,4.419524295185074e-07
16,0.02454369260617026,3626.6666666666665,72,0.02373431263378449,3.704404291208005e-05,-0.00014727818462700513,2.777193754970397e-08,-1.0491257272099345e-06,4.197973478563543e-05,-6.213527400306852e-08,5.727328975419758e-07
16,0.02454369260617026,3648.0,72,0.02740610619819245,3.701290942063386e-05,-1.4064447886553883e-08,2.763053682014417e-08,2.624441442303718e-06,4.3101812264507316e-05,-3.685231568889478e-08,4.6077735428631795e-07
16,0.02454369260617026,3669.333333333333,72,0.02373565163048663,3.5795822691963746e-05,0.00014724664758846519,2.7695942316712478e-08,8.301104733948165e-06,4.31453755786199e-05,-4.945060557432894e-08,4.6035727623484353e-07
16,0.02454369260617026,3690.6666666666665,72,0.013701462507800117,3.3942040491074464e-05,0.00025504517196841815,2.8084050994747014e-08,2.098628009960638e-05,4.258060059764533e-05,-4.1749358065685423e-07,4.808255893957652e-07
16,0.02454369260617026,3712.0,72,-1.0190616113383716e-05,3.351072412019181e-05,0.00029450254186690484,2.8034503097001412e-08,2.928338098578946e-05,4.2644910158046485e-05,-1.3749027502966975e-07,4.779399894455822e-07
16,0.02454369260617026,3733.333333333333,72,-0.013718190621361485,3.447115468135187e-05,0.00025505057241304306,2.7554520571368225e-08,3.404424690373628e-05,4.319120984088034e-05,1.530179758496144e-07,4.435566565487091e-07
16,0.02454369260617026,3754.6666666666665,72,-0.023750379375362396,3.5249874236930394e-05,0.00014725001892600272,2.7466233228934282e-08,4.39483679285847e-05,4.3705173049047506e-05,-3.183055390780409e-07,5.521532740129635e-07
16,0.02454369260617026,3776.0,72,-0.027425730413604802,3.5326792401555417e-05,-1.7767697827138526e-08,2.769993143135645e-08,4.701382762742619e-05,4.391562121594835e-05,-3.035916278985813e-07,5.350831366052734e-07
16,0.02454369260617026,3797.333333333333,72,-0.023757004444958048,3.488931248041804e-05,-0.00014727987848099107,2.788915486555667e-08,4.000744503427318e-05,4.324191355176503e-05,2.676223664024406e-07,5.788371615484811e-07
16,0.02454369260617026,3818.6666666666665,72,-0.013722269001377772,3.41172799691219e-05,-0.0002550794947590105,2.8012903960266184e-08,3.967126402203873e-05,4.2336199840358565e-05,1.0745655244909571e-07,4.72883675168261e-07
16,0.02454369260617026,3840.0,72,-1.2634624199886298e-05,3.38603732216446e-05,-0.00029454093743237016,2.7714010330731623e-08,4.186084787480157e-05,4.0242711145432e-05,-5.099244966769989e-07,5.426341251471957e-07
16,0.02454369260617026,3861.333333333333,72,0.013697397929278423,3.4581361319099436e-05,-0.00025508256263352463,2.6912129215896692e-08,3.371309594753373e-05,3.974167175809477e-05,-6.816020242462463e-07,5.001603990409549e-07
16,0.02454369260617026,3882.6666666666665,72,0.023737197737620945,3.5461995183040804e-05,-0.00014727724770113892,2.6937612600110526e-08,2.4403346135653746e-05,4.1747586565499614e-05,-2.645278159975137e-07,4.5655078291528927e-07
16,0.02454369260617026,3904.0,72,0.02741580618850677,3.584792998383523e-05,-2.0809509934684262e-08,2.747380898793123e-08,2.070022893307642e-05,4.228345178424042e-05,2.50813255714463e-07,4.894603645883449e-07
16,0.02454369260617026,3925.333333333333,72,0.023745400514764904,3.581150412300146e-05,0.00014723954710588064,2.7617983406934954e-08,1.9917777994487815e-05,4.0091787580906124e-05,-3.0188691204624026e-08,4.7388963732438865e-07
16,0.02454369260617026,3946.6666666666665,72,0.013711718275627803,3.555128131458422e-05,0.0002550500428330833,2.769199916916456e-08,2.6143442364596722e-05,3.866001254140583e-05,-6.769336128953476e-07,4.59645772335213e-07
16,0.02454369260617026,3968.0,72,5.774422994816728e-06,3.542299043445381e-05,0.0002945082020011114,2.7638267344859265e-08,3.67315482492801e-05,3.9407808199641127e-05,-5.492325744457799e-07,5.285783929771682e-07
16,0.02454369260617026,3989.333333333333,72,-0.013700347960524543,3.5795016280702195e-05,0.000255044978143572,2.7063053758476416e-08,4.5684089392963265e-05,4.122014019977355e-05,-3.8587815243842455e-07,4.709064705801079e-07
16,0.02454369260617026,4010.6666666666665,72,-0.02373412487550416,3.6429964300556993e-05,0.00014724518016745968,2.6550366309791084e-08,5.7454783383610527e-05,4.1923648704650955e-05,-5.209587396240487e-07,4.5841797737797577e-07
16,0.02454369260617026,4032.0,72,-0.027406703359781903,3.69431846833586e-05,-1.6843838397513257e-08,2.675989810732795e-08,6.757597484309616e-05,4.109071368604517e-05,1.8807499671271203e-07,5.17198841862706e-07
16,0.02454369260617026,4053.333333333333,72,-0.02373544578912028,3.7149529874694956e-05,-0.0001472841067603192,2.7169509995562884e-08,6.82732869317677e-05,3.894372733262525e-05,6.413081752263977e-07,5.043070613527382e-07
16,0.02454369260617026,4074.6666666666665,72,-0.013704517251011713,3.7311296363579154e-05,-0.000255086146353515,2.683310424882217e-08,6.878247405552119e-05,3.7727699020307674e-05,-3.228069223783546e-07,4.865356213384476e-07
20,0.030679615757712823,0.0,72,1.9081200107093285e-05,3.3892943673808157e-05,-0.00036814920004500944,2.4830706153338382e-08,-6.220076159273688e-06,3.558102943910193e-05,-3.942775294153124e-07,4.971773019518307e-07
20,0.030679615757712823,21.333333333333332,72,0.017887742647245988,3.308715355305986e-05,-0.0002920713713427779,2.4873957506284336e-08,-2.9334266586527238e-05,3.760630593019161e-05,-9.69467587486111e-07,5.268467309690195e-07
20,0.030679615757712823,42.666666666666664,72,0.028371683485787613,3.307040229275837e-05,-9.528438898106106e-05,2.483924940537742e-08,-5.045218918346892e-05,3.821034887268588e-05,-2.6920120462786897e-07,5.307450332813417e-07
20,0.030679615757712823,64.0,72,0.027136595251810756,3.325515138054482e-05,0.00014088548666340984,2.4952487898104554e-08,-5.441392980406131e-05,3.788882105716365e-05,2.866419296440956e-07,5.133769206953393e-07
20,0.030679615757712823,85.33333333333333,72,0.014683526482664142,3.348671060998206e-05,0.0003188305113387631,2.457008692433857e-08,-4.734389157045773e-05,3.7712922961784014e-05,-3.370196732654673e-07,4.830983487030215e-07
20,0.030679615757712823,106.66666666666666,72,-0.0038406667177893422,3.396106264029629e-05,0.00036500492745947683,2.384827568955474e-08,-3.441514679541904e-05,3.846738054741728e-05,-9.004404839891292e-07,4.863573025362686e-07
20,0.030679615757712823,128.0,72,-0.020776374076379542,3.453157301210978e-05,0.0002603253124303707,2.4095641194979425e-08,-1.98255966543129e-05,3.941318357398316e-05,-3.956807591024025e-07,5.022956944869205e-07
20,0.030679615757712823,149.33333333333331,72,-0.02912649351708497,3.471815628084985e-05,4.805771414287595e-05,2.5110004831765667e-08,-1.3584881416238252e-05,4.0859635165503746e-05,3.9853592975281294e-07,5.163929495518045e-07
20,0.030679615757712823,170.66666666666666,72,-0.025441421698217177,3.446931207299125e-05,-0.0001840700700493968,2.4871999369593912e-08,-1.527017124590515e-05,4.171466329753493e-05,5.111638713657181e-07,4.657087885112063e-07
20,0.030679615757712823,192.0,72,-0.011245452928601164,3.4031507162704506e-05,-0.0003401247452285776,2.4213186068346605e-08,-1.4032914495633147e-05,4.11675569402173e-05,1.643228534986317e-07,5.190961533110253e-07
20,0.030679615757712823,213.33333333333331,72,0.007591040684840543,3.372669853746176e-05,-0.00035560655004927415,2.4770708142984284e-08,-1.3281641650098658e-05,4.05323175339749e-05,2.7115385079396314e-08,4.4440331861247904e-07
20,0.030679615757712823,234.66666666666666,72,0.0232847588663735,3.411762695246418e-05,-0.00022411271129707866,2.529229613535408e-08,-2.262783723471144e-05,4.005208567566111e-05,4.440581044350038e-08,5.039441073859535e-07
20,0.030679615757712823,256.0,72,0.029351418749357656,3.4531993998594065e-05,5.864676890574851e-09,2.4764565371875896e-08,-2.873067905177955e-05,3.943774731592092e-05,4.155671599456458e-09,4.6354865460226947e-07
20,0.030679615757712823,277.3333333333333,72,0.023277758213522834,3.394871908083206e-05,0.00022411862477640808,2.475684750138075e-08,-1.9447408397022813e-05,3.966219316753141e-05,2.2084943952695976e-07,4.983753379908272e-07
20,0.030679615757712823,298.66666666666663,72,0.0075681611094678925,3.337507958679208e-05,0.00035560579701681474,2.5309038717066453e-08,-1.8131616776049548e-05,3.932796266312683e-05,5.41891309413539e-07,4.835359507970698e-07
20,0.030679615757712823,320.0,72,-0.011284603146228594,3.381539133347186e-05,0.00034012644400286947,2.577029883463002e-08,-4.0342221106981236e-05,3.844370291586489e-05,3.3903402168717984e-07,4.4710415357016186e-07
20,0.030679615757712823,341.3333333333333,72,-0.02548716661542234,3.448243566842793e-05,0.00018407698592941225,2.58025384035736e-08,-5.475558691177616e-05,3.923694253669547e-05,-1.0580895497997341e-07,5.048975442539683e-07
20,0.030679615757712823,362.66666666666663,72,-0.029170159153585767,3.4576941641244744e-05,-4.804806135763287e-05,2.584657565720858e-08,-3.824996035111947e-05,4.10401189641513e-05,-1.8442261794273012e-07,5.352505345050252e-07
20,0.030679615757712823,384.0,72,-0.020815388879775954,3.438963580432089e-05,-0.0002603159965428689,2.646445634717458e-08,-1.7894700928241943e-05,4.0752371635423064e-05,-1.8307421703021767e-07,5.202964612291417e-07
20,0.030679615757712823,405.3333333333333,72,-0.003878570879073971,3.4183480356984984e-05,-0.00036499879842857266,2.7186430343154194e-08,-2.1066237301124634e-05,4.028527161552667e-05,-3.4269073091267245e-07,5.183480710296446e-07
20,0.030679615757712823,426.66666666666663,72,0.014643394320868898,3.4449523026233944e-05,-0.00031882673944656943,2.653257692297593e-08,-3.5898507510795095e-05,4.011200008636934e-05,-2.4605645651910613e-07,4.877337649116594e-07
20,0.030679615757712823,448.0,72,0.027096506287707208,3.512677346106054e-05,-0.00014088326918794113,2.520160423274751e-08,-4.229660496337555e-05,3.906855986450806e-05,5.325834382996191e-08,4.571189929559653e-07
20,0.030679615757712823,469.3333333333333,72,0.028330218763934108,3.557715502324576e-05,9.528596081556053e-05,2.5175775268723285e-08,-4.164069589961784e-05,3.8852968241379204e-05,-3.611573902854322e-08,4.942506107039379e-07
20,0.030679615757712823,490.66666666666663,72,0.017834171390612618,3.6205464218499636e-05,0.0002920790809725017,2.5535643840150278e-08,-4.141306608407414e-05,4.007370704593108e-05,-3.062894101029455e-07,4.566730875906674e-07
20,0.030679615757712823,512.0,72,-5.2708820841306036e-05,3.6997746060570275e-05,0.00036816197724751174,2.5319644432068982e-08,-3.737645526201745e-05,4.02238702706454e-05,4.3600038115804563e-08,4.932229826521313e-07
20,0.030679615757712823,533.3333333333333,72,-0.017938863107695276,3.7307908929314023e-05,0.00029208189784132117,2.5173855313279613e-08,-2.771954351582985e-05,3.780123692036807e-05,6.768709496977548e-07,4.673174526310494e-07
20,0.030679615757712823,554.6666666666666,72,-0.02843073969726408,3.7297426781649414e-05,9.528631524343035e-05,2.5213786691710793e-08,-2.24894615914842e-05,3.5267322979635156e-05,5.151816713173276e-07,4.684959028859541e-07
20,0.030679615757712823,576.0,72,-0.027193463523499262,3.7460375298941396e-05,-0.00014088408435884652,2.4512850940809107e-08,-2.188034873683926e-05,3.4794148765495574e-05,-1.87167966086304e-07,5.478187458252596e-07
20,0.030679615757712823,597.3333333333333,72,-0.014743885110399277,3.7324389413461747e-05,-0.0003188281286062889,2.4525226087864798e-08,-1.4816539683959863e-05,3.5389014987957825e-05,-5.302433667602112e-07,4.831370246539634e-07
20,0.030679615757712823,618.6666666666666,72,0.0037756127461400064,3.661276397561776e-05,-0.0003650034254064443,2.5384547803341016e-08,-5.957609907954188e-06,3.626601166473065e-05,-4.93934318619698e-07,5.306740884967917e-07
20,0.030679615757712823,640.0,72,0.020718841303551137,3.621255821479625e-05,-0.00026031759747723623,2.507120234010214e-08,-6.178490005993585e-06,3.765296225669594e-05,1.2972629201704898e-07,4.971753988541402e-07
20,0.030679615757712823,661.3333333333333,72,0.029082847404795234,3.597489019879991e-05,-4.8039847823026965e-05,2.4102080718635857e-08,-8.554319259532866e-06,3.958518486840109e-05,1.231196551885307e-06,4.751837618343906e-07
20,0.030679615757712823,682.6666666666666,72,0.025409712955254612,3.488085021161184e-05,0.00018409008676872887,2.4292694796634864e-08,-7.343743057334159e-06,3.995115707751601e-05,1.262533935742299e-06,4.6435335918064916e-07
20,0.030679615757712823,704.0,72,0.011222413443612208,3.341077268758247e-05,0.0003401398766933492,2.4847973508481412e-08,-1.1678674764674642e-05,3.93440697033738e-05,5.044468732313634e-07,5.310692987695237e-07
20,0.030679615757712823,725.3333333333333,72,-0.007611677984303628,3.284326739313401e-05,0.0003556202094606829,2.4777596093184145e-08,-2.4549356241033243e-05,3.910559935113578e-05,9.202066674728728e-07,4.950040128400972e-07
20,0.030679615757712823,746.6666666666666,72,-0.023305767459976524,3.3316674519501395e-05,0.00022413064636401416,2.4478437941891495e-08,-3.7784686034954115e-05,3.90016390705421e-05,1.0683822838584264e-06,5.73609096111061e-07
20,0.030679615757712823,768.0,72,-0.029371839464712095,3.354200067271819e-05,1.2278280622074895e-08,2.4693914227843318e-08,-4.381259935771821e-05,3.873486478691517e-05,-5.673603742847124e-07,4.830451585256595e-07
20,0.030679615757712823,789.3333333333333,72,-0.02330583889864552,3.3404102757660895e-05,-0.00022411025053336784,2.4920419505951946e-08,-3.925526208637393e-05,3.799481574147395e-05,-8.832895419856191e-07,5.785329752624325e-07
20,0.030679615757712823,810.6666666666666,72,-0.007616194533935864,3.345384841069453e-05,-0.0003556061229650328,2.4765717712379978e-08,-2.9172458679093023e-05,3.5655508621783325e-05,7.126885912991972e-07,5.359645759974677e-07
20,0.030679615757712823,832.0,72,0.011213297417217475,3.386709407816486e-05,-0.00034012346370768706,2.423657316633769e-08,-2.2831290620359482e-05,3.404489481428439e-05,5.902540168866698e-07,5.267308382331331e-07
20,0.030679615757712823,853.3333333333333,72,0.0253963207786771,3.51080084834383e-05,-0.00018406700638049143,2.368045595096176e-08,-2.140483726477227e-05,3.453370861368871e-05,-1.9960727529179453e-07,5.010568586602191e-07
20,0.030679615757712823,874.6666666666666,72,0.029070609240667948,3.616791976100673e-05,4.805817125244687e-05,2.384044128062082e-08,-2.017855667351404e-05,3.464720440696138e-05,9.200273768793875e-07,5.399943195789519e-07
20,0.030679615757712823,896.0,72,0.020722638046745363,3.592344882305186e-05,0.00026032538913413285,2.416491544897324e-08,-1.5730110610240795e-05,3.2543118104639055e-05,1.0397709227900534e-06,4.615860755956406e-07
20,0.030679615757712823,917.3333333333333,72,0.0037981073677404945,3.549563568265637e-05,0.00036501308246458526,2.434721312697534e-08,-1.0671598693319977e-05,3.141497395649785e-05,-5.982788056010897e-07,4.2000995181352956e-07
20,0.030679615757712823,938.6666666666666,72,-0.014715997401406512,3.5879772107353564e-05,0.00031884373245362436,2.44079305924853e-08,-1.3289646489991267e-05,3.1767023398669154e-05,-5.625540657380962e-07,4.5099443133626956e-07
20,0.030679615757712823,960.0,72,-0.027164133928474745,3.610039109047052e-05,0.00014089466406288524,2.426915639023156e-08,-1.9363023963289107e-05,3.156210903241196e-05,-7.734967533353438e-08,5.396918740542552e-07
20,0.030679615757712823,981.3333333333333,72,-0.028396496886601237,3.6086824052545994e-05,-9.528069742257435e-05,2.4223441168416914e-08,-1.5935809223795943e-05,3.1406943823742526e-05,-1.1714908818648585e-06,5.004008798241352e-07
20,0.030679615757712823,1002.6666666666666,72,-0.017904958337302976,3.642070161397933e-05,-0.00029207343624309623,2.4124586108587695e-08,-1.2787515247967683e-05,3.2255153573749565e-05,-9.636182138247222e-07,4.571960897298311e-07
20,0.030679615757712823,1024.0,72,-2.6018837339577376e-05,3.669003990120018e-05,-0.0003681543675867651,2.385203238307886e-08,-2.3550948536980477e-05,3.204601750179414e-05,4.87874895414684e-07,4.503178182214469e-07
20,0.030679615757712823,1045.3333333333333,72,0.017848759683372586,3.6690422185277334e-05,-0.00029207535837007617,2.4192593354802947e-08,-3.24136580261548e-05,3.107245591585526e-05,1.1298879942169941e-07,4.452444250071348e-07
20,0.030679615757712823,1066.6666666666665,72,0.028329159607513588,3.694848499054111e-05,-9.527975414415844e-05,2.4349973345226056e-08,-2.8195593618671356e-05,3.139653167287897e-05,-3.9753164860777667e-07,4.61629577064948e-07
20,0.030679615757712823,1088.0,72,0.02708974526626202,3.6487248295630426e-05,0.0001408934052775894,2.386963715999932e-08,-2.2318832941478352e-05,3.2939637076459435e-05,5.114897165177013e-07,5.421957937961838e-07
20,0.030679615757712823,1109.3333333333333,72,0.014647227532934222,3.493484403334639e-05,0.0003188384409711341,2.3701145646311846e-08,-1.5626645416572525e-05,3.452470237694273e-05,4.98449368868354e-07,4.824804285243031e-07
20,0.030679615757712823,1130.6666666666665,72,-0.0038617025466274827,3.401090102168839e-05,0.0003650135177903796,2.487809294169938e-08,-7.356932723797192e-06,3.479818614549338e-05,6.676173693867977e-09,5.59891733270076e-07
20,0.030679615757712823,1152.0,72,-0.02078895028407849,3.402666338736943e-05,0.0002603303760326533,2.522542071122774e-08,-8.22430260715564e-06,3.4442435840745825e-05,7.59842107636747e-07,5.025505131510621e-07
20,0.030679615757712823,1173.3333333333333,72,-0.029132543691499216,3.370652420701285e-05,4.80551767034555e-05,2.4498543702566323e-08,-1.2092383683131015e-05,3.397275940017644e-05,1.0569973953996674e-06,4.884298175379081e-07
20,0.030679615757712823,1194.6666666666665,72,-0.025442468494070575,3.3502313077234824e-05,-0.00018407746974712167,2.4040522352426676e-08,-1.0826857105964373e-05,3.3060767460667444e-05,5.332038398882676e-07,4.247208152711689e-07
20,0.030679615757712823,1216.0,72,-0.011244829443844208,3.414885289375189e-05,-0.00034013287952237555,2.3967515520156975e-08,-1.5905840232819076e-05,3.310172475345013e-05,7.457535079242257e-07,4.719789681862093e-07
20,0.030679615757712823,1237.3333333333333,72,0.007594135451450912,3.48275639138373e-05,-0.0003556157532119449,2.366404482978426e-08,-2.224941739729492e-05,3.375310455219733e-05,7.548350059388776e-07,5.474931164411327e-07
20,0.030679615757712823,1258.6666666666665,72,0.023289636470425486,3.543716430062093e-05,-0.00022412325057915723,2.353042549373143e-08,-1.5336626291782965e-05,3.446185483178938e-05,3.589311471732625e-09,4.1051854401966325e-07
20,0.030679615757712823,1280.0,72,0.029357747617435512,3.60011795363278e-05,-7.052866128394258e-10,2.3892833618839866e-08,-1.0168934559249683e-05,3.506036733699225e-05,-2.4916928818022427e-07,5.403615675036685e-07
20,0.030679615757712823,1301.3333333333333,72,0.023295611927699435,3.549094776828477e-05,0.00022411998080729289,2.415924004610369e-08,-1.6560632191114973e-05,3.512877264977146e-05,-4.117821278185519e-07,4.5514280671081914e-07
20,0.030679615757712823,1322.6666666666665,72,0.007608820525289822,3.3850706409802455e-05,0.0003556100870053434,2.3806220299337664e-08,-1.825819258462594e-05,3.555508229236083e-05,-7.336798946074297e-07,4.6583832491232066e-07
20,0.030679615757712823,1344.0,72,-0.011221764274247639,3.3072943297147056e-05,0.0003401274973410236,2.353781900083777e-08,-1.4694185991490003e-05,3.7048472048049956e-05,-1.560786025329182e-07,4.678150979532663e-07
20,0.030679615757712823,1365.3333333333333,72,-0.02540969179297675,3.362738419221733e-05,0.00018407413840020625,2.3165636024421734e-08,-1.6512691128709334e-05,3.8320851360367674e-05,3.1189903774355674e-07,4.5213913398128254e-07
20,0.030679615757712823,1386.6666666666665,72,-0.029084535537577852,3.4157537493014443e-05,-4.8055628331024634e-05,2.2968990998788454e-08,-1.8438471919060655e-05,3.7720521759859735e-05,-4.0870747524474563e-07,5.169321287589459e-07
20,0.030679615757712823,1408.0,72,-0.020727439924129162,3.409734983002328e-05,-0.0002603293720472595,2.2983678793109185e-08,-1.5826275491913736e-05,3.6540805858000026e-05,-7.999372130462523e-07,4.919896460085203e-07
20,0.030679615757712823,1429.3333333333333,72,-0.003796136214900363,3.4011834660769404e-05,-0.0003650149638073028,2.336233102268242e-08,-1.1170401078151456e-05,3.629416843774662e-05,-2.807080321404972e-07,5.027137220956517e-07
20,0.030679615757712823,1450.6666666666665,72,0.014714518192226847,3.4617813807511184e-05,-0.00031884179545263995,2.375929032922221e-08,-8.62384344109145e-06,3.641739825891275e-05,2.277705787358339e-08,4.84233865776116e-07
20,0.030679615757712823,1472.0,72,0.02716173372897618,3.530326469784208e-05,-0.000140893487103112,2.3553784939810558e-08,-1.581523532282438e-05,3.654131894439446e-05,-5.624513749387764e-08,5.11465603449643e-07
20,0.030679615757712823,1493.3333333333333,72,0.028400535264487443,3.525348239217585e-05,9.528196711326481e-05,2.3435597643255878e-08,-2.5219519944363094e-05,3.645622418183235e-05,-1.5746152169820565e-07,5.176921282362724e-07
20,0.030679615757712823,1514.6666666666665,72,0.017910534467758185,3.4969433026916215e-05,0.00029207291806490984,2.40343448252846e-08,-2.0927118908742334e-05,3.5758948361764254e-05,-1.779232000387677e-08,4.822171247641019e-07
20,0.030679615757712823,1536.0,72,2.4487776931018447e-05,3.524727912053695e-05,0.0003681472920687377,2.483455155364829e-08,-1.0244484360140568e-05,3.529392102723463e-05,2.509310834067795e-07,5.11545183013827e-07
20,0.030679615757712823,1557.3333333333333,72,-0.017862067914364645,3.6190328437803597e-05,0.0002920694242793821,2.4566207269770024e-08,-1.6960225197006777e-06,3.514175494310214e-05,-2.933347288916847e-07,4.056155747106103e-07
20,0.030679615757712823,1578.6666666666665,72,-0.028356586045974543,3.685334208926514e-05,9.528300904561054e-05,2.3536017459523062e-08,1.1750585921006697e-05,3.4711269459685014e-05,-8.600982394224983e-07,4.814368019316482e-07
20,0.030679615757712823,1600.0,72,-0.027123664262627897,3.670289960407935e-05,-0.00014089007028220664,2.371107433407507e-08,2.2553405533639383e-05,3.43025679334819e-05,3.5118285194903294e-07,4.741978197044357e-07
20,0.030679615757712823,1621.3333333333333,72,-0.014673718905702189,3.6400636865144406e-05,-0.00031884149801369695,2.4587776281426392e-08,2.3063327030223562e-05,3.4484258200952464e-05,1.3774877227427603e-06,5.165575392744496e-07
20,0.030679615757712823,1642.6666666666665,72,0.0038454539290984674,3.671591199661696e-05,-0.0003650152749456849,2.4171521921499828e-08,2.6029634979264066e-05,3.374534804341414e-05,6.06334937845456e-08,5.363360515572855e-07
20,0.030679615757712823,1664.0,72,0.02077845971051677,3.7281014954951365e-05,-0.00026033021848777705,2.3760915971392306e-08,3.1340871301282556e-05,3.27587282298953e-05,-8.728236708515347e-07,4.6010654517673826e-07
20,0.030679615757712823,1685.3333333333333,72,0.029128926123412596,3.7566798496862014e-05,-4.806065177541218e-05,2.406308596247392e-08,3.362598383818523e-05,3.313828757917574e-05,8.674137986777868e-08,4.6462173870568416e-07
20,0.030679615757712823,1706.6666666666665,72,0.025446575214220505,3.7971401360973326e-05,0.00018406725348381225,2.416625815695943e-08,4.514158731542975e-05,3.415426733705454e-05,4.751471597518922e-07,4.619459781461115e-07
20,0.030679615757712823,1728.0,72,0.011251232392292913,3.7913805721402243e-05,0.00034012088183983446,2.3831334621349248e-08,5.744281796778903e-05,3.521550753668173e-05,3.347612706774783e-07,4.872896900693868e-07
20,0.030679615757712823,1749.3333333333333,72,-0.007592106800171998,3.691671664702338e-05,0.00035560128874912084,2.4204081016814797e-08,5.029687893503136e-05,3.609580834981795e-05,9.64428072127368e-07,4.762234713431823e-07
20,0.030679615757712823,1770.6666666666665,72,-0.02329591946524291,3.637142044360442e-05,0.0002241114329439214,2.4681076850930277e-08,4.241542070768086e-05,3.697904521109595e-05,5.56000030032485e-07,4.985799586505409e-07
20,0.030679615757712823,1792.0,72,-0.02936895770535629,3.664339511632325e-05,-3.2575397862991273e-09,2.4009248703900664e-08,5.339406753074398e-05,3.724428477042917e-05,-9.959130864407018e-07,5.158337106566727e-07
20,0.030679615757712823,1813.3333333333333,72,-0.02330133063932971,3.646669369673229e-05,-0.00022412113591533344,2.316366405862693e-08,6.609444672761129e-05,3.647053154936074e-05,-1.0685354175803498e-06,5.506763023412646e-07
20,0.030679615757712823,1834.6666666666665,72,-0.007604676231971094,3.624716603664656e-05,-0.00035561510970325423,2.2963281075601534e-08,6.949430556593597e-05,3.7202700983874754e-05,-1.8040993662996754e-07,4.984596501743529e-07
20,0.030679615757712823,1856.0,72,0.011230427110760012,3.6889308888060284e-05,-0.0003401367721903618,2.372593345987145e-08,6.957530026255448e-05,3.686578258908046e-05,-1.3480300804866707e-07,4.930994071395605e-07
20,0.030679615757712823,1877.3333333333333,72,0.025421970191165058,3.730303553161491e-05,-0.0001840857282933179,2.4820779930210904e-08,6.675353989241092e-05,3.466598213517535e-05,-2.055659788151476e-08,5.832002161131908e-07
20,0.030679615757712823,1898.6666666666665,72,0.029106066126401684,3.715310534905737e-05,4.8041931704975706e-05,2.4824449374967823e-08,6.289042305501237e-05,3.4421362421183214e-05,5.193265341073815e-07,5.113556126500233e-07
20,0.030679615757712823,1920.0,72,0.020755246523907686,3.717608930262203e-05,0.00026031130294841814,2.4501043522522865e-08,5.8279689588492254e-05,3.445187100606466e-05,4.3507463301384556e-07,4.834840258041497e-07
20,0.030679615757712823,1941.3333333333333,72,0.0038181935905160364,3.732271198325476e-05,0.0003649922315284568,2.441726409276443e-08,5.146084471078347e-05,3.286410835748669e-05,1.4005346170523894e-07,4.3537028813722235e-07
20,0.030679615757712823,1962.6666666666665,72,-0.014701378262362147,3.731499359601773e-05,0.00031882003397994206,2.435926829601286e-08,5.333214373004704e-05,3.261939460751151e-05,1.0630804569410313e-07,4.6148671926257084e-07
20,0.030679615757712823,1984.0,72,-0.027148337045355644,3.7389810777869854e-05,0.00014087771583007203,2.4037122805400746e-08,6.323659223412862e-05,3.456972786667169e-05,-1.400036533307201e-07,5.194439297859997e-07
20,0.030679615757712823,2005.3333333333333,72,-0.028382244788734714,3.7334987822972155e-05,-9.529369785185471e-05,2.4128822026907742e-08,6.347782859298001e-05,3.564327249671878e-05,-1.4983618599329847e-07,5.326018467042264e-07
20,0.030679615757712823,2026.6666666666665,72,-0.017893750815180635,3.6695587521248774e-05,-0.0002920873374374709,2.4329023440287266e-08,5.9178455414407176e-05,3.562784664043575e-05,2.9947377486821597e-07,4.774818344931391e-07
20,0.030679615757712823,2048.0,72,-1.544186973905981e-05,3.610234564824511e-05,-0.0003681698783272995,2.4101502239875965e-08,6.351939146234506e-05,3.5690446298657704e-05,2.5492530813581257e-07,4.970835168082924e-07
20,0.030679615757712823,2069.333333333333,72,0.017862922784207397,3.628646030824661e-05,-0.0002920960851611685,2.4119439061763747e-08,6.553972336261561e-05,3.544693527827195e-05,-4.406400686154332e-08,4.391953096876893e-07
20,0.030679615757712823,2090.6666666666665,72,0.02835157140776182,3.6407838615763135e-05,-9.53050861404224e-05,2.4023838143912322e-08,5.949995404602495e-05,3.5594120437271747e-05,4.0433463243129323e-07,5.065840023078896e-07
20,0.030679615757712823,2112.0,72,0.027118082011062337,3.600053393140985e-05,0.00014086888150498104,2.3479703449505983e-08,5.413085856197187e-05,3.6729807268400524e-05,9.365088693093313e-07,4.659532012670943e-07
20,0.030679615757712823,2133.333333333333,72,0.01467447613854361,3.5328627190429906e-05,0.0003188146909026948,2.35997188274385e-08,4.902818911134943e-05,3.7085243596707375e-05,5.438752261050138e-07,4.2579218311095823e-07
20,0.030679615757712823,2154.6666666666665,72,-0.0038347160566079455,3.431757850062138e-05,0.0003649919335389205,2.481550003916854e-08,4.374548534376869e-05,3.7662337691018845e-05,-1.5753910829068944e-07,5.293247429938802e-07
20,0.030679615757712823,2176.0,72,-0.020758170264325887,3.356535732555429e-05,0.00026031553583267955,2.5135972847870264e-08,3.978096181599945e-05,3.938044604619142e-05,-1.857722683724644e-07,4.878183057151726e-07
20,0.030679615757712823,2197.333333333333,72,-0.02910294027716493,3.309050686805338e-05,4.8043007123789596e-05,2.3968519418848144e-08,3.326454764500389e-05,4.039403683226678e-05,1.3861557461140836e-07,5.456103385705162e-07
20,0.030679615757712823,2218.6666666666665,72,-0.025421321338812027,3.2240215292988504e-05,-0.0001840911742230923,2.3581057615689435e-08,2.9994462803918196e-05,3.9690390594436096e-05,-9.657176397933363e-08,5.212973446887807e-07
20,0.030679615757712823,2240.0,72,-0.011232056885448361,3.1174487410287935e-05,-0.00034014373078922384,2.4250168621433057e-08,3.1276271264440086e-05,3.869788473452328e-05,-4.914483226552379e-07,4.6815569437847097e-07
20,0.030679615757712823,2261.333333333333,72,0.0076016620860573,3.0458995059205073e-05,-0.00035562300321476884,2.42256358219149e-08,2.162679115461054e-05,3.8141953387761946e-05,8.602182355968537e-08,4.984174839166262e-07
20,0.030679615757712823,2282.6666666666665,72,0.023294940522217124,3.013413807214348e-05,-0.00022412997456744578,2.3772071062786568e-08,4.7558572114041825e-06,3.693997884705639e-05,8.171206183945742e-07,5.300161736732254e-07
20,0.030679615757712823,2304.0,72,0.029364287618553215,3.0118664883439716e-05,-8.254438281615452e-09,2.4015054576036248e-08,-3.5492202543770544e-06,3.606876398316525e-05,1.6021789821257585e-07,5.206537200788784e-07
20,0.030679615757712823,2325.333333333333,72,0.0233018839029628,3.0153550257501447e-05,0.00022410762750317385,2.486533412358771e-08,-9.710806415072055e-06,3.6556499066882276e-05,-7.07499977586796e-07,5.197613078640557e-07
20,0.030679615757712823,2346.6666666666665,72,0.007608261944836324,3.0425108932305038e-05,0.0003555967286702631,2.5087751648074903e-08,-1.4904819327382593e-05,3.6539959455387945e-05,-1.9609281612664524e-07,5.235949050666528e-07
20,0.030679615757712823,2368.0,72,-0.011231579946359885,3.110489090455372e-05,0.0003401245816117287,2.479851924681819e-08,-1.0204370233893117e-05,3.5885181365041745e-05,3.189396156422424e-07,4.331533258417655e-07
20,0.030679615757712823,2389.333333333333,72,-0.025426998588679146,3.160049252805383e-05,0.00018407471610915133,2.4667023053836695e-08,-9.189200160925052e-06,3.6222574266753535e-05,-2.754560455791553e-07,5.130095066284245e-07
20,0.030679615757712823,2410.6666666666665,72,-0.029110052465232707,3.158115270255982e-05,-4.8065209809523496e-05,2.457586034514902e-08,-1.826198275481646e-05,3.6808361165371024e-05,-5.61636801266718e-07,4.244769696885484e-07
20,0.030679615757712823,2432.0,72,-0.020759281949356514,3.054274591467024e-05,-0.00026033976463788204,2.4357058632632464e-08,-2.088676134072859e-05,3.6863396021541016e-05,-4.1755934322556015e-08,5.203034251189267e-07
20,0.030679615757712823,2453.333333333333,72,-0.0038247850929246977,2.913438911729853e-05,-0.0003650173619394307,2.4485570904370934e-08,-1.8838721024207257e-05,3.801039736073772e-05,1.316803189466381e-07,4.3216650483130435e-07
20,0.030679615757712823,2474.6666666666665,72,0.01469411665779919,2.8351035619143045e-05,-0.0003188457320018888,2.4475516802366933e-08,-1.9531590611181662e-05,3.957256746931184e-05,-1.9176691984498834e-07,4.466407936343536e-07
20,0.030679615757712823,2496.0,72,0.027141956444028212,2.7735995000962727e-05,-0.0001408991702193856,2.4197189439847192e-08,-1.596904061653645e-05,3.864286908641065e-05,-4.131173251781171e-07,4.953759321525229e-07
20,0.030679615757712823,2517.333333333333,72,0.028375063585763662,2.7304295758121303e-05,9.528182429690134e-05,2.4216682195006243e-08,-1.714588493066424e-05,3.697843619036029e-05,-1.3153381637701475e-07,4.795407458097514e-07
20,0.030679615757712823,2538.6666666666665,72,0.017887205426698524,2.7184351104139366e-05,0.0002920731481080826,2.4645157802898796e-08,-2.8601987995931913e-05,3.858119871155176e-05,8.612555569920858e-07,4.6251835677035387e-07
20,0.030679615757712823,2560.0,72,1.61887507011484e-05,2.797612830576496e-05,0.000368145081485581,2.4339628251532762e-08,-3.023625760513909e-05,4.0789521442172324e-05,1.4613638242196002e-06,5.170620597418315e-07
20,0.030679615757712823,2581.333333333333,72,-0.017852862654104545,2.9606684845500284e-05,0.00029206633200785134,2.3566451457699357e-08,-2.569444323689863e-05,4.106669318074053e-05,5.725274911772509e-07,5.107685364532902e-07
20,0.030679615757712823,2602.6666666666665,72,-0.02834021136596577,3.111505656190169e-05,9.527290278463864e-05,2.4017277722484245e-08,-3.46787961285425e-05,4.147418327923669e-05,-2.1629909972226982e-07,4.780222857962862e-07
20,0.030679615757712823,2624.0,72,-0.02711481979438991,3.1979601022149977e-05,-0.0001409022276935712,2.4845221107705817e-08,-4.284747559833881e-05,4.1879730362445195e-05,4.830161302778391e-07,5.231345306535062e-07
20,0.030679615757712823,2645.333333333333,72,-0.014682115391522865,3.221594768906203e-05,-0.00031884202737867697,2.4099939546224176e-08,-3.961265111900348e-05,4.190443851151371e-05,9.673553627703827e-07,4.4908766399116534e-07
20,0.030679615757712823,2666.6666666666665,72,0.0038195105422881067,3.2379302089903314e-05,-0.000365012379234206,2.3336181434647598e-08,-4.131608067663172e-05,4.204591067366012e-05,2.8467424517610076e-07,4.906165371010694e-07
20,0.030679615757712823,2688.0,72,0.02074068547623027,3.2198827686313156e-05,-0.0002603357842935437,2.368457998625818e-08,-4.417080777434005e-05,4.21619711898559e-05,-1.4290173613291666e-07,4.480289168629655e-07
20,0.030679615757712823,2709.333333333333,72,0.0290843450170779,3.192947014379618e-05,-4.806359597111272e-05,2.3859881735389536e-08,-3.546163853414223e-05,4.110332833816e-05,-1.7247838835775932e-07,5.063521866718529e-07
20,0.030679615757712823,2730.6666666666665,72,0.02540028863900785,3.188539586168269e-05,0.00018407366407729664,2.3511487318747863e-08,-2.5274114623213982e-05,3.9989777505755016e-05,-4.682460288149409e-07,5.032214478814746e-07
20,0.030679615757712823,2752.0,72,0.01121494341638877,3.1604206081128315e-05,0.0003401262392370029,2.3317147154505305e-08,-1.818822165300499e-05,3.9279563705670665e-05,-2.6539603923438583e-07,4.968401413723096e-07
20,0.030679615757712823,2773.333333333333,72,-0.007603757457439208,3.160638483939362e-05,0.00035560297967132746,2.315605972929916e-08,-9.332067256377488e-06,3.8777328367032206e-05,1.9604429114526141e-07,5.013266637980563e-07
20,0.030679615757712823,2794.6666666666665,72,-0.023279296090089847,3.2078759802808046e-05,0.0002241135476668586,2.3143003924728184e-08,-4.446119987904554e-06,3.813797692513127e-05,-3.818814360980525e-07,4.945384585074852e-07
20,0.030679615757712823,2816.0,72,-0.02933591701987955,3.231177584169218e-05,-3.745805562964364e-09,2.329973115439119e-08,-2.536924992040848e-06,3.927545529958917e-05,-9.366308161097958e-07,5.093066849829567e-07
20,0.030679615757712823,2837.333333333333,72,-0.023267391947075524,3.2321201137030436e-05,-0.00022412553341015365,2.302745762130783e-08,3.717738036477237e-06,4.096221110049063e-05,-2.20969868502112e-07,4.666741714993683e-07
20,0.030679615757712823,2858.6666666666665,72,-0.00757480679560679,3.321591786267577e-05,-0.0003556189383182314,2.296356853874762e-08,9.696997907244564e-06,4.1519561900034565e-05,1.0760813089678032e-07,5.198054174617714e-07
20,0.030679615757712823,2880.0,72,0.011262307633298559,3.445447369204081e-05,-0.0003401368934222719,2.3695987865741405e-08,1.356052684656391e-05,4.2505003164334396e-05,-7.112245697064542e-07,5.135208217275687e-07
20,0.030679615757712823,2901.333333333333,72,0.025458863542991976,3.53768466174933e-05,-0.00018408057184810168,2.3784253402655466e-08,1.7308609893096395e-05,4.359079294022248e-05,-7.903147004719754e-07,5.31213204876598e-07
20,0.030679615757712823,2922.6666666666665,72,0.029142617125644008,3.608985679366978e-05,4.805213684853624e-05,2.323765380627955e-08,1.2931763123451094e-05,4.3788872848225285e-05,5.189411730790067e-08,5.300045932525988e-07
20,0.030679615757712823,2944.0,72,0.020793070119033395,3.6179596519350294e-05,0.00026032330123768467,2.3353033605570434e-08,2.466152146608008e-06,4.221642162471341e-05,2.700054287151528e-07,5.069571408857378e-07
20,0.030679615757712823,2965.333333333333,72,0.0038690488073518164,3.650755621912583e-05,0.00036500290373985277,2.3731424552330242e-08,1.5762035242830597e-06,4.0276370179999445e-05,2.172502456859028e-07,4.996240398741378e-07
20,0.030679615757712823,2986.6666666666665,72,-0.014636729198667039,3.778173372743952e-05,0.0003188280987442753,2.3404274905656435e-08,8.695460439371184e-06,3.9662425789353775e-05,5.112615560523448e-07,4.1550851761171837e-07
20,0.030679615757712823,3008.0,72,-0.02708248082256789,3.861760319701131e-05,0.0001408837617469521,2.339381356953225e-08,8.863202186786607e-06,3.9918854263099136e-05,5.667275123567039e-08,4.5738630731733353e-07
20,0.030679615757712823,3029.333333333333,72,-0.028320352701208997,3.847641390213861e-05,-9.52886274309371e-05,2.37938767861516e-08,1.936370607498183e-06,3.971012261783412e-05,-1.0646033702240848e-06,4.7174058317956126e-07
20,0.030679615757712823,3050.6666666666665,72,-0.01783459036352615,3.829897404376336e-05,-0.0002920827199848785,2.4048060274777366e-08,5.654042158743595e-07,3.882882697133805e-05,-1.2197059198159777e-06,5.266885550028641e-07
20,0.030679615757712823,3072.0,72,3.524236269447678e-05,3.826438498015764e-05,-0.00036816224079429103,2.4503589694063254e-08,7.997980177039392e-06,3.781326363356288e-05,-3.24580749910295e-07,4.602201337630302e-07
20,0.030679615757712823,3093.333333333333,72,0.01790159583146858,3.8349501416282865e-05,-0.00029208303279673544,2.5118013288472196e-08,1.0368729532855019e-05,3.8751953445108356e-05,6.051150806155118e-07,5.488383222211719e-07
20,0.030679615757712823,3114.6666666666665,72,0.02838570683278539,3.870458926479998e-05,-9.529159036947719e-05,2.4759171476687867e-08,-1.3189580728475328e-07,4.0208494550336764e-05,1.154494507401053e-06,4.270997578194307e-07
20,0.030679615757712823,3136.0,72,0.02715383903638589,3.788990319579722e-05,0.00014088111296622007,2.390303136225418e-08,-6.138594503684892e-06,4.0320429496272335e-05,9.391227935504425e-07,4.4315761547899076e-07
20,0.030679615757712823,3157.333333333333,72,0.01470850437844684,3.5566565221744346e-05,0.0003188294650887894,2.3569247967713583e-08,4.486279906118621e-06,3.9046134365206765e-05,3.2083045328685067e-07,4.806765827065329e-07
20,0.030679615757712823,3178.6666666666665,72,-0.0038096540169226347,3.425122831530588e-05,0.0003650035700972803,2.375503712181321e-08,1.3670045678016761e-05,3.706172316746392e-05,5.260253570046946e-07,5.35713108747894e-07
20,0.030679615757712823,3200.0,72,-0.020745889525272655,3.496656563171305e-05,0.00026031836223304846,2.4084873813225463e-08,8.115200299159792e-06,3.576863950332489e-05,8.788088003864233e-07,4.743334652847296e-07
20,0.030679615757712823,3221.333333333333,72,-0.029098481806580898,3.5441038352526404e-05,4.8046017932053026e-05,2.452260833671324e-08,1.4253874925316581e-06,3.600548011315844e-05,-8.995089904918722e-08,4.949855469152203e-07
20,0.030679615757712823,3242.6666666666665,72,-0.02541413930268853,3.4800029023223067e-05,-0.00018408367864072367,2.503893444389739e-08,3.7993718194139856e-06,3.640299891787703e-05,-1.013608121691493e-06,4.467790242586224e-07
20,0.030679615757712823,3264.0,72,-0.011215965419332353,3.439720161606676e-05,-0.00034013901826844664,2.487784912139795e-08,9.261416252574435e-06,3.6341713618802807e-05,-3.8328354962502856e-07,5.175604164580799e-07
20,0.030679615757712823,3285.333333333333,72,0.007627208201094748,3.4621564710826555e-05,-0.00035562130429719343,2.4686240023508047e-08,1.4313125754158495e-05,3.6128682097193835e-05,2.8745022789466974e-07,5.877187784707388e-07
20,0.030679615757712823,3306.6666666666665,72,0.023327865303899867,3.5131550191486134e-05,-0.00022412981357040023,2.4402703095871363e-08,1.8618211812937826e-05,3.5965960125852e-05,-2.368627750319737e-08,4.838743461108776e-07
20,0.030679615757712823,3328.0,72,0.02939791436313108,3.5508482058996785e-05,-1.2195447377191219e-08,2.4013194820389212e-08,1.564545072184901e-05,3.563177639777751e-05,-2.8237792225539573e-07,5.107000841834778e-07
20,0.030679615757712823,3349.333333333333,72,0.023328456263609902,3.5120633823298156e-05,0.00022410632671860043,2.366490851940305e-08,4.471846423289227e-06,3.466092277292886e-05,-3.2449686195217353e-07,4.768975354134094e-07
20,0.030679615757712823,3370.6666666666665,72,0.007626775378900001,3.4312323248933865e-05,0.00035560040129964133,2.341915493409821e-08,6.158419884803454e-08,3.2590122180339364e-05,-5.630589041471287e-07,5.339790279903136e-07
20,0.030679615757712823,3392.0,72,-0.011216458146194175,3.387141297000321e-05,0.00034011985967186516,2.341424909533417e-08,1.1508379963608187e-05,3.0845959165534785e-05,-7.794439884521789e-07,4.792113525886675e-07
20,0.030679615757712823,3413.333333333333,72,-0.02541029706409128,3.408645878357882e-05,0.00018406206876878868,2.363711509905697e-08,2.3857968604117247e-05,3.0614560529223353e-05,-1.153050728376557e-06,5.183427011824359e-07
20,0.030679615757712823,3434.6666666666665,72,-0.029089728141904636,3.440577975007358e-05,-4.806994776458524e-05,2.3870709231480197e-08,2.3417300957923408e-05,3.2335208754303375e-05,-1.3158096846295902e-06,5.393885989587255e-07
20,0.030679615757712823,3456.0,72,-0.020738859451121423,3.447443795992537e-05,-0.0002603366305122637,2.3650602676330937e-08,1.815765841835741e-05,3.4194585535850754e-05,-3.2245508344576236e-07,4.974763899397278e-07
20,0.030679615757712823,3477.333333333333,72,-0.0038100233862373104,3.44518988727766e-05,-0.0003650134357258211,2.3590977677975082e-08,1.6597789925907936e-05,3.579473845398928e-05,6.642267493364435e-07,6.2239063384653e-07
20,0.030679615757712823,3498.6666666666665,72,0.01470356210541852,3.459772166404608e-05,-0.00031883966803652347,2.404442825719588e-08,1.7329964695322645e-05,3.7150415827412415e-05,1.7844658462994492e-07,5.319512882030633e-07
20,0.030679615757712823,3520.0,72,0.027152973752555865,3.474595121493582e-05,-0.0001408961918755673,2.4211083337944763e-08,1.8174830977034513e-05,3.72853754303857e-05,-4.96564438320823e-07,5.653696688429988e-07
20,0.030679615757712823,3541.333333333333,72,0.02839148176054107,3.458484495673396e-05,9.527791171314442e-05,2.3515797916089153e-08,1.2280694695780806e-05,3.541240781027284e-05,-3.292284117854556e-07,5.331875294463492e-07
20,0.030679615757712823,3562.6666666666665,72,0.017902944477584885,3.400048334948467e-05,0.00029207390014851644,2.3623705751573104e-08,-1.4383703198073351e-06,3.335858365104535e-05,-3.0272035336745857e-07,5.142373814512248e-07
20,0.030679615757712823,3584.0,72,2.201540304468171e-05,3.305140034229527e-05,0.00036815257471512115,2.398563772401802e-08,-6.699527268470244e-06,3.316755330549446e-05,-6.324072813321328e-07,4.4146917985843553e-07
20,0.030679615757712823,3605.333333333333,72,-0.01785718900438269,3.245017083078162e-05,0.0002920681691968844,2.333903974491577e-08,1.0801289466456956e-06,3.332109493795013e-05,-7.83314841720845e-07,4.795378061281531e-07
20,0.030679615757712823,3626.6666666666665,72,-0.02834682949710915,3.2576448700627266e-05,9.527118244421058e-05,2.2922189580291276e-08,8.012741206167632e-06,3.2725074114525006e-05,-6.765257371440128e-07,5.146101687741245e-07
20,0.030679615757712823,3648.0,72,-0.027116494494242763,3.249082522382936e-05,-0.00014089750694254167,2.3676220648882345e-08,1.2340633506327717e-05,3.2433719188284595e-05,-8.303224466953311e-08,5.278651975280831e-07
20,0.030679615757712823,3669.333333333333,72,-0.014672171542461079,3.1400143426193154e-05,-0.0003188361958233727,2.3521072714558125e-08,1.4008665738237462e-05,3.377000299322448e-05,3.810261482588968e-07,5.265195510433212e-07
20,0.030679615757712823,3690.6666666666665,72,0.003847460778649921,3.0228578857367116e-05,-0.00036501283169613813,2.2716111126793168e-08,5.0839996482469765e-06,3.402962184028441e-05,-1.7018087794733982e-07,4.905546151218233e-07
20,0.030679615757712823,3712.0,72,0.02078577081539371,3.0403248689888635e-05,-0.00026033795589222434,2.3340319182534513e-08,-7.474582563620882e-07,3.359359987016706e-05,-4.657326678647356e-07,5.124637914534778e-07
20,0.030679615757712823,3733.333333333333,72,0.0291373770848404,3.100569121358089e-05,-4.806249740095707e-05,2.4215674935519467e-08,1.1144445053606866e-05,3.432205614785178e-05,1.785489258858512e-07,5.544426776706456e-07
20,0.030679615757712823,3754.6666666666665,72,0.025448271765045806,3.114260784410724e-05,0.00018407734771563986,2.4106055792049963e-08,2.3811325029804435e-05,3.490319974173603e-05,-1.5734856459071785e-08,5.638166956679942e-07
20,0.030679615757712823,3776.0,72,0.01124371848448436,3.171085357332463e-05,0.0003401305491746848,2.427045406578379e-08,2.855360253763043e-05,3.307189025946703e-05,-7.262586217852285e-07,4.733249451267287e-07
20,0.030679615757712823,3797.333333333333,72,-0.007603187093860952,3.329807842211898e-05,0.00035560551644812666,2.478399913495319e-08,3.408152970775891e-05,3.20650132248861e-05,-4.265612638596301e-08,4.557446446102937e-07
20,0.030679615757712823,3818.6666666666665,72,-0.023304585417327904,3.525246308428575e-05,0.00022411350525108718,2.414439068358967e-08,2.8175021343861663e-05,3.2209396153300433e-05,6.037131236545541e-07,5.762740259762946e-07
20,0.030679615757712823,3840.0,72,-0.029374552251645623,3.613960704083993e-05,-3.567926168126261e-09,2.3704480579331783e-08,6.335947773589938e-06,3.217970210671013e-05,-3.039899584288935e-07,4.895809203713239e-07
20,0.030679615757712823,3861.333333333333,72,-0.023302453660576282,3.552207155775923e-05,-0.00022412318810320376,2.451276386865882e-08,-5.815966173087461e-06,3.403858097006505e-05,-7.785284449500684e-07,4.5178574869463365e-07
20,0.030679615757712823,3882.6666666666665,72,-0.007597460656677196,3.412092638288202e-05,-0.00035561603998687173,2.517359616949665e-08,-2.4202591489673955e-06,3.6236718939813386e-05,7.100792527452611e-09,4.560293417000419e-07
20,0.030679615757712823,3904.0,72,0.0112465226499873,3.276562239237413e-05,-0.0003401343913055808,2.488313686307272e-08,2.6350625801485685e-06,3.6252956718806755e-05,3.698180385415124e-07,5.065136990316846e-07
20,0.030679615757712823,3925.333333333333,72,0.02544644561487498,3.195805656450731e-05,-0.00018407788142971548,2.4603929249271374e-08,1.1646827225550546e-05,3.533793812458372e-05,9.532474694457482e-08,3.773033695392404e-07
20,0.030679615757712823,3946.6666666666665,72,0.029138721706175628,3.167186833136257e-05,4.8052589748860193e-05,2.4367459769098217e-08,2.0824963036628968e-05,3.5760210987337915e-05,-6.913546097132297e-08,4.518109402467029e-07
20,0.030679615757712823,3968.0,72,0.020790711365968533,3.157841750632813e-05,0.0002603201324914017,2.4657527923865373e-08,1.9059283572869798e-05,3.660379242223837e-05,-2.4789303091393707e-07,5.089864354907899e-07
20,0.030679615757712823,3989.333333333333,72,0.003850647986650965,3.177517568852928e-05,0.00036500255750565656,2.5187021981792133e-08,1.7930812526277295e-05,3.68499054640475e-05,-3.009132844113411e-07,4.207289526760678e-07
20,0.030679615757712823,4010.6666666666665,72,-0.014671384555971266,3.263075006183003e-05,0.00031883390147786884,2.5212807471018905e-08,2.2001666129095204e-05,3.654673170611065e-05,-2.637456071808425e-08,4.5284623395085926e-07
20,0.030679615757712823,4032.0,72,-0.027118207144765125,3.3657451057292983e-05,0.0001408874286748506,2.48638334793279e-08,1.4325861142225683e-05,3.5752607876912204e-05,2.8463024182589196e-07,5.057696132200685e-07
20,0.030679615757712823,4053.333333333333,72,-0.028349063679726512,3.447180185697463e-05,-9.528943836378166e-05,2.4561444653979213e-08,1.2393713420561235e-06,3.4604252439180476e-05,6.007391083177263e-07,5.520809174315882e-07
20,0.030679615757712823,4074.6666666666665,72,-0.017856261601225547,3.4689666043223835e-05,-0.00029207760781241126,2.4575249402449828e-08,-4.923104968720398e-07,3.427777588652106e-05,5.239715204646526e-07,4.551734066734815e-07
24,0.03681553890925539,0.0,72,4.9715793447577824e-05,3.280643407421395e-05,-0.00044181037523740956,2.1175909585055753e-08,-4.912868112455708e-06,4.149299566631067e-05,-5.939542742188826e-07,6.198814067340723e-07
24,0.03681553890925539,21.333333333333332,72,0.022145291088832002,3.3968476039504423e-05,-0.00031241270009657585,2.0069330867254064e-08,-6.029101217712716e-06,4.104725217074357e-05,-1.6159039312654077e-08,5.05717170917025e-07
24,0.03681553890925539,42.666666666666664,72,0.03129083026995785,3.480852446289078e-05,-2.2853968070831116e-08,2.0734471410641944e-08,-3.6534134033097337e-06,4.1484615560694625e-05,2.7167620289553177e-07,4.942117251952751e-07
24,0.03681553890925539,64.0,72,0.0221327627476612,3.428445910666272e-05,0.000312375444495896,2.1263478615098634e-08,-1.5401719006115642e-06,4.172553295658899e-05,-7.088124945509243e-08,5.614236265632259e-07
24,0.03681553890925539,85.33333333333333,72,3.8691632064974076e-05,3.3332669170532786e-05,0.00044177296560083,2.0197995346355387e-08,2.57652345091237e-06,4.143766160143379e-05,8.155327034742666e-08,5.230956002946659e-07
24,0.03681553890925539,106.66666666666666,72,-0.022053169083747888,3.325865588970884e-05,0.0003123664630649782,1.9643512476582258e-08,9.957995427361342e-06,4.011900183399105e-05,4.144336222356909e-07,4.3541873013128573e-07
24,0.03681553890925539,128.0,72,-0.031199864028704505,3.348111750950038e-05,-2.7780791207548905e-08,1.9878685040793617e-08,1.1555896907016461e-05,3.876663585004086e-05,5.974660084752632e-08,5.178238332269775e-07
24,0.03681553890925539,149.33333333333331,72,-0.02203998692895094,3.380343489429134e-05,-0.00031241687151574156,2.0141126467814558e-08,6.825965298363282e-06,3.739105668070197e-05,2.580133947735574e-07,4.870323308572581e-07
24,0.03681553890925539,170.66666666666666,72,5.611322184423539e-05,3.513201850027517e-05,-0.00044181486826521993,2.0920770952931195e-08,1.818320617746908e-06,3.4864246478683726e-05,8.613909620030166e-07,5.074521665480686e-07
24,0.03681553890925539,192.0,72,0.022145099047461973,3.701616895296496e-05,-0.0003124178592911243,2.1905875762566558e-08,-8.439127879226272e-06,3.27958251766449e-05,-1.3656997468988064e-07,4.6927632744838525e-07
24,0.03681553890925539,213.33333333333331,72,0.0312938556983752,3.8443251456500896e-05,-2.8696130207461162e-08,2.1676300962731356e-08,-2.0552626900667895e-05,3.267597996136129e-05,-1.2487692793054041e-06,5.142714214818861e-07
24,0.03681553890925539,234.66666666666666,72,0.022141179163747336,3.8503147313238695e-05,0.00031235537791000456,2.066026488041396e-08,-2.1964090280511713e-05,3.276175172720262e-05,-1.4055239208577942e-07,5.041551517029309e-07
24,0.03681553890925539,256.0,72,4.4258414856463224e-05,3.718970087598862e-05,0.00044175257317505376,2.0814446350674903e-08,-2.3132301868416858e-05,3.31002770906292e-05,1.1870324167242459e-06,5.610776357340303e-07
24,0.03681553890925539,277.3333333333333,72,-0.022050759815168647,3.5786732698378565e-05,0.00031236252300683755,2.1666115668539604e-08,-3.5427429512811844e-05,3.415024269899611e-05,9.541692141687506e-07,4.593751754775891e-07
24,0.03681553890925539,298.66666666666663,72,-0.031199985092482,3.4455140721014344e-05,-2.7626955355780075e-08,2.230159321050001e-08,-4.124631548942347e-05,3.438734173706485e-05,5.015017990993834e-07,4.897829457247231e-07
24,0.03681553890925539,320.0,72,-0.022045266189560403,3.288799761029608e-05,-0.00031242009425491506,2.2531366619232736e-08,-3.3366183414954305e-05,3.3153725723223194e-05,2.6588864156141603e-07,5.657237520311878e-07
24,0.03681553890925539,341.3333333333333,72,5.1279578828402575e-05,3.210969734454538e-05,-0.0004418173605067571,2.2205263339272698e-08,-2.9097040726860082e-05,3.273249651642806e-05,-1.4371506505412375e-07,4.6804480800943756e-07
24,0.03681553890925539,362.66666666666663,72,0.022146455601123983,3.2618457321830163e-05,-0.0003124226043115477,2.160972267687969e-08,-2.803023858821792e-05,3.5507413149691546e-05,-1.9915767080387006e-07,5.29824758454347e-07
24,0.03681553890925539,384.0,72,0.03129808517628695,3.308678031572462e-05,-3.2063545210510225e-08,2.1867011767842633e-08,-1.7160919791246872e-05,3.7730325449202614e-05,-1.6410946064196043e-07,5.15950435053677e-07
24,0.03681553890925539,405.3333333333333,72,0.022145013665883066,3.3028076211873275e-05,0.00031235796736427585,2.201811673637178e-08,-2.8962953118978737e-06,3.7269405199332426e-05,-5.301302852682685e-07,4.732509277586385e-07
24,0.03681553890925539,426.66666666666663,72,4.633033107284584e-05,3.3279689691148814e-05,0.0004417546286659358,2.0852629462926203e-08,5.9455996985094775e-06,3.707389567163039e-05,-6.977400240644061e-07,4.964476781071294e-07
24,0.03681553890925539,448.0,72,-0.022051866818262086,3.369470463481117e-05,0.00031236468369712504,2.0124085458261185e-08,1.503627950248278e-05,3.662934377195223e-05,-4.453229036597535e-07,4.176470312266983e-07
24,0.03681553890925539,469.3333333333333,72,-0.031202642285774455,3.355673937986428e-05,-2.446054012691769e-08,2.1193941217250007e-08,2.579434660111284e-05,3.5608623129362564e-05,-5.1618983444086244e-08,4.058824600790643e-07
24,0.03681553890925539,490.66666666666663,72,-0.02204875844432532,3.3297543472094743e-05,-0.00031242251098139535,2.1937435516320027e-08,2.9398924452531834e-05,3.693936357823366e-05,3.10226688517653e-07,5.49956319638826e-07
24,0.03681553890925539,512.0,72,4.735749340107096e-05,3.353411065112843e-05,-0.00044181764829372746,2.177721469917054e-08,2.470759759131956e-05,3.9991829338826384e-05,2.212062455085922e-07,4.510018652239337e-07
24,0.03681553890925539,533.3333333333333,72,0.022145946459733917,3.364352425598363e-05,-0.0003124167689885005,2.1918344949366338e-08,2.3946024360751576e-05,4.0454974938661096e-05,-6.116291381001032e-08,5.81955289605182e-07
24,0.03681553890925539,554.6666666666666,72,0.031300765042668016,3.3508046223125525e-05,-3.4503758105131974e-08,2.1736365261330272e-08,3.212121395291657e-05,3.943929179394209e-05,1.62900417848349e-07,5.375249708124094e-07
24,0.03681553890925539,576.0,72,0.022150249869094283,3.2731026786546514e-05,0.000312353017895,2.100603527005485e-08,3.502564927637016e-05,3.968112809745682e-05,5.72271780427626e-07,4.3767705023663997e-07
24,0.03681553890925539,597.3333333333333,72,6.0777007071564855e-05,3.1724394677698004e-05,0.00044176064562147655,2.0881618266139984e-08,2.6296691306318925e-05,3.9898968889420324e-05,6.893952447468083e-07,4.849328485478316e-07
24,0.03681553890925539,618.6666666666666,72,-0.022030030071116397,3.175640443510863e-05,0.0003123668700686403,2.1661407060157407e-08,2.173979812308332e-05,4.076251887674636e-05,2.6022475070998096e-07,5.201669537751836e-07
24,0.03681553890925539,640.0,72,-0.031184307738754642,3.189548786314697e-05,-3.0070024989412666e-08,2.2065483398675076e-08,2.6589526671072946e-05,4.2189303177691765e-05,-9.069689204279516e-07,5.504857443428476e-07
24,0.03681553890925539,661.3333333333333,72,-0.022033021259607613,3.0864920810895945e-05,-0.000312420058445757,2.1583170211816675e-08,2.8775505917180587e-05,4.206616392926845e-05,-1.43559006062049e-06,4.752280854371053e-07
24,0.03681553890925539,682.6666666666666,72,6.214317166406242e-05,2.968062330059473e-05,-0.0004418160489728119,2.0931166034775822e-08,2.8935883280117552e-05,4.089639252337081e-05,-3.7692312304876164e-07,4.7565183040580175e-07
24,0.03681553890925539,704.0,72,0.022150183110787737,2.986904379911042e-05,-0.0003124240629158242,2.0662785911889928e-08,3.226092981774156e-05,3.9983834406945177e-05,2.2014958682499432e-07,5.570936840825702e-07
24,0.03681553890925539,725.3333333333333,72,0.03129588338659252,3.0358755010405835e-05,-3.1603884182454714e-08,2.0735461699583442e-08,3.2466083038320425e-05,3.953056285906695e-05,-5.553654055210358e-07,5.682961171231492e-07
24,0.03681553890925539,746.6666666666666,72,0.02214502704582286,2.9691278265733027e-05,0.0003123666423064706,2.0895513277095553e-08,3.125442954542792e-05,3.9549871438534774e-05,-7.192305483447694e-07,4.922335328380771e-07
24,0.03681553890925539,768.0,72,4.9089183070172456e-05,2.8993961242389415e-05,0.00044176506118461987,2.0991508639730176e-08,3.319664521681364e-05,3.999852590942905e-05,-5.6112762089493184e-09,4.667298531629804e-07
24,0.03681553890925539,789.3333333333333,72,-0.022051068072090934,2.923236303997167e-05,0.0003123603656613198,2.05452009296285e-08,2.9072408169495648e-05,4.050385271449299e-05,2.72858279338137e-07,5.355115219985236e-07
24,0.03681553890925539,810.6666666666666,72,-0.031204953562414664,2.9672839120864722e-05,-3.891097394062657e-08,2.0657195680625804e-08,2.052097736912844e-05,3.9863757255224436e-05,1.2527064000719001e-07,4.59678869687034e-07
24,0.03681553890925539,832.0,72,-0.02205501266743738,2.9747442635040127e-05,-0.000312423962914706,2.1232554098033015e-08,2.0266503915873824e-05,3.830821435377458e-05,-2.9605925116845416e-07,5.251757386077452e-07
24,0.03681553890925539,853.3333333333333,72,3.4159252618428023e-05,2.9537958182462433e-05,-0.00044180936778722004,2.139430534720446e-08,2.2010933117173588e-05,3.740670720997405e-05,-6.94163482632432e-07,4.987145718005418e-07
24,0.03681553890925539,874.6666666666666,72,0.022126618360577117,2.9401387115979285e-05,-0.00031241534613405346,2.102277828271092e-08,2.1967116212302688e-05,3.772164313800206e-05,-3.057232195693904e-07,5.294700501604174e-07
24,0.03681553890925539,896.0,72,0.03127774019225187,2.9446936370207977e-05,-3.022163341084852e-08,2.1028468802848905e-08,3.34766690222617e-05,3.739377860661144e-05,7.210179510118288e-08,5.114769463932272e-07
24,0.03681553890925539,917.3333333333333,72,0.022116089850561692,2.9307645080861333e-05,0.00031236491353574285,2.138303304735191e-08,4.772860466688292e-05,3.5710040746284936e-05,-2.8805806662418946e-07,3.9073687127195115e-07
24,0.03681553890925539,938.6666666666666,72,5.54060555048264e-06,2.918335757383531e-05,0.00044176217486632005,2.1762146692583554e-08,4.676336497662517e-05,3.5257859309695264e-05,-3.569752222290202e-07,4.799894530926068e-07
24,0.03681553890925539,960.0,72,-0.022098499177129152,2.9400015625979145e-05,0.0003123591777161035,2.223551974204776e-08,4.438606635694666e-05,3.623674109120122e-05,-1.3261668738979438e-07,4.5159411248608105e-07
24,0.03681553890925539,981.3333333333333,72,-0.031250342658408876,2.938972071464275e-05,-3.293611470367266e-08,2.199684453871624e-08,4.739665847319098e-05,3.5818427529932634e-05,-1.1172417462031918e-07,4.3108520857434547e-07
24,0.03681553890925539,1002.6666666666666,72,-0.02209665855897536,2.860464193614706e-05,-0.0003124227601486816,2.139686671973654e-08,3.5392775125476014e-05,3.491533932317626e-05,3.9013650325086034e-07,4.802014386694693e-07
24,0.03681553890925539,1024.0,72,-3.830361562551973e-06,2.760766755805656e-05,-0.00044182120906408853,2.1701338392673716e-08,1.5424521788026144e-05,3.543883256658354e-05,5.720837823372614e-07,4.633896817554362e-07
24,0.03681553890925539,1045.3333333333333,72,0.022087075298505048,2.7575656549966625e-05,-0.0003124249827078363,2.2079653823259414e-08,1.0583235463614278e-05,3.548935929281922e-05,-5.605538262177781e-07,5.956518605406858e-07
24,0.03681553890925539,1066.6666666666665,72,0.031234873549695705,2.7163002269027506e-05,-3.3039107969661097e-08,2.176051232286597e-08,7.587116930145964e-06,3.539537861093187e-05,-1.1298437457723407e-06,5.164562148945118e-07
24,0.03681553890925539,1088.0,72,0.022076691870936138,2.606565642623132e-05,0.0003123605518837933,2.211313287725654e-08,-4.821209252842726e-06,3.658519864729242e-05,-2.5962360171544964e-07,4.543772637067233e-07
24,0.03681553890925539,1109.3333333333333,72,-2.56069500436136e-05,2.6183132576118865e-05,0.00044176156978039695,2.2945219387752107e-08,-6.484728426554292e-06,3.631898217777248e-05,3.748411962896705e-07,3.8675834425617556e-07
24,0.03681553890925539,1130.6666666666665,72,-0.022125002214564014,2.719634615429837e-05,0.0003123644901451316,2.2255727421584977e-08,9.90334444613809e-07,3.4875203255070436e-05,4.190779923318562e-07,4.693310841436262e-07
24,0.03681553890925539,1152.0,72,-0.031277646454689514,2.8133639980691244e-05,-2.8316123373270853e-08,2.2149235091522447e-08,-3.903209791372131e-06,3.538742030659126e-05,2.421102514572489e-07,5.182305186844082e-07
24,0.03681553890925539,1173.3333333333333,72,-0.022125004619913662,2.923382167887728e-05,-0.0003124157833755098,2.3044166913539322e-08,-1.2671091675074508e-05,3.6181819399673836e-05,-3.7255896023073774e-07,4.333649944204846e-07
24,0.03681553890925539,1194.6666666666665,72,-2.9426789333379196e-05,3.079841782905327e-05,-0.0004418118297448717,2.3248500132433378e-08,-1.34607300810531e-05,3.618338767536673e-05,-6.745429847649303e-07,4.54150685429579e-07
24,0.03681553890925539,1216.0,72,0.02206680652460767,3.219596003305423e-05,-0.00031241854216088364,2.198095152691333e-08,-1.9901356655806588e-05,3.583634681388643e-05,-4.7201862889196504e-07,5.058494830958874e-07
24,0.03681553890925539,1237.3333333333333,72,0.031220852325213638,3.289128551715e-05,-2.8983987569643457e-08,2.1204415741297764e-08,-3.3372688362828034e-05,3.5856675599515734e-05,-4.5711888767685454e-07,5.386199099090941e-07
24,0.03681553890925539,1258.6666666666665,72,0.022069726944919186,3.324554158616728e-05,0.0003123537113069806,2.179759472007506e-08,-4.09812253516833e-05,3.5262503086368804e-05,5.964460005140763e-08,5.167407378761368e-07
24,0.03681553890925539,1280.0,72,-2.8086302942293194e-05,3.321703293646283e-05,0.0004417402581019232,2.258676341359529e-08,-4.654263707519739e-05,3.430981114530985e-05,9.424386933296139e-07,5.289922954327786e-07
24,0.03681553890925539,1301.3333333333333,72,-0.022128821963039322,3.304639049331111e-05,0.0003123510992696008,2.2621426290510723e-08,-5.1503997726622984e-05,3.400254133724417e-05,7.124892995549381e-07,4.4123035035995596e-07
24,0.03681553890925539,1322.6666666666665,72,-0.03128539263405786,3.2995965737232756e-05,-2.6401939181680372e-08,2.2802770280753794e-08,-4.4639832256978785e-05,3.42814795899513e-05,2.7717559679842507e-07,5.007373576809017e-07
24,0.03681553890925539,1344.0,72,-0.022137087996442293,3.255176480090988e-05,-0.00031241588382754384,2.3649487055595833e-08,-3.223349112123726e-05,3.477019159747154e-05,6.740808820156751e-07,5.638049647068185e-07
24,0.03681553890925539,1365.3333333333333,72,-4.980343991758303e-05,3.2141700118254925e-05,-0.00044181287023023784,2.418978970972411e-08,-2.99971026078776e-05,3.653777052894798e-05,3.782629271941615e-07,4.246340667618993e-07
24,0.03681553890925539,1386.6666666666665,72,0.02203593058402491,3.214745677844759e-05,-0.00031241558066215906,2.3017754006453814e-08,-3.692388634842456e-05,3.7672561851164316e-05,-5.504397101157939e-07,4.5029031054481287e-07
24,0.03681553890925539,1408.0,72,0.03118437614367596,3.158904717571106e-05,-3.0261955162088124e-08,2.1880019441416004e-08,-4.754104466428345e-05,3.690003460923399e-05,-4.3275618816366223e-07,4.3936927513735837e-07
24,0.03681553890925539,1429.3333333333333,72,0.022032219802363244,3.104297162133232e-05,0.0003123592058762486,2.2235796558150226e-08,-5.749074462265022e-05,3.656577965797195e-05,8.418902289087649e-08,5.010739416008983e-07
24,0.03681553890925539,1450.6666666666665,72,-6.45430608184155e-05,3.181155348046072e-05,0.00044176193607526265,2.2619352427632844e-08,-5.7956924075396205e-05,3.693476174872544e-05,-1.4981023902467552e-08,4.929921653668969e-07
24,0.03681553890925539,1472.0,72,-0.0221585565287896,3.3089225374818927e-05,0.00031236693804324113,2.2250382136758743e-08,-5.461658897879623e-05,3.6072183451068555e-05,-8.829768970849394e-08,5.042682561040158e-07
24,0.03681553890925539,1493.3333333333333,72,-0.03130632131526276,3.3666721221634436e-05,-2.4133950315062283e-08,2.2086448341686163e-08,-6.30751283788753e-05,3.5724288574937254e-05,1.5984012616530154e-07,5.119343942542447e-07
24,0.03681553890925539,1514.6666666666665,72,-0.02215631625970181,3.333813160646614e-05,-0.00031241202274569625,2.241862711955238e-08,-7.766191112821216e-05,3.658470523140294e-05,3.761709375625052e-07,5.151440078193092e-07
24,0.03681553890925539,1536.0,72,-6.849020389379103e-05,3.2669615253047824e-05,-0.00044181111672159795,2.2334531731663993e-08,-8.508495971081933e-05,3.595103096446381e-05,1.9389047818835309e-07,4.7462607840290183e-07
24,0.03681553890925539,1557.3333333333333,72,0.022025724562942304,3.2959605087407955e-05,-0.00031241976585341056,2.2582354952454893e-08,-8.949047328280592e-05,3.4242275960646365e-05,-3.4042572206357885e-07,5.460543193241752e-07
24,0.03681553890925539,1578.6666666666665,72,0.03118475094081896,3.36103264979392e-05,-2.6064146234948035e-08,2.275107362848864e-08,-9.382182710725222e-05,3.437016291004747e-05,-2.2649664784630888e-07,5.160817370384046e-07
24,0.03681553890925539,1600.0,72,0.02204490752067681,3.2860165424906026e-05,0.00031237026001367814,2.290676171019158e-08,-9.303815160066724e-05,3.506933706634961e-05,4.359486864836631e-07,5.167293647634196e-07
24,0.03681553890925539,1621.3333333333333,72,-3.237675686465846e-05,3.183642348031621e-05,0.00044176536355452996,2.2576667851875462e-08,-9.103187844181536e-05,3.484688103391227e-05,2.5332119926473046e-07,4.4428328973086907e-07
24,0.03681553890925539,1642.6666666666665,72,-0.022113111354555338,3.200345252141725e-05,0.0003123612624298823,2.2181259937472573e-08,-8.8975904375145e-05,3.4734542078869195e-05,-2.2973775039646778e-07,4.3930945704976506e-07
24,0.03681553890925539,1664.0,72,-0.031260414486717666,3.2179450662761535e-05,-3.8019023635493525e-08,2.2355083932314376e-08,-7.728272780450396e-05,3.523831246386933e-05,-7.465774137549503e-08,5.251145950373742e-07
24,0.03681553890925539,1685.3333333333333,72,-0.02210241403108745,3.223168043975461e-05,-0.0003124331950761388,2.2721908008773247e-08,-5.652882177988416e-05,3.633889279023153e-05,-2.744041322130578e-07,5.826590083085284e-07
24,0.03681553890925539,1706.6666666666665,72,3.0580806867464406e-06,3.252576666373107e-05,-0.0004418282204476018,2.238293542134672e-08,-3.548981278462023e-05,3.758294873104001e-05,-5.93106310393021e-07,5.016818276405787e-07
24,0.03681553890925539,1728.0,72,0.022102970842606005,3.2773168393004686e-05,-0.0003124266547646382,2.1458785306263775e-08,-1.8662625833743453e-05,3.76503693116838e-05,5.792307825632604e-08,5.177474561768007e-07
24,0.03681553890925539,1749.3333333333333,72,0.03125650614963696,3.278531940201181e-05,-3.223122465797362e-08,2.1677995002009164e-08,-1.5993559270847916e-05,3.789213865265234e-05,4.843198437808815e-07,4.532313880719766e-07
24,0.03681553890925539,1770.6666666666665,72,0.022108627312622486,3.247129543530681e-05,0.0003123568300950637,2.255884899042147e-08,-2.8565356155507133e-05,3.9802093304385834e-05,-9.289506764750715e-09,5.370089395456071e-07
24,0.03681553890925539,1792.0,72,1.2484357048639005e-05,3.202337723563247e-05,0.00044175248911665615,2.2461369004865956e-08,-3.180414174952597e-05,4.117769493068414e-05,-2.6565341548500747e-07,4.998639132629417e-07
24,0.03681553890925539,1813.3333333333333,72,-0.022090939471647062,3.199332469357775e-05,0.00031236211507765075,2.1949101077299118e-08,-1.988138530995448e-05,3.995747815447342e-05,-1.5239524222766923e-07,5.064162494855476e-07
24,0.03681553890925539,1834.6666666666665,72,-0.031246934729351767,3.29480045830195e-05,-2.580616066965563e-08,2.2168355634529716e-08,-2.1491371843667763e-05,3.887330644610792e-05,7.78401934441951e-08,4.2384117030481293e-07
24,0.03681553890925539,1856.0,72,-0.02209182452815991,3.391996285289748e-05,-0.0003124204012628648,2.2712696258663274e-08,-3.536518065179129e-05,3.965855962203805e-05,3.417771887951696e-07,4.6074243658357476e-07
24,0.03681553890925539,1877.3333333333333,72,4.914513083346668e-06,3.4847215069407725e-05,-0.0004418136312985292,2.2209970479944216e-08,-3.182508291273642e-05,4.093664629695133e-05,-2.015710395339769e-07,5.473641494651259e-07
24,0.03681553890925539,1898.6666666666665,72,0.02209651065133936,3.595397713290933e-05,-0.00031241125753023115,2.1220147517587008e-08,-2.3096785049735492e-05,4.196842337290904e-05,-8.995923533976097e-07,5.144638636376702e-07
24,0.03681553890925539,1920.0,72,0.031241883580947555,3.61058092381117e-05,-2.7129255546557184e-08,2.0820926653830788e-08,-3.210892448447227e-05,4.294008569679453e-05,-4.7197736047732443e-07,5.141461349249686e-07
24,0.03681553890925539,1941.3333333333333,72,0.02208249350010879,3.490564063271976e-05,0.00031235658198007694,2.0964341206994776e-08,-3.440735580413696e-05,4.312741389159812e-05,-3.5722385176906797e-09,5.419067040388493e-07
24,0.03681553890925539,1962.6666666666665,72,-2.0665518408422763e-05,3.30907705271275e-05,0.0004417594725207036,2.0669475920750632e-08,-2.085884932639545e-05,4.2936049181634334e-05,1.4208354106841876e-07,4.728727153536911e-07
24,0.03681553890925539,1984.0,72,-0.0221251121529885,3.209204758918174e-05,0.0003123706584177069,2.0058426991297395e-08,-2.5725416644452122e-05,4.352665856277331e-05,8.494159530909664e-07,3.84491206114482e-07
24,0.03681553890925539,2005.3333333333333,72,-0.0312810570221719,3.239644070557391e-05,-1.947681313783352e-08,2.041792570616444e-08,-4.288274975209854e-05,4.412989441027551e-05,6.497938198414707e-07,4.91124362305208e-07
24,0.03681553890925539,2026.6666666666665,72,-0.02212223671284997,3.204591594700765e-05,-0.0003124094394564628,2.1630308682252618e-08,-3.593687334361067e-05,4.27522444594015e-05,-6.577123365306558e-07,4.823025764191895e-07
24,0.03681553890925539,2048.0,72,-1.9395348741507287e-05,3.0401370307033236e-05,-0.0004418014957535772,2.1913725945284635e-08,-2.0855758332379282e-05,4.109270189121545e-05,-4.4767566329383905e-07,5.680259701706432e-07
24,0.03681553890925539,2069.333333333333,72,0.022074720393684893,2.9300071836313262e-05,-0.0003123996869824504,2.0843461792978386e-08,-2.5238599190645212e-05,4.024349252763277e-05,4.5965628467626014e-07,4.3462655079872454e-07
24,0.03681553890925539,2090.6666666666665,72,0.031222125052585283,2.9503556512819292e-05,-7.553672428892887e-09,2.044485196322356e-08,-3.354281807044977e-05,3.873640737114905e-05,-1.3924398318778757e-07,4.062768568976555e-07
24,0.03681553890925539,2112.0,72,0.022070449231003087,2.9843372850068984e-05,0.0003123807478419657,2.1192480357420027e-08,-3.592790787212619e-05,3.775649884941115e-05,-4.1747137261081424e-07,4.52533965654588e-07
24,0.03681553890925539,2133.333333333333,72,-1.712508057004159e-05,3.056784943847804e-05,0.0004417789387038595,2.083661796909945e-08,-3.655375605411503e-05,3.7786187910443974e-05,4.369371815119564e-07,4.994295017026167e-07
24,0.03681553890925539,2154.6666666666665,72,-0.022102847957010653,3.188605916908528e-05,0.0003123872023393863,1.9424205752573194e-08,-2.498189913712921e-05,3.801501538610487e-05,3.0322125898363887e-07,4.387325509723504e-07
24,0.03681553890925539,2176.0,72,-0.031254271595037166,3.26684307716546e-05,-8.730881194638941e-10,1.997885658336193e-08,-1.3672823374514717e-05,3.896728079315495e-05,-4.5844959126072683e-07,4.865363537559986e-07
24,0.03681553890925539,2197.333333333333,72,-0.02211417120287363,3.300679676325077e-05,-0.0003123838957861019,2.1683596335875623e-08,-2.5931806429933244e-05,4.175392089192811e-05,-4.448726151511883e-07,4.959782778217014e-07
24,0.03681553890925539,2218.6666666666665,72,-3.5000847670180614e-05,3.435394756616944e-05,-0.0004417728762171311,2.1218972211812894e-08,-3.468892707360116e-05,4.420804547179436e-05,-2.000173273819811e-07,5.010855294204172e-07
24,0.03681553890925539,2240.0,72,0.022047656487484954,3.5965482118404815e-05,-0.00031238521303835213,2.049005803695882e-08,-1.69811702668974e-05,4.458963025371886e-05,1.9121989844014695e-07,5.139883367963065e-07
24,0.03681553890925539,2261.333333333333,72,0.031191200571174565,3.639027042823049e-05,-5.106488011090661e-09,2.094905927292831e-08,-6.822680607466312e-06,4.345592942053865e-05,7.123307533189583e-07,4.5844086476867343e-07
24,0.03681553890925539,2282.6666666666665,72,0.022036600447374613,3.580570020155285e-05,0.0003123914030176048,2.1267648917177422e-08,-1.7399172603339804e-05,4.152059471115857e-05,4.3370813560693436e-07,5.077372817269787e-07
24,0.03681553890925539,2304.0,72,-5.453490997358665e-05,3.4852993100696416e-05,0.0004417926768352763,2.069648828758556e-08,-2.0290688612856397e-05,4.0754497052967826e-05,-1.4925660988040807e-07,4.814816873080214e-07
24,0.03681553890925539,2325.333333333333,72,-0.022146634529352276,3.387061729335741e-05,0.00031239135077432335,2.0457402118301348e-08,-1.479500719993683e-05,4.192547655643237e-05,-8.365765816006494e-08,4.691303054701965e-07
24,0.03681553890925539,2346.6666666666665,72,-0.03130064100446117,3.325475935699646e-05,2.102354846321355e-09,2.0456189125694705e-08,-1.3177407357369935e-05,4.2563562128444465e-05,1.6272167675381857e-07,4.5580751312365615e-07
24,0.03681553890925539,2368.0,72,-0.022148729434155506,3.2750225421510746e-05,-0.00031238447970978613,2.0235472603091317e-08,-6.66355427090852e-06,4.176923913951316e-05,2.6804651422903626e-07,4.911328139023487e-07
24,0.03681553890925539,2389.333333333333,72,-4.837899531882438e-05,3.2142482904375374e-05,-0.000441784379796505,2.095807603006771e-08,1.5497402123135237e-06,4.171821140598854e-05,2.8693836536388345e-07,4.737230780050013e-07
24,0.03681553890925539,2410.6666666666665,72,0.02205121747661319,3.1812923989243265e-05,-0.0003123887830054899,2.0933651436289742e-08,3.873627422124598e-06,4.152148425819349e-05,1.607710490262931e-07,4.866995650731928e-07
24,0.03681553890925539,2432.0,72,0.03120474195520875,3.119730792059962e-05,5.0544860757270686e-09,2.0043912864797193e-08,1.185221340745223e-05,4.050338884821108e-05,1.710024448460997e-07,4.5217336488694957e-07
24,0.03681553890925539,2453.333333333333,72,0.022056429815435444,3.1096036884234635e-05,0.00031239285626488656,2.0203546539064626e-08,2.115129769819223e-05,3.974155233352503e-05,-2.4071507138903213e-08,5.443991187936202e-07
24,0.03681553890925539,2474.6666666666665,72,-3.2825520017586654e-05,3.2340655580772976e-05,0.0004417844556278995,2.20584613559815e-08,1.634272792657383e-05,3.956055691475874e-05,-5.686594674902749e-07,4.969883373563344e-07
24,0.03681553890925539,2496.0,72,-0.022124102147421724,3.338709567067472e-05,0.0003123867912487115,2.208513980237609e-08,9.236609187429304e-06,3.921861259108016e-05,-2.1979132678780637e-07,4.6380883685017606e-07
24,0.03681553890925539,2517.333333333333,72,-0.03127213232409877,3.361705238144649e-05,-3.509237863372806e-09,2.0752948044681247e-08,8.932547468502334e-06,3.935297926462328e-05,7.29697602881273e-07,4.567254307430148e-07
24,0.03681553890925539,2538.6666666666665,72,-0.022115135185444775,3.345951510526226e-05,-0.0003123906633762273,2.0364856100693266e-08,2.3532075550022097e-06,3.9971722043851535e-05,6.332834155255515e-07,4.2234108500452853e-07
24,0.03681553890925539,2560.0,72,-1.7673917087012486e-05,3.341669726461978e-05,-0.00044178326795928574,2.0396011008430495e-08,-7.680964800275835e-06,4.0638458914672756e-05,7.797579070988893e-08,5.372481592969073e-07
24,0.03681553890925539,2581.333333333333,72,0.02207913922098422,3.382772194391209e-05,-0.0003123897806129153,2.0396413473820125e-08,-7.4901255687739154e-06,4.026255785313639e-05,-1.1864874017965468e-07,4.845669990423502e-07
24,0.03681553890925539,2602.6666666666665,72,0.031231677345693685,3.4531248369694e-05,-4.0623820367204925e-09,2.0095849554853473e-08,-2.3005890379720067e-06,3.869765660976039e-05,-5.122000419747503e-07,4.1217485208461096e-07
24,0.03681553890925539,2624.0,72,0.022075111779832943,3.470318757484268e-05,0.0003123870903092441,2.0255563953368004e-08,-2.134897429184014e-06,3.784360662213266e-05,-3.728980214495289e-07,4.5120853267697266e-07
24,0.03681553890925539,2645.333333333333,72,-2.0484709024811372e-05,3.4373878374167846e-05,0.00044178527851809865,2.1610878109755953e-08,-8.693151681724387e-06,3.712321946277813e-05,5.469455106519777e-07,4.798251450403914e-07
24,0.03681553890925539,2666.6666666666665,72,-0.0221065946471772,3.420137754517605e-05,0.00031238684066697733,2.2013485441361174e-08,-1.6615941754780675e-05,3.6063912559250933e-05,6.718315731681403e-07,5.463534791882429e-07
24,0.03681553890925539,2688.0,72,-0.031253138994565756,3.3867889998081966e-05,-6.1129377215987254e-09,2.0876578761907562e-08,-1.2596583427963028e-05,3.4946366238308656e-05,3.7838311693411636e-07,4.910258049693792e-07
24,0.03681553890925539,2709.333333333333,72,-0.022101094700865995,3.2866950954298034e-05,-0.0003123949735146356,2.0471327113929793e-08,2.5321516792066835e-06,3.457187048861899e-05,6.562014541837798e-07,5.038750059798212e-07
24,0.03681553890925539,2730.6666666666665,72,-1.6921686660294625e-06,3.1949511903804985e-05,-0.0004417895347536377,2.1371559739037523e-08,8.866128643994311e-06,3.530886798043762e-05,3.420848410414623e-07,4.3839004757303966e-07
24,0.03681553890925539,2752.0,72,0.022093796319870396,3.1749800044394195e-05,-0.00031239737806024333,2.1425107912097005e-08,4.189122515550995e-06,3.635454636282285e-05,-2.912183032631316e-07,4.263050361730459e-07
24,0.03681553890925539,2773.333333333333,72,0.031236775769432863,3.172433635050004e-05,-1.016394963540298e-08,2.095749906227322e-08,1.6799782794157393e-06,3.5785767120976005e-05,1.31320265900974e-07,5.864679022733705e-07
24,0.03681553890925539,2794.6666666666665,72,0.022081585773069415,3.120503015311114e-05,0.00031238718683055316,2.127135399034616e-08,-2.640812744188884e-06,3.463451202446489e-05,4.6810065002646956e-07,4.661572291044953e-07
24,0.03681553890925539,2816.0,72,-9.96347528198745e-06,3.074139065647365e-05,0.000441789439350703,2.118085231306195e-08,-1.331965296385261e-05,3.382157610487923e-05,8.933871643262256e-08,4.5278289718318033e-07
24,0.03681553890925539,2837.333333333333,72,-0.022106986234280496,3.0405729895729483e-05,0.0003123853781467145,2.0867752519100415e-08,-1.721239004058433e-05,3.245775889376344e-05,1.4554332901583737e-07,5.130075724020097e-07
24,0.03681553890925539,2858.6666666666665,72,-0.03125933177531142,2.996699107652158e-05,-1.500368928138001e-08,2.14800753609712e-08,-9.502782517633563e-06,3.157356473797442e-05,2.4997991192464834e-07,4.797832550374458e-07
24,0.03681553890925539,2880.0,72,-0.02210265098687909,2.925842733014302e-05,-0.00031240371815454256,2.195434523428563e-08,-1.692256012478169e-06,3.160275013267564e-05,1.4001045002868102e-07,5.224433061317598e-07
24,0.03681553890925539,2901.333333333333,72,-1.116868861952519e-05,2.8419310345124362e-05,-0.0004417929712420813,2.1513683237667904e-08,-1.604244970129611e-06,3.281746819044561e-05,6.932934594733545e-07,5.074681270038479e-07
24,0.03681553890925539,2922.6666666666665,72,0.02207708900778828,2.816240250178066e-05,-0.00031239671417234176,2.1585771215090516e-08,-8.246032815752074e-06,3.415745275428847e-05,9.050205703005073e-07,4.580037519913596e-07
24,0.03681553890925539,2944.0,72,0.03123243036695262,2.874735381822886e-05,-1.536936708945717e-08,2.166719128290365e-08,-1.3718431992639441e-05,3.358927832696259e-05,7.555867853953684e-08,5.125090394744125e-07
24,0.03681553890925539,2965.333333333333,72,0.022085203496546052,2.9084589913709232e-05,0.000312365558894263,2.1503634087487503e-08,-7.771340882827168e-06,3.324746084088957e-05,-8.613537151194393e-08,4.864313224986195e-07
24,0.03681553890925539,2986.6666666666665,72,-1.3216042348364722e-05,2.8504361935704772e-05,0.00044175965863419906,2.1305132749531028e-08,6.637652155093824e-06,3.4001090518026236e-05,5.111263487715015e-07,5.000490156535919e-07
24,0.03681553890925539,3008.0,72,-0.022114393855932432,2.8386705805393693e-05,0.0003123665134550269,2.0930440962226345e-08,1.377283016641839e-05,3.329500643592515e-05,3.6859806692911804e-07,4.693859652993962e-07
24,0.03681553890925539,3029.333333333333,72,-0.031269256119905615,2.8721325922084302e-05,-1.9484783994074934e-08,2.0488724162469334e-08,7.575475840520067e-06,3.152919712955903e-05,-1.8296496159311422e-07,5.084963801982242e-07
24,0.03681553890925539,3050.6666666666665,72,-0.022113838067487186,2.772143145367054e-05,-0.0003124053290797549,2.1255082053956598e-08,-8.637114829617884e-07,3.073482844607737e-05,-5.101147856732598e-07,5.15901876036363e-07
24,0.03681553890925539,3072.0,72,-1.107621827814889e-05,2.69174166781662e-05,-0.0004418004852992709,2.2094816531692985e-08,-1.942221965552662e-06,2.9707262635708512e-05,-7.225385085469624e-07,5.357523109981284e-07
24,0.03681553890925539,3093.333333333333,72,0.022088779962311803,2.7665493077766717e-05,-0.00031240779731790187,2.1327174564530246e-08,-2.362423846464987e-07,2.770634776815654e-05,-3.016757569582129e-07,4.7330862800748046e-07
24,0.03681553890925539,3114.6666666666665,72,0.031242334025899345,2.7887125394634447e-05,-1.8978573031097237e-08,2.0739486583103768e-08,-1.3043188523066466e-06,2.801583889738754e-05,4.622819636718967e-07,5.004915811118803e-07
24,0.03681553890925539,3136.0,72,0.02209169816322929,2.73895814932078e-05,0.00031237647270294195,2.1024765044045415e-08,-9.482734819227452e-07,3.000597593361064e-05,3.623595738449947e-07,5.459001351326028e-07
24,0.03681553890925539,3157.333333333333,72,-5.317244654563408e-06,2.7756522644303564e-05,0.00044177939728049534,2.1469748860680205e-08,2.648818539034711e-06,3.035643480410548e-05,-1.633830393070945e-07,5.527504377039103e-07
24,0.03681553890925539,3178.6666666666665,72,-0.022105689660316633,2.9498602530644282e-05,0.0003123835767586187,2.099755542928473e-08,5.81246462396523e-06,3.017276195883778e-05,-1.860225322166475e-07,5.333783473173057e-07
24,0.03681553890925539,3200.0,72,-0.03126237169168073,3.0523438260860395e-05,-1.3092479937689743e-08,2.044133670638983e-08,9.459332903875016e-06,3.1361921283679275e-05,-3.7313808943392637e-07,5.269021950283635e-07
24,0.03681553890925539,3221.333333333333,72,-0.022114461276860564,2.9843602127837887e-05,-0.00031240787207771674,2.046925568069701e-08,1.0865418209788897e-05,3.303224978350634e-05,-9.73888229587477e-07,5.320006719810304e-07
24,0.03681553890925539,3242.6666666666665,72,-1.9827984314167783e-05,2.9001536790743856e-05,-0.00044180187591211884,2.129285445008493e-08,3.5339746702953525e-06,3.404758331746489e-05,-7.762533059889957e-07,4.898081813232783e-07
24,0.03681553890925539,3264.0,72,0.022081427639075304,2.8855686004095913e-05,-0.00031240446834646,2.0979801420420488e-08,-1.6673373525500203e-06,3.5024754386783126e-05,1.5694061000272535e-07,4.6083575637583185e-07
24,0.03681553890925539,3285.333333333333,72,0.03123950817598703,2.9067210917254925e-05,-1.731710150294795e-08,2.0610958761864246e-08,7.882958031177932e-06,3.5424243416071504e-05,1.693563751009514e-07,5.060483867570065e-07
24,0.03681553890925539,3306.6666666666665,72,0.022092186122790722,2.970189317486342e-05,0.00031237372367398273,2.1124578017098998e-08,1.6181527096548354e-05,3.5144867414627154e-05,-4.121208900076053e-07,4.383152190549103e-07
24,0.03681553890925539,3328.0,72,5.646928031172774e-06,3.0927789146471e-05,0.0004417740092873034,2.0838056386447492e-08,7.734139113163315e-06,3.4975293354789573e-05,2.554585544467134e-07,4.849504405401095e-07
24,0.03681553890925539,3349.333333333333,72,-0.02208221806427813,3.189776116262968e-05,0.00031237659305084525,2.037542800050989e-08,-3.656402801775407e-07,3.349683771605382e-05,1.0475651732890666e-06,4.77061160052714e-07
24,0.03681553890925539,3370.6666666666665,72,-0.03123079295900585,3.193230677081e-05,-1.8720096093221838e-08,2.066281445257731e-08,8.576852931329174e-06,3.183126007690564e-05,-1.8007908417426147e-08,4.7301250710682823e-07
24,0.03681553890925539,3392.0,72,-0.022074058927316082,3.081295582971464e-05,-0.00031241090559386243,2.1171512790739147e-08,2.4634590886437956e-05,3.145966964787163e-05,-9.324814884699316e-07,5.49509950081676e-07
24,0.03681553890925539,3413.333333333333,72,1.9604857829506438e-05,2.9366721322757427e-05,-0.0004418033750569689,2.10946097816645e-08,3.7597805041343734e-05,3.1929381354798453e-05,-1.1506037756570451e-08,4.980511844009289e-07
24,0.03681553890925539,3434.6666666666665,72,0.02210194665569902,2.861224614419216e-05,-0.0003124022347752656,2.0920055594981183e-08,5.0895299057191e-05,3.25482128866747e-05,4.594499232892617e-07,5.40219991926546e-07
24,0.03681553890925539,3456.0,72,0.031242726946767455,2.844567639539663e-05,-1.3923730792208696e-08,2.1006296035542477e-08,6.215979768856325e-05,3.3397817053130115e-05,-9.945533572546459e-08,4.3309795526430543e-07
24,0.03681553890925539,3477.333333333333,72,0.022085757108939192,2.7990803287327312e-05,0.0003123699474770975,2.134187501753574e-08,6.327380235374765e-05,3.477350571551892e-05,4.501167269980393e-08,4.82629646829602e-07
24,0.03681553890925539,3498.6666666666665,72,-1.6263290174264e-05,2.7228935418753775e-05,0.0004417643447315008,2.1332379709516765e-08,6.265185188117901e-05,3.54581282348725e-05,1.4153621457156988e-07,4.6296925822979573e-07
24,0.03681553890925539,3520.0,72,-0.022119075999061995,2.7082729862993155e-05,0.00031236929172789364,2.048418693745023e-08,7.494158412206792e-05,3.6066718697111925e-05,-2.0972960203192856e-07,4.5617478987110387e-07
24,0.03681553890925539,3541.333333333333,72,-0.03127399212023773,2.7734888811997623e-05,-2.0901748509041566e-08,2.0285049548657788e-08,8.830762654812743e-05,3.846630755845323e-05,3.599725694477874e-07,4.129136049741057e-07
24,0.03681553890925539,3562.6666666666665,72,-0.022122079262284013,2.853624152616439e-05,-0.0003124120637406114,2.1493782354576472e-08,8.127580647418745e-05,4.055491801842036e-05,5.766361491940412e-07,5.479581558419139e-07
24,0.03681553890925539,3584.0,72,-2.7449972500325716e-05,2.8740014555369398e-05,-0.0004418131846179465,2.21660160380293e-08,6.306248988086543e-05,3.9516986996822114e-05,-4.1168017293535787e-07,5.036965377120295e-07
24,0.03681553890925539,3605.333333333333,72,0.022066578088394587,2.888281319572305e-05,-0.00031242114384033375,2.1475362432845878e-08,5.412445274471667e-05,3.8021943242043365e-05,-1.6082584039653682e-07,5.175071662422575e-07
24,0.03681553890925539,3626.6666666666665,72,0.031221657080615035,2.9703935013165583e-05,-2.498506517557949e-08,2.089257142011518e-08,5.383167671676967e-05,3.9211513027403364e-05,9.227161758172373e-07,4.5867222261016466e-07
24,0.03681553890925539,3648.0,72,0.02208400855514672,3.0256027254013834e-05,0.00031237137532305853,2.1293276219323617e-08,5.74119188984286e-05,3.970302707535123e-05,5.153111236642891e-07,5.798337657067292e-07
24,0.03681553890925539,3669.333333333333,72,8.37781168102108e-06,3.0461793958636458e-05,0.00044176392081564917,2.183706337079626e-08,6.138161794490332e-05,3.834149355428606e-05,2.400348940463955e-07,5.051292280152724e-07
24,0.03681553890925539,3690.6666666666665,72,-0.022075799675017733,3.08624376179593e-05,0.0003123655894790038,2.1519185757929755e-08,5.532720928529478e-05,3.8189441921705254e-05,9.314734934546152e-07,4.758402403522743e-07
24,0.03681553890925539,3712.0,72,-0.031223161067878574,3.16464893078367e-05,-2.325495504535873e-08,2.0980600196084676e-08,4.854578351542766e-05,3.887395342025465e-05,2.241231124651814e-07,5.276397744399311e-07
24,0.03681553890925539,3733.333333333333,72,-0.022066079944666438,3.262870648654381e-05,-0.0003124178245694516,2.103893044819632e-08,6.015517392361163e-05,3.9652772340837775e-05,-1.0225421415068512e-06,4.94090659423283e-07
24,0.03681553890925539,3754.6666666666665,72,2.91752566568075e-05,3.313074514982403e-05,-0.00044181607790810606,2.1095747721671245e-08,7.263446407056095e-05,4.108163300151493e-05,-5.167642531040618e-07,4.612304193660162e-07
24,0.03681553890925539,3776.0,72,0.022119615876244367,3.3903144976061006e-05,-0.0003124163596511041,2.0765605018681185e-08,6.551799320240196e-05,4.0994153064187526e-05,1.966506539554332e-07,4.2547324469846043e-07
24,0.03681553890925539,3797.333333333333,72,0.03127104325308743,3.445120392185973e-05,-2.7881736337320918e-08,2.0590602754882937e-08,5.915330908088309e-05,3.9903775410721845e-05,-1.7185952441805065e-07,4.083063268382776e-07
24,0.03681553890925539,3818.6666666666665,72,0.02212255603410544,3.406843152605839e-05,0.00031236182584203835,2.1147959513725392e-08,6.32930462359554e-05,4.005561012909046e-05,-3.695179936103844e-07,5.922658664844048e-07
24,0.03681553890925539,3840.0,72,2.975811876724737e-05,3.373362194216678e-05,0.00044176448709145705,2.1799493887465275e-08,5.689219680190296e-05,4.045082091797813e-05,-2.6381711317989736e-07,5.421829399013932e-07
24,0.03681553890925539,3861.333333333333,72,-0.022064236263388333,3.4125052647173624e-05,0.0003123667941253158,2.2032907717596052e-08,4.216916008279765e-05,4.0315691955334397e-05,-4.220971537279506e-07,5.305517386272229e-07
24,0.03681553890925539,3882.6666666666665,72,-0.031214749502608743,3.407932421990728e-05,-3.267892121513675e-08,2.1641747927787207e-08,3.706849049430568e-05,3.9786214723518895e-05,-4.425570002339388e-07,4.7599740316438964e-07
24,0.03681553890925539,3904.0,72,-0.022063131105537502,3.314084997632888e-05,-0.0003124246210997517,2.157472111609411e-08,3.652982401449071e-05,3.860963958396299e-05,-2.787290212382642e-07,4.583350783757868e-07
24,0.03681553890925539,3925.333333333333,72,2.6730587954012554e-05,3.231544639198089e-05,-0.00044181658427449525,2.1769379793341474e-08,3.394360016069906e-05,3.840816603167876e-05,-1.5479705100730855e-07,5.557971960744884e-07
24,0.03681553890925539,3946.6666666666665,72,0.022114937639342032,3.2163077713071e-05,-0.0003124182247014165,2.1935662394970448e-08,3.209996921803914e-05,3.8658228173925265e-05,2.6592923734382767e-08,4.932476745495878e-07
24,0.03681553890925539,3968.0,72,0.03126480997258299,3.247001585861935e-05,-2.870992824742896e-08,2.1765567820383645e-08,2.5200022603027637e-05,3.8946244100106945e-05,8.150583135739263e-08,5.709190709103229e-07
24,0.03681553890925539,3989.333333333333,72,0.022117062054762777,3.312148481277831e-05,0.0003123599341211044,2.1122052411281823e-08,1.2745700069303774e-05,3.9214157657413194e-05,-3.865314948649112e-08,5.062742152637967e-07
24,0.03681553890925539,4010.6666666666665,72,3.106664294603114e-05,3.394979690755179e-05,0.0004417581368309912,2.0418291063269978e-08,5.574702790255187e-06,3.969154732660591e-05,-4.661243020632404e-08,4.7546542685900024e-07
24,0.03681553890925539,4032.0,72,-0.02205349492565194,3.495364273401253e-05,0.0003123642667419778,2.071714875860601e-08,4.209026169095235e-06,4.086540155394601e-05,4.859646010266887e-09,4.859076354150919e-07
24,0.03681553890925539,4053.333333333333,72,-0.031199780851675272,3.527841527291655e-05,-2.9992547675772885e-08,2.1787337141233374e-08,2.2106535440694464e-06,4.24885009277989e-05,-1.5321614713719937e-07,4.923968651366619e-07
24,0.03681553890925539,4074.6666666666665,72,-0.022047125803296465,3.374940648430595e-05,-0.0003124211064819148,2.2453530059766214e-08,-1.2047689680217342e-06,4.264608939265477e-05,-5.321542331626528e-07,4.833624000872271e-07
28,0.04295146206079795,0.0,72,2.8641659179513483e-05,2.9611246617538882e-05,-0.000515450490317775,1.9445801581788084e-08,-9.62760638383849e-08,4.1043015772416976e-05,-8.5704489204892e-08,4.5727217790108003e-07
28,0.04295146206079795,21.333333333333332,72,0.026299250695048272,3.0772835456041746e-05,-0.0003138020714554778,1.9391008075029203e-08,3.6168086276869614e-06,3.9614813512611886e-05,-9.42884800038004e-08,5.166006534206903e-07
28,0.04295146206079795,42.666666666666664,72,0.03201456700351586,3.068413777076722e-05,0.00013336329944072588,2.054742636451323e-08,1.9549797683815874e-05,3.95168678121162e-05,-8.903118909890413e-07,4.490731051255024e-07
28,0.04295146206079795,64.0,72,0.01271668610125359,2.9835996595424232e-05,0.00047614761843951515,2.178143486743131e-08,3.0217771892546404e-05,4.089683453453608e-05,3.076232632709038e-07,4.749958375758925e-07
28,0.04295146206079795,85.33333333333333,72,-0.016491197452719722,2.98441080410167e-05,0.00044633453615881586,2.1856458328500458e-08,3.088137743737824e-05,4.2209855392930975e-05,1.43503997295335e-06,5.152249166950506e-07
28,0.04295146206079795,106.66666666666666,72,-0.032753428249024205,3.0179432182752148e-05,6.725043994200761e-05,2.1007942602231664e-08,3.110834783633039e-05,4.239744067774216e-05,6.765567165020971e-07,5.054125056045065e-07
28,0.04295146206079795,128.0,72,-0.02333844507898585,2.98410095459493e-05,-0.0003644879323038278,2.0496268388223228e-08,2.7982017905781693e-05,4.13717587498499e-05,4.748300251240852e-07,4.581290229077486e-07
28,0.04295146206079795,149.33333333333331,72,0.0043882088088183285,2.9844407409126062e-05,-0.0005110517359785475,2.076519006946721e-08,2.116325136542408e-05,4.051581502505757e-05,5.922368933951939e-07,4.877984674092626e-07
28,0.04295146206079795,170.66666666666666,72,0.028729007793438708,3.069440356237854e-05,-0.00025775224637718345,1.998239890617393e-08,1.7504912009162828e-05,4.011672168925692e-05,-3.2228796413283894e-07,5.181957976742003e-07
28,0.04295146206079795,192.0,72,0.03063582065691845,3.069063025944125e-05,0.00019720372482646842,1.9215532609270535e-08,1.32656341009583e-05,4.009473053029349e-05,-3.7859897032227373e-07,5.619655856752889e-07
28,0.04295146206079795,213.33333333333331,72,0.008608461036212569,2.958292279396192e-05,0.0004978195737509232,2.026029518436175e-08,8.793065455397564e-06,4.040460926076394e-05,2.245916583919356e-07,5.509216766302847e-07
28,0.04295146206079795,234.66666666666666,72,-0.020123625907313564,2.920572944047937e-05,0.000408877907072026,2.1241868607785798e-08,1.3841043591565728e-05,4.26475949221453e-05,-1.7721059239648457e-07,4.4541489695984544e-07
28,0.04295146206079795,256.0,72,-0.03307676765420168,2.9574542091655315e-05,-2.2968328785878644e-08,2.057089901336898e-08,2.379305933395706e-05,4.475932276766701e-05,-7.696184146868233e-08,4.824321976833668e-07
28,0.04295146206079795,277.3333333333333,72,-0.020121356885313288,2.973444214312665e-05,-0.000408935549478157,2.011345503061657e-08,2.859266557703877e-05,4.422262260025954e-05,5.107901311359668e-07,4.776593317609026e-07
28,0.04295146206079795,298.66666666666663,72,0.008592984511401731,2.9879699714480648e-05,-0.0004978951723397003,2.0687191374169806e-08,3.1450887518240383e-05,4.400403498781104e-05,-3.1116505056739973e-07,4.815993083290721e-07
28,0.04295146206079795,320.0,72,0.030599634565731244,3.1047962434333465e-05,-0.00019728103728261227,2.004292300462894e-08,3.615630766228973e-05,4.5129428422227146e-05,-8.799683208887722e-07,5.534624267074789e-07
28,0.04295146206079795,341.3333333333333,72,0.02868521484352195,3.221730246900175e-05,0.0002576825149092263,1.9421744520825337e-08,4.2329953113479966e-05,4.455401202048422e-05,5.7495574931794645e-08,4.925235098353128e-07
28,0.04295146206079795,362.66666666666663,72,0.004337976670934173,3.189648535819342e-05,0.0005109866375428852,2.00544808133822e-08,4.774134793468961e-05,4.2259160408607536e-05,4.357586784347584e-07,4.891120958801703e-07
28,0.04295146206079795,384.0,72,-0.023401064513445702,3.16079478040875e-05,0.00036443088944934236,2.0146814452469273e-08,4.243817997527708e-05,4.23763187802544e-05,4.579807357316939e-08,5.258631443983772e-07
28,0.04295146206079795,405.3333333333333,72,-0.03282040502984286,3.165864846354191e-05,-6.73011371086005e-05,1.951631057675105e-08,2.7721216143640117e-05,4.4175415988242215e-05,-5.5767571542533565e-09,5.414537493291203e-07
28,0.04295146206079795,426.66666666666663,72,-0.016543693480970987,3.080002030055055e-05,-0.0004463918428940451,1.9066354072586694e-08,2.3376951120118063e-05,4.501575006210349e-05,-1.672029162035355e-07,4.812038130417505e-07
28,0.04295146206079795,448.0,72,0.01268879432794126,2.9473233135612887e-05,-0.0004762085235035031,1.8988614872635585e-08,2.9701108786634603e-05,4.553532570052095e-05,-3.5173768625723233e-07,4.5787799446175164e-07
28,0.04295146206079795,469.3333333333333,72,0.03200149358886488,2.8981530954073103e-05,-0.00013341803029327454,1.9253219315635006e-08,3.007547427242222e-05,4.5936413219334064e-05,-4.031739944092171e-07,5.152242581726758e-07
28,0.04295146206079795,490.66666666666663,72,0.02628294016781679,2.888430286738764e-05,0.0003137456408122123,1.938940727379527e-08,3.4633332885924994e-05,4.5782685797744246e-05,-6.862511842207952e-07,5.507400176235565e-07
28,0.04295146206079795,512.0,72,4.033922334162848e-06,2.9005795835857387e-05,0.0005153881190027229,1.865726690894938e-08,5.744277765240314e-05,4.520993069797847e-05,-2.0066367918987432e-07,5.132168136273743e-07
28,0.04295146206079795,533.3333333333333,72,-0.026273825500976716,2.9698481069219585e-05,0.00031373413356630155,1.8497437964022587e-08,7.598619619996985e-05,4.533342570640442e-05,8.459053873794308e-07,5.092586733784173e-07
28,0.04295146206079795,554.6666666666666,72,-0.03198944415634467,2.9179256772527163e-05,-0.0001334332143232257,1.911316957872305e-08,7.282272782595172e-05,4.553817158822238e-05,5.552684704870204e-07,4.919917274052848e-07
28,0.04295146206079795,576.0,72,-0.012678257849738486,2.7626491930520186e-05,-0.00047621413942725206,1.8959529453174318e-08,7.083929642065567e-05,4.4806770488804923e-05,-1.6612691074501374e-07,4.743424531593907e-07
28,0.04295146206079795,597.3333333333333,72,0.016543845700365382,2.672133613988375e-05,-0.0004463833223942244,1.8442962995284174e-08,8.513592120690071e-05,4.479720129506215e-05,1.6919871664455441e-07,4.853058421312133e-07
28,0.04295146206079795,618.6666666666666,72,0.03281428631183367,2.6702281936824946e-05,-6.729226345566746e-05,1.935544585287848e-08,9.34645621060177e-05,4.4514779685411186e-05,2.796137212262444e-07,4.747675361863602e-07
28,0.04295146206079795,640.0,72,0.0234013140711124,2.7024541589102806e-05,0.0003644274600088943,1.9997948168293414e-08,7.922352201731236e-05,4.3681130297110325e-05,-8.176549309320923e-08,4.820603406335389e-07
28,0.04295146206079795,661.3333333333333,72,-0.004333904221034347,2.802898124162175e-05,0.0005109792704179083,1.9781656115312052e-08,5.6678973495043754e-05,4.33328332134841e-05,1.593500202696368e-08,4.853312710239139e-07
28,0.04295146206079795,682.6666666666666,72,-0.028685945312088252,2.973209165060881e-05,0.00025768444750979864,1.9099190070167477e-08,4.136074493639949e-05,4.3037746689399955e-05,-6.022326183805354e-08,4.645869323915087e-07
28,0.04295146206079795,704.0,72,-0.030592982043833015,3.001977750197283e-05,-0.00019727137601465025,1.952810424327232e-08,3.1971751035032893e-05,4.262563095959038e-05,-1.7923039814920637e-07,4.875888748956989e-07
28,0.04295146206079795,725.3333333333333,72,-0.008561393703557501,2.9932447591538144e-05,-0.000497887631049588,2.0510543199696723e-08,2.491796123600406e-05,4.2306746019822114e-05,1.7401104855247332e-07,4.761054970017667e-07
28,0.04295146206079795,746.6666666666666,72,0.020167711782188694,3.176101212902447e-05,-0.00040893549616672254,2.142643772718575e-08,1.992247742019423e-05,4.237858265621713e-05,-1.5498090255733703e-07,4.30448440665921e-07
28,0.04295146206079795,768.0,72,0.03311515844027686,3.332047320334457e-05,-2.4090688556627136e-08,2.0845908206460837e-08,1.5760959297921188e-05,4.2177842336066715e-05,-7.958833875140662e-07,4.4063843362258064e-07
28,0.04295146206079795,789.3333333333333,72,0.020155431657229064,3.3130769267017616e-05,0.0004088859066304597,2.0883235840673243e-08,1.3909198386437264e-05,4.1584805325740115e-05,-4.6974296639832866e-07,5.260144505276612e-07
28,0.04295146206079795,810.6666666666666,72,-0.00856594696145109,3.288378930237313e-05,0.0004978337483234342,2.2183477933284715e-08,1.2117341361140255e-05,4.1121315589921195e-05,-4.43203577618616e-07,4.856474698867609e-07
28,0.04295146206079795,832.0,72,-0.030579054636251244,3.3385962378907136e-05,0.00019721981256535053,2.2517645604724905e-08,5.374847889129152e-07,4.173669838162441e-05,-1.0132174058939986e-06,5.516092657163076e-07
28,0.04295146206079795,853.3333333333333,72,-0.02866480935497692,3.3519742145953296e-05,-0.0002577265478417589,2.1510153543784185e-08,-1.5120819077465134e-05,4.334414746402827e-05,-5.155584835088411e-07,4.881134600544606e-07
28,0.04295146206079795,874.6666666666666,72,-0.004318565523548353,3.4100017257102664e-05,-0.0005110242439256236,2.1799156818966652e-08,-1.5410908331879605e-05,4.39046893560658e-05,1.5140023779865686e-07,5.082248006919277e-07
28,0.04295146206079795,896.0,72,0.023411905416258236,3.5558090100167636e-05,-0.0003644789783827393,2.175783142278629e-08,-5.333746150361384e-06,4.368996750385989e-05,-3.79902138554544e-07,4.974697952727058e-07
28,0.04295146206079795,917.3333333333333,72,0.03282603411618427,3.596099790335811e-05,6.724925931697845e-05,2.0568033829072606e-08,-3.830461908771043e-06,4.294383626972672e-05,-7.979547730944681e-07,4.62503848209972e-07
28,0.04295146206079795,938.6666666666666,72,0.01656007298490667,3.515294252304571e-05,0.0004463394397292013,2.1134685201078084e-08,-4.636733576988544e-06,4.16852337846084e-05,-4.283566239386941e-07,4.903583377260905e-07
28,0.04295146206079795,960.0,72,-0.012653206106276795,3.542467383249127e-05,0.00047614854408602647,2.1784776443029467e-08,2.247590046000447e-06,4.0209163545664195e-05,-1.2319113866505757e-08,5.183885579986058e-07
28,0.04295146206079795,981.3333333333333,72,-0.03195505039143444,3.676980204914635e-05,0.00013335740467012054,2.0794482404252267e-08,6.98873629202793e-06,3.9979543016934326e-05,2.3008386874620615e-07,5.005202639769396e-07
28,0.04295146206079795,1002.6666666666666,72,-0.02623955218681043,3.706988007672887e-05,-0.00031380267224668965,2.1068135755529795e-08,1.0438457240972084e-05,4.090255915251989e-05,3.377299525685385e-08,4.693595575750015e-07
28,0.04295146206079795,1024.0,72,2.7105921168667294e-05,3.699585564986706e-05,-0.0005154499083566975,2.1216713879509724e-08,2.4000164590182575e-05,4.226264266612688e-05,-3.7146365962551086e-07,4.398526046817182e-07
28,0.04295146206079795,1045.3333333333333,72,0.0262894718209805,3.8340943496139725e-05,-0.0003137985307827865,2.0152074049350417e-08,3.7818436121842215e-05,4.332596144683545e-05,-2.713014010461275e-07,4.643118667658789e-07
28,0.04295146206079795,1066.6666666666665,72,0.0319904101054908,3.940166980231419e-05,0.0001333725997457304,2.0209935374259476e-08,3.9846328822553277e-05,4.278100622948365e-05,-1.896381342162836e-07,5.942013141079317e-07
28,0.04295146206079795,1088.0,72,0.012666585846036815,3.8610234789843754e-05,0.00047615621420671106,2.1387681984566766e-08,3.882244398805559e-05,4.134932472300362e-05,-1.9221348412102606e-07,5.654798970100909e-07
28,0.04295146206079795,1109.3333333333333,72,-0.016564836939886283,3.801702764634825e-05,0.00044632652215977563,2.0898783135783297e-08,4.004713133567209e-05,4.0765421058982873e-05,6.258231703305836e-07,4.7379478198348867e-07
28,0.04295146206079795,1130.6666666666665,72,-0.03284013113127313,3.828622566082366e-05,6.723129449861037e-05,1.9714818437500534e-08,3.894345689511836e-05,4.030788708879829e-05,1.274795379577713e-06,4.641876203575256e-07
28,0.04295146206079795,1152.0,72,-0.02343259676242619,3.8065410699209215e-05,-0.00036448982203101093,2.0284957921105018e-08,3.959290828279032e-05,3.95501738796158e-05,6.731341324672857e-07,5.360807204065896e-07
28,0.04295146206079795,1173.3333333333333,72,0.004293307624077494,3.730695575385111e-05,-0.000511029466766893,2.107773258681382e-08,4.5326820229525596e-05,3.968833945354419e-05,3.1597551702246014e-08,5.055941011761171e-07
28,0.04295146206079795,1194.6666666666665,72,0.02864331167945538,3.699358583672803e-05,-0.000257733772196794,2.1138928604476703e-08,4.668112691295252e-05,4.089476142232261e-05,-2.9921467100118626e-08,5.607970287054734e-07
28,0.04295146206079795,1216.0,72,0.03056654335656621,3.697037900068597e-05,0.0001972072012862736,2.1182803412601e-08,3.8274280832161826e-05,4.2357584567793166e-05,-8.855018152167257e-08,4.908879156175769e-07
28,0.04295146206079795,1237.3333333333333,72,0.008560083119063974,3.686767888336964e-05,0.0004978312694169978,2.0680253631844126e-08,3.215463909076269e-05,4.356136006515535e-05,-2.0058548473016085e-07,4.838771835512767e-07
28,0.04295146206079795,1258.6666666666665,72,-0.020152689181900815,3.715113428863292e-05,0.0004088954236209912,2.0316526707154102e-08,4.222706261533822e-05,4.258156283319228e-05,-5.23523958997999e-07,5.065636139271147e-07
28,0.04295146206079795,1280.0,72,-0.03309838881275764,3.7678392859517034e-05,-2.8323854163117687e-08,2.05460392132342e-08,5.923248151027869e-05,4.045502331263218e-05,-6.553921532197816e-07,5.032338765247774e-07
28,0.04295146206079795,1301.3333333333333,72,-0.020148134557903104,3.740890521433167e-05,-0.0004089472549231334,2.0508638919268912e-08,5.922426788755955e-05,3.938829962847486e-05,6.410059756567321e-08,4.059605557232183e-07
28,0.04295146206079795,1322.6666666666665,72,0.008556438886309267,3.6658695814116645e-05,-0.0004978811906792165,2.0292539610729863e-08,4.164722673150956e-05,3.988125110942713e-05,3.3122343782102215e-07,4.3396201442968394e-07
28,0.04295146206079795,1344.0,72,0.030554910502766368,3.608282809466682e-05,-0.00019726487833814378,2.0124377685297766e-08,2.8765648343498022e-05,3.977554436336495e-05,-2.9143427759795906e-07,5.155010936619895e-07
28,0.04295146206079795,1365.3333333333333,72,0.02864225318359533,3.506723089265684e-05,0.000257677244318795,2.0740085807523413e-08,2.7680709043778717e-05,4.00966020263711e-05,2.6729924356443763e-08,5.125390898583867e-07
28,0.04295146206079795,1386.6666666666665,72,0.004312042611311875,3.373016260063402e-05,0.0005109819170102369,2.115493254281268e-08,2.8435067591392998e-05,4.0699909973084356e-05,6.759875198648473e-07,5.114691336570893e-07
28,0.04295146206079795,1408.0,72,-0.023407851883211008,3.3772392917806135e-05,0.00036443286715119664,2.099495935112653e-08,2.501352305642668e-05,4.081144615090359e-05,9.702235510108357e-08,4.81679387751773e-07
28,0.04295146206079795,1429.3333333333333,72,-0.0328234994843318,3.451065423909659e-05,-6.730536375533834e-05,2.0064561215327568e-08,1.5655447809374866e-05,4.09925324170558e-05,-2.206782571205009e-07,5.247289838715935e-07
28,0.04295146206079795,1450.6666666666665,72,-0.016557734745996158,3.440493347134431e-05,-0.0004463918974423296,2.057877294732265e-08,7.341227535098706e-06,4.070845794456519e-05,1.3645921065098493e-07,5.13174988481861e-07
28,0.04295146206079795,1472.0,72,0.012659243732635994,3.45262099335386e-05,-0.00047620390865237244,2.1961321695481846e-08,1.3095476601782592e-05,4.0066526818194814e-05,-1.3510284639551678e-07,5.791798202366377e-07
28,0.04295146206079795,1493.3333333333333,72,0.031959731755254336,3.579284957127842e-05,-0.00013342626463278877,2.1374050093566286e-08,2.450550587292408e-05,3.9407029341768135e-05,-1.960680069896408e-08,5.135302541990771e-07
28,0.04295146206079795,1514.6666666666665,72,0.02624137498536374,3.6547742518596434e-05,0.0003137334398555422,2.0189816268193552e-08,2.268839425387529e-05,3.857459541319864e-05,5.472888830335549e-07,5.974576700452137e-07
28,0.04295146206079795,1536.0,72,-2.4617971008445492e-05,3.5210802513457526e-05,0.0005153882319490245,2.0336382088804655e-08,1.4815992984593236e-05,3.867778397707783e-05,-6.842259799976609e-08,5.378932073162624e-07
28,0.04295146206079795,1557.3333333333333,72,-0.026290756026411295,3.376032070829056e-05,0.0003137409972435131,2.0175678341559102e-08,1.2078295889465555e-05,3.959220318748142e-05,-3.825071644689882e-07,5.373604696598215e-07
28,0.04295146206079795,1578.6666666666665,72,-0.03200312936962574,3.296808702818447e-05,-0.00013342680707992713,1.948847073179853e-08,2.2071457494039863e-06,3.851937514458265e-05,4.0715926186721263e-07,4.593880513131697e-07
28,0.04295146206079795,1600.0,72,-0.012691711110083244,3.2442889567191406e-05,-0.0004762145910933418,2.1267977565885518e-08,-1.7207869424154994e-05,3.732602342826426e-05,-2.6643373185235067e-08,5.283983818087284e-07
28,0.04295146206079795,1621.3333333333333,72,0.016529918435596615,3.3396893227241396e-05,-0.0004463942060849077,2.2595291862104706e-08,-2.686878891459697e-05,3.80538002076822e-05,-5.070894263946608e-07,4.960573532292397e-07
28,0.04295146206079795,1642.6666666666665,72,0.03279928833460252,3.483359580841349e-05,-6.729983652597636e-05,2.160083522529762e-08,-2.27457133730422e-05,3.781766359587778e-05,9.133496243464952e-07,4.901868522259323e-07
28,0.04295146206079795,1664.0,72,0.02338895381793473,3.340967671066123e-05,0.0003644284552797457,2.0801108823533914e-08,-1.6837052266482895e-05,3.6939935250638585e-05,1.0942778610208574e-06,5.012982674963353e-07
28,0.04295146206079795,1685.3333333333333,72,-0.004339616585701788,3.0641256201107564e-05,0.0005109777619303601,2.1222921095368067e-08,-9.708825981027343e-06,3.6980645153185013e-05,-5.50652858892937e-07,4.1070993140221605e-07
28,0.04295146206079795,1706.6666666666665,72,-0.028686698449926322,2.987315981571857e-05,0.0002576852569192467,2.1530218419063967e-08,8.465733571994075e-07,3.7390155840172546e-05,-2.0370293995776257e-07,5.130233167972676e-07
28,0.04295146206079795,1728.0,72,-0.03059668361461508,3.026760566019484e-05,-0.0001972613757092987,2.1728437355515257e-08,4.189666699372257e-06,3.673993701934261e-05,9.4372929374606e-07,4.999729025908515e-07
28,0.04295146206079795,1749.3333333333333,72,-0.008578341288274763,3.0311475315612687e-05,-0.0004978789847281321,2.2351918292350213e-08,-4.51947035233479e-06,3.6138674624409476e-05,-1.1129968034498503e-07,5.067323522097206e-07
28,0.04295146206079795,1770.6666666666665,72,0.020137262084889692,2.9922178324766875e-05,-0.00040893058854743226,2.185455849509997e-08,-1.0939850728245306e-05,3.5251255921435904e-05,-7.361239318369874e-07,4.691639598228543e-07
28,0.04295146206079795,1792.0,72,0.033085783796372004,2.9998608159797458e-05,-1.8695366639421308e-08,2.1140860218053424e-08,-6.178717124237211e-06,3.5087061937391445e-05,6.487296983607368e-07,5.250957309946151e-07
28,0.04295146206079795,1813.3333333333333,72,0.020139395506720417,2.951143840635763e-05,0.0004088888773447316,2.139201065081591e-08,-1.3129288847716628e-06,3.634112526374087e-05,1.062433618859147e-06,5.265460482183445e-07
28,0.04295146206079795,1834.6666666666665,72,-0.008567987921728923,2.9753009808988435e-05,0.0004978381580931717,2.1487481044468426e-08,8.48605335411828e-07,3.703778133433719e-05,9.958734868995943e-08,4.295121150454374e-07
28,0.04295146206079795,1856.0,72,-0.03056882644128401,3.0605532741247746e-05,0.00019722605286149984,2.0907654466657036e-08,1.405090838741344e-05,3.692357003387723e-05,-1.1319724788460979e-07,4.1527023036228406e-07
28,0.04295146206079795,1877.3333333333333,72,-0.02864870558950193,3.03292143713335e-05,-0.0002577262125909943,2.142408167011642e-08,3.499430618260384e-05,3.762040866744579e-05,8.184740624771707e-08,5.117042703247932e-07
28,0.04295146206079795,1898.6666666666665,72,-0.004311281686811084,2.9720964554298995e-05,-0.0005110204359255607,2.2719241503580874e-08,4.705670589377609e-05,3.81640797704394e-05,-1.929585336457769e-07,5.21961363626909e-07
28,0.04295146206079795,1920.0,72,0.023404242284569717,2.9714383409519198e-05,-0.000364465103234302,2.2906224614373824e-08,5.276037312761128e-05,3.822544061236856e-05,-2.0702169664495079e-07,5.204108558453546e-07
28,0.04295146206079795,1941.3333333333333,72,0.03281131289991244,2.9218382549350718e-05,6.725904215825056e-05,2.215280024678885e-08,5.6569000465998015e-05,3.895665561097456e-05,8.011747573198282e-08,5.377403687180749e-07
28,0.04295146206079795,1962.6666666666665,72,0.01654347448868313,2.8067784001766205e-05,0.0004463472104776873,2.1840011082550633e-08,4.817884874817916e-05,4.012070385970945e-05,-1.5898259930720706e-07,5.021188288856241e-07
28,0.04295146206079795,1984.0,72,-0.012673048110401666,2.7967957365515665e-05,0.00047616435133132173,2.1572057667495775e-08,3.2175218159451505e-05,3.890237066770885e-05,-6.106109533939134e-07,4.432247940928909e-07
28,0.04295146206079795,2005.3333333333333,72,-0.03198049417978509,2.800112928254857e-05,0.00013336967122296384,2.1481610537921744e-08,2.4200153979640018e-05,3.647626808025239e-05,-4.4448256908248864e-07,5.116831842121777e-07
28,0.04295146206079795,2026.6666666666665,72,-0.026276353927762834,2.701556414601217e-05,-0.0003137930291896158,2.1910671016573868e-08,2.1324937471016253e-05,3.54637947312441e-05,-5.712282500766593e-08,4.81445962613947e-07
28,0.04295146206079795,2048.0,72,-2.1993215870178833e-05,2.6188761907970804e-05,-0.0005154292934438586,2.2323093001235938e-08,1.9094232586254195e-05,3.612398023423079e-05,-7.695733182551315e-08,4.336481753176617e-07
28,0.04295146206079795,2069.333333333333,72,0.026242126812075172,2.6676706814421455e-05,-0.0003137818201558153,2.2487101619895786e-08,2.2715294473001134e-05,3.675660327999267e-05,5.7545357905687704e-08,4.62994507880815e-07
28,0.04295146206079795,2090.6666666666665,72,0.031957306763915894,2.7340864600835333e-05,0.00013337228167809736,2.2418262369007816e-08,2.828795416525611e-05,3.653865019809172e-05,4.622813804823627e-07,4.755716814026535e-07
28,0.04295146206079795,2112.0,72,0.012643918833767186,2.7188606988003244e-05,0.0004761560357049772,2.223315822609029e-08,3.401755500104337e-05,3.60094915961755e-05,2.3824481992051184e-07,4.6434170613436646e-07
28,0.04295146206079795,2133.333333333333,72,-0.016581365413679224,2.7485830339554335e-05,0.0004463378857091817,2.2308883986118282e-08,4.429422916234956e-05,3.6560777857556425e-05,-1.4312362488362918e-07,4.709183125985134e-07
28,0.04295146206079795,2154.6666666666665,72,-0.03284530260835769,2.8186773328905142e-05,6.725008942795097e-05,2.2965530553494005e-08,4.7124208326414684e-05,3.6620994401391794e-05,2.1618634887690906e-07,5.07662332944549e-07
28,0.04295146206079795,2176.0,72,-0.023426286073331522,2.8046960945905072e-05,-0.0003644720861124415,2.3227621663687643e-08,3.708657001430471e-05,3.605004891258676e-05,3.099819741525714e-07,5.414795125479633e-07
28,0.04295146206079795,2197.333333333333,72,0.004301695365469903,2.76871577564257e-05,-0.0005110248649883944,2.2527452838247706e-08,3.516483572733351e-05,3.601677694451861e-05,-1.7231990960180678e-07,4.6776844382304686e-07
28,0.04295146206079795,2218.6666666666665,72,0.028646467704552606,2.781014990928447e-05,-0.0002577350085848957,2.2487747432425865e-08,4.5453626034166144e-05,3.610487935539864e-05,3.397622706988112e-08,4.811187336858009e-07
28,0.04295146206079795,2240.0,72,0.030561201727076534,2.7470253733966454e-05,0.00019721582594211485,2.4017437507443982e-08,4.969985792692732e-05,3.552363998433782e-05,3.889660165594498e-07,4.925999888926407e-07
28,0.04295146206079795,2261.333333333333,72,0.008545148652972368,2.6296501701240804e-05,0.0004978360625839378,2.422813469689737e-08,4.8794991612541415e-05,3.448654873492793e-05,5.400630803040401e-08,4.716548893175097e-07
28,0.04295146206079795,2282.6666666666665,72,-0.020170880032893378,2.632872138567516e-05,0.0004088875623935826,2.284299521611952e-08,4.9818816769976803e-05,3.3967888588848975e-05,2.9588549847263296e-07,5.537687977800857e-07
28,0.04295146206079795,2304.0,72,-0.03310878284952732,2.771117806330192e-05,-2.9428073046365595e-08,2.21854162747324e-08,4.659505338574012e-05,3.409164738716509e-05,8.493939502254096e-07,5.061964983911392e-07
28,0.04295146206079795,2325.333333333333,72,-0.020142501757230282,2.8298722622629597e-05,-0.00040894414952281135,2.2741199848203102e-08,4.227862824105931e-05,3.4616214256592945e-05,1.2260474113866257e-07,5.010696738798295e-07
28,0.04295146206079795,2346.6666666666665,72,0.008584370324177972,2.879360143601176e-05,-0.0004978891665587327,2.270407317398906e-08,4.0086871547335274e-05,3.6132108592699895e-05,-4.419788271621441e-07,5.121787496505803e-07
28,0.04295146206079795,2368.0,72,0.030602977671767093,3.0008123435412775e-05,-0.00019726782348773324,2.211387935110962e-08,2.8679759638127647e-05,3.691740515494507e-05,4.09964156467722e-07,5.22947191191984e-07
28,0.04295146206079795,2389.333333333333,72,0.028691089533203595,3.0483338424576157e-05,0.00025769008475845685,2.195120771505671e-08,1.4474772820179407e-05,3.7882595814508314e-05,5.242343884248541e-07,4.3052630449578847e-07
28,0.04295146206079795,2410.6666666666665,72,0.004344386334370637,3.080612766692089e-05,0.0005109949738374801,2.1947826939789775e-08,1.705263935349131e-05,3.909111018498809e-05,-5.042737415171531e-07,4.5790625825843995e-07
28,0.04295146206079795,2432.0,72,-0.023386618156837215,3.259504634340482e-05,0.00036444292278440204,2.218830177711601e-08,2.716448082890828e-05,3.995765976183795e-05,-5.781582913941319e-07,4.865683637037744e-07
28,0.04295146206079795,2453.333333333333,72,-0.03280107741546721,3.401119441213352e-05,-6.72947817659518e-05,2.2689796739989692e-08,2.648650306055928e-05,4.0550158738515276e-05,-2.482789960130305e-07,5.313589692109689e-07
28,0.04295146206079795,2474.6666666666665,72,-0.01653007430488315,3.322767758817341e-05,-0.0004463881198740102,2.2801722406178446e-08,2.3121472542178e-05,4.0884271498761654e-05,-8.034690829766733e-07,5.098921537553788e-07
28,0.04295146206079795,2496.0,72,0.012696222950734908,3.210293485855427e-05,-0.00047620267576545884,2.3219131604618242e-08,2.7003558935298604e-05,4.153879546867756e-05,-8.527179748063025e-07,5.298778347813098e-07
28,0.04295146206079795,2517.333333333333,72,0.032007687191381855,3.156389203405125e-05,-0.00013341560619869712,2.3953302675297715e-08,2.8539764495166512e-05,4.157620502208104e-05,-3.9032372011302114e-08,5.614305212855428e-07
28,0.04295146206079795,2538.6666666666665,72,0.026292961678810185,3.113621745077909e-05,0.0003137504500085632,2.492569816239499e-08,2.1394100682478236e-05,4.001166695419653e-05,-4.38346011035272e-08,5.653049261912943e-07
28,0.04295146206079795,2560.0,72,2.5774324309359455e-05,3.159687897574225e-05,0.0005154031410564152,2.4975576908843832e-08,1.5019594649829589e-05,3.85039001325521e-05,-5.28552017241006e-07,4.817836448275566e-07
28,0.04295146206079795,2581.333333333333,72,-0.02624179076465769,3.324781322705449e-05,0.0003137530338466674,2.47460761842563e-08,1.4271993625401304e-05,3.757840598661293e-05,-1.699686987695816e-07,5.142956374385058e-07
28,0.04295146206079795,2602.6666666666665,72,-0.031960170823362166,3.4325717660966936e-05,-0.0001334154316197765,2.4522442053196006e-08,7.793866199003588e-06,3.667540456238171e-05,3.1622439754574965e-07,4.774951317980932e-07
28,0.04295146206079795,2624.0,72,-0.012657599712554217,3.495623642659968e-05,-0.00047620813187624955,2.3593871615369163e-08,-7.291427064099551e-06,3.6213301541252865e-05,3.123701096455968e-07,4.6737881874209445e-07
28,0.04295146206079795,2645.333333333333,72,0.01655587204983645,3.679744267086703e-05,-0.00044639917566093967,2.2515294959794855e-08,-1.3081902219999708e-05,3.717296429109613e-05,5.048988163801949e-07,4.955580559662844e-07
28,0.04295146206079795,2666.6666666666665,72,0.03281378439759523,3.813260074550434e-05,-6.730435786632122e-05,2.2822543984391614e-08,-9.009436923623166e-06,3.8712959120741e-05,6.264029977494025e-07,4.80580436110183e-07
28,0.04295146206079795,2688.0,72,0.023393646080157416,3.749698660055965e-05,0.00036444085191519366,2.3871421113139747e-08,-1.929083609076851e-05,4.033804295198087e-05,9.484146496218219e-08,4.5024696474701603e-07
28,0.04295146206079795,2709.333333333333,72,-0.004335467523937476,3.7044092688181965e-05,0.0005109948904940495,2.4409177420189372e-08,-3.907522998439294e-05,4.1322327680255985e-05,-2.981440298546911e-07,5.14346981110055e-07
28,0.04295146206079795,2730.6666666666665,72,-0.028683030139144947,3.810824880564897e-05,0.0002576934035757504,2.4437850705414834e-08,-3.9943905245510605e-05,4.1141292871125746e-05,-2.0526812799118649e-07,5.050362335612376e-07
28,0.04295146206079795,2752.0,72,-0.030598774712350143,3.792859997112983e-05,-0.0001972528525856814,2.327167904724796e-08,-3.0829389806274525e-05,4.1067380897297825e-05,-3.805289560766862e-07,4.981115134646706e-07
28,0.04295146206079795,2773.333333333333,72,-0.008581128025084076,3.608269229229508e-05,-0.0004978731066941981,2.181231146818184e-08,-3.548278386793121e-05,4.21618758421529e-05,-5.372211277839239e-07,4.74563623553898e-07
28,0.04295146206079795,2794.6666666666665,72,0.02013986701157324,3.535769512198554e-05,-0.00040893563942652684,2.2125341037687273e-08,-4.0351564554735447e-05,4.4026007174462665e-05,9.25696709775397e-08,4.6221512366607453e-07
28,0.04295146206079795,2816.0,72,0.033089605703895714,3.592590862631292e-05,-1.8514008192282754e-08,2.3158330882714687e-08,-3.1805395540081236e-05,4.384930868904469e-05,7.143452697163583e-07,4.857322613719918e-07
28,0.04295146206079795,2837.333333333333,72,0.02013419607810343,3.5954265803245335e-05,0.00040889589151131745,2.2962695915209988e-08,-2.7650087795452333e-05,4.222300295633402e-05,2.708875022375756e-07,4.6590720831792175e-07
28,0.04295146206079795,2858.6666666666665,72,-0.008593679326335217,3.5756398242663924e-05,0.0004978326582940836,2.2331741660270158e-08,-3.395332336527354e-05,4.106382701077151e-05,-6.378759307928476e-07,4.3974516259815934e-07
28,0.04295146206079795,2880.0,72,-0.030615309377544093,3.617463042631725e-05,0.000197214363534067,2.224436499068412e-08,-3.473076482126895e-05,4.104095650443557e-05,-7.815339375859879e-07,4.945522042258053e-07
28,0.04295146206079795,2901.333333333333,72,-0.028696394003309287,3.641254305634065e-05,-0.0002577340003349691,2.1819042362616305e-08,-2.9214101913484293e-05,4.088390957634046e-05,-6.347519806694587e-08,4.426584447258082e-07
28,0.04295146206079795,2922.6666666666665,72,-0.0043408227144626395,3.624318659205379e-05,-0.0005110327931191939,2.06358152662221e-08,-2.858186432667474e-05,4.00049858569333e-05,5.517783073897662e-07,3.8359184558603497e-07
28,0.04295146206079795,2944.0,72,0.023393527485990686,3.6079106432236984e-05,-0.00036447481134872534,2.1077615473279337e-08,-3.2620332545734665e-05,3.896349233533124e-05,5.704526486237753e-07,4.968969922741782e-07
28,0.04295146206079795,2965.333333333333,72,0.032808709000105775,3.586821082762325e-05,6.725740214482763e-05,2.2249512145360433e-08,-3.745697017371613e-05,3.838950133314486e-05,5.886423256137082e-07,5.834463649012481e-07
28,0.04295146206079795,2986.6666666666665,72,0.016534147695994088,3.504973040149967e-05,0.0004463398624251014,2.2347706149375867e-08,-4.405351474177096e-05,3.71755229691273e-05,9.115280971859869e-07,4.4121955473252706e-07
28,0.04295146206079795,3008.0,72,-0.012700006184425733,3.449287669547681e-05,0.0004761622214435829,2.169496652562718e-08,-5.069737128359406e-05,3.5620523565400406e-05,1.0157011479219258e-06,4.521144283719425e-07
28,0.04295146206079795,3029.333333333333,72,-0.03201576626131512,3.538909019829682e-05,0.00013338332348770255,2.143011245705655e-08,-5.4414540064188274e-05,3.516724680984194e-05,7.940870561729404e-07,5.22994227262307e-07
28,0.04295146206079795,3050.6666666666665,72,-0.02629740521467999,3.598286446543275e-05,-0.00031379545911151347,2.1314040199037027e-08,-5.762588831117894e-05,3.4127252539828236e-05,5.495195374299268e-07,4.4938718159334443e-07
28,0.04295146206079795,3072.0,72,-2.028515009898002e-05,3.439011174109251e-05,-0.0005154542507806203,2.1215400593790336e-08,-6.204247313248256e-05,3.23646586090495e-05,3.410447687732524e-07,4.647653033809379e-07
28,0.04295146206079795,3093.333333333333,72,0.02625674978341115,3.264167906875145e-05,-0.0003137923027436811,2.1167406347776823e-08,-6.315524204269031e-05,3.279305106615744e-05,4.2201132939522675e-07,5.199662277599873e-07
28,0.04295146206079795,3114.6666666666665,72,0.03197476476566051,3.253848655135216e-05,0.00013337596653223936,2.1778958180030172e-08,-6.020231977105448e-05,3.3881534193640985e-05,6.845162765172265e-07,4.5868252518735943e-07
28,0.04295146206079795,3136.0,72,0.01266190294546241,3.264145234153559e-05,0.0004761492971645119,2.1949101985141096e-08,-5.9416379808958645e-05,3.499141585083209e-05,3.824533161674223e-07,5.577697093555542e-07
28,0.04295146206079795,3157.333333333333,72,-0.016566849470171743,3.289719957441548e-05,0.00044632948382984194,2.152365325110162e-08,-5.981475342214915e-05,3.5520640811015374e-05,1.4308681355262625e-08,5.073597300429596e-07
28,0.04295146206079795,3178.6666666666665,72,-0.03284325601904547,3.327787823136318e-05,6.724829014410646e-05,2.1435300676983992e-08,-5.4839526149706867e-05,3.514892398462055e-05,6.0486783520693e-07,4.306370309253154e-07
28,0.04295146206079795,3200.0,72,-0.023434307434202096,3.329540275886685e-05,-0.00036447809584850877,2.248115456980134e-08,-4.808200458812278e-05,3.511056209959376e-05,9.51507803729231e-07,4.54016551777072e-07
28,0.04295146206079795,3221.333333333333,72,0.004300419244741227,3.4170975574032074e-05,-0.0005110311739966458,2.2495368133680032e-08,-4.529503343457361e-05,3.536924211371717e-05,-2.401248146375028e-07,4.5138331457943434e-07
28,0.04295146206079795,3242.6666666666665,72,0.028655944885321114,3.554314882660511e-05,-0.0002577345367275346,2.158325685829989e-08,-4.4846575718588726e-05,3.404575458905391e-05,-1.4465796878251625e-06,5.022084601124408e-07
28,0.04295146206079795,3264.0,72,0.030566685814714556,3.5777582085688664e-05,0.00019721567524880128,2.1588866975089545e-08,-4.915323091813613e-05,3.183849080766537e-05,-1.3256390845092427e-06,4.3914186827748535e-07
28,0.04295146206079795,3285.333333333333,72,0.008540075056618334,3.51027371729985e-05,0.0004978343263124004,2.2073541342157694e-08,-5.754960153214304e-05,3.175058951990817e-05,-8.9965969463768e-07,5.487655198086446e-07
28,0.04295146206079795,3306.6666666666665,72,-0.020182417714422987,3.4771410002200434e-05,0.00040889013266367255,2.1491320657687308e-08,-5.590495623635168e-05,3.306105453490867e-05,-7.00583394521082e-07,4.843830049670029e-07
28,0.04295146206079795,3328.0,72,-0.03312864518527819,3.4488149497033946e-05,-2.43128704259864e-08,2.1230717310522906e-08,-4.3916422036316584e-05,3.3491780813954395e-05,-1.2780036422288345e-07,5.709259930739969e-07
28,0.04295146206079795,3349.333333333333,72,-0.020171679356463808,3.3584149634646425e-05,-0.000408940105370015,2.2572209127880825e-08,-4.086357102545786e-05,3.434192463276393e-05,2.4703277506230527e-07,5.520374381919513e-07
28,0.04295146206079795,3370.6666666666665,72,0.008551623937950042,3.317575230086599e-05,-0.0004978882184836371,2.2966235339914213e-08,-4.8162285505605815e-05,3.5610786879259024e-05,-2.4018894250839723e-07,4.963303927729852e-07
28,0.04295146206079795,3392.0,72,0.0305677762293816,3.347505382215762e-05,-0.00019727422274046897,2.2366225852423953e-08,-5.079729278445517e-05,3.639034512122945e-05,-3.5948624804089114e-07,4.246495079817101e-07
28,0.04295146206079795,3413.333333333333,72,0.02865075339257807,3.32832479207248e-05,0.00025767336506612716,2.232067754676234e-08,-4.901047180285611e-05,3.606063757064423e-05,5.916136080263497e-07,5.490801544842906e-07
28,0.04295146206079795,3434.6666666666665,72,0.004300274693022987,3.263891580880824e-05,0.0005109727843308144,2.214975649599373e-08,-5.2161212439520854e-05,3.445428788721968e-05,9.216776546611612e-07,4.7596629592839184e-07
28,0.04295146206079795,3456.0,72,-0.023430336477981747,3.240391902152459e-05,0.00036442718680124007,2.2249580218509128e-08,-6.247035756145126e-05,3.381618380339319e-05,-9.079044797159473e-08,4.477649781649889e-07
28,0.04295146206079795,3477.333333333333,72,-0.032838584863104446,3.241113289235428e-05,-6.730022674428997e-05,2.2381800560581486e-08,-7.487015057295224e-05,3.5226989377130744e-05,-6.246822533531177e-07,4.856360119223274e-07
28,0.04295146206079795,3498.6666666666665,72,-0.016559768364123064,3.194752081629349e-05,-0.0004463937986950364,2.1656108278600522e-08,-7.850166028309694e-05,3.5863188191529856e-05,-1.0513978627499838e-07,5.013538788632996e-07
28,0.04295146206079795,3520.0,72,0.01266623936612157,3.1736614701774226e-05,-0.0004762150953637265,2.0527744441055904e-08,-7.486441698179482e-05,3.646128919531238e-05,9.45889776568892e-08,5.15673065561076e-07
28,0.04295146206079795,3541.333333333333,72,0.031972114062209206,3.2157103401288336e-05,-0.00013343274978882416,2.0867476584811677e-08,-8.007444700009919e-05,3.793610998612755e-05,-1.2646824444734378e-07,4.794715513881775e-07
28,0.04295146206079795,3562.6666666666665,72,0.026256370123208934,3.2499016561963194e-05,0.0003137277203193255,2.2305202639548046e-08,-8.611695414159212e-05,3.8410303096480755e-05,-3.2346887527982784e-07,5.394983004716085e-07
28,0.04295146206079795,3584.0,72,-1.044697163795477e-05,3.2258570143085604e-05,0.0005153778310229137,2.2271034814899755e-08,-7.125993563157987e-05,3.845060892107529e-05,-8.113453529817742e-07,5.164987891414529e-07
28,0.04295146206079795,3605.333333333333,72,-0.026282604469744075,3.161548179888074e-05,0.00031373225270746785,2.1281413471775702e-08,-5.2340020951010834e-05,3.886308563689266e-05,-7.037098666003589e-07,5.038709605748846e-07
28,0.04295146206079795,3626.6666666666665,72,-0.032006266222245415,3.016304447490494e-05,-0.00013343198843697047,2.1406329417798676e-08,-5.468404647217143e-05,3.8978211823248e-05,5.309019426784238e-07,5.098852445185375e-07
28,0.04295146206079795,3648.0,72,-0.012699808591089677,2.9242146217797817e-05,-0.00047621862804653653,2.1861617915615496e-08,-6.320644663502796e-05,3.9121981975475116e-05,1.0552129119248583e-06,4.499333975834619e-07
28,0.04295146206079795,3669.333333333333,72,0.01653398748925555,2.983349750267282e-05,-0.0004463995139420429,2.1564296435968816e-08,-6.454203329943652e-05,3.8716661067207e-05,5.350733733392272e-07,4.4254665941934077e-07
28,0.04295146206079795,3690.6666666666665,72,0.03281969963692518,3.0759374046009825e-05,-6.730389417975937e-05,2.1159174237745016e-08,-7.250582179096676e-05,3.901135193163768e-05,4.791110744978403e-07,4.992726503888468e-07
28,0.04295146206079795,3712.0,72,0.023413944225416646,3.0638732356886425e-05,0.0003644329379310906,2.1796714841442945e-08,-8.645616862855577e-05,4.057966299744128e-05,2.2845155695754594e-07,4.695827466076194e-07
28,0.04295146206079795,3733.333333333333,72,-0.004315348177315466,3.1163985222998866e-05,0.0005109800823473251,2.138263042644946e-08,-9.333581714100329e-05,4.215312923807423e-05,-5.868380226508717e-07,4.3712945573759e-07
28,0.04295146206079795,3754.6666666666665,72,-0.02866211461034806,3.271419036159818e-05,0.0002576712011912707,2.044512221200072e-08,-9.384069021839951e-05,4.28443305750251e-05,-3.228761494433065e-07,4.965481597503932e-07
28,0.04295146206079795,3776.0,72,-0.03057416850816771,3.325055401976575e-05,-0.0001972755120022838,2.111491028266376e-08,-8.66851559794094e-05,4.2917431249157684e-05,2.812581796050105e-07,4.6812188262468715e-07
28,0.04295146206079795,3797.333333333333,72,-0.008552638466669614,3.327709898093698e-05,-0.0004978834881213708,2.17358151182265e-08,-7.037512980128787e-05,4.338781820458281e-05,-2.3870207291615336e-07,5.58571165103023e-07
28,0.04295146206079795,3818.6666666666665,72,0.020177478586523533,3.3877487051728404e-05,-0.00040894265178188815,2.0722427350193966e-08,-5.7919448385062876e-05,4.407303393882923e-05,-4.0937204116967755e-07,5.217991894837985e-07
28,0.04295146206079795,3840.0,72,0.033137903154166225,3.422393102077603e-05,-3.3919687310824674e-08,1.9885577017598133e-08,-5.3129277569129064e-05,4.4319260899646776e-05,1.3446774943051466e-07,5.668763182628507e-07
28,0.04295146206079795,3861.333333333333,72,0.02018712774504975,3.345679151037737e-05,0.0004088825259510008,2.0281842767222643e-08,-4.7243639019983557e-05,4.398422727498594e-05,1.1397245662047021e-07,4.2023667140715937e-07
28,0.04295146206079795,3882.6666666666665,72,-0.008539934377966346,3.2265824034630845e-05,0.0004978256134091599,1.9831185806641195e-08,-4.263267339511023e-05,4.404073535991413e-05,2.3115593185406268e-07,5.164859778714192e-07
28,0.04295146206079795,3904.0,72,-0.030561867677799986,3.192828454040895e-05,0.0001972076706718081,1.9883097246696104e-08,-3.9702618655717184e-05,4.49542917356161e-05,4.36459436107846e-07,5.275961381002636e-07
28,0.04295146206079795,3925.333333333333,72,-0.028642800386509275,3.177498582987237e-05,-0.00025773641459907615,2.078319606701886e-08,-2.9925400637508485e-05,4.505937406078136e-05,-4.0834975226969654e-07,5.001618808049419e-07
28,0.04295146206079795,3946.6666666666665,72,-0.004286286717041768,3.083557320477588e-05,-0.0005110361656181068,2.005743717583304e-08,-1.8131324487168742e-05,4.383374382916848e-05,-8.536522888748368e-07,4.202874431193396e-07
28,0.04295146206079795,3968.0,72,0.023443323065827797,2.98469056326671e-05,-0.00036448813409668606,1.8961278624307804e-08,-1.2061540061120357e-05,4.2466101923563945e-05,-3.3428127158882e-07,5.198775661169337e-07
28,0.04295146206079795,3989.333333333333,72,0.032853908312799135,2.9202921635657527e-05,6.724803085157911e-05,1.979127014246435e-08,-8.60606541219629e-06,4.3284298243663314e-05,-4.640973510738287e-07,5.373466550798281e-07
28,0.04295146206079795,4010.6666666666665,72,0.016590088708889002,2.895990126824305e-05,0.00044633593467486985,2.0498336276787984e-08,-9.988075052453542e-06,4.5294979758396914e-05,-3.241755954466355e-07,4.987924789939936e-07
28,0.04295146206079795,4032.0,72,-0.012631269130629105,3.010570483202545e-05,0.0004761415913548568,1.9444300407877785e-08,-1.4564311292581696e-05,4.5383066483104106e-05,5.150726237707932e-07,4.4472380723755957e-07
28,0.04295146206079795,4053.333333333333,72,-0.03195275101494622,3.050551145715657e-05,0.0001333563276707612,1.922130161174523e-08,-9.328237702109694e-06,4.36476058268808e-05,-1.1016159173434297e-07,5.088736066699547e-07
28,0.04295146206079795,4074.6666666666665,72,-0.026245070268745004,2.9639712506287e-05,-0.00031380068210352084,1.9458433291023842e-08,-4.892147787526587e-08,4.235424470164135e-05,-9.308992367331663e-07,5.235176489788333e-07
32,0.04908738521234052,0.0,72,2.880974209730878e-05,2.9917957733278838e-05,-0.0005890460492631835,2.6532429438568636e-08,-9.199649640520926e-05,3.3189043285797815e-05,-4.456415128866278e-09,4.819081171058408e-07
32,0.04908738521234052,21.333333333333332,72,0.030308552826610127,3.010385352075214e-05,-0.00029452503583688036,2.7763055826818883e-08,-7.930005656328184e-05,3.2027160402154304e-05,9.224508758775734e-08,4.5431385075194e-07
32,0.04908738521234052,42.666666666666664,72,0.030300736820415824,3.066188172605798e-05,0.00029451022686887666,2.6725899501002172e-08,-8.135095865623754e-05,3.199038095942098e-05,-5.698442192753069e-07,5.208875417551422e-07
32,0.04908738521234052,64.0,72,9.225788687204169e-06,3.067360970977166e-05,0.0005890334716096997,2.4734996196539412e-08,-8.80863268531478e-05,3.282679335834812e-05,-3.943232237839528e-07,4.854149029937362e-07
32,0.04908738521234052,85.33333333333333,72,-0.030279553673857804,3.1373249769081556e-05,0.00029452217976776716,2.435068669483793e-08,-9.173357361302483e-05,3.224980451245843e-05,1.8255880866538743e-07,5.211199497455233e-07
32,0.04908738521234052,106.66666666666666,72,-0.030273866387001476,3.0618776861387405e-05,-0.000294525563616673,2.5301300637630308e-08,-9.733382600975328e-05,3.0618452495998825e-05,3.019893084209443e-08,5.404387882900146e-07
32,0.04908738521234052,128.0,72,2.936557401472658e-05,2.862267431784056e-05,-0.0005890614869083013,2.5799611279823102e-08,-0.00010117038773038414,3.073950453491529e-05,-1.0621828866471279e-07,4.915584444524308e-07
32,0.04908738521234052,149.33333333333331,72,0.0303278078681466,2.833389992173768e-05,-0.0002945373465665998,2.647833378936439e-08,-9.170123071318876e-05,3.143957738747462e-05,4.63762216810191e-07,4.882061114843808e-07
32,0.04908738521234052,170.66666666666666,72,0.03031885022073275,2.773244216901938e-05,0.0002945182676244307,2.6235394434399708e-08,-7.09407434935694e-05,3.27977897269194e-05,8.096633933667179e-07,5.176447402391633e-07
32,0.04908738521234052,192.0,72,1.561438360133894e-05,2.6838983517191594e-05,0.0005890401097900746,2.5316956331432968e-08,-5.64827147535642e-05,3.49268047076914e-05,4.3621618357343484e-07,4.994732999719199e-07
32,0.04908738521234052,213.33333333333331,72,-0.030274961871417625,2.8229647244308066e-05,0.0002945120651539097,2.465970221000348e-08,-5.755529535486857e-05,3.4727282312038684e-05,1.2135079368629153e-07,4.887007523103973e-07
32,0.04908738521234052,234.66666666666666,72,-0.030272780633930622,2.851411080652718e-05,-0.0002945341237890404,2.5346092468265923e-08,-6.084507997995587e-05,3.421555475881479e-05,1.105534441348059e-07,5.051206150731875e-07
32,0.04908738521234052,256.0,72,9.586840331625254e-06,2.7744710333791886e-05,-0.0005890562915234667,2.5072807813242302e-08,-5.3472009030031143e-05,3.505997449202784e-05,-1.599674809746619e-07,4.845686444099731e-07
32,0.04908738521234052,277.3333333333333,72,0.030292687375260426,2.8553781205156976e-05,-0.0002945309257192505,2.4988271580142943e-08,-4.418927733042298e-05,3.625717551369868e-05,-5.988117644521522e-07,4.6672846853562097e-07
32,0.04908738521234052,298.66666666666663,72,0.030294759727059348,2.914414640835717e-05,0.00029451500022125473,2.5705430785459038e-08,-4.1829866076792784e-05,3.861507243331665e-05,-4.550125862437835e-07,4.64253152659105e-07
32,0.04908738521234052,320.0,72,5.181322765487822e-06,2.8966285311134317e-05,0.0005890322058599302,2.532808021531102e-08,-3.7361226809807864e-05,3.93485789483616e-05,3.4925828700717784e-07,5.213661452537437e-07
32,0.04908738521234052,341.3333333333333,72,-0.03029170338933402,2.9755681502370604e-05,0.0002945099598970391,2.405692012036309e-08,-2.574020048074516e-05,3.854108504022668e-05,8.64435406873651e-07,5.459820018555989e-07
32,0.04908738521234052,362.66666666666663,72,-0.030297462951834535,2.9737602894217568e-05,-0.0002945310462425522,2.4694476454594095e-08,-1.3762092061828318e-05,3.884660402058762e-05,4.384974940506421e-07,4.3406703227124626e-07
32,0.04908738521234052,384.0,72,-5.836250083737889e-06,2.9784308991343198e-05,-0.0005890598661092933,2.4604213234150074e-08,-1.2516523563944334e-06,3.861952620997091e-05,-1.2612877853630129e-07,5.577712722706794e-07
32,0.04908738521234052,405.3333333333333,72,0.03029159698189244,3.0612215470875704e-05,-0.00029454114543255657,2.4178105417691594e-08,1.1705755157133591e-05,3.6565923059542945e-05,1.5161924532324928e-07,5.257661230718851e-07
32,0.04908738521234052,426.66666666666663,72,0.030300090856209407,2.9941132723503073e-05,0.0002945113081280134,2.522107670008249e-08,1.5621839934136642e-05,3.5867182978378814e-05,6.548505687967982e-07,5.673383805709345e-07
32,0.04908738521234052,448.0,72,1.667087139869829e-05,2.9768579079133153e-05,0.0005890336521492765,2.450084527756097e-08,1.4522168164493536e-05,3.621562856843951e-05,4.2183410075613097e-07,5.169674392171908e-07
32,0.04908738521234052,469.3333333333333,72,-0.03026763875858457,3.184401618041616e-05,0.00029450886532680524,2.2729223796682896e-08,1.8305884191153964e-05,3.526402490534555e-05,2.0419411406405125e-08,5.576634949848205e-07
32,0.04908738521234052,490.66666666666663,72,-0.030265506272059546,3.2107124841664834e-05,-0.00029452426483728394,2.403450062060886e-08,1.1583628893484475e-05,3.4540703928883795e-05,2.076202418364069e-07,5.667368378725097e-07
32,0.04908738521234052,512.0,72,1.78091742185393e-05,3.08072624767727e-05,-0.0005890422348124075,2.5163226093532526e-08,-1.4456117442244953e-05,3.533302392346685e-05,2.657486772442599e-07,5.015720732644631e-07
32,0.04908738521234052,533.3333333333333,72,0.030299565225343852,3.093518436016133e-05,-0.0002945308540229575,2.3644038941486745e-08,-3.099381020649291e-05,3.5278434911641894e-05,-4.3679280795501366e-07,4.2598429029010826e-07
32,0.04908738521234052,554.6666666666666,72,0.030300526737291847,3.060553252550418e-05,0.0002945148549818458,2.3968281492629187e-08,-2.3578218389780357e-05,3.4432514388488786e-05,-8.790486036866288e-07,4.926384479208791e-07
32,0.04908738521234052,576.0,72,1.4084350452204638e-05,2.9612589298070737e-05,0.0005890475942416828,2.5603620548282346e-08,-1.4247967520142377e-05,3.493182013187835e-05,-3.479306907951653e-07,5.240895409875405e-07
32,0.04908738521234052,597.3333333333333,72,-0.030279558249373117,3.00410001697256e-05,0.00029452327799069035,2.4894097800401106e-08,-9.291764474534575e-06,3.693035563867817e-05,-7.302102492333138e-08,5.052107020438782e-07
32,0.04908738521234052,618.6666666666666,72,-0.030285112655776325,2.9748933499014888e-05,-0.00029452672807152346,2.3698068149409505e-08,1.909460827163034e-06,3.652605794299324e-05,-6.041109857905815e-07,4.73901040242937e-07
32,0.04908738521234052,640.0,72,3.585460798009531e-06,2.9366462301888506e-05,-0.0005890484051083196,2.3799017587062613e-08,1.24434965694674e-05,3.556970483540688e-05,-4.549105359876952e-07,5.406158329505034e-07
32,0.04908738521234052,661.3333333333333,72,0.03029386945969356,3.052286636310259e-05,-0.0002945263301673201,2.431012583879691e-08,1.770524000567023e-05,3.521528650115884e-05,4.0034621563538264e-07,4.218986476974848e-07
32,0.04908738521234052,682.6666666666666,72,0.030292613226535297,2.9899791979741868e-05,0.0002945202231225992,2.4091598912808033e-08,2.4175534431764198e-05,3.577887400814935e-05,2.878878756696597e-07,5.02137285931521e-07
32,0.04908738521234052,704.0,72,-1.4755205596331699e-06,2.8590811776641898e-05,0.0005890468777677399,2.4350933343464398e-08,2.667653327391494e-05,3.622880094729341e-05,-1.967814506836678e-07,5.183146472449456e-07
32,0.04908738521234052,725.3333333333333,72,-0.030295994681925273,2.9712264541849814e-05,0.0002945221320572329,2.402116079936981e-08,2.493650500967887e-05,3.5905820913096014e-05,1.7778080998781042e-07,5.480560759611621e-07
32,0.04908738521234052,746.6666666666666,72,-0.030294597960263528,3.0058971387222835e-05,-0.00029452831680198586,2.477175686104528e-08,3.0233786172007377e-05,3.5432576753161684e-05,1.9768400706083132e-07,5.922905285671706e-07
32,0.04908738521234052,768.0,72,2.770477845642755e-06,2.9639116565558003e-05,-0.000589051932971223,2.5047645449664715e-08,3.54982224424262e-05,3.498340658629802e-05,-3.638826932438576e-07,4.704229261574872e-07
32,0.04908738521234052,789.3333333333333,72,0.030301704090746125,3.0954942478188234e-05,-0.00029452435769972336,2.3532864308974375e-08,3.028329804498933e-05,3.428459660368424e-05,-2.2578900838437147e-07,5.781311726444677e-07
32,0.04908738521234052,810.6666666666666,72,0.030313309663001664,3.218655142209008e-05,0.0002945316563462168,2.268820019238558e-08,2.5125158738393467e-05,3.457953335654499e-05,-3.528313337748223e-07,4.95410029649223e-07
32,0.04908738521234052,832.0,72,3.655783882232358e-05,3.2335714836987836e-05,0.0005890584092616817,2.288978976055618e-08,2.6597301276127408e-05,3.50832498101989e-05,-1.0416158077057607e-06,5.167042820294009e-07
32,0.04908738521234052,853.3333333333333,72,-0.03024517960949472,3.33485800749948e-05,0.0002945237468582817,2.350329565596242e-08,3.091911115008992e-05,3.437618575454105e-05,-2.1708516735214787e-07,5.5691709354833e-07
32,0.04908738521234052,874.6666666666666,72,-0.030241977989856554,3.232495170320566e-05,-0.00029453278703546156,2.370787291070254e-08,3.7580518664078804e-05,3.37885488212496e-05,1.0330653226221848e-06,5.099731519618259e-07
32,0.04908738521234052,896.0,72,5.019117659323738e-05,3.0199266867759275e-05,-0.0005890521323431634,2.2352917026969322e-08,4.085215982203847e-05,3.389083242491194e-05,4.2143038381655246e-07,4.839331449787429e-07
32,0.04908738521234052,917.3333333333333,72,0.03034011597325325,3.101892456659241e-05,-0.00029452094513719913,2.061941837819431e-08,4.077726622197329e-05,3.403317651328235e-05,-1.0945080653319054e-07,4.832159241465033e-07
32,0.04908738521234052,938.6666666666666,72,0.030337989676098496,3.195306443893083e-05,0.0002945306494223253,2.253702154103223e-08,4.705375113918918e-05,3.46155483603062e-05,3.4733964495656174e-07,5.796970919490744e-07
32,0.04908738521234052,960.0,72,4.838653292414352e-05,3.1081729639654125e-05,0.0005890558053746927,2.4075849297650784e-08,4.861543741284685e-05,3.554850991088787e-05,-2.767674104307199e-07,5.100112182996068e-07
32,0.04908738521234052,981.3333333333333,72,-0.030239701277470436,3.0421278062013186e-05,0.0002945302164876719,2.293167068514838e-08,3.678432817796387e-05,3.5317064016842236e-05,-6.616392007896999e-07,4.855012656552862e-07
32,0.04908738521234052,1002.6666666666666,72,-0.03024367078024295,3.033557033035278e-05,-0.0002945177220219906,2.273264746460221e-08,3.593682215360708e-05,3.5723960073169304e-05,6.528777201424689e-07,5.300528503902263e-07
32,0.04908738521234052,1024.0,72,3.666789387475055e-05,3.0811995638987854e-05,-0.0005890398385539421,2.3362878843642846e-08,5.022693181844605e-05,3.7049189435788965e-05,7.447319144169037e-07,4.645289571236523e-07
32,0.04908738521234052,1045.3333333333333,72,0.030324734904601,3.156088782092813e-05,-0.0002945151540027076,2.277242807610142e-08,5.493085262168483e-05,3.742687610529434e-05,-6.263314744624177e-07,4.378445433818155e-07
32,0.04908738521234052,1066.6666666666665,72,0.030335524551615794,3.080525020792742e-05,0.00029453864711592075,2.3093645394982128e-08,5.5759402957512e-05,3.645651478798168e-05,-4.392393245750502e-07,5.108284613766445e-07
32,0.04908738521234052,1088.0,72,5.03032476617326e-05,3.033605859671094e-05,0.0005890698132624189,2.4565708458199243e-08,6.2457755155883e-05,3.653751302350527e-05,3.557894662633321e-07,4.83373764997765e-07
32,0.04908738521234052,1109.3333333333333,72,-0.03025244814651567,3.207259799609872e-05,0.00029454056717642565,2.4118274638519008e-08,5.749185062639781e-05,3.7594685018117384e-05,1.9327867569821554e-07,4.818941452961705e-07
32,0.04908738521234052,1130.6666666666665,72,-0.030265158817850808,3.267076531977093e-05,-0.00029451588125119785,2.3199966182076715e-08,5.007313219187183e-05,3.783203130683726e-05,6.474679702662899e-07,4.2082120011593186e-07
32,0.04908738521234052,1152.0,72,2.2775772434181736e-05,3.198625325296144e-05,-0.0005890371690035186,2.2556434637072872e-08,6.063145385763128e-05,3.768911099850013e-05,1.1590263008549361e-06,4.490883082603703e-07
32,0.04908738521234052,1173.3333333333333,72,0.030307464212441206,3.2720959322671816e-05,-0.00029450863634426154,2.1505001976759762e-08,6.707341223126303e-05,3.8553004710378946e-05,1.1162419022904775e-07,5.081819520326559e-07
32,0.04908738521234052,1194.6666666666665,72,0.03029418354746881,3.234163038102622e-05,0.0002945396315130228,2.2427469844014208e-08,5.9799642497967326e-05,3.8953469928588025e-05,-6.704875376342898e-07,4.824561583480541e-07
32,0.04908738521234052,1216.0,72,-7.788871935144599e-06,3.0168895771230578e-05,0.0005890656628283565,2.440527168455633e-08,6.48319166862748e-05,3.9216141294026004e-05,-1.4610129181307335e-07,5.507421741686846e-07
32,0.04908738521234052,1237.3333333333333,72,-0.030306427335776227,2.9262607243688766e-05,0.00029454174033816734,2.3384915640090175e-08,7.521862722250969e-05,4.004828344379359e-05,6.937829452663392e-08,5.038160424712736e-07
32,0.04908738521234052,1258.6666666666665,72,-0.030308631653338122,2.935976520532364e-05,-0.00029451031418602523,2.1964453202658197e-08,6.755672244947549e-05,4.103412826482843e-05,-2.1336576828366666e-07,4.751245245864679e-07
32,0.04908738521234052,1280.0,72,-9.96019975142657e-06,2.9477218021967022e-05,-0.000589034960431099,2.2521698009581042e-08,5.6306685094286375e-05,4.109301258498439e-05,-5.621818713484303e-07,5.148162170565817e-07
32,0.04908738521234052,1301.3333333333333,72,0.030286961406638262,3.078712807343161e-05,-0.0002945076458355084,2.2647701820657568e-08,5.703462667928211e-05,4.090413614386117e-05,-1.2007527064363655e-06,5.229406067358553e-07
32,0.04908738521234052,1322.6666666666665,72,0.030279684364577966,3.134802899638397e-05,0.0002945433756245097,2.1793236050090674e-08,6.139747010734722e-05,4.0453742848690865e-05,-1.0301982240877552e-06,5.050528402122261e-07
32,0.04908738521234052,1344.0,72,-2.2168422321040923e-05,3.098302471135466e-05,0.0005890670151821955,2.2295297734149297e-08,6.404056346185601e-05,4.01114012114957e-05,9.018591015773621e-08,5.275120810668428e-07
32,0.04908738521234052,1365.3333333333333,72,-0.030317331336048366,3.159049417463108e-05,0.00029453659439729053,2.235702409724398e-08,6.406775433543221e-05,4.024010682915996e-05,-6.1565960305926e-08,5.022498250696969e-07
32,0.04908738521234052,1386.6666666666665,72,-0.030318387144953756,3.1197403561978404e-05,-0.0002945168262185409,2.2508456646679104e-08,6.485993912813477e-05,4.0113590776840344e-05,-1.2768959544010734e-06,4.427231049018655e-07
32,0.04908738521234052,1408.0,72,-2.8755907371961545e-05,3.0330298502374168e-05,-0.0005890383288180169,2.38064024507318e-08,7.491793887338228e-05,3.92910015215369e-05,-9.276476717209773e-07,5.113482251655567e-07
32,0.04908738521234052,1429.3333333333333,72,0.03026169299771139,3.103659626871873e-05,-0.0002945122964531485,2.4192660409770083e-08,8.502140191042738e-05,4.039880250219178e-05,4.327561411518383e-07,5.057786053304363e-07
32,0.04908738521234052,1450.6666666666665,72,0.030261468348172935,3.0760341401121935e-05,0.0002945327048061785,2.3337960263182246e-08,7.94798540209975e-05,4.2366279381114876e-05,2.671425929595838e-07,4.586350356865094e-07
32,0.04908738521234052,1472.0,72,-3.0013961726891953e-05,2.9807588928269844e-05,0.0005890560653891452,2.328622188976825e-08,6.292219356450559e-05,4.253356548126568e-05,-7.488176313732121e-07,4.6093062122622213e-07
32,0.04908738521234052,1493.3333333333333,72,-0.03032102546882559,3.0279976466085838e-05,0.00029453537636184947,2.260748055915664e-08,4.5537061229338495e-05,4.236998905990776e-05,-4.208221413326831e-07,5.182366910509532e-07
32,0.04908738521234052,1514.6666666666665,72,-0.030320950246771387,3.0198837723560322e-05,-0.00029450865889351014,2.099301814162978e-08,3.621759607549874e-05,4.306189035239356e-05,6.46166467367803e-07,4.5267517780589857e-07
32,0.04908738521234052,1536.0,72,-2.973951110525615e-05,2.9382972062329885e-05,-0.000589031744328577,2.0116259080251213e-08,4.120952427821435e-05,4.241094330928504e-05,7.803445280834524e-07,4.7482641195850516e-07
32,0.04908738521234052,1557.3333333333333,72,0.030264858269078963,3.0201220262934212e-05,-0.00029451361246090734,2.0562347305213348e-08,4.160784950953841e-05,4.160208086191326e-05,3.876226427284942e-07,4.79283102596074e-07
32,0.04908738521234052,1578.6666666666665,72,0.030271350652330657,3.087508847084451e-05,0.00029452902866897125,2.2235600691954588e-08,2.1348458107038147e-05,4.171086532377679e-05,1.5235912066092502e-07,4.868267390518649e-07
32,0.04908738521234052,1600.0,72,-1.9131000487979113e-05,3.016365404412888e-05,0.0005890535661191166,2.2699407408878068e-08,5.9108799123335535e-06,4.12361031854337e-05,-4.432264402049764e-07,4.810296794311853e-07
32,0.04908738521234052,1621.3333333333333,72,-0.030314085345633218,2.9989403120388535e-05,0.00029452663107204687,2.251985857311651e-08,1.6926836237310843e-05,4.0420529693097506e-05,-1.0506206739029963e-06,4.883320010625069e-07
32,0.04908738521234052,1642.6666666666665,72,-0.030305065263220854,3.0378592133849534e-05,-0.0002945243820123127,2.2763057491610708e-08,3.990597265016929e-05,4.028512625339615e-05,-8.027369081833244e-07,5.835271336861934e-07
32,0.04908738521234052,1664.0,72,6.289567149438549e-06,3.165805786334311e-05,-0.0005890411216694928,2.2276097465354344e-08,5.993364819184504e-05,3.9595307937140295e-05,-2.549985914690661e-07,4.904929240253052e-07
32,0.04908738521234052,1685.3333333333333,72,0.030305852014123003,3.368399023876621e-05,-0.00029451444390507926,2.1426142599708477e-08,7.043775818901987e-05,3.862263365160873e-05,1.3503796474888874e-07,4.6481098698944753e-07
32,0.04908738521234052,1706.6666666666665,72,0.030301954653900884,3.367002999987486e-05,0.00029452501601448435,2.1705141603192487e-08,6.879764530898566e-05,3.939274554466768e-05,6.775667787666648e-07,5.170586837646345e-07
32,0.04908738521234052,1728.0,72,8.538163524284122e-06,3.22575034146483e-05,0.0005890499825352603,2.3379420865423715e-08,6.824460405961887e-05,4.046226044208824e-05,8.104912322847669e-07,4.916908285905471e-07
32,0.04908738521234052,1749.3333333333333,72,-0.030287719717132806,3.231798061218622e-05,0.0002945338325145794,2.3029371419292585e-08,7.394011265463386e-05,4.037977271265809e-05,3.1661046434554007e-07,5.473500755944454e-07
32,0.04908738521234052,1770.6666666666665,72,-0.03029254929560696,3.209834456588424e-05,-0.00029451840043437697,2.2303138913973507e-08,7.473123434636656e-05,4.1204678431873757e-05,1.9259508169766786e-07,5.061484672650566e-07
32,0.04908738521234052,1792.0,72,9.768381914291786e-06,3.0166603106745076e-05,-0.0005890484875959705,2.2842771554582204e-08,7.601720839938769e-05,4.2509559070053614e-05,4.7102028403692975e-07,5.852199414943291e-07
32,0.04908738521234052,1813.3333333333333,72,0.0303147549215863,2.938455052346962e-05,-0.0002945233383449621,2.1881424565770974e-08,8.466773792692233e-05,4.168594888100258e-05,4.4782610112749794e-07,5.090188974088926e-07
32,0.04908738521234052,1834.6666666666665,72,0.030312494374790857,2.8828544510406547e-05,0.0002945214483747218,2.1153148003977404e-08,8.896355886138379e-05,4.053281416708256e-05,1.3764474393143918e-07,5.076013099008569e-07
32,0.04908738521234052,1856.0,72,1.760574105387747e-05,2.8221139163116062e-05,0.0005890429390023845,2.2020165932321996e-08,8.978920666164479e-05,4.121652896498856e-05,-2.878798827427278e-07,4.7216322588945835e-07
32,0.04908738521234052,1877.3333333333333,72,-0.030270194663846426,2.9188102683714913e-05,0.00029452583513312565,2.2941077291286056e-08,9.250856427064119e-05,4.230257560548611e-05,-3.338474184282956e-07,4.782609071558139e-07
32,0.04908738521234052,1898.6666666666665,72,-0.03027140558259041,2.9579754532358576e-05,-0.0002945217639317375,2.2463383938217206e-08,8.388986978647743e-05,4.1600338587071705e-05,1.3720393032163906e-07,4.646434036746284e-07
32,0.04908738521234052,1920.0,72,2.010266485933722e-05,2.955505792905205e-05,-0.0005890579906442582,2.2141652069713864e-08,6.70912563052898e-05,4.020132872372325e-05,-5.652932730654325e-08,4.96869890936735e-07
32,0.04908738521234052,1941.3333333333333,72,0.030319990844297692,3.1135763783292966e-05,-0.00029454022779276223,2.1532328581036507e-08,6.0644142419654436e-05,3.9010919656726424e-05,-4.3954476615089464e-07,4.612052467405906e-07
32,0.04908738521234052,1962.6666666666665,72,0.030321193303915077,3.1322247189299516e-05,0.0002945154841483602,2.205288014182319e-08,5.899602009108921e-05,3.804251926037909e-05,6.429956038590272e-07,5.557615985516376e-07
32,0.04908738521234052,1984.0,72,1.8683243585911252e-05,2.8997079645609796e-05,0.0005890480423209381,2.309540877175958e-08,5.357719383353123e-05,3.779238120513133e-05,1.2942505999824533e-06,5.573171703496367e-07
32,0.04908738521234052,2005.3333333333333,72,-0.030284244972796262,2.8063443319972043e-05,0.0002945209090892152,2.308226905002729e-08,4.8374604302408225e-05,3.734612953766503e-05,-2.0782319112555122e-07,5.28950394153633e-07
32,0.04908738521234052,2026.6666666666665,72,-0.030290534569532943,2.852384956838282e-05,-0.00029453629587445485,2.1764524770223027e-08,3.6735264230271384e-05,3.753719235165053e-05,-1.059604757193529e-06,4.835871352660205e-07
32,0.04908738521234052,2048.0,72,4.0931191693541676e-06,2.9003987339807338e-05,-0.0005890596538134995,2.185372960813484e-08,1.9735412860896722e-05,3.891693530594659e-05,-3.2418835373600593e-07,5.246558268276738e-07
32,0.04908738521234052,2069.333333333333,72,0.03030681289004354,3.0451746180450298e-05,-0.0002945275341636149,2.2248170690758065e-08,1.3288899782319745e-05,3.998084169340224e-05,-2.5651571279513697e-07,4.6631384803015134e-07
32,0.04908738521234052,2090.6666666666665,72,0.030313703841995134,3.1533678309177786e-05,0.0002945211454979457,2.1805063270599785e-08,1.345701815287203e-05,3.9062891531027246e-05,-1.9105647833412035e-07,5.251263000582828e-07
32,0.04908738521234052,2112.0,72,2.6798442256580997e-05,3.214615851516399e-05,0.0005890426926999593,2.1847566969571072e-08,1.243694920168939e-05,3.653688516304527e-05,5.316676003502853e-07,4.1311106393476377e-07
32,0.04908738521234052,2133.333333333333,72,-0.030252662856529833,3.332650603902521e-05,0.0002945217703197625,2.2764742678804673e-08,1.9065417758486734e-05,3.2986630399744374e-05,-2.122537562625544e-08,4.5273406143708e-07
32,0.04908738521234052,2154.6666666666665,72,-0.03024490971213227,3.352418806021087e-05,-0.00029452673550884554,2.2572729327824663e-08,2.7232328084878807e-05,3.15621987068228e-05,-8.647148415065874e-07,4.287983184214307e-07
32,0.04908738521234052,2176.0,72,3.858485218690336e-05,3.280522895534557e-05,-0.0005890577628852123,2.2139975000168146e-08,2.61550393558142e-05,3.373577699879027e-05,-3.124323268801246e-07,4.0539959180085543e-07
32,0.04908738521234052,2197.333333333333,72,0.03031596764192563,3.251785288197775e-05,-0.0002945379722800828,2.2897396938834005e-08,2.8527270842682154e-05,3.541678221363924e-05,-1.314141315993743e-07,4.5957653631232537e-07
32,0.04908738521234052,2218.6666666666665,72,0.030306974994461174,3.19680280192725e-05,0.00029451070954774976,2.2810601628485755e-08,3.711927327550513e-05,3.5110296607594776e-05,-5.3244762711586e-08,4.779630408378834e-07
32,0.04908738521234052,2240.0,72,1.7407527410403783e-05,3.18183707387037e-05,0.0005890402469268362,2.176812340695972e-08,3.7273644701338864e-05,3.4537990506697026e-05,1.4523296071301832e-06,4.384598794482688e-07
32,0.04908738521234052,2261.333333333333,72,-0.030264666521296904,3.320310185162152e-05,0.0002945238574782507,2.1961116886536196e-08,3.2515415574752856e-05,3.3731777106749636e-05,1.6738005663661411e-06,5.304603309966873e-07
32,0.04908738521234052,2282.6666666666665,72,-0.030266294779130492,3.375544192411267e-05,-0.00029452384168463414,2.2072556183673747e-08,3.174811555334122e-05,3.135419765429208e-05,-2.3136094256264405e-07,5.617829525089851e-07
32,0.04908738521234052,2304.0,72,8.86739518094546e-06,3.325094030897003e-05,-0.0005890477615420472,2.2438247402805312e-08,2.9628421637477355e-05,3.070734545081625e-05,-7.331627662082184e-07,5.393481504208026e-07
32,0.04908738521234052,2325.333333333333,72,0.03028920005009259,3.389377165048472e-05,-0.00029451292268867983,2.2818072631575806e-08,2.4205718170721764e-05,3.21006308680468e-05,-1.0185344447692008e-07,5.118502829128576e-07
32,0.04908738521234052,2346.6666666666665,72,0.030288254925628984,3.426174748534268e-05,0.0002945391432052924,2.2803299845270293e-08,2.0047715343098036e-05,3.2536043225251335e-05,-6.635552572188826e-07,4.963054159692706e-07
32,0.04908738521234052,2368.0,72,-1.1872848464728883e-06,3.449745043824254e-05,0.0005890511196534454,2.2238978009463358e-08,2.2623098568423548e-05,3.3296597843426566e-05,-9.48192152567559e-07,5.37939600560213e-07
32,0.04908738521234052,2389.333333333333,72,-0.030284710127772348,3.5702691290977517e-05,0.0002945215242804014,2.330998408674047e-08,3.3507656572096384e-05,3.516395049371938e-05,-4.051919338609696e-07,5.216174399493843e-07
32,0.04908738521234052,2410.6666666666665,72,-0.030279200809643098,3.507222174836183e-05,-0.00029452238126765067,2.3758828798033166e-08,3.7352785075608314e-05,3.760143304108149e-05,-5.724712923859398e-07,5.274742836559756e-07
32,0.04908738521234052,2432.0,72,1.617547998016897e-06,3.280051975269118e-05,-0.0005890485707055471,2.2813716414929916e-08,2.629469879781553e-05,3.97480468830181e-05,-5.396188108376924e-07,4.964552375635885e-07
32,0.04908738521234052,2453.333333333333,72,0.03028078665152116,3.2604589338900775e-05,-0.00029452441035109355,2.2062945772274424e-08,1.9862627862624133e-05,4.039938773469715e-05,1.8964374656389107e-07,5.067112621379998e-07
32,0.04908738521234052,2474.6666666666665,72,0.030281137345197367,3.202334382003106e-05,0.0002945320365935166,2.3049003484985437e-08,1.9114459833304247e-05,4.039211302041386e-05,2.99538249955498e-08,5.186016507126104e-07
32,0.04908738521234052,2496.0,72,-1.0007946119143541e-05,2.988516653490895e-05,0.0005890573027225525,2.2774177518997458e-08,4.10894211036959e-06,4.1269970273967495e-05,-5.229711760948404e-07,5.270401749676515e-07
32,0.04908738521234052,2517.333333333333,72,-0.030305424095506375,2.9325410048849287e-05,0.0002945304498166167,2.226597833230498e-08,-1.2570189034581255e-05,4.0930276972808305e-05,-3.692430904915126e-07,5.366788657084318e-07
32,0.04908738521234052,2538.6666666666665,72,-0.030307265580230787,2.854183011606411e-05,-0.00029451636735364846,2.2917962797329128e-08,-1.593716038809644e-05,3.941788022273737e-05,-2.595303685634184e-07,4.550281075704884e-07
32,0.04908738521234052,2560.0,72,-2.6646791462608524e-05,2.7894790635950906e-05,-0.0005890484342312627,2.338662014158435e-08,-2.7125837138766055e-05,4.041174167393569e-05,-6.252521660805252e-08,4.907127022344761e-07
32,0.04908738521234052,2581.333333333333,72,0.03024473109923459,2.931797463776243e-05,-0.00029453502171783886,2.2301165929683972e-08,-4.588309323627559e-05,4.186214463321319e-05,5.216689067688469e-07,5.293629888629588e-07
32,0.04908738521234052,2602.6666666666665,72,0.030242765437654744,2.9685278946241693e-05,0.0002945200597926252,2.2209765054412192e-08,-4.557329636336848e-05,4.082519168140257e-05,2.7646459481661993e-07,4.810098939101194e-07
32,0.04908738521234052,2624.0,72,-2.6489612969268496e-05,2.888915979637829e-05,0.0005890483705661619,2.2202893096543375e-08,-3.900103468269309e-05,3.881594821438777e-05,-4.3052424330227917e-07,5.217913813088641e-07
32,0.04908738521234052,2645.333333333333,72,-0.030298712981326574,2.9093443033809136e-05,0.00029450703010803033,2.1567960987480392e-08,-5.036814437030619e-05,3.7587485715812756e-05,-1.780596266548968e-07,4.4572159603611475e-07
32,0.04908738521234052,2666.6666666666665,72,-0.030298436221695462,2.8795709811993285e-05,-0.00029455154528495553,2.1822194986462542e-08,-6.305842440075735e-05,3.776721866271092e-05,1.625545644240522e-07,4.867266732977109e-07
32,0.04908738521234052,2688.0,72,-2.0008562320057284e-05,2.826004104949396e-05,-0.0005890664671588575,2.1577250541031312e-08,-6.278404450574347e-05,3.7956520937284765e-05,-1.1898435732160707e-07,4.686057505169771e-07
32,0.04908738521234052,2709.333333333333,72,0.0302569315813622,2.950711098382884e-05,-0.0002945374116129781,2.0534158482215666e-08,-6.26633499722681e-05,3.689966974028989e-05,1.7461353428556716e-07,4.835497852657394e-07
32,0.04908738521234052,2730.6666666666665,72,0.030256938826752882,2.9293172611854205e-05,0.0002945089262027215,2.0726557857585828e-08,-6.43874255442727e-05,3.569591790268255e-05,8.433555319326164e-07,5.0678346924708e-07
32,0.04908738521234052,2752.0,72,-1.7486944060253452e-05,2.7278110953158867e-05,0.0005890340193059343,2.1517548596509155e-08,-5.7506917702284405e-05,3.6511348744222624e-05,5.853311526204934e-07,4.6328598849025395e-07
32,0.04908738521234052,2773.333333333333,72,-0.030298287920504867,2.719478943818985e-05,0.00029450653924668825,2.179652190902777e-08,-4.613300535752074e-05,3.8692213355809516e-05,6.376037965712764e-08,4.4389928663873834e-07
32,0.04908738521234052,2794.6666666666665,72,-0.030307423869095233,2.7722614164984924e-05,-0.00029454366806184437,2.150906967514229e-08,-4.238564311953561e-05,3.9542756062504665e-05,2.7930438989529964e-07,4.742041650740255e-07
32,0.04908738521234052,2816.0,72,-2.850886666437812e-05,2.7393126577902775e-05,-0.0005890581646142471,2.1790399732518126e-08,-4.928747237795117e-05,3.907850644407325e-05,4.757038292031905e-07,5.146332634335637e-07
32,0.04908738521234052,2837.333333333333,72,0.0302579790111708,2.830957585930411e-05,-0.00029453015257111225,2.160646544371818e-08,-5.74963578787753e-05,3.9868150331473986e-05,2.600816439588895e-07,5.429539676535173e-07
32,0.04908738521234052,2858.6666666666665,72,0.030255150411869245,2.912177243192821e-05,0.00029450932170082243,2.2226440098782562e-08,-5.71209402452494e-05,4.1076119174052474e-05,4.3013810971874153e-07,5.105962021680698e-07
32,0.04908738521234052,2880.0,72,-3.4168021764378665e-05,2.889313572544423e-05,0.0005890315866563791,2.2530555921370285e-08,-5.218585774525045e-05,4.105287151584337e-05,8.146760890352147e-07,5.029187242847888e-07
32,0.04908738521234052,2901.333333333333,72,-0.030316260678058156,2.9756667532406593e-05,0.0002945126037445238,2.2277326096302117e-08,-5.0642268994088886e-05,4.034158569381145e-05,6.480619356844409e-07,4.952864796167203e-07
32,0.04908738521234052,2922.6666666666665,72,-0.030312378695148842,3.0147708725071646e-05,-0.000294535254331813,2.2161058866481404e-08,-5.069729598456713e-05,4.037214851183164e-05,3.736078156733135e-07,5.094135947333147e-07
32,0.04908738521234052,2944.0,72,-2.7543689706143984e-05,2.945825357651395e-05,-0.0005890561291332113,2.266902754014855e-08,-4.941284446638045e-05,3.985976320723969e-05,3.736490821402385e-07,4.4091318526514043e-07
32,0.04908738521234052,2965.333333333333,72,0.030256426652382613,2.978819844246488e-05,-0.00029452458075180716,2.2279820888727437e-08,-4.3074770837740367e-05,3.8164633560875233e-05,2.0036850578256063e-07,4.3471588656884326e-07
32,0.04908738521234052,2986.6666666666665,72,0.0302554261323402,3.0077400029501376e-05,0.00029452493075113735,2.2471808957825316e-08,-2.441741870107997e-05,3.754320107696856e-05,1.592086746579643e-07,4.7164844313976375e-07
32,0.04908738521234052,3008.0,72,-2.5762537229910973e-05,3.0116701017090586e-05,0.0005890490824915707,2.251478871543014e-08,-2.0210048462493e-06,3.799752044496694e-05,4.4288395669039883e-07,4.755522684209697e-07
32,0.04908738521234052,3029.333333333333,72,-0.030299744401863463,3.1131995347190334e-05,0.000294527733918853,2.2232859268085752e-08,3.453794975449086e-06,3.765990047908093e-05,1.9180870618281053e-07,4.880914787929829e-07
32,0.04908738521234052,3050.6666666666665,72,-0.03029318540377913,3.144513732807173e-05,-0.0002945230922235681,2.3574950968321132e-08,-7.4160998371116815e-06,3.8002522136086625e-05,-2.012919582485871e-07,4.5580100242099123e-07
32,0.04908738521234052,3072.0,72,-7.713218409587893e-06,3.1413694625783114e-05,-0.000589050908486282,2.4978284301790628e-08,-1.6609530022572872e-05,3.821396811789186e-05,2.2459471702510546e-07,5.310805073404397e-07
32,0.04908738521234052,3093.333333333333,72,0.03028372935628993,3.1895279188679396e-05,-0.0002945243639180582,2.443707776300358e-08,-1.7924727066149982e-05,3.8185038441401044e-05,5.375118340835746e-07,5.033827557405346e-07
32,0.04908738521234052,3114.6666666666665,72,0.030288781857204756,3.1317671593056705e-05,0.00029452417944643845,2.4064778085229295e-08,-1.743851257787727e-05,3.972628385916225e-05,3.0433659421789437e-07,4.1156055465199743e-07
32,0.04908738521234052,3136.0,72,-4.613633947245049e-06,3.119170373058144e-05,0.0005890434167528354,2.3852077282445693e-08,-2.1150721312909852e-05,4.114721731929081e-05,3.296945077322907e-07,5.588209901250101e-07
32,0.04908738521234052,3157.333333333333,72,-0.03029874559053515,3.221889892505504e-05,0.00029451601371617456,2.423918672443657e-08,-2.935761759969108e-05,4.08532393457741e-05,-1.1340630053352549e-07,5.309204250344046e-07
32,0.04908738521234052,3178.6666666666665,72,-0.030300041172761867,3.1585931263511716e-05,-0.00029453567963466757,2.442918272208883e-08,-3.447975098235252e-05,4.051707108603178e-05,-1.0477364445694099e-06,5.819321153825227e-07
32,0.04908738521234052,3200.0,72,-1.76554304196227e-05,3.0681511570963915e-05,-0.0005890656918640948,2.41180726798467e-08,-3.261841781110864e-05,4.114063170888699e-05,-6.869583947377902e-07,5.015687605177463e-07
32,0.04908738521234052,3221.333333333333,72,0.030263217080872335,3.151103801956061e-05,-0.00029454231932223853,2.3184064110434506e-08,-2.9007435504401983e-05,4.170769738234504e-05,9.394480381025436e-08,5.108985361413966e-07
32,0.04908738521234052,3242.6666666666665,72,0.03025853380331573,3.090847068298404e-05,0.0002945136591400786,2.4288720228395373e-08,-2.310633761957804e-05,4.190561860567706e-05,-2.6108220635055026e-07,5.55549796304362e-07
32,0.04908738521234052,3264.0,72,-3.830752653116556e-05,2.933993484433776e-05,0.0005890450551048802,2.5843887390830316e-08,-1.2496634506079068e-05,4.1233733844189574e-05,-5.7687807091861565e-08,5.103991047822614e-07
32,0.04908738521234052,3285.333333333333,72,-0.030334135091922967,2.9333226390629088e-05,0.00029451959547983024,2.4430654974475987e-08,-6.452112693513251e-06,4.100609276897817e-05,8.147144444578183e-07,4.716615053404847e-07
32,0.04908738521234052,3306.6666666666665,72,-0.03033452676149572,2.9035490567975276e-05,-0.00029453332932634986,2.4572621159184824e-08,-8.442596549207132e-06,4.2056672061577286e-05,3.693810829248903e-07,4.999284579758807e-07
32,0.04908738521234052,3328.0,72,-4.968483794599727e-05,2.9444104366168554e-05,-0.0005890587651769055,2.5304538868091502e-08,-1.0114823946221752e-05,4.28499227635123e-05,-2.283126791097473e-08,5.308474762859122e-07
32,0.04908738521234052,3349.333333333333,72,0.03023123542984833,3.196769738600043e-05,-0.0002945380792224592,2.395708663355534e-08,-1.4139076999706768e-05,4.303503611715699e-05,6.455126157761543e-07,5.935290916242551e-07
32,0.04908738521234052,3370.6666666666665,72,0.030229954619716184,3.2218647156305794e-05,0.000294507024788082,2.3384650489709086e-08,-2.3120966136977043e-05,4.404668934289172e-05,2.0078534849637735e-07,5.098754757552362e-07
32,0.04908738521234052,3392.0,72,-5.647333170016666e-05,3.07469989391407e-05,0.0005890410471583828,2.501920835610469e-08,-2.1873907672677808e-05,4.4097245901828916e-05,-5.603640563233558e-07,4.210921485316001e-07
32,0.04908738521234052,3413.333333333333,72,-0.030342826492801362,3.204732401790492e-05,0.000294526493183936,2.5359214671455052e-08,-1.0024302725483344e-05,4.1966098020959355e-05,2.5834685162756697e-07,4.3924306258024525e-07
32,0.04908738521234052,3434.6666666666665,72,-0.030340275552278608,3.420336854570157e-05,-0.00029453346047027544,2.4448082082431153e-08,-8.98012737304761e-06,4.0047293338390014e-05,4.025662577137214e-07,4.815624871281577e-07
32,0.04908738521234052,3456.0,72,-5.954520902748712e-05,3.448261732974882e-05,-0.0005890725522327104,2.507139407587686e-08,-1.686583634515182e-05,3.9166373668867716e-05,-7.055867650054479e-07,4.378414102870409e-07
32,0.04908738521234052,3477.333333333333,72,0.03021453509318755,3.4408790170739515e-05,-0.00029454618986121043,2.4761901217398065e-08,-1.6003543035969533e-05,3.8485050734461996e-05,-3.8936184478556705e-07,5.021896105074747e-07
32,0.04908738521234052,3498.6666666666665,72,0.030217967312351816,3.3841141362393406e-05,0.0002945100407807445,2.3132446680011366e-08,-1.445236578189932e-05,3.716675153210718e-05,5.402829860941478e-07,5.42019755096595e-07
32,0.04908738521234052,3520.0,72,-4.928892066511103e-05,3.287229774351424e-05,0.0005890421098426057,2.340493787904934e-08,-2.253312562980066e-05,3.5306561656897596e-05,2.3321524589049516e-07,4.401208309563152e-07
32,0.04908738521234052,3541.333333333333,72,-0.030320381351608035,3.3490409356601316e-05,0.0002945247433620259,2.4513905085283052e-08,-2.5329877002092012e-05,3.3737637167913326e-05,1.0969466583396523e-07,4.779571430432063e-07
32,0.04908738521234052,3562.6666666666665,72,-0.03031057320804169,3.4011781151262574e-05,-0.0002945319201571479,2.398146113178858e-08,-1.6062812960082888e-05,3.37840681934094e-05,5.471316525665159e-07,4.953622906709219e-07
32,0.04908738521234052,3584.0,72,-1.6301436700729244e-05,3.431590469669411e-05,-0.0005890674719731766,2.358375153950001e-08,-8.562531438194668e-06,3.444674988967767e-05,4.233302649381655e-07,4.328046121902066e-07
32,0.04908738521234052,3605.333333333333,72,0.03027142675893886,3.578792831451763e-05,-0.0002945362474605177,2.3931645802490477e-08,-7.936174223965675e-06,3.435433414913019e-05,2.0700464129687082e-07,5.173350152753961e-07
32,0.04908738521234052,3626.6666666666665,72,0.030270006609161848,3.613081735970215e-05,0.00029451761522957947,2.4643855608186358e-08,-9.562419013215027e-06,3.410323379914263e-05,-9.641281133498638e-08,5.658302705560829e-07
32,0.04908738521234052,3648.0,72,-1.6769864923549277e-05,3.5719319079683785e-05,0.0005890350014295265,2.48731641382138e-08,-1.3585056858223838e-05,3.536611889001612e-05,-7.537640104546408e-07,4.608980896432693e-07
32,0.04908738521234052,3669.333333333333,72,-0.030305817756591587,3.631027663475796e-05,0.0002945150655123158,2.4922917655338205e-08,-1.9835526050320365e-05,3.665825130131607e-05,-4.5572977640149145e-07,4.5531583315675234e-07
32,0.04908738521234052,3690.6666666666665,72,-0.030303157273800427,3.603410228054279e-05,-0.00029452804393559183,2.5763858206366203e-08,-2.6355481960116775e-05,3.658794716081496e-05,4.2435157344171725e-07,4.714185935194813e-07
32,0.04908738521234052,3712.0,72,-3.2451909746346622e-06,3.487199372936635e-05,-0.0005890643920947189,2.6052454745422984e-08,-3.2444258240960276e-05,3.78195550456432e-05,3.632400160286006e-08,4.76113204386463e-07
32,0.04908738521234052,3733.333333333333,72,0.030292609686535656,3.478858230005994e-05,-0.0002945406966062917,2.450288813245153e-08,-3.74174556773442e-05,3.9811790466212006e-05,-8.002299048838969e-07,5.132533646317866e-07
32,0.04908738521234052,3754.6666666666665,72,0.030290852680711036,3.5396129025581145e-05,0.0002945252119186498,2.3733233635135982e-08,-4.574910792452436e-05,4.0250935135574786e-05,-6.097971413221998e-07,5.130604244543796e-07
32,0.04908738521234052,3776.0,72,4.936371752499613e-06,3.619790092099077e-05,0.0005890486938391842,2.369503396897423e-08,-6.129739519685912e-05,4.021658091205188e-05,9.678049695940858e-08,5.666524535432003e-07
32,0.04908738521234052,3797.333333333333,72,-0.03027374056325681,3.688859341544544e-05,0.00029451340691678303,2.354068253120459e-08,-7.424627938984694e-05,3.9658752385197715e-05,6.823047626828183e-07,5.543381996565973e-07
32,0.04908738521234052,3818.6666666666665,72,-0.030266366581541217,3.6181183996924465e-05,-0.00029452790717626184,2.3642718858154835e-08,-7.49867955993976e-05,3.866013491961276e-05,5.763195987671463e-07,5.7387730312364e-07
32,0.04908738521234052,3840.0,72,2.5747767389663807e-05,3.5147828966687904e-05,-0.0005890465022460596,2.482750246279575e-08,-6.826979962246588e-05,3.8406431485342e-05,-4.004724627527769e-07,4.5743405422135515e-07
32,0.04908738521234052,3861.333333333333,72,0.030317782956348387,3.499829385081701e-05,-0.00029453200876708105,2.5158330336027362e-08,-6.136901103536563e-05,3.733344255266317e-05,-6.951361763890573e-07,5.144537260585407e-07
32,0.04908738521234052,3882.6666666666665,72,0.03032047399933325,3.4306308674194074e-05,0.00029451511162102196,2.48232278918401e-08,-5.9629775426148125e-05,3.591109322205156e-05,2.2973945278298227e-08,5.234865888300384e-07
32,0.04908738521234052,3904.0,72,3.256386811725112e-05,3.446944364755017e-05,0.0005890476545833032,2.418011370606436e-08,-6.42268230971697e-05,3.571621226656974e-05,-4.851881676742611e-08,5.358211130528419e-07
32,0.04908738521234052,3925.333333333333,72,-0.03025728824853755,3.5807057444781934e-05,0.0002945227480528945,2.4164144990744743e-08,-6.278490113702806e-05,3.6699917622430056e-05,-6.330592329444263e-07,4.467101136564064e-07
32,0.04908738521234052,3946.6666666666665,72,-0.030259414927979414,3.48757987992942e-05,-0.00029453016469837233,2.374810356541811e-08,-5.252784398246892e-05,3.746971369347565e-05,-3.8413191721550223e-07,4.0462028960564446e-07
32,0.04908738521234052,3968.0,72,2.8423011828682015e-05,3.23894377853174e-05,-0.0005890541394972396,2.3912596750638587e-08,-5.57453745745556e-05,3.688721699131173e-05,-1.9383741831310467e-07,4.792370357297482e-07
32,0.04908738521234052,3989.333333333333,72,0.03031694765703375,3.154206503756212e-05,-0.00029453135203857955,2.4535012946060894e-08,-7.554260277644767e-05,3.582114124853919e-05,-3.0922099269540035e-07,4.555792696779587e-07
32,0.04908738521234052,4010.6666666666665,72,0.03031496412845898,3.147589633816059e-05,0.00029451415070185465,2.5243447156907037e-08,-8.562123118198626e-05,3.493854987075984e-05,3.604608603738828e-07,4.667666382510883e-07
32,0.04908738521234052,4032.0,72,2.4664389832271234e-05,3.109191708269908e-05,0.0005890386777434662,2.634462542509723e-08,-8.532633770807433e-05,3.5001722422009976e-05,7.024774670317296e-07,5.290758260666726e-07
32,0.04908738521234052,4053.333333333333,72,-0.03026135579206787,3.160951646714046e-05,0.00029451593672859554,2.6342776936776298e-08,-9.462035052880817e-05,3.5469897857243004e-05,-3.1794935867811114e-07,4.787041075563422e-07
32,0.04908738521234052,4074.6666666666665,72,-0.03025750889668592,3.1276553468129844e-05,-0.0002945284411333876,2.585983655654076e-08,-0.00010265336476218311,3.480626591865335e-05,-7.847957138447357e-07,5.201785933850104e-07
40,0.06135923151542565,0.0,72,8.047505020922625e-05,3.3707144765577e-05,-0.0007363459991265918,2.6899715164505847e-08,-8.341036395285815e-06,4.3790742649273104e-05,1.6606423318031817e-08,4.3785622443965964e-07
40,0.06135923151542565,21.333333333333332,72,0.03762493180649547,3.450827198295208e-05,-0.00019061146353808298,2.4985568483798827e-08,-9.181447706216527e-06,4.4167327382105284e-05,-3.6202200403452975e-07,5.077655522928849e-07
40,0.06135923151542565,42.666666666666664,72,0.019518952781932716,3.4661004435668865e-05,0.00063762534223375,2.4004599678133433e-08,-1.0830000368283454e-05,4.285251961745037e-05,-3.71244692129245e-07,4.791401377269998e-07
40,0.06135923151542565,64.0,72,-0.027393626057197588,3.497919537417874e-05,0.0005206134581516313,2.48088703439551e-08,-7.145066596202921e-06,4.198775489198368e-05,2.468678949410782e-07,4.946600235139192e-07
40,0.06135923151542565,85.33333333333333,72,-0.033574955745433725,3.540894464616381e-05,-0.00036820423790331517,2.634796642660464e-08,-1.2169324971649808e-05,4.2905867009960845e-05,1.397117653977754e-07,5.101833763840757e-07
40,0.06135923151542565,106.66666666666666,72,0.010131097349099219,3.56226479507195e-05,-0.000711274952329357,2.6775016347821323e-08,-2.7389283037827315e-05,4.285634415979575e-05,-3.6163486883030714e-07,5.529691971485516e-07
40,0.06135923151542565,128.0,72,0.03893142729453169,3.6033056662822145e-05,-4.65461018885478e-08,2.6826072005525713e-08,-3.063525451611397e-05,4.1428134598564076e-05,-3.6895934705048793e-07,4.95479799454802e-07
40,0.06135923151542565,149.33333333333331,72,0.010124182921564426,3.473844584705098e-05,0.0007111711136894086,2.7078501348002342e-08,-2.5013887785438953e-05,4.0657863157904215e-05,-5.2197202951853e-07,4.681885731046404e-07
40,0.06135923151542565,170.66666666666666,72,-0.03359815795283939,3.389979719668077e-05,0.0003681028111301727,2.5809486391382084e-08,-3.258399909097848e-05,3.9800361856368456e-05,-7.93174771482671e-07,5.595480556062433e-07
40,0.06135923151542565,192.0,72,-0.027425233006304343,3.448696182923117e-05,-0.0005206866418576099,2.4390777872404835e-08,-4.266646769272095e-05,3.8928430270028114e-05,-5.349033030394003e-07,4.988602145599334e-07
40,0.06135923151542565,213.33333333333331,72,0.019492342527307888,3.541395800512451e-05,-0.0006376890329300581,2.5484674058451327e-08,-3.625878129535223e-05,3.8208942128370385e-05,-2.3646030550636284e-07,4.82974405656757e-07
40,0.06135923151542565,234.66666666666666,72,0.037603861566728944,3.563317534191258e-05,0.000190540967101417,2.571317352561564e-08,-2.8524024214361466e-05,3.693397699889659e-05,-4.916771420364852e-08,6.253800631279695e-07
40,0.06135923151542565,256.0,72,6.470371605239844e-05,3.504852026545678e-05,0.0007362802287151563,2.5292271985808737e-08,-3.351398868862522e-05,3.532372648733835e-05,3.3867460540195025e-07,6.43257065575528e-07
40,0.06135923151542565,277.3333333333333,72,-0.03747275058277502,3.560007970677778e-05,0.00019055032664516987,2.3992998887129122e-08,-3.6085243497082914e-05,3.489735856721507e-05,3.743757394763819e-07,5.136751035596577e-07
40,0.06135923151542565,298.66666666666663,72,-0.019358567864332137,3.458525090127333e-05,-0.0006376816680069731,2.4655243702822593e-08,-2.610706133216821e-05,3.62922346871969e-05,1.350560304152344e-07,5.336424535618502e-07
40,0.06135923151542565,320.0,72,0.027563617610643604,3.295308648682867e-05,-0.0005206779694601586,2.465792392344561e-08,-1.3756824937029116e-05,3.676929569262278e-05,2.4288942791483774e-07,5.422775940927463e-07
40,0.06135923151542565,341.3333333333333,72,0.03374017978382379,3.2014536120473444e-05,0.00036811928380600054,2.4281080014173945e-08,-6.759574840768259e-06,3.7130769693331306e-05,1.1533169683173139e-07,5.059847956525155e-07
40,0.06135923151542565,362.66666666666663,72,-0.009990622282209684,3.244681145828226e-05,0.0007111922819352119,2.5061207399053962e-08,-4.645704217469112e-06,3.8283543453714416e-05,-2.854334500107395e-07,5.930693071181619e-07
40,0.06135923151542565,384.0,72,-0.03880797199326252,3.375268342011808e-05,-1.7447145605486177e-08,2.5174676291635573e-08,-7.449730249731577e-06,3.843594119574693e-05,-9.532739216120281e-08,5.488798515729562e-07
40,0.06135923151542565,405.3333333333333,72,-0.010001221165338308,3.332897165338753e-05,-0.0007112378505522342,2.5295152741905774e-08,-1.3062248401715021e-05,3.741112200905063e-05,2.0349454113579394e-08,4.4072287680914976e-07
40,0.06135923151542565,426.66666666666663,72,0.03371682850365941,3.3538413020190155e-05,-0.00036817886536766824,2.4900476720464464e-08,-1.5801773639489256e-05,3.752880623957209e-05,-3.6967830926157523e-07,4.112850298112094e-07
40,0.06135923151542565,448.0,72,0.027543001272576587,3.238944417155171e-05,0.0005206168897447824,2.496814761490619e-08,-1.3943489669241737e-05,3.817978858850772e-05,-4.47045075190504e-08,4.99486245110932e-07
40,0.06135923151542565,469.3333333333333,72,-0.01935868160259044,2.9658452651492098e-05,0.0006376257705171266,2.5107693170142337e-08,-1.0426400149888783e-05,3.657489068080896e-05,6.144468792780755e-07,5.255345979956812e-07
40,0.06135923151542565,490.66666666666663,72,-0.03745768043797016,2.944358853121561e-05,-0.00019060094125528495,2.5292433918925912e-08,-7.839654341327033e-06,3.5694428782310616e-05,4.0604797337478367e-07,4.277747023271085e-07
40,0.06135923151542565,512.0,72,8.220790564897539e-05,3.0363068111432703e-05,-0.0007363383171126712,2.5049893733903073e-08,-1.0256822270515383e-05,3.600229260371775e-05,2.775403210811531e-07,5.220343429990721e-07
40,0.06135923151542565,533.3333333333333,72,0.03762346563401672,3.0308102719493788e-05,-0.00019061235423732588,2.4454255126480912e-08,-1.9220788742662e-05,3.6168486640194474e-05,4.3720038654395127e-07,5.172550741917739e-07
40,0.06135923151542565,554.6666666666666,72,0.019512650320416203,2.836840451959752e-05,0.000637623943033537,2.555743558338065e-08,-2.4071546597142677e-05,3.734658162438302e-05,-3.316343105968555e-07,4.91002676601407e-07
40,0.06135923151542565,576.0,72,-0.027414151229808732,2.7999295979884936e-05,0.0005206236209447315,2.5194173422866958e-08,-1.7387618029043596e-05,3.9121917277564113e-05,-7.737708767495507e-07,4.880720609618813e-07
40,0.06135923151542565,597.3333333333333,72,-0.03359733693711983,2.8096141156539592e-05,-0.0003681924578794614,2.382701517234595e-08,-1.2171085511681997e-05,3.905393296029359e-05,3.9970220626885013e-07,4.6647594832017215e-07
40,0.06135923151542565,618.6666666666666,72,0.010123921339011197,2.8758657019913892e-05,-0.0007112713277789018,2.398244273627295e-08,-1.772243429326713e-05,3.754314318058803e-05,1.052333813075032e-06,5.312045830762663e-07
40,0.06135923151542565,640.0,72,0.03893063861118558,3.058783930392237e-05,-3.556997388279409e-08,2.4956408519236384e-08,-2.312543658125032e-05,3.676596442911817e-05,2.0517087079718284e-07,4.566193006906266e-07
40,0.06135923151542565,661.3333333333333,72,0.010124455545584929,2.9927329290931528e-05,0.0007111955109133307,2.5197526901009387e-08,-2.1239292867579032e-05,3.624542236371537e-05,-9.407559013646198e-08,5.113986018548533e-07
40,0.06135923151542565,682.6666666666666,72,-0.0335823900367887,2.9306558807882837e-05,0.00036812248734310193,2.3895629788475676e-08,-1.3977987421652366e-05,3.500997384107071e-05,5.002372358324383e-07,5.149277780009572e-07
40,0.06135923151542565,704.0,72,-0.027396372440308136,2.9544810559596683e-05,-0.0005206811408532682,2.2638416830142244e-08,-9.60735651762492e-07,3.4147761111505245e-05,5.05618156225033e-07,5.239903407243849e-07
40,0.06135923151542565,725.3333333333333,72,0.019513007711623606,2.9845160719299617e-05,-0.0006376935603842141,2.4286389566148274e-08,9.954164917576636e-06,3.4104953708841776e-05,-1.7799518931547242e-07,5.035914965736812e-07
40,0.06135923151542565,746.6666666666666,72,0.037612500377484266,3.0508766219107588e-05,0.0001905342557220088,2.5548074672643146e-08,1.1700069678991206e-05,3.546689644904924e-05,-7.391829586880057e-07,4.933292579086019e-07
40,0.06135923151542565,768.0,72,7.464543978892761e-05,3.027682770920571e-05,0.0007362812398360926,2.5517343786968203e-08,1.5161709917260471e-05,3.6900380749575215e-05,-5.061480391239839e-07,4.854426331492242e-07
40,0.06135923151542565,789.3333333333333,72,-0.03745801265969354,3.1519324417934886e-05,0.00019055298415684803,2.3149775333318718e-08,2.116789038794497e-05,3.774476550243859e-05,4.997586317438862e-07,4.911039867202e-07
40,0.06135923151542565,810.6666666666666,72,-0.019350396176845894,3.1810167745503125e-05,-0.0006376883886049293,2.2339429733979546e-08,1.5147141452471538e-05,3.957078800046606e-05,8.409675576529397e-07,4.4837536066103393e-07
40,0.06135923151542565,832.0,72,0.02755921781207973,3.169754627279434e-05,-0.0005206797994092482,2.2476411622600524e-08,6.095142834841295e-06,4.128269389503837e-05,-5.622286835358444e-08,5.33708597715125e-07
40,0.06135923151542565,853.3333333333333,72,0.03373798471771244,3.174651832721634e-05,0.00036813122739525524,2.1043639667280595e-08,1.1017267001515578e-05,4.048548850425358e-05,-5.647480876045415e-07,5.035987005216361e-07
40,0.06135923151542565,874.6666666666666,72,-0.009975664351111116,3.1767456875463916e-05,0.0007111999014259786,2.08877156604392e-08,1.9254730702864513e-05,3.902456173554642e-05,-1.3545236626884502e-07,5.116817510472368e-07
40,0.06135923151542565,896.0,72,-0.038786830966297065,3.19811121366471e-05,-1.7105051648486922e-08,2.2649172431879374e-08,1.974540028329748e-05,3.787360871017512e-05,6.731158320991156e-09,4.5014089499264595e-07
40,0.06135923151542565,917.3333333333333,72,-0.00998944831049535,3.1576134966028815e-05,-0.0007112330889786898,2.383996534619415e-08,1.8292666210611516e-05,3.7077387894194654e-05,-3.3400435694051624e-07,3.9191660447058625e-07
40,0.06135923151542565,938.6666666666666,72,0.03372418090141013,3.136621993410224e-05,-0.0003681730507837568,2.2086814700069817e-08,1.6756000918561898e-05,3.730765927783325e-05,-6.442948119249196e-07,5.524416019465505e-07
40,0.06135923151542565,960.0,72,0.02754963184500735,3.1471152365606965e-05,0.0005206256256897147,2.1354036753728088e-08,1.5814936942313866e-05,3.829623456722122e-05,-7.420404828625141e-07,4.798195966008042e-07
40,0.06135923151542565,981.3333333333333,72,-0.019364090851247934,3.206530462315e-05,0.0006376414851470718,2.255170923233473e-08,1.3831160153661327e-05,3.855445509671651e-05,-2.0291561658257295e-07,4.737861781901493e-07
40,0.06135923151542565,1002.6666666666666,72,-0.03748163807305941,3.234912220963972e-05,-0.0001905927765569221,2.252486617606532e-08,9.940664062421623e-07,3.897555756908683e-05,4.629824685234943e-07,5.678392606671053e-07
40,0.06135923151542565,1024.0,72,4.256773417763759e-05,3.1671176005879286e-05,-0.0007363341293816248,2.2029812411266603e-08,-1.0266692168558837e-05,4.1188158319871955e-05,7.152629653344724e-08,5.34689729979132e-07
40,0.06135923151542565,1045.3333333333333,72,0.03757536601773835,3.210694201697306e-05,-0.0001905943993911192,2.1412019663828177e-08,5.10267142131776e-06,4.2767762675649285e-05,-5.934696581529906e-07,4.5362435795166204e-07
40,0.06135923151542565,1066.6666666666665,72,0.0194712718413539,3.2352695773404736e-05,0.0006376371096681655,2.1720055118955272e-08,3.301144974817197e-05,4.236952541533905e-05,-4.1589788676563654e-07,4.7203921501676585e-07
40,0.06135923151542565,1088.0,72,-0.027443808889638384,3.249028161377845e-05,0.0005206193563877582,2.0498009530027114e-08,4.621956192283101e-05,4.194941281670855e-05,-3.947891150875666e-07,4.777059993547027e-07
40,0.06135923151542565,1109.3333333333333,72,-0.03363473248015062,3.2690405856687674e-05,-0.0003681836812311203,2.0552364750140343e-08,4.826473697756937e-05,4.087574129486877e-05,-7.893007330891125e-07,4.448515945896699e-07
40,0.06135923151542565,1130.6666666666665,72,0.01006596315798086,3.238832541397702e-05,-0.0007112460780814131,2.1808737460853417e-08,4.1486677334614356e-05,3.946311821880759e-05,-2.8671769969829437e-07,4.797591226618952e-07
40,0.06135923151542565,1152.0,72,0.038862719161590245,3.2117872205473764e-05,-2.3057486905853895e-08,2.171870807800899e-08,2.3711258244712443e-05,3.9572034732622845e-05,5.507945531776086e-07,4.440963646146667e-07
40,0.06135923151542565,1173.3333333333333,72,0.010049437400592425,3.144277651071811e-05,0.0007112013723448104,2.1745311526565222e-08,2.010166218061265e-05,3.9963146428615994e-05,2.3735923195135476e-07,4.6406768022846533e-07
40,0.06135923151542565,1194.6666666666665,72,-0.03367529088932763,3.2212637760467e-05,0.0003681349701901101,2.2577539064974518e-08,4.080575289521449e-05,3.8713684201007835e-05,-4.55480095010852e-07,4.3221320831967714e-07
40,0.06135923151542565,1216.0,72,-0.027501758148039547,3.2358112205734834e-05,-0.0005206773098590385,2.3112254452843507e-08,5.3642460927343865e-05,3.709217720210759e-05,-3.2111769451163824e-07,4.95922620104976e-07
40,0.06135923151542565,1237.3333333333333,72,0.019411424594502593,3.257101677276401e-05,-0.0006376932604285086,2.3042193887559875e-08,4.679295920182509e-05,3.5457738191849156e-05,2.0997053973606814e-08,4.756988606032242e-07
40,0.06135923151542565,1258.6666666666665,72,0.037514750396076164,3.414262578056353e-05,0.00019054950364777348,2.2401130026914437e-08,4.304355510846892e-05,3.4989413424605415e-05,-1.5491872064802568e-07,4.978890963499398e-07
40,0.06135923151542565,1280.0,72,-2.6295018659466094e-05,3.428841363354622e-05,0.0007362940071463171,2.2300486534308754e-08,4.553705395588153e-05,3.564789564398058e-05,-3.050646537131893e-07,5.007717501425307e-07
40,0.06135923151542565,1301.3333333333333,72,-0.03755735870913158,3.387047904520255e-05,0.000190547798531763,2.285870861932003e-08,4.1413604356446145e-05,3.610053119153387e-05,8.854115630416703e-08,5.131674830552114e-07
40,0.06135923151542565,1322.6666666666665,72,-0.019442600754953493,3.487530827497578e-05,-0.0006376926991058162,2.2606131359735868e-08,3.5649003866274424e-05,3.605221482812416e-05,3.9415061374968855e-07,5.34758076189216e-07
40,0.06135923151542565,1344.0,72,0.02746872374815291,3.7239468983918405e-05,-0.0005206764116590245,2.2239829905922457e-08,3.5900472643839274e-05,3.497552981907424e-05,2.419817835495093e-08,5.122154896384943e-07
40,0.06135923151542565,1365.3333333333333,72,0.033643196865199815,3.74955990726555e-05,0.0003681274953828794,2.20257824186667e-08,3.713060768179703e-05,3.315666907499624e-05,-1.7397957527404604e-07,5.806959802568604e-07
40,0.06135923151542565,1386.6666666666665,72,-0.010071187046643362,3.573032322392606e-05,0.0007111908479154965,2.3144932307995256e-08,3.872247452843686e-05,3.2813870415982386e-05,3.809805124458879e-07,5.375523298938817e-07
40,0.06135923151542565,1408.0,72,-0.03887493625259408,3.529361808373441e-05,-1.750936185085763e-08,2.272766446698542e-08,4.652617737897126e-05,3.371283247331112e-05,4.807806487870872e-07,5.29195413375563e-07
40,0.06135923151542565,1429.3333333333333,72,-0.01006962468661126,3.4231119765675504e-05,-0.0007112238797676592,2.312916621480515e-08,5.334644193652977e-05,3.287362062761355e-05,-1.9971879431665322e-07,5.009166842059187e-07
40,0.06135923151542565,1450.6666666666665,72,0.0336419050447537,3.480200872704426e-05,-0.00036816432034724296,2.26281377363334e-08,4.4157656483302606e-05,3.185574600806228e-05,-9.146805964355947e-08,4.708224288136512e-07
40,0.06135923151542565,1472.0,72,0.02745991675422113,3.62532030786629e-05,0.0005206251323459419,2.2120900806506068e-08,2.5721075224379013e-05,3.3333053306340944e-05,6.579804166128875e-07,5.022000249405009e-07
40,0.06135923151542565,1493.3333333333333,72,-0.019453503506532077,3.688251030864089e-05,0.0006376344479667704,2.1880950639059766e-08,2.0618290114157217e-05,3.414457883864171e-05,3.264199383222637e-07,5.026552426092795e-07
40,0.06135923151542565,1514.6666666666665,72,-0.03756682631779594,3.602617767484653e-05,-0.00019059523071971108,2.22585431659425e-08,2.696505890369912e-05,3.398197037327305e-05,-3.999909294562278e-07,4.469835436732737e-07
40,0.06135923151542565,1536.0,72,-4.582677379067483e-05,3.5479437634091526e-05,-0.0007363313807254782,2.2065126883543823e-08,2.511923146386561e-05,3.531766700038995e-05,5.4593408464479214e-08,5.211555125046511e-07
40,0.06135923151542565,1557.3333333333333,72,0.037481465156660385,3.5984724765834966e-05,-0.00019059553179156402,2.2410934504663957e-08,1.8835008459971346e-05,3.5905760456631215e-05,5.843136868210185e-07,4.992939258836381e-07
40,0.06135923151542565,1578.6666666666665,72,0.019376141613288243,3.417955778429508e-05,0.0006376327776922003,2.3240387707626292e-08,1.868417834024549e-05,3.452639914311127e-05,2.297363983740273e-08,5.199717275815383e-07
40,0.06135923151542565,1600.0,72,-0.027540878479496562,3.232484224518829e-05,0.0005206151091789431,2.3327824856327237e-08,9.63076183208838e-06,3.3446299011574464e-05,-3.32866710935065e-07,5.153975926944469e-07
40,0.06135923151542565,1621.3333333333333,72,-0.033731004346430844,3.232308407205532e-05,-0.00036819641213838657,2.2085336990239216e-08,-1.279012959686995e-05,3.406772648332263e-05,1.4592501444844235e-07,4.937803679600539e-07
40,0.06135923151542565,1642.6666666666665,72,0.009981853625829155,3.2265996191278405e-05,-0.0007112674655540812,2.1396338957337595e-08,-1.962982285275448e-05,3.55114150264861e-05,3.0570875469476573e-07,5.727833401718705e-07
40,0.06135923151542565,1664.0,72,0.038795495377713964,3.270121560987215e-05,-3.4415795732697455e-08,2.1246708497369555e-08,-3.525697148850321e-06,3.6204778170540586e-05,1.6114734599112385e-07,5.030704311597051e-07
40,0.06135923151542565,1685.3333333333333,72,0.009996700829546658,3.23647659531738e-05,0.000711203539454566,2.2312734723370895e-08,4.379277041738903e-06,3.5276559459003964e-05,4.2355375098311885e-07,5.128726050469039e-07
40,0.06135923151542565,1706.6666666666665,72,-0.03371330525441121,3.340268276430553e-05,0.0003681284183075368,2.201395902700063e-08,-4.356734509323254e-06,3.447935271371312e-05,3.3463654290793614e-07,5.235594626840896e-07
40,0.06135923151542565,1728.0,72,-0.027531372412781096,3.4161524429742735e-05,-0.000520700299609724,2.2580293624285442e-08,-7.89396078970737e-06,3.565310087185957e-05,-3.351145376372448e-07,4.803920530784304e-07
40,0.06135923151542565,1749.3333333333333,72,0.019377159384137112,3.436176394503144e-05,-0.0006377161648552682,2.4159586099178482e-08,-9.52366083669294e-06,3.660310454896386e-05,-4.320261883330138e-07,4.426261614735128e-07
40,0.06135923151542565,1770.6666666666665,72,0.037475993617142225,3.419721317011753e-05,0.00019053066216117757,2.4340229185068684e-08,-2.5787612933044115e-05,3.613041913607801e-05,-3.417913359770032e-07,4.965499950491728e-07
40,0.06135923151542565,1792.0,72,-6.0493340363180184e-05,3.3084912582682006e-05,0.0007362678909787684,2.309096519155981e-08,-3.902469158740862e-05,3.7101057493715886e-05,-9.16617574810341e-07,5.229601566694647e-07
40,0.06135923151542565,1813.3333333333333,72,-0.03759030606624807,3.321552306627874e-05,0.00019051715270348903,2.175530973447668e-08,-3.1161064542988164e-05,3.869412715339785e-05,-7.474880135563574e-07,4.81501105584077e-07
40,0.06135923151542565,1834.6666666666665,72,-0.019482237677454748,3.30247337836429e-05,-0.0006377159723469265,2.3019019609233637e-08,-2.1748882111155183e-05,3.896434807643524e-05,4.219180401656824e-07,4.923998236673939e-07
40,0.06135923151542565,1856.0,72,0.027426042280303882,3.4036783630158766e-05,-0.000520690463546078,2.330808831064076e-08,-2.1912526440739068e-05,3.958457748558437e-05,3.8913047535892054e-07,4.764437606977473e-07
40,0.06135923151542565,1877.3333333333333,72,0.033602375340788054,3.4538826095823855e-05,0.00036812095201983524,2.285314999993757e-08,-1.462694872836748e-05,3.9994507542498315e-05,-3.4858099567814387e-07,4.896777355092604e-07
40,0.06135923151542565,1898.6666666666665,72,-0.010114044657854055,3.378327587916367e-05,0.0007111872698560907,2.2643338071704024e-08,-9.486130572301124e-07,3.876253974843537e-05,2.1882540256808753e-07,5.252664889172669e-07
40,0.06135923151542565,1920.0,72,-0.03892254590985173,3.4028729634646735e-05,-3.245107942066704e-08,2.334655401395874e-08,3.83110665196843e-06,3.978267212339046e-05,4.3148051586167387e-07,4.967820739170259e-07
40,0.06135923151542565,1941.3333333333333,72,-0.010119858378980287,3.368423360088148e-05,-0.0007112518912852328,2.4912662210373177e-08,4.5517247560490555e-06,4.1904250340053324e-05,-8.376929967316277e-07,4.721904339334577e-07
40,0.06135923151542565,1962.6666666666665,72,0.033588597945441556,3.3344575484114624e-05,-0.0003681826459092469,2.422441612726207e-08,5.504429943650714e-06,4.1353198731941516e-05,-8.113182587528073e-07,5.067786321683783e-07
40,0.06135923151542565,1984.0,72,0.027404765083816954,3.3964999226462066e-05,0.0005206244999360957,2.358948295139267e-08,-2.715196351234005e-08,4.055084403309842e-05,7.698872903827651e-07,4.994638468699451e-07
40,0.06135923151542565,2005.3333333333333,72,-0.01949858343545731,3.531777910819685e-05,0.0006376276555806184,2.3909276041062282e-08,-3.033812329655085e-06,4.1641122785436796e-05,1.0188757921787633e-06,4.9937880538676e-07
40,0.06135923151542565,2026.6666666666665,72,-0.03758693611149472,3.53133970900646e-05,-0.00019061861911823762,2.4152241594604097e-08,6.021504928531245e-06,4.215620590607837e-05,2.7445050745582714e-07,5.279151863816793e-07
40,0.06135923151542565,2048.0,72,-3.953127931310429e-05,3.360804727744385e-05,-0.000736349863312135,2.4781516710775463e-08,1.1862253220071941e-05,4.2234106937038945e-05,1.99908318509474e-07,4.3791320722085825e-07
40,0.06135923151542565,2069.333333333333,72,0.0374997605560324,3.404601976159871e-05,-0.00019059690458604844,2.521659049301135e-08,2.4080229727646225e-06,4.301476287158222e-05,-3.193485731194871e-08,4.310070477285806e-07
40,0.06135923151542565,2090.6666666666665,72,0.019395067285869417,3.4666691803574275e-05,0.0006376355978376844,2.435929584720654e-08,-8.060132503413233e-06,4.244322771092264e-05,-4.1569868152098517e-07,5.446812778633607e-07
40,0.06135923151542565,2112.0,72,-0.027514132973178854,3.465186438628195e-05,0.0005206136353788881,2.3165426506379883e-08,-1.5621621657519255e-06,4.102694659789345e-05,1.4448568559937895e-07,4.997503176157034e-07
40,0.06135923151542565,2133.333333333333,72,-0.033690953520817274,3.409880980601762e-05,-0.0003681947753399541,2.277420237197123e-08,1.5875124350028843e-05,4.103748783921596e-05,7.181992432846781e-07,5.1902553147747e-07
40,0.06135923151542565,2154.6666666666665,72,0.01001626169283779,3.3264182538104896e-05,-0.0007112566194019911,2.3708919461022912e-08,2.0307622346451595e-05,4.116950036727531e-05,5.802536402167795e-07,5.183654139705044e-07
40,0.06135923151542565,2176.0,72,0.03881107042934564,3.377966349642219e-05,-2.233884581491564e-08,2.45763987893138e-08,9.606292239271688e-06,4.1031870335939915e-05,6.221233976755873e-07,4.961543951450392e-07
40,0.06135923151542565,2197.333333333333,72,0.010011910130026367,3.3739811226803116e-05,0.0007112054431486452,2.396542297966696e-08,9.788461086936305e-06,4.099566939450387e-05,6.454295101729614e-07,5.189519109153264e-07
40,0.06135923151542565,2218.6666666666665,72,-0.03369011134039717,3.499391032778604e-05,0.00036813033677088347,2.2494769588273772e-08,2.2545435170715504e-05,3.9910775661947204e-05,5.748088275609734e-08,5.014074882382055e-07
40,0.06135923151542565,2240.0,72,-0.027520214249613675,3.452800472078901e-05,-0.0005206783031191466,2.2657357250806082e-08,2.2419349325888047e-05,3.835610764887607e-05,-3.8432151072730464e-07,5.027742922639384e-07
40,0.06135923151542565,2261.333333333333,72,0.01937756575036398,3.345718103633145e-05,-0.0006376851771406701,2.358246369624371e-08,1.3917860039319417e-05,3.8831380965342404e-05,-2.30672190814827e-07,5.54066443716933e-07
40,0.06135923151542565,2282.6666666666665,72,0.03748745827433717,3.347463024996858e-05,0.00019054951425793155,2.2609140163638033e-08,1.7809525525563477e-05,4.012968488160449e-05,1.7630189011240973e-07,5.286514800702628e-07
40,0.06135923151542565,2304.0,72,-4.560689530991367e-05,3.2436051145939323e-05,0.000736288404610477,2.2860965285214543e-08,2.2712463483933144e-05,4.0308128269725686e-05,5.716067802291944e-07,4.965862976542742e-07
40,0.06135923151542565,2325.333333333333,72,-0.03758904158975678,3.1645833655391483e-05,0.00019054758731450915,2.4932903283788533e-08,1.3165434863797217e-05,3.915932183860411e-05,5.063757910062855e-07,5.057725792605572e-07
40,0.06135923151542565,2346.6666666666665,72,-0.019483887341524134,3.112408076046304e-05,-0.0006377035785301711,2.601735115437239e-08,-1.8460351872959872e-06,3.828295169249953e-05,1.6470622438524299e-09,4.6516434668138687e-07
40,0.06135923151542565,2368.0,72,0.027432001575245814,3.1869854786737895e-05,-0.0005206986850113992,2.3458373461350683e-08,-1.4537520752719707e-05,3.855793151538545e-05,-3.184631761470064e-07,4.196425590516411e-07
40,0.06135923151542565,2389.333333333333,72,0.03361326202587607,3.098317681131589e-05,0.00036812175352252775,2.2187621250960515e-08,-2.2434522652513806e-05,3.9933601165491796e-05,-5.14078018136093e-07,4.6862199302908404e-07
40,0.06135923151542565,2410.6666666666665,72,-0.010096141497282402,2.9443649466367973e-05,0.0007111958631855279,2.372180067521212e-08,-1.929485865791649e-05,3.9952578848552234e-05,-5.549321983404746e-07,4.960922970858437e-07
40,0.06135923151542565,2432.0,72,-0.038904523027913356,2.9916016182027994e-05,-2.9470525076888275e-08,2.4561404342242382e-08,-8.50371499964265e-06,4.0425840420351326e-05,6.482963909401299e-08,5.388068629937529e-07
40,0.06135923151542565,2453.333333333333,72,-0.010113908129795353,3.004631631160272e-05,-0.0007112447104824945,2.4209006091974742e-08,2.7692082521352512e-06,4.1891973995071685e-05,4.96628281645787e-07,5.524865658725174e-07
40,0.06135923151542565,2474.6666666666665,72,0.03359276611211048,3.1219506860106194e-05,-0.00036817732488871605,2.3141583357847216e-08,1.6517041440134796e-05,4.244270728314956e-05,-9.259266288108018e-08,5.054473475341211e-07
40,0.06135923151542565,2496.0,72,0.02741355533301121,3.148051438561131e-05,0.0005206126509019159,2.395703055797322e-08,3.1326403985708294e-05,4.1779924210186776e-05,-3.189960977728809e-07,5.005219217496989e-07
40,0.06135923151542565,2517.333333333333,72,-0.019504520659190148,3.066324745252419e-05,0.000637619578610156,2.438214457224104e-08,3.866300146648356e-05,4.19600061499916e-05,5.117727951303942e-07,4.44418212756536e-07
40,0.06135923151542565,2538.6666666666665,72,-0.03761391317785798,3.0848594357668734e-05,-0.00019060502170992514,2.4399637595207915e-08,3.422253423849972e-05,4.3009779298322516e-05,7.562759556035971e-07,5.599977490901911e-07
40,0.06135923151542565,2560.0,72,-7.564368616549128e-05,3.120723459422977e-05,-0.0007363372303501532,2.5207351433518978e-08,2.3431851388852065e-05,4.323311976680552e-05,3.947689288524261e-08,4.428613738719826e-07
40,0.06135923151542565,2581.333333333333,72,0.03745675638995135,3.29206227448857e-05,-0.00019060169636793325,2.5212391681887734e-08,1.9022621449122816e-05,4.2858643035331805e-05,-8.056667828993801e-08,4.4646227147134855e-07
40,0.06135923151542565,2602.6666666666665,72,0.01935268172920711,3.3955797268524e-05,0.0006376304885588209,2.426388933401416e-08,2.1364006726835178e-05,4.323447562718304e-05,3.7871867904942746e-07,4.2025066605313443e-07
40,0.06135923151542565,2624.0,72,-0.027541973000784706,3.5132874459173965e-05,0.0005206296285038817,2.2996990124609377e-08,1.4815910421969689e-05,4.390849715711292e-05,6.890843367136342e-08,4.5689299029208243e-07
40,0.06135923151542565,2645.333333333333,72,-0.033711730483236335,3.50351040214989e-05,-0.0003681630046627859,2.3817569751349743e-08,4.231625846794419e-07,4.3081984688397935e-05,-5.523734493957382e-07,4.446672186327553e-07
40,0.06135923151542565,2666.6666666666665,72,0.009993622742797284,3.30676954138611e-05,-0.0007112418962471421,2.5187412372909946e-08,-9.031716088922678e-06,4.3084538828076676e-05,-2.5976450705292334e-07,4.738615744984396e-07
40,0.06135923151542565,2688.0,72,0.038796060613029856,3.15786695689766e-05,-3.6739433566478355e-08,2.515349775349146e-08,-2.07820464745785e-05,4.28442779335936e-05,7.861752966166296e-08,4.65452367810653e-07
40,0.06135923151542565,2709.333333333333,72,0.010005245040748534,3.0724375192787665e-05,0.0007111935804020073,2.463853069197746e-08,-3.627286631138423e-05,4.091519956385494e-05,-4.3351467936136665e-07,4.6695363764273024e-07
40,0.06135923151542565,2730.6666666666665,72,-0.033694230541920514,3.158119896237885e-05,0.0003681351378982729,2.253160970334864e-08,-3.621090991120334e-05,4.016896172098665e-05,-2.8854836648385373e-07,4.6771132676030587e-07
40,0.06135923151542565,2752.0,72,-0.02751490334291613,3.1865741371551356e-05,-0.0005206795998399755,2.2639460831269406e-08,-2.2624722611528925e-05,4.111191799498793e-05,8.239563821581706e-07,4.911002936012027e-07
40,0.06135923151542565,2773.333333333333,72,0.019389995944422374,3.127744652585753e-05,-0.0006376965400127375,2.3906736941922646e-08,-1.3510658559466027e-05,4.055112628857445e-05,6.560501060457839e-07,4.634355081719449e-07
40,0.06135923151542565,2794.6666666666665,72,0.03749397147244769,3.1091025777279993e-05,0.00019053825036209005,2.3640014122092232e-08,-1.069887154503981e-05,4.149572983235015e-05,-4.7650193895407525e-07,4.6489403521698226e-07
40,0.06135923151542565,2816.0,72,-4.113021808699526e-05,3.077260303652318e-05,0.0007362746096455197,2.3150523814633275e-08,-1.7518883444026973e-05,4.3251407939290525e-05,-2.610658248738988e-07,5.050002949187997e-07
40,0.06135923151542565,2837.333333333333,72,-0.03757882011753731,3.084873233823191e-05,0.0001905425575414613,2.4197042961291116e-08,-3.2831669044906226e-05,4.205388722852772e-05,2.2798024502208765e-07,4.6801170704209724e-07
40,0.06135923151542565,2858.6666666666665,72,-0.019472276704328717,2.9606964732446413e-05,-0.0006376896087066546,2.5917500135097676e-08,-3.251957991154742e-05,3.89871887234821e-05,-4.2218008678549127e-07,4.544473147793419e-07
40,0.06135923151542565,2880.0,72,0.02744641376315373,2.954882164288349e-05,-0.0005206865542176694,2.5732388781774577e-08,-1.64687490451508e-05,3.8170791751722536e-05,-3.398971781339116e-07,6.07337765068682e-07
40,0.06135923151542565,2901.333333333333,72,0.03363544317621306,2.9749820449166965e-05,0.0003681231771950524,2.4781717349655484e-08,-1.59285880883269e-05,3.818754423958581e-05,5.504416548193966e-07,5.333004113541633e-07
40,0.06135923151542565,2922.6666666666665,72,-0.010068786489528535,2.9678290249586555e-05,0.0007111969515407534,2.3749048941563315e-08,-2.946272837217658e-05,3.7422415986273966e-05,1.1147971439578723e-07,5.487219512075188e-07
40,0.06135923151542565,2944.0,72,-0.03886716927960168,3.065828910907413e-05,-3.981312286656047e-08,2.2377253810840077e-08,-3.262089456646647e-05,3.7867972288567395e-05,-6.114768009488913e-07,4.449083064462302e-07
40,0.06135923151542565,2965.333333333333,72,-0.010057489224326586,3.038301390821931e-05,-0.0007112684165702745,2.3461434394578182e-08,-2.8538392341815347e-05,3.832376150559356e-05,-1.3324778045117024e-08,3.8132643012584893e-07
40,0.06135923151542565,2986.6666666666665,72,0.033661883456222126,3.087168395237908e-05,-0.0003681875065269216,2.3133432073968e-08,-2.742565646676746e-05,3.724648572215201e-05,4.992646892879798e-07,5.214100680729278e-07
40,0.06135923151542565,3008.0,72,0.027485090755958157,3.142933784903612e-05,0.0005206196278716701,2.3607902864039874e-08,-2.472896212261732e-05,3.720922053210276e-05,2.8592929542216414e-07,4.937203692514655e-07
40,0.06135923151542565,3029.333333333333,72,-0.0194309893530103,3.272857691759723e-05,0.0006376250066948475,2.4260095438084174e-08,-1.850740026984959e-05,3.781135589930377e-05,2.2535183350286785e-08,4.851155159987988e-07
40,0.06135923151542565,3050.6666666666665,72,-0.03753900719234254,3.3458012448900835e-05,-0.00019060476440463893,2.3738043220093743e-08,-1.1727081704592105e-05,3.7656803705420555e-05,-6.079687766776234e-07,5.756275507223318e-07
40,0.06135923151542565,3072.0,72,-1.3590731955252423e-06,3.257497631983003e-05,-0.000736339546756493,2.2610921587750145e-08,-1.0209528966527867e-05,3.7339689278917705e-05,-8.80219732238237e-07,4.901877450259076e-07
40,0.06135923151542565,3093.333333333333,72,0.03753071242686014,3.309725874073667e-05,-0.00019060089425275604,2.342961672656226e-08,-1.730049729459682e-05,3.7060401703176854e-05,2.0191685663346288e-07,4.226649536644267e-07
40,0.06135923151542565,3114.6666666666665,72,0.019419286337322192,3.3245409800675264e-05,0.0006376390555842934,2.4641390443412848e-08,-1.865804419897604e-05,3.6430979564142205e-05,1.0333095989397462e-06,4.588538885180591e-07
40,0.06135923151542565,3136.0,72,-0.027491649359632688,3.295650503190909e-05,0.000520628685540595,2.311601433677024e-08,-5.50940062588044e-06,3.4876637569924945e-05,5.93212146087759e-07,5.26563308286362e-07
40,0.06135923151542565,3157.333333333333,72,-0.03366884331076316,3.259458810622971e-05,-0.0003681791439357464,2.1935429856390076e-08,2.021210866790006e-06,3.373651172136834e-05,7.515072822278192e-08,4.825587802074726e-07
40,0.06135923151542565,3178.6666666666665,72,0.010044485400773705,3.166633874302482e-05,-0.0007112481181894528,2.2670461497777032e-08,-9.242103837953963e-06,3.409522590877942e-05,-2.3878538899974487e-07,5.363673954812461e-07
40,0.06135923151542565,3200.0,72,0.03884669894660418,3.201186622149296e-05,-3.373411846358492e-08,2.1933868273519205e-08,-2.560830465398713e-05,3.480651332100407e-05,-2.1415900998554145e-07,5.51519927892733e-07
40,0.06135923151542565,3221.333333333333,72,0.010034314415057725,3.110743345346094e-05,0.0007111841097585016,2.1679726369512004e-08,-3.339728803714447e-05,3.591527927357767e-05,7.394595052828019e-07,5.349863062578709e-07
40,0.06135923151542565,3242.6666666666665,72,-0.033684161777773,3.0279856824271536e-05,0.0003681250290877175,2.2626770008268406e-08,-2.95411891039409e-05,3.7268130266398874e-05,1.0999979270662666e-06,5.404952326709885e-07
40,0.06135923151542565,3264.0,72,-0.027504689320353746,3.023533271186261e-05,-0.0005206764618181225,2.169889988106108e-08,-2.0637140604969195e-05,3.846662355323019e-05,1.0167866356732534e-08,4.253916213056402e-07
40,0.06135923151542565,3285.333333333333,72,0.019401040342832677,3.11235494905488e-05,-0.0006376931410407248,2.1493470798785775e-08,-1.6891624761283867e-05,3.9649161806959025e-05,-2.300540055311165e-07,4.756703249361189e-07
40,0.06135923151542565,3306.6666666666665,72,0.03749773120904978,3.160711160271022e-05,0.00019053891052258254,2.2701124889165897e-08,-1.2165563491493762e-05,4.059175504213761e-05,7.959104828076183e-07,5.333390794040105e-07
40,0.06135923151542565,3328.0,72,-3.567529710035144e-05,3.075311213063849e-05,0.0007362751776136483,2.356948059761917e-08,-1.2903639180590064e-07,4.0917003320659856e-05,9.330047393056679e-07,4.678922679664473e-07
40,0.06135923151542565,3349.333333333333,72,-0.037563241946477054,3.2180848171513235e-05,0.00019053567657663307,2.2656799056631135e-08,5.634673390525175e-06,4.077287172813044e-05,4.4714774734584563e-07,4.3549917295734926e-07
40,0.06135923151542565,3370.6666666666665,72,-0.019456351683827432,3.370079755441235e-05,-0.0006376966583956764,2.1958839715451044e-08,7.553339879144445e-06,4.042523718336602e-05,4.32685728590445e-07,4.936417297461169e-07
40,0.06135923151542565,3392.0,72,0.027453292163182475,3.447899538506594e-05,-0.0005206856838384978,2.253442415494139e-08,2.3864794940623518e-05,3.887247437033545e-05,-9.540872017862098e-08,4.7099736542811384e-07
40,0.06135923151542565,3413.333333333333,72,0.033634449551743606,3.5029849333472774e-05,0.00036812348891339706,2.2633409459108956e-08,3.9098653873708905e-05,3.88647626387425e-05,-1.0547044503894394e-06,4.578494262695084e-07
40,0.06135923151542565,3434.6666666666665,72,-0.010073212748204356,3.56442148597127e-05,0.0007112023268033462,2.2501157710874788e-08,3.0382058704587684e-05,4.0137167005812234e-05,-8.490447539139631e-07,4.771770054424091e-07
40,0.06135923151542565,3456.0,72,-0.038868359422752914,3.6174082737714245e-05,-2.1382514080418348e-08,2.2345252114967455e-08,1.3380025325456818e-05,3.956662276903669e-05,2.2169634243067385e-07,5.496286172420699e-07
40,0.06135923151542565,3477.333333333333,72,-0.010052889620370674,3.6218423379223584e-05,-0.0007112543050207946,2.2763190493947516e-08,6.539045989266342e-06,3.752568680802703e-05,6.129701361510467e-07,4.7048126146109873e-07
40,0.06135923151542565,3498.6666666666665,72,0.033665425190496555,3.707512298806592e-05,-0.00036818297598880176,2.2118032993089012e-08,8.937286197893758e-06,3.689391241386948e-05,4.205662091877429e-08,4.27083345186579e-07
40,0.06135923151542565,3520.0,72,0.02748252989191917,3.6613252206598254e-05,0.0005206303657958821,2.29441231436269e-08,2.094469566927221e-05,3.7920772605678615e-05,-5.634750276978122e-07,5.126381827321469e-07
40,0.06135923151542565,3541.333333333333,72,-0.0194387418042657,3.678696461119283e-05,0.00063763699935289,2.2862656982893022e-08,3.280441999701354e-05,3.8143894177487415e-05,-3.150594001773437e-07,4.3680161194081746e-07
40,0.06135923151542565,3562.6666666666665,72,-0.03754871363482845,3.7742928405460825e-05,-0.00019060541677796495,2.2758406201093974e-08,2.9672709577179373e-05,3.7992410079109265e-05,3.581144789012219e-07,4.6271157652459397e-07
40,0.06135923151542565,3584.0,72,-3.7633066769729767e-06,3.740203446075708e-05,-0.0007363474125256962,2.2847707311800984e-08,2.301363927729412e-05,3.870275677953988e-05,2.0792820952331966e-07,4.967448389474546e-07
40,0.06135923151542565,3605.333333333333,72,0.037540321096197815,3.691853408641386e-05,-0.00019060670713545738,2.31734179297324e-08,2.4536282408965777e-05,3.869455312096924e-05,-6.44448904536299e-07,5.029744434281447e-07
40,0.06135923151542565,3626.6666666666665,72,0.01942828620032501,3.688852774826499e-05,0.0006376403026588433,2.445320030629543e-08,2.0174718213158607e-05,3.732067363034123e-05,-1.0754114433137097e-06,4.5720703172151127e-07
40,0.06135923151542565,3648.0,72,-0.027493402610227577,3.7344078023080056e-05,0.0005206381225230467,2.4164339994537908e-08,4.7711456676131685e-06,3.6476569759253945e-05,-9.911455381662848e-07,4.600707901357664e-07
40,0.06135923151542565,3669.333333333333,72,-0.03367327345439927,3.695347273584804e-05,-0.0003681712933013393,2.325605993538934e-08,-9.803960368767967e-06,3.5227884590643384e-05,-7.72010977219407e-07,4.4933658315528567e-07
40,0.06135923151542565,3690.6666666666665,72,0.01004704407946602,3.703005784050743e-05,-0.000711246466175003,2.33088999606358e-08,-1.8435591417872018e-05,3.4134938416874016e-05,-1.683897773130754e-07,4.89064175797521e-07
40,0.06135923151542565,3712.0,72,0.03885885951883631,3.815649136244074e-05,-3.064693458634648e-08,2.4228601915101878e-08,-1.6532940028747676e-05,3.484861982383284e-05,6.795038696004481e-07,4.852014519888069e-07
40,0.06135923151542565,3733.333333333333,72,0.010056422221483468,3.776440540258573e-05,0.0007111878033174972,2.5376016778837273e-08,-5.901331477670733e-06,3.673278134451547e-05,6.538483501673127e-07,4.6113932636828733e-07
40,0.06135923151542565,3754.6666666666665,72,-0.03365731716683127,3.6453781757302405e-05,0.00036812416137820914,2.3482865372537196e-08,-9.10938526161363e-06,3.8139407637443686e-05,-5.961461617423674e-07,5.428999660039436e-07
40,0.06135923151542565,3776.0,72,-0.02747731016038849,3.484847277432924e-05,-0.0005206772908023499,2.2160747148457395e-08,-3.2748561854528986e-05,3.843154910240456e-05,-1.3671549171122129e-06,5.186436717675181e-07
40,0.06135923151542565,3797.333333333333,72,0.01943518204600027,3.4351441464564554e-05,-0.0006376905969518337,2.2263693032057217e-08,-4.933778026178717e-05,3.873640398053548e-05,-4.3842941094503494e-07,4.948642583552922e-07
40,0.06135923151542565,3818.6666666666665,72,0.03754070008658535,3.468563336395832e-05,0.00019054348542681593,2.259936773542139e-08,-4.5759114014291145e-05,3.94911400513073e-05,4.4217979477803894e-07,5.428830905778899e-07
40,0.06135923151542565,3840.0,72,5.5338748766598586e-06,3.457198319930685e-05,0.000736280587797762,2.3457637917465293e-08,-3.76698673865689e-05,4.051975293615279e-05,-4.4078901233798006e-08,5.52880858484894e-07
40,0.06135923151542565,3861.333333333333,72,-0.037527873530787535,3.5159052153967194e-05,0.000190537638025904,2.4294817884573052e-08,-3.0943303838300546e-05,4.117604152285267e-05,-8.402670427537803e-08,4.944801918655827e-07
40,0.06135923151542565,3882.6666666666665,72,-0.019416231095616663,3.5529181245016105e-05,-0.0006376975305284328,2.5393579500490206e-08,-1.92578799920179e-05,4.2438413575513106e-05,8.271965602565935e-07,5.200190991608322e-07
40,0.06135923151542565,3904.0,72,0.02750603281770616,3.614553236653948e-05,-0.0005206845127432523,2.516007737649409e-08,-5.980670335243381e-06,4.348597238708421e-05,5.00036889700488e-07,5.383952086595755e-07
40,0.06135923151542565,3925.333333333333,72,0.03369294429926899,3.5450711173785444e-05,0.00036811881715400664,2.597435775850577e-08,3.666843763156439e-06,4.3769383194337806e-05,-7.813213446457483e-07,4.6888330850429624e-07
40,0.06135923151542565,3946.6666666666665,72,-0.010021489470702218,3.323419683225279e-05,0.0007111843431503994,2.7099265775585985e-08,1.0110385610310208e-05,4.415033484972109e-05,-8.717719040619181e-07,4.4317431939223625e-07
40,0.06135923151542565,3968.0,72,-0.03882450987064878,3.2052039171784445e-05,-4.059074720009771e-08,2.5406781122683647e-08,1.1181132065569875e-05,4.421450080661418e-05,-2.2584684656598182e-07,4.2548563187200386e-07
40,0.06135923151542565,3989.333333333333,72,-0.010003837168733931,3.2293066823826485e-05,-0.0007112661612277438,2.4134568554491417e-08,7.437025022363492e-06,4.346582110595386e-05,1.9314909556266184e-07,4.4655507808415054e-07
40,0.06135923151542565,4010.6666666666665,72,0.03373042263485437,3.415435644083836e-05,-0.00036819807499975264,2.4588993161062677e-08,4.536728251076632e-06,4.24695889845005e-05,7.797909564006401e-07,3.940016516050582e-07
40,0.06135923151542565,4032.0,72,0.027560710911683932,3.4359182672542045e-05,0.000520606489556346,2.5802149238737043e-08,2.1999117192382322e-07,4.181731082378835e-05,8.663459799006568e-07,4.711569491817959e-07
40,0.06135923151542565,4053.333333333333,72,-0.019355378272669872,3.335997652016164e-05,0.0006376166211601264,2.5544767142814804e-08,-8.247610063958705e-06,4.150023920943983e-05,8.705236936518802e-08,5.170553583625147e-07
40,0.06135923151542565,4074.6666666666665,72,-0.037464186538252925,3.3240401033093656e-05,-0.00019061152142861595,2.6005210463778528e-08,-1.1625567436784732e-05,4.21883685112425e-05,-1.6771586763397466e-07,5.227163203726801e-07
48,0.07363107781851078,0.0,72,-3.4913513272503735e-06,3.0327944276469648e-05,-0.0008835925183009315,2.6843365698943128e-08,2.9446920694349005e-06,4.1756788400278355e-05,-2.4475031870446116e-07,5.486995197113815e-07
48,0.07363107781851078,21.333333333333332,72,0.043189567299981094,3.1319259644706874e-05,-2.8364067354550846e-08,2.628137864121127e-08,8.692845747423947e-07,4.182469196865233e-05,1.2763866370110173e-07,5.115888162319697e-07
48,0.07363107781851078,42.666666666666664,72,2.4672712705104088e-05,3.117968140339436e-05,0.000883543610838743,2.6413688250004525e-08,-3.025018558488727e-06,4.0265550071852076e-05,4.882799529015213e-07,4.659869842540352e-07
48,0.07363107781851078,64.0,72,-0.04314412308825668,3.277002247358767e-05,-3.2383157444696704e-08,2.6421173337723757e-08,-6.750905336699358e-06,3.8363707592181834e-05,-3.531166942654533e-07,5.011582456410337e-07
48,0.07363107781851078,85.33333333333333,72,4.008128423224325e-05,3.375930612594798e-05,-0.0008836108492405434,2.6580470875519176e-08,2.1402301350918468e-06,3.717681369922296e-05,-5.385032820229821e-07,5.448849392878574e-07
48,0.07363107781851078,106.66666666666666,72,0.04321846326979005,3.393087801089766e-05,-3.071551994008697e-08,2.610588960278222e-08,7.6222922891384324e-06,3.672192133775566e-05,5.484816099279417e-07,4.881314912479158e-07
48,0.07363107781851078,128.0,72,3.148080804162904e-05,3.3714278097978933e-05,0.0008835539220364538,2.737278112745897e-08,-5.931845736921701e-06,3.6435415029395846e-05,8.964119610744273e-07,5.016069065947339e-07
48,0.07363107781851078,149.33333333333331,72,-0.04315253962193515,3.370956411649888e-05,-1.9121376312601377e-08,2.6229671820966817e-08,-1.4177430820462152e-05,3.569926733788244e-05,4.707756812463232e-07,3.8145347087640657e-07
48,0.07363107781851078,170.66666666666666,72,3.3950767154293086e-05,3.250410402228335e-05,-0.0008835962269387673,2.505602870108657e-08,-7.744852599735991e-06,3.398672474272957e-05,4.232756611185293e-07,5.052829509318423e-07
48,0.07363107781851078,192.0,72,0.04321870900415747,3.182210740166102e-05,-2.2541081376325766e-08,2.5891446157206648e-08,-7.747268388932124e-06,3.303513313737856e-05,8.809209644009617e-08,4.44067321634902e-07
48,0.07363107781851078,213.33333333333331,72,3.135732947482685e-05,3.162772968428521e-05,0.0008835488465602648,2.5944780757369508e-08,-8.76135984172247e-06,3.452213457448364e-05,-5.122503036416291e-07,4.678027083497705e-07
48,0.07363107781851078,234.66666666666666,72,-0.04315518512526214,3.188888327219358e-05,-2.5249770569967895e-08,2.602393185836219e-08,5.626321150368677e-07,3.54905041342562e-05,-1.2282767665738104e-07,4.724632998528345e-07
48,0.07363107781851078,256.0,72,2.5712344646130195e-05,3.157502930549204e-05,-0.000883589974863029,2.7414594651169112e-08,5.864736017018109e-06,3.402671863929235e-05,6.764221188309355e-07,4.5469336850423886e-07
48,0.07363107781851078,277.3333333333333,72,0.04319967853690315,3.3372549731059954e-05,-1.3531589984792293e-08,2.776327358952739e-08,9.7410624993488e-06,3.347624229680113e-05,6.795307884140957e-07,5.12627430729907e-07
48,0.07363107781851078,298.66666666666663,72,4.211875810185012e-06,3.362344890044191e-05,0.0008835478967387093,2.770511003480587e-08,2.3205575042882437e-05,3.4211955633502535e-05,2.925008777585456e-07,4.62248683698256e-07
48,0.07363107781851078,320.0,72,-0.04318501586320046,3.340486913109788e-05,-3.0208173103516e-08,2.6542393830022474e-08,3.302354056179984e-05,3.342488232717506e-05,-3.050192696609109e-08,5.447601282590948e-07
48,0.07363107781851078,341.3333333333333,72,-6.737227812099727e-06,3.4154565666760556e-05,-0.000883593454602418,2.5363764031839504e-08,4.026423188255785e-05,3.275515405922846e-05,-4.3196530101046146e-07,5.153327160194079e-07
48,0.07363107781851078,362.66666666666663,72,0.04316539383210076,3.544974452956769e-05,-1.599953533297037e-08,2.502590628962482e-08,5.414519508808559e-05,3.3802092375686635e-05,-5.921557694641208e-07,4.5954146426441326e-07
48,0.07363107781851078,384.0,72,-2.4597806122713146e-05,3.44904585456232e-05,0.0008835550389094181,2.5969278349337158e-08,5.3076287531080845e-05,3.435403048230713e-05,-2.2911355550782724e-07,5.229754963532687e-07
48,0.07363107781851078,405.3333333333333,72,-0.04319866936075822,3.4120875292028194e-05,-1.5535915093348553e-08,2.584026637912262e-08,3.4869153636634984e-05,3.302114533283209e-05,2.709356635714276e-07,4.967041863062735e-07
48,0.07363107781851078,426.66666666666663,72,-1.232830329404507e-06,3.4017242004612486e-05,-0.000883592151286317,2.5618046669479674e-08,2.920698452280284e-05,3.1923716603985026e-05,3.3479984863916364e-07,5.606721190209203e-07
48,0.07363107781851078,448.0,72,0.04318708394970752,3.428892173982314e-05,-3.071771026116647e-08,2.7032729519667178e-08,2.942402450803875e-05,3.1628626171040105e-05,-3.4897577216697425e-08,5.562290424842951e-07
48,0.07363107781851078,469.3333333333333,72,5.918284311586307e-06,3.264471697582573e-05,0.0008835398163183068,2.7692358670655133e-08,1.4980582694036445e-05,3.078637472766399e-05,-4.479239271685183e-08,5.340469933249575e-07
48,0.07363107781851078,490.66666666666663,72,-0.04317537381899558,3.1877127273474345e-05,-2.7731025777381974e-08,2.610718380842428e-08,1.6549709677806923e-06,2.9611253328878435e-05,5.313920943581289e-07,4.650622331003498e-07
48,0.07363107781851078,512.0,72,-5.154711944108621e-07,3.12376147651433e-05,-0.0008835987197930414,2.646282400047944e-08,1.2385375824028466e-06,3.0147675109789115e-05,7.713025903353685e-07,4.706842005724606e-07
48,0.07363107781851078,533.3333333333333,72,0.04317440577716175,3.096144017963489e-05,-2.3212440258663564e-08,2.6741968205578928e-08,8.155530796368646e-06,3.163258229448839e-05,4.312880033950508e-07,4.818016252571705e-07
48,0.07363107781851078,554.6666666666666,72,9.55712108931442e-07,3.0415694235890915e-05,0.0008835576306976341,2.4753333890180108e-08,2.278710208608301e-05,3.147591579613191e-05,1.2341753259930228e-07,4.3436621490256635e-07
48,0.07363107781851078,576.0,72,-0.04317073496841979,3.0882885673247375e-05,-7.433752455677664e-09,2.4674240753615685e-08,3.092353221425252e-05,3.084508715364889e-05,-4.4146956854463184e-08,5.015296740611729e-07
48,0.07363107781851078,597.3333333333333,72,6.903354663309554e-06,3.0400608003422986e-05,-0.0008835839820254927,2.6333700168360775e-08,1.8026795288092312e-05,3.1575462255917804e-05,1.6085496998867159e-07,4.950727488048466e-07
48,0.07363107781851078,618.6666666666666,72,0.043181649687938944,3.132581361032109e-05,-3.125641963034001e-08,2.647895691541194e-08,3.6791162396511077e-06,3.142064478966583e-05,7.428072383161667e-07,4.6473397473189446e-07
48,0.07363107781851078,640.0,72,-3.152645378967087e-06,3.255281066337675e-05,0.0008835269477465117,2.6589215450486542e-08,2.7099846040086867e-06,2.9546727222481647e-05,4.294760223156871e-07,5.372135893458792e-07
48,0.07363107781851078,661.3333333333333,72,-0.04318916753111594,3.2727186395906705e-05,-3.6133370819734004e-08,2.587956702471972e-08,4.063859969042214e-06,2.8633434203943744e-05,-6.318399413581655e-07,5.133917959464933e-07
48,0.07363107781851078,682.6666666666666,72,-6.997426788810267e-06,3.157974105820825e-05,-0.0008835995950292799,2.607729019145342e-08,5.418738862755669e-06,2.9238801907724293e-05,-3.0794390157853447e-07,4.7390652048312384e-07
48,0.07363107781851078,704.0,72,0.04318129004843254,3.1721049451835066e-05,-3.4893770242174615e-08,2.6213350668728307e-08,7.951190332725557e-06,3.098236180536619e-05,9.699677070859549e-07,4.666326849915842e-07
48,0.07363107781851078,725.3333333333333,72,4.1343346336130605e-06,3.1668825911315124e-05,0.000883539455902412,2.6217959629549708e-08,3.13030817264973e-06,3.3145156958703835e-05,7.097891661895099e-07,5.045198423734989e-07
48,0.07363107781851078,746.6666666666666,72,-0.043170642876471745,3.274762759103581e-05,-1.7802989183605787e-08,2.489340814061684e-08,-7.842481957013163e-06,3.3840615736312456e-05,-6.390012941386738e-07,5.659027033251068e-07
48,0.07363107781851078,768.0,72,2.2695654775206143e-05,3.4097654215295593e-05,-0.000883591529810797,2.5534303074563635e-08,-1.6218152564340294e-05,3.4197840571509456e-05,-9.259970937141497e-07,4.7479380678067127e-07
48,0.07363107781851078,789.3333333333333,72,0.043211026631790474,3.58712602190754e-05,-3.2317193115526343e-08,2.7043140788796184e-08,-1.575026775412569e-05,3.5585990936556544e-05,-2.417038846285815e-07,4.612844812289436e-07
48,0.07363107781851078,810.6666666666666,72,3.2562705951093594e-05,3.4992767059120485e-05,0.0008835418839444254,2.5953118754397237e-08,-5.910793986264445e-06,3.6129035748427966e-05,9.766009320349756e-08,4.574983973343609e-07
48,0.07363107781851078,832.0,72,-0.04314445226562075,3.374799883236476e-05,-1.671177065286823e-08,2.3974789781094205e-08,-2.641126326264254e-06,3.493743500172982e-05,-1.8541299678087732e-07,5.232993132505284e-07
48,0.07363107781851078,853.3333333333333,72,3.796601640071931e-05,3.362931063613143e-05,-0.0008835805760030193,2.446311958083936e-08,-1.408058198268155e-05,3.5349742608026954e-05,-3.2415730330636464e-07,4.7388184410301707e-07
48,0.07363107781851078,874.6666666666666,72,0.04322016445254803,3.454367067346366e-05,-1.0236387337387047e-08,2.5535133972949652e-08,-2.140043823414876e-05,3.6793170962086696e-05,2.2715488421515413e-07,4.786520734416321e-07
48,0.07363107781851078,896.0,72,4.6097902388530635e-05,3.327806568942067e-05,0.0008835553587550281,2.59832985391983e-08,-2.120719152629895e-05,3.6290861301023375e-05,6.7874428256731e-07,4.566469635677772e-07
48,0.07363107781851078,917.3333333333333,72,-0.043125407156699054,3.292227323827502e-05,-1.7473595781387372e-08,2.607486162593713e-08,-2.9315838130768452e-05,3.597362160942782e-05,3.8643236793782875e-07,5.196081015583317e-07
48,0.07363107781851078,938.6666666666666,72,6.743560209697533e-05,3.2938275940600815e-05,-0.0008835863496221841,2.5261402322331125e-08,-3.864589882343819e-05,3.731583444943222e-05,3.0836442862623635e-07,5.084885388845061e-07
48,0.07363107781851078,960.0,72,0.04325755607572689,3.2646139924297516e-05,-1.9231654309612445e-08,2.4105085147038028e-08,-3.9725971847952994e-05,3.762284632908409e-05,6.274083885978164e-07,4.844723415950859e-07
48,0.07363107781851078,981.3333333333333,72,6.80374675038841e-05,3.143907260834947e-05,0.0008835454351916178,2.542802213093429e-08,-4.06596407454743e-05,3.719359821684662e-05,1.9143359914835162e-07,4.949868362905761e-07
48,0.07363107781851078,1002.6666666666666,72,-0.04313131208378284,3.149107602913408e-05,-2.608646383749075e-08,2.6612118725739885e-08,-3.8583008520677267e-05,3.7706531038779886e-05,-4.1635048558440737e-07,4.849836724450921e-07
48,0.07363107781851078,1024.0,72,4.3498285130065116e-05,3.069654923473831e-05,-0.0008835970364837675,2.5930821445951307e-08,-3.218274336257461e-05,3.767026678745166e-05,-1.525719660906949e-08,4.6742164462353745e-07
48,0.07363107781851078,1045.3333333333333,72,0.04322677143303724,3.230272378140922e-05,-2.4399471153839825e-08,2.64714688633535e-08,-3.360937173568662e-05,3.813354344971807e-05,2.3821771151011072e-07,4.365575864879709e-07
48,0.07363107781851078,1066.6666666666665,72,4.372814861322854e-05,3.376192143918828e-05,0.0008835542260842007,2.763356873620756e-08,-3.516157459898644e-05,3.9513517253924235e-05,-4.2677374394388516e-07,4.096147808236209e-07
48,0.07363107781851078,1088.0,72,-0.043144905742019485,3.444461664846962e-05,-1.6493908697051857e-08,2.5958881027517248e-08,-2.4262157520665435e-05,3.984741884392729e-05,-4.029654367108491e-07,4.699881333455998e-07
48,0.07363107781851078,1109.3333333333333,72,2.0533422896765947e-05,3.390100455576322e-05,-0.0008835976761226026,2.4058417662948217e-08,-1.1678708837009875e-05,3.928022766223223e-05,6.163910198265346e-07,4.938461370819491e-07
48,0.07363107781851078,1130.6666666666665,72,0.043189625935093644,3.3831528591808327e-05,-2.75059464267608e-08,2.377059648727271e-08,-4.671712873815032e-06,3.9886108041890495e-05,6.873833866882193e-07,4.788112732475551e-07
48,0.07363107781851078,1152.0,72,2.3676008003641737e-05,3.369718513266971e-05,0.0008835526295022973,2.5059412740890744e-08,-4.0957006576930125e-06,3.949179066985721e-05,-3.5016052496665994e-07,4.854567974640241e-07
48,0.07363107781851078,1173.3333333333333,72,-0.04312904571045778,3.3845072124331876e-05,-1.618662146874639e-08,2.6146739490208627e-08,-1.3757712078211477e-05,3.840669388844501e-05,-4.609155311086947e-07,4.2132988558210013e-07
48,0.07363107781851078,1194.6666666666665,72,5.838615291359966e-05,3.3145209143271036e-05,-0.00088358762955657,2.787621168137683e-08,-1.8448522212962313e-05,3.873139268398945e-05,4.716268342567608e-07,5.234175612199662e-07
48,0.07363107781851078,1216.0,72,0.043230221454363366,3.442014252502201e-05,-1.2840955347393968e-08,2.6267806018476917e-08,-1.013572041133477e-05,3.837371127098469e-05,4.2655854800637737e-07,5.245886051999775e-07
48,0.07363107781851078,1237.3333333333333,72,5.1326558035401406e-05,3.567410493682626e-05,0.0008835517108526999,2.5551737570508905e-08,-1.2266878542843373e-05,3.744430939459767e-05,-5.472095360871254e-07,4.96084644870194e-07
48,0.07363107781851078,1258.6666666666665,72,-0.04312135932477707,3.648179432105664e-05,-3.5688532424842285e-08,2.5178083237699513e-08,-2.427625827587234e-05,3.756767664395256e-05,-5.189194153492037e-07,5.291178623938655e-07
48,0.07363107781851078,1280.0,72,6.0406612811681605e-05,3.672213471723214e-05,-0.0008836070447640233,2.6706214826345997e-08,-1.9595090154762546e-05,3.7369005558994624e-05,2.3802019363283274e-07,5.284883979319502e-07
48,0.07363107781851078,1301.3333333333333,72,0.043246724356169976,3.803920192244587e-05,-1.747847616413469e-08,2.635802803631869e-08,-5.895343670218733e-06,3.7755140151462986e-05,3.2971293288471797e-07,5.478241491878119e-07
48,0.07363107781851078,1322.6666666666665,72,8.35159793383301e-05,3.8577420793211e-05,0.0008835612020300306,2.5665811112132457e-08,-2.2734082651291432e-06,3.970870807482683e-05,2.689711546344533e-07,4.995583241802825e-07
48,0.07363107781851078,1344.0,72,-0.04309016959472043,3.817137110473455e-05,-2.5836301317213714e-08,2.5148573465005804e-08,-2.1838694057601916e-06,4.068282302188216e-05,2.547581037922209e-07,5.549788292542753e-07
48,0.07363107781851078,1365.3333333333333,72,7.426635427131829e-05,3.622319917970634e-05,-0.0008836139881015006,2.5810462995078784e-08,-2.07892663053186e-06,4.0623838270552785e-05,-5.250775318621645e-07,5.438418798394979e-07
48,0.07363107781851078,1386.6666666666665,72,0.043241653002209134,3.481128008184588e-05,-3.8659638463618687e-08,2.5561948169328296e-08,-4.555408328820666e-06,4.111549672669765e-05,-9.819092797635241e-07,5.227605136899337e-07
48,0.07363107781851078,1408.0,72,6.854408828426378e-05,3.464244401452255e-05,0.0008835502993733239,2.476394184563824e-08,-5.111400670194608e-06,4.041516726663024e-05,-2.4856851340785204e-07,4.793475764920324e-07
48,0.07363107781851078,1429.3333333333333,72,-0.04310630320024506,3.4846256583002496e-05,-1.5768698181434424e-08,2.279408823134065e-08,-6.71746045269127e-06,3.902133301354191e-05,-4.5143796871372874e-08,4.830548302827987e-07
48,0.07363107781851078,1450.6666666666665,72,6.455462281213393e-05,3.409123640290993e-05,-0.0008836000142001762,2.3985168304240232e-08,-9.262035341975135e-06,3.8848506256963446e-05,-6.383343572417317e-07,4.740860417851473e-07
48,0.07363107781851078,1472.0,72,0.043239706023914755,3.3439048485986015e-05,-3.526763144084966e-08,2.5215978868170934e-08,-2.8964001527653434e-06,3.843789969614612e-05,-3.876775489644997e-07,5.576912566524492e-07
48,0.07363107781851078,1493.3333333333333,72,6.74827560755509e-05,3.0541983995876735e-05,0.000883543164032508,2.543473823989168e-08,7.971320731117268e-06,3.77224749202788e-05,7.402083308619758e-08,4.6378735542668473e-07
48,0.07363107781851078,1514.6666666666665,72,-0.04310647967985147,2.858043571435458e-05,-3.1852426545537767e-08,2.3975761730835474e-08,1.566383034587263e-05,3.70572673449495e-05,-3.956360035556565e-07,5.609736526676793e-07
48,0.07363107781851078,1536.0,72,6.781612775391272e-05,2.7006473186584088e-05,-0.0008836157994560282,2.4100474005243633e-08,2.359605969195372e-05,3.609905859007743e-05,-7.334227331395121e-07,5.296606089968273e-07
48,0.07363107781851078,1557.3333333333333,72,0.04323415423719113,2.6875905766475816e-05,-3.519900861842697e-08,2.550460194931839e-08,2.8116678944688058e-05,3.429980232950833e-05,-4.045368162134856e-07,5.196126909954342e-07
48,0.07363107781851078,1578.6666666666665,72,4.357791070180678e-05,2.7676318642868788e-05,0.0008835589787451963,2.6042223504930727e-08,2.822777234194249e-05,3.3442975131748355e-05,-9.914989197651137e-08,4.677141592331789e-07
48,0.07363107781851078,1600.0,72,-0.043138654270571425,2.880472949200224e-05,-9.074955072890275e-09,2.601879167467809e-08,3.3369020782883205e-05,3.48786914485473e-05,4.9194339491607476e-08,5.285764963260279e-07
48,0.07363107781851078,1621.3333333333333,72,4.1058967418288055e-05,2.782311270326627e-05,-0.0008835893282440811,2.736780867530709e-08,3.942089604226094e-05,3.5481099858658026e-05,-6.78028796440527e-08,4.475367933844644e-07
48,0.07363107781851078,1642.6666666666665,72,0.04322185917005135,2.7108034366520956e-05,-1.6377143942263268e-08,2.6846884930288704e-08,4.0333003328918726e-05,3.471475099703745e-05,-2.483095758177966e-07,5.030621499887332e-07
48,0.07363107781851078,1664.0,72,4.691031469810176e-05,2.6345319771840733e-05,0.000883560407768521,2.5233406358224155e-08,4.22347325157481e-05,3.485240385361132e-05,1.5156916164288795e-07,4.263482776163525e-07
48,0.07363107781851078,1685.3333333333333,72,-0.043133342633247515,2.5470309203858347e-05,-1.267675240075353e-08,2.4895038660438773e-08,4.170344832524293e-05,3.47402487345303e-05,3.2713709288002826e-07,4.681302932592212e-07
48,0.07363107781851078,1706.6666666666665,72,4.0050843262969514e-05,2.4651202455572067e-05,-0.0008835891448128558,2.544016699167024e-08,3.68138867329742e-05,3.354615672357352e-05,-3.67454155868237e-07,4.512377921602254e-07
48,0.07363107781851078,1728.0,72,0.04322104470055258,2.442663275262709e-05,-1.826245380533315e-08,2.3610860430797324e-08,3.6864578202339846e-05,3.284211444205647e-05,-4.050150850843847e-07,4.905786518087381e-07
48,0.07363107781851078,1749.3333333333333,72,4.472278445093321e-05,2.4259618769077198e-05,0.0008835640945587795,2.4338670978122656e-08,3.402732265536506e-05,3.334292777760664e-05,5.587929692184758e-07,5.303329322387673e-07
48,0.07363107781851078,1770.6666666666665,72,-0.0431382897231334,2.508407520805696e-05,4.458350705712203e-09,2.537536936946241e-08,2.1749634480731454e-05,3.376174890960322e-05,7.732957156506425e-07,5.991467926018726e-07
48,0.07363107781851078,1792.0,72,4.459537026880195e-05,2.5094689825436513e-05,-0.0008835739466178219,2.6358252158101424e-08,1.6830529850395868e-05,3.3569107321154625e-05,6.497617692517036e-08,4.864513086316384e-07
48,0.07363107781851078,1813.3333333333333,72,0.043230175496562065,2.51987553820956e-05,-1.6019781780098273e-08,2.4762789161407942e-08,2.0203834809041213e-05,3.4345957163746446e-05,-4.1081903561279685e-07,5.024417889962316e-07
48,0.07363107781851078,1834.6666666666665,72,3.7338129206548815e-05,2.561115521860065e-05,0.0008835554188350623,2.4885079192606686e-08,1.877752904315087e-05,3.609725832002238e-05,-3.192471625152224e-07,5.778780920353371e-07
48,0.07363107781851078,1856.0,72,-0.043161724285333276,2.6688979022557477e-05,-1.8498059229869972e-08,2.5710076486999394e-08,1.4178229386700397e-05,3.719866789169709e-05,2.5836632871185604e-07,5.838823623626323e-07
48,0.07363107781851078,1877.3333333333333,72,1.7101082471599683e-05,2.6861126908663892e-05,-0.0008836022307017236,2.7223440678782064e-08,1.8693732537760852e-08,3.7571773074608754e-05,6.017577956561918e-07,5.199786478805956e-07
48,0.07363107781851078,1898.6666666666665,72,0.0432048911100881,2.6585335685556707e-05,-2.8759094671537547e-08,2.6917908474826094e-08,-2.344693720416042e-05,3.828017864654709e-05,-7.283413191344915e-08,4.967855883006903e-07
48,0.07363107781851078,1920.0,72,2.9474354226563334e-05,2.5692213054856625e-05,0.0008835537302455322,2.6987333688977693e-08,-2.6268837175630282e-05,3.7961177438594184e-05,-7.452695007722845e-07,5.949511735123773e-07
48,0.07363107781851078,1941.3333333333333,72,-0.04314388687880876,2.5997262673392452e-05,-2.4047562499139725e-08,2.74895291377646e-08,-1.2022825310414923e-05,3.752457934259811e-05,-3.7703549698015065e-07,4.960056733835836e-07
48,0.07363107781851078,1962.6666666666665,72,4.15733210595294e-05,2.7097148043351407e-05,-0.0008836046394051999,2.822271845106688e-08,-1.8073526236947516e-05,3.846404325854416e-05,2.254129103825759e-07,5.475894349193569e-07
48,0.07363107781851078,1984.0,72,0.04321785990904649,2.871122884213904e-05,-2.4639623627587728e-08,2.6602020466666475e-08,-3.476667831234242e-05,3.828204046859594e-05,4.0950540461615524e-07,4.906864171799567e-07
48,0.07363107781851078,2005.3333333333333,72,3.145865590402528e-05,2.9176797441253774e-05,0.0008835526937947793,2.553114214677773e-08,-3.726051692775271e-05,3.78674392493625e-05,2.5064530229747537e-07,4.7492442019388056e-07
48,0.07363107781851078,2026.6666666666665,72,-0.04314936781336147,3.0209268815269833e-05,-2.7440722346481816e-08,2.5225935658685622e-08,-3.952804233776174e-05,3.9319583905788806e-05,-2.0148055572633923e-07,4.6053548976551737e-07
48,0.07363107781851078,2048.0,72,3.0691110753309994e-05,3.0149496377785496e-05,-0.0008836011649907864,2.5800050390926678e-08,-4.377558220223177e-05,3.9907150099874156e-05,-2.608640029373367e-07,5.170456094181536e-07
48,0.07363107781851078,2069.333333333333,72,0.043204805749582645,2.985049155047069e-05,-2.077241624364104e-08,2.6881515917654746e-08,-3.734894167405429e-05,3.903086938761437e-05,1.974003145499893e-07,4.769626427703037e-07
48,0.07363107781851078,2090.6666666666665,72,1.8228033938003614e-05,3.0216733931233577e-05,0.0008835555377086716,2.6237812333779123e-08,-3.168807976953877e-05,3.8761517469699554e-05,1.6589926106799887e-07,5.43167362436685e-07
48,0.07363107781851078,2112.0,72,-0.04316468047321048,3.200797876470709e-05,-1.3406884606620312e-08,2.4233954443457044e-08,-2.6316402044695587e-05,3.8255466176082375e-05,-1.5167069966998317e-09,4.570144093108302e-07
48,0.07363107781851078,2133.333333333333,72,4.997348369893891e-06,3.27930323126551e-05,-0.0008835784018333084,2.503616639573016e-08,-9.758417928582143e-06,3.660965146968753e-05,4.1680572357090516e-07,5.144747819390567e-07
48,0.07363107781851078,2154.6666666666665,72,0.04316746233455001,3.320002768068152e-05,-7.923768869685218e-09,2.6730357975095752e-08,-1.3218155179921672e-06,3.6223029489084e-05,2.736168100850258e-07,4.896830883413608e-07
48,0.07363107781851078,2176.0,72,-1.6584642897710653e-05,3.308268330581102e-05,0.0008835495054030672,2.6780010325106332e-08,-7.82354358605345e-06,3.626254107342393e-05,-5.866494179171202e-07,4.838155580850248e-07
48,0.07363107781851078,2197.333333333333,72,-0.043189039469869926,3.379915771037563e-05,-3.59272155333373e-08,2.5976493650492506e-08,-6.168980763238089e-06,3.517487217729989e-05,-6.11921352830199e-07,5.069574181154759e-07
48,0.07363107781851078,2218.6666666666665,72,-8.333957734886984e-06,3.470697831422976e-05,-0.0008836111428935714,2.681059856138347e-08,-4.5922569466749115e-07,3.50247690771393e-05,1.1835031833038046e-07,4.967536023905642e-07
48,0.07363107781851078,2240.0,72,0.043174732852512956,3.414961654403593e-05,-3.230984281093792e-08,2.7012237875910583e-08,-3.1669468128525477e-06,3.615938482746417e-05,7.227791331110934e-07,4.963022646748888e-07
48,0.07363107781851078,2261.333333333333,72,8.093766575486796e-06,3.298016844592865e-05,0.0008835541683552954,2.6625179467661362e-08,7.9591089598573e-08,3.6717154051250266e-05,9.916267717355572e-07,4.602434664563362e-07
48,0.07363107781851078,2282.6666666666665,72,-0.04316566325895005,3.3176736517348096e-05,-7.837702920175263e-09,2.582346420016846e-08,7.39865751651096e-06,3.6853308863079224e-05,1.5875559325118926e-07,4.230155732138053e-07
48,0.07363107781851078,2304.0,72,1.4278831131041146e-05,3.2410392777474644e-05,-0.0008835844918960599,2.6243263211930307e-08,4.098621047956308e-06,3.735799352432134e-05,-1.1181569928285223e-06,4.2132932927059307e-07
48,0.07363107781851078,2325.333333333333,72,0.04319883312380116,3.204858927001898e-05,-2.2079167518471682e-08,2.7655829625972642e-08,2.388502475119438e-06,3.841667638117833e-05,-7.026925080817169e-07,4.7642330205311245e-07
48,0.07363107781851078,2346.6666666666665,72,1.5829593498333253e-05,3.232811707746088e-05,0.0008835456629795187,2.9293759809728233e-08,7.637132059203091e-06,3.825145177833696e-05,1.5172487261686813e-07,4.856847832956438e-07
48,0.07363107781851078,2368.0,72,-0.043172365966549914,3.406763076007232e-05,-2.7836103560317693e-08,2.7214279241331073e-08,5.247634466594134e-06,3.708521280679793e-05,-7.310626991433394e-07,5.237069822293364e-07
48,0.07363107781851078,2389.333333333333,72,1.2274718529755764e-05,3.4459974301292676e-05,-0.0008835969137036654,2.6465335345859494e-08,1.8134922053714035e-06,3.6466714745977904e-05,-1.0617640592441563e-06,4.891256010030371e-07
48,0.07363107781851078,2410.6666666666665,72,0.0431951365975104,3.467970965431593e-05,-1.626559305954097e-08,2.7390563855472105e-08,7.095017529023868e-06,3.7193885342256824e-05,3.93195184078871e-07,5.981435181341489e-07
48,0.07363107781851078,2432.0,72,9.432585133555044e-07,3.6591100870835294e-05,0.0008835595723021424,2.886012445401223e-08,5.833308710415233e-06,3.722226259209358e-05,3.593191686361814e-07,5.20683014708158e-07
48,0.07363107781851078,2453.333333333333,72,-0.04319132588198983,3.740325051236756e-05,-1.733725044765101e-08,2.824006622136685e-08,-5.422611404237408e-06,3.61656059295266e-05,-1.2726712843549751e-06,4.908319430043558e-07
48,0.07363107781851078,2474.6666666666665,72,-1.296761833849626e-05,3.575133937030444e-05,-0.0008835955564629877,2.776018115088977e-08,-9.323552571363507e-06,3.5743255164165906e-05,-1.164192739274541e-06,4.918803494320865e-07
48,0.07363107781851078,2496.0,72,0.04316487950852531,3.6041225915196804e-05,-2.6704939007026996e-08,2.6966119085395264e-08,-5.738569068047774e-06,3.627726365992665e-05,-1.2187914188905834e-07,5.378398445118487e-07
48,0.07363107781851078,2517.333333333333,72,-2.0577576382414253e-05,3.7365618437380854e-05,0.0008835490725680271,2.754995587127184e-08,-7.236835156327253e-06,3.596700147206616e-05,-3.1924665129049247e-07,5.139808461070676e-07
48,0.07363107781851078,2538.6666666666665,72,-0.04321207423634957,3.804581281811935e-05,-1.1695078757682383e-08,2.8150973118320963e-08,-9.770347712433991e-06,3.5332733248514715e-05,-1.769257721530467e-07,5.33228006449365e-07
48,0.07363107781851078,2560.0,72,-4.6953998045238376e-05,3.7352296952798117e-05,-0.0008835737005577206,2.8258988344928477e-08,-2.045826783560442e-06,3.639927835535574e-05,8.186197321633813e-07,4.5104744140199934e-07
48,0.07363107781851078,2581.333333333333,72,0.04312956560267561,3.7353895499987416e-05,4.427180077485682e-09,2.7966152042511934e-08,1.1837540527287953e-05,3.793752102523604e-05,6.063342610462492e-07,5.51088768130411e-07
48,0.07363107781851078,2602.6666666666665,72,-4.7978834266524096e-05,3.6941263136230705e-05,0.0008835806224265358,2.9472052668495582e-08,1.9439136760689648e-05,3.813255769758214e-05,-2.933499617822746e-07,5.150649377871688e-07
48,0.07363107781851078,2624.0,72,-0.043234552562247765,3.58615380569147e-05,6.026726007172625e-09,2.8537066726402013e-08,1.9534269691162062e-05,3.774546070217421e-05,-3.3041206906359104e-07,4.334900124808429e-07
48,0.07363107781851078,2645.333333333333,72,-5.90510139220556e-05,3.457383647194813e-05,-0.0008835707118585041,2.728813725497699e-08,1.944037443284496e-05,3.847546436617274e-05,-2.8150926591176714e-07,4.434930237052866e-07
48,0.07363107781851078,2666.6666666666665,72,0.043126702742230454,3.4479691003284384e-05,2.813581322708041e-09,2.7199628975882096e-08,2.1675029646707054e-05,3.900376667843613e-05,-1.4177035407412578e-07,4.876818682246261e-07
48,0.07363107781851078,2688.0,72,-4.999224990771797e-05,3.375856239049003e-05,0.0008835722010703998,2.743358301534108e-08,2.5577502570346002e-05,3.852268531662848e-05,7.237179341357343e-07,5.163970380780129e-07
48,0.07363107781851078,2709.333333333333,72,-0.04323216530198567,3.3241404792647145e-05,-1.0004396637291908e-08,2.555359295379015e-08,2.8254385040651717e-05,3.6778753003550504e-05,5.733228070184111e-07,5.811547228191324e-07
48,0.07363107781851078,2730.6666666666665,72,-5.695687845071448e-05,3.338093240148108e-05,-0.000883585929243287,2.6407589219708923e-08,2.1156490199548815e-05,3.574463769552993e-05,-7.599045278395896e-07,5.102606888408583e-07
48,0.07363107781851078,2752.0,72,0.04311392965005604,3.507679015003799e-05,-1.5451834158436006e-08,2.8359479827796984e-08,3.905743482139901e-06,3.574667972051269e-05,-4.32729026200433e-07,4.863635672865534e-07
48,0.07363107781851078,2773.333333333333,72,-7.08093805664981e-05,3.588016585466495e-05,0.0008835512074521118,2.8098255910517908e-08,-1.0617321431654958e-05,3.633771812603147e-05,1.0297404615075027e-06,4.857135382209264e-07
48,0.07363107781851078,2794.6666666666665,72,-0.04324747322346555,3.616241052172838e-05,-1.4011390184837582e-08,2.756570639136885e-08,-1.700964241594726e-05,3.725642560373794e-05,7.793012577085616e-07,4.4959186670477454e-07
48,0.07363107781851078,2816.0,72,-6.555113631523464e-05,3.532839704484306e-05,-0.0008835711917345438,2.786922426401061e-08,-1.8271006252972778e-05,3.744871414126777e-05,-9.430326056891363e-08,4.628994429480389e-07
48,0.07363107781851078,2837.333333333333,72,0.04311900318025952,3.507384175079251e-05,-1.8671000071769196e-09,2.7643152665626522e-08,-1.034311380218556e-05,3.643297203322933e-05,1.058506214938802e-08,4.911180616573764e-07
48,0.07363107781851078,2858.6666666666665,72,-4.9671083275050124e-05,3.4655352954522786e-05,0.0008835578722672994,2.8701794754557932e-08,5.197312601942669e-06,3.570860759539874e-05,-2.2826478795882275e-07,4.871096812979684e-07
48,0.07363107781851078,2880.0,72,-0.04322766985643167,3.530906025551551e-05,-1.1914076708836767e-08,2.909244226325304e-08,1.2666576892318492e-05,3.581514743319838e-05,-4.8970618353545e-07,4.2281057535606516e-07
48,0.07363107781851078,2901.333333333333,72,-5.767296800886403e-05,3.5920374869310345e-05,-0.0008835735073009097,2.8734501747945487e-08,7.698767228879352e-06,3.659731225816676e-05,2.510483367092365e-07,4.932506434651415e-07
48,0.07363107781851078,2922.6666666666665,72,0.043119217666635394,3.624334118873537e-05,1.5180697401641939e-09,2.8877911152147728e-08,3.225406503671614e-06,3.8942686505261114e-05,9.038682390697119e-08,5.373365098885595e-07
48,0.07363107781851078,2944.0,72,-5.161440080484243e-05,3.534359147870097e-05,0.0008835697588355338,3.106862029604532e-08,2.66071268498256e-06,4.167509208016563e-05,-9.526643207311697e-07,5.238208910593985e-07
48,0.07363107781851078,2965.333333333333,72,-0.04322056829392926,3.5557878391532124e-05,-7.47627521094295e-09,3.091774467049949e-08,-2.4960982898025965e-06,4.239085751788708e-05,-3.094889332568362e-07,5.475722811550705e-07
48,0.07363107781851078,2986.6666666666665,72,-3.652846343319232e-05,3.6931960879348056e-05,-0.0008835830406703964,2.9405699340309074e-08,-1.0757145326550699e-05,4.265450355333419e-05,6.25536925735019e-07,4.99868343933802e-07
48,0.07363107781851078,3008.0,72,0.04314004838857302,3.7745031775361725e-05,-1.1383543830057774e-08,2.971094800077264e-08,-1.4778313419396484e-05,4.307421563243728e-05,-2.8762886581468963e-07,4.827851803429249e-07
48,0.07363107781851078,3029.333333333333,72,-4.020454795447773e-05,3.592298857646572e-05,0.0008835632565435891,2.9325201519566133e-08,-1.8813833343855037e-05,4.2921386132144276e-05,-7.237555524291076e-07,5.412357906437182e-07
48,0.07363107781851078,3050.6666666666665,72,-0.04321448234183356,3.529030484261347e-05,-4.758836152618505e-09,2.7349769240017297e-08,-2.7539971807995975e-05,4.276660990306241e-05,1.2058981351186297e-07,5.485789075876e-07
48,0.07363107781851078,3072.0,72,-3.469627517911416e-05,3.593512412649336e-05,-0.0008835755080664243,2.7258781374950062e-08,-3.256047582450826e-05,4.2958530496871784e-05,-1.199080308150205e-07,4.6482241281694106e-07
48,0.07363107781851078,3093.333333333333,72,0.04314320763443066,3.6081762440281146e-05,-3.703099234455165e-09,2.8373795431823866e-08,-2.8742424008411447e-05,4.256813809329939e-05,-6.674637883588694e-07,5.005762180309134e-07
48,0.07363107781851078,3114.6666666666665,72,-2.8537239494854136e-05,3.539418160217162e-05,0.0008835720947936782,2.8727544031289004e-08,-2.2889149232437948e-05,4.157642284512893e-05,1.1642362451291484e-07,4.283408236247365e-07
48,0.07363107781851078,3136.0,72,-0.04320393812909674,3.5690190627026004e-05,3.1633544893908813e-09,2.8537516282778887e-08,-1.890937931330593e-05,4.1811528842505984e-05,5.303327401849368e-07,4.5112343708946643e-07
48,0.07363107781851078,3157.333333333333,72,-3.4531409168283225e-05,3.6130141884642484e-05,-0.0008835695403522798,2.7954620312634725e-08,-1.6515502603649543e-05,4.303290361015967e-05,-2.0192740109865015e-08,5.287618824962678e-07
48,0.07363107781851078,3178.6666666666665,72,0.04313697238990927,3.78908233533646e-05,1.79035674292486e-09,2.718733726512635e-08,-1.7587859360261838e-05,4.367853594010212e-05,-9.427629233421353e-08,4.303796718032551e-07
48,0.07363107781851078,3200.0,72,-4.262842914703452e-05,3.864740058520817e-05,0.0008835610638191033,2.8145250770332508e-08,-2.1322305400322504e-05,4.310183066076012e-05,-6.987945588895694e-08,4.466150440875938e-07
48,0.07363107781851078,3221.333333333333,72,-0.04322538854825828,3.858882617212642e-05,-3.645576742180588e-08,2.780794359309598e-08,-2.797322575829751e-05,4.19233560028787e-05,-4.710824699047146e-07,4.3781458877804576e-07
48,0.07363107781851078,3242.6666666666665,72,-4.874490061300136e-05,3.7332257475747436e-05,-0.0008836094889277577,2.6966099721009284e-08,-4.0091899744411564e-05,4.0045505827073844e-05,-6.179911686235833e-07,4.79969112054965e-07
48,0.07363107781851078,3264.0,72,0.04313300728397462,3.684539358030051e-05,-7.2493380234825586e-09,2.727445490623127e-08,-4.970438563687422e-05,3.9245111360196246e-05,-6.343164011145252e-07,4.346934486584306e-07
48,0.07363107781851078,3285.333333333333,72,-4.900235977103204e-05,3.52467225335042e-05,0.0008835797008257314,2.749178700028473e-08,-4.731964835028271e-05,4.004291528304757e-05,-2.3987103679922476e-07,4.691371445835454e-07
48,0.07363107781851078,3306.6666666666665,72,-0.043235814661990696,3.487789396186046e-05,-5.103922343246809e-09,2.589850320679106e-08,-3.7988747141119666e-05,4.0058363995017194e-05,9.278951898718947e-07,4.793068199177907e-07
48,0.07363107781851078,3328.0,72,-5.8851871599007584e-05,3.612379389982223e-05,-0.0008835845206569336,2.5559904749897996e-08,-2.8566157001786044e-05,3.885302147895034e-05,9.690936817838788e-07,4.3584544225618285e-07
48,0.07363107781851078,3349.333333333333,72,0.04312120257700891,3.779330984507663e-05,-6.352505553448187e-09,2.669717050932655e-08,-2.0903866944611514e-05,3.857669749466285e-05,-3.431958316634824e-07,5.172705841548284e-07
48,0.07363107781851078,3370.6666666666665,72,-5.7139658247041045e-05,3.657186867283714e-05,0.0008835683052083346,2.6360207337660293e-08,-1.6537711245694943e-05,3.886657741462347e-05,-8.553872882947041e-08,4.963502616579792e-07
48,0.07363107781851078,3392.0,72,-0.04323308892218123,3.521147924972867e-05,-1.0595475620663914e-08,2.6267592265834332e-08,-8.730975648171548e-06,3.906669576450874e-05,1.1534224506977516e-06,4.6690433057320383e-07
48,0.07363107781851078,3413.333333333333,72,-5.566097862727381e-05,3.4973355623670166e-05,-0.0008835880041146919,2.7532306803788004e-08,4.89791434123952e-06,3.9344346688821356e-05,3.0015764324798e-07,5.225329294532632e-07
48,0.07363107781851078,3434.6666666666665,72,0.043115038557589115,3.504424691840144e-05,-4.907555309166599e-09,2.720041682594451e-08,9.347640887548515e-06,3.837968760237261e-05,-9.928362831456681e-07,4.3557321548767355e-07
48,0.07363107781851078,3456.0,72,-6.157629220751538e-05,3.312347323284132e-05,0.0008835805833675702,2.600359947387534e-08,3.7032612162870346e-06,3.684083662397822e-05,-8.730579981710068e-08,4.524095926186331e-07
48,0.07363107781851078,3477.333333333333,72,-0.043226590118371544,3.142067719603087e-05,-1.3011632719692804e-09,2.6557936897536448e-08,3.7809784902718662e-06,3.6170920602193274e-05,1.0977103365947079e-06,4.761760290346444e-07
48,0.07363107781851078,3498.6666666666665,72,-4.6701100652693075e-05,3.0177587811118952e-05,-0.0008835816353816821,2.5371802398783357e-08,5.051230091366831e-06,3.614238322074624e-05,1.0952744909366566e-06,5.377156707492394e-07
48,0.07363107781851078,3520.0,72,0.04312059669607154,2.951568124132135e-05,1.0948307666869367e-08,2.3890334619590994e-08,1.075526720376731e-06,3.616626744755912e-05,1.224170989444498e-06,5.772880783109428e-07
48,0.07363107781851078,3541.333333333333,72,-5.834502351848047e-05,2.858853650274643e-05,0.0008835913038409926,2.6528448157936392e-08,5.287162369348027e-06,3.5849097087470965e-05,1.1440810328932219e-06,5.193667347832465e-07
48,0.07363107781851078,3562.6666666666665,72,-0.043231629071978334,2.7707789482744062e-05,-8.727876607914738e-09,2.656124923610501e-08,1.4547069605363184e-05,3.6808295286075794e-05,-6.285898977604791e-08,5.03168681969732e-07
48,0.07363107781851078,3584.0,72,-5.95757370531763e-05,2.6447265314853725e-05,-0.000883597595814674,2.5157650208879834e-08,1.4967590420978736e-05,3.7864875985030046e-05,-9.284437772965768e-07,4.3738785083090434e-07
48,0.07363107781851078,3605.333333333333,72,0.04311571605496174,2.7022790899303917e-05,-1.0489187936507189e-08,2.5040687362461365e-08,1.596253751014942e-05,3.7726876555689034e-05,-6.096930212988072e-07,4.874729234572073e-07
48,0.07363107781851078,3626.6666666666665,72,-5.105265580082083e-05,2.74299432753136e-05,0.0008835753757393099,2.572727753574657e-08,1.9245514823974707e-05,3.6884207888185244e-05,-2.8555914845374084e-07,5.053419237636005e-07
48,0.07363107781851078,3648.0,72,-0.04322435399966909,2.773399417162638e-05,2.225767566365721e-10,2.570546046894664e-08,1.0795403969283073e-05,3.577620994808317e-05,-3.3044713748888824e-07,4.267117167916464e-07
48,0.07363107781851078,3669.333333333333,72,-5.565160119944437e-05,2.707339580094936e-05,-0.0008835822653554678,2.4609735513816682e-08,2.274387757618262e-06,3.494053140974281e-05,-2.390785671001034e-07,4.909947596701009e-07
48,0.07363107781851078,3690.6666666666665,72,0.04311669668842151,2.754795722900747e-05,-1.511067120687212e-08,2.4447172000908617e-08,6.261797949996658e-06,3.47610244836554e-05,-1.5029155120353203e-07,5.619186465792278e-07
48,0.07363107781851078,3712.0,72,-5.852551106854938e-05,2.7335057173568988e-05,0.0008835622864836022,2.648512335683789e-08,6.367472561157939e-06,3.518967965873666e-05,-2.1595291576186668e-07,5.188678010176244e-07
48,0.07363107781851078,3733.333333333333,72,-0.043231616879274244,2.682501291337385e-05,-1.0525229315605509e-08,2.774611934235233e-08,1.6227509004407647e-06,3.625243485974146e-05,-1.7297141806180403e-07,4.839682478903725e-07
48,0.07363107781851078,3754.6666666666665,72,-4.6335046163548776e-05,2.5524385878988832e-05,-0.0008835893646031122,2.7392728309785236e-08,7.483990187984328e-06,3.8297809797104715e-05,5.788897777500423e-08,5.09178676610451e-07
48,0.07363107781851078,3776.0,72,0.04313766758884309,2.6017544720850673e-05,-6.348684032317174e-09,2.533951532028618e-08,1.2775498406436047e-05,4.05020955047903e-05,1.9191910671824161e-07,4.6188383593452964e-07
48,0.07363107781851078,3797.333333333333,72,-3.831170440706924e-05,2.5782765087996238e-05,0.0008835740034975015,2.557217847806248e-08,8.449189076587984e-06,4.082270212466976e-05,-1.2960127909157025e-07,4.794574169129653e-07
48,0.07363107781851078,3818.6666666666665,72,-0.04320869354902154,2.6699484341369118e-05,-2.2349076891651845e-08,2.5452743687164062e-08,1.2647702855696681e-05,4.1031920261248384e-05,-5.788154864810293e-07,4.843312402929302e-07
48,0.07363107781851078,3840.0,72,-1.5077682745231232e-05,2.7059081815769528e-05,-0.0008836104863814011,2.4956845691066977e-08,2.5785081748318e-05,4.1584066184114694e-05,-3.5581379676281904e-07,4.888881508768765e-07
48,0.07363107781851078,3861.333333333333,72,0.043173788339316954,2.739882173547921e-05,-1.619399733525015e-08,2.4064697093924837e-08,2.8265425176483567e-05,4.113731147234221e-05,2.303300120342179e-07,4.5427939430868246e-07
48,0.07363107781851078,3882.6666666666665,72,-4.237664904674257e-06,2.619831109708111e-05,0.0008835719829741279,2.496860722806575e-08,2.3887867145418378e-05,4.0920817794433403e-05,2.5161326832386957e-07,4.5585598965918816e-07
48,0.07363107781851078,3904.0,72,-0.04318658120850928,2.612048668623036e-05,-1.1944259998412162e-08,2.521765521769681e-08,2.5390179610262423e-05,4.1650975695425356e-05,-4.860354178766929e-08,5.183661393585799e-07
48,0.07363107781851078,3925.333333333333,72,-1.1155596134380565e-05,2.646684826418514e-05,-0.0008835967178272274,2.4807336093002215e-08,2.611117735643051e-05,4.224992685750668e-05,-1.5209189178435292e-07,5.236771828424143e-07
48,0.07363107781851078,3946.6666666666665,72,0.04316563890467583,2.7688336770398498e-05,-3.0033680692543243e-08,2.39677776519427e-08,2.329454162781622e-05,4.2771928846092544e-05,-2.4158812705510406e-07,4.682269053002964e-07
48,0.07363107781851078,3968.0,72,-1.6351342828699765e-05,2.6207072977395538e-05,0.0008835431512560025,2.389897611093337e-08,2.5799481691524607e-05,4.3095635785355725e-05,-1.9196418763245126e-07,4.4749449100521754e-07
48,0.07363107781851078,3989.333333333333,72,-0.04320279730184954,2.6934821970584957e-05,-2.060390151960996e-08,2.4597744453084753e-08,2.639389876841035e-05,4.3124054431848774e-05,1.6538565648809143e-08,4.868905485413471e-07
48,0.07363107781851078,4010.6666666666665,72,-3.346883824287127e-05,2.9614577024945774e-05,-0.0008835985802405062,2.6392715398303706e-08,1.4026757938220721e-05,4.4217409402630924e-05,-6.582923179947351e-08,5.146684890425443e-07
48,0.07363107781851078,4032.0,72,0.043141593833976456,3.145718291776546e-05,-4.507403581185964e-08,2.628504060045903e-08,3.0173868045895333e-06,4.461566586228057e-05,4.233303071492811e-08,4.934553132013228e-07
48,0.07363107781851078,4053.333333333333,72,-3.0775240785131386e-05,2.936561135772365e-05,0.0008835306781818068,2.571677301212465e-08,5.432375284233663e-06,4.279457285923373e-05,6.010087949786582e-07,5.07625962859941e-07
48,0.07363107781851078,4074.6666666666665,72,-0.04319641346655142,2.8954735334627103e-05,-2.1972651017929982e-08,2.6254507392357696e-08,7.348506478121932e-06,4.129646595548816e-05,4.1704391688900957e-07,4.833819060615649e-07
