sample,noise_seed,frame,step,time,psi_mean,psi_std,psi_rms,psi_min,psi_max,sine2d_amplitude
000,1698502130,0,12000,48000.0,-1.2347858075529356e-19,0.048798249603017436,0.048798249603017436,-0.09794890748602707,0.09768512193515173,0.09745214772453042
000,1698502130,1,24000,96000.0,-9.035018104045871e-20,0.047376737480406626,0.047376737480406626,-0.0950916770769433,0.09494488480951765,0.09451542499551645
000,1698502130,2,36000,144000.0,4.216341781888073e-20,0.04592049846068779,0.04592049846068779,-0.09226828237939376,0.09241840002297187,0.09151686497882448
000,1698502130,3,48000,192000.0,2.4093381610788986e-20,0.0444566540551698,0.0444566540551698,-0.08891730936780579,0.08946391173976727,0.08851734876956512
000,1698502130,4,60000,240000.0,-4.818676322157797e-20,0.04300918825463998,0.04300918825463998,-0.08628218951274962,0.08679107933380316,0.08554243427795404
000,1698502130,5,72000,288000.0,6.023345402697247e-20,0.04156850478673938,0.04156850478673938,-0.08285383357755942,0.08398326887412445,0.08261248426321059
000,1698502130,6,84000,336000.0,2.4093381610788986e-20,0.04016422741560196,0.04016422741560196,-0.08021942659231576,0.08127020153458195,0.07973394941840899
000,1698502130,7,96000,384000.0,-6.023345402697247e-20,0.03876554697862144,0.03876554697862144,-0.07786240381115223,0.07858608709765855,0.07687327846021386
000,1698502130,8,108000,432000.0,-6.625679942966972e-20,0.03739845374645728,0.03739845374645728,-0.07505682329497954,0.07571144015717379,0.07408058966555436
000,1698502130,9,120000,480000.0,-2.4093381610788986e-20,0.03603711869931161,0.03603711869931161,-0.07303657708964506,0.07342515822363604,0.07130913221438333
000,1698502130,10,132000,528000.0,4.216341781888073e-20,0.03471882258525111,0.03471882258525111,-0.07047769342144507,0.0709171095970601,0.0686484513545024
000,1698502130,11,144000,576000.0,-1.2498441710596786e-19,0.03344481494133941,0.03344481494133941,-0.0679365977783861,0.0682016756645542,0.06607366829921169
000,1698502130,12,156000,624000.0,3.614007241618348e-20,0.032207276606791964,0.032207276606791964,-0.06578073268031145,0.0656435429520042,0.06359164824383239
000,1698502130,13,168000,672000.0,-7.228014483236696e-20,0.031036799796180584,0.031036799796180584,-0.06361859042249003,0.0632928525864136,0.061253499401774714
000,1698502130,14,180000,720000.0,-6.0233454026972465e-21,0.029909983414136348,0.029909983414136348,-0.06149320416464491,0.06157680372280932,0.058991290026903856
000,1698502130,15,192000,768000.0,-6.023345402697247e-20,0.02883300323074839,0.02883300323074839,-0.05951740593227673,0.059509897261903144,0.05681299001138821
000,1698502130,16,204000,816000.0,-7.228014483236696e-20,0.027792695105098214,0.027792695105098214,-0.057123368260831975,0.05717485921916242,0.054705307824068336
000,1698502130,17,216000,864000.0,-6.023345402697247e-20,0.026798061361653962,0.026798061361653962,-0.05483134718125715,0.055395985439708355,0.05269706022819908
000,1698502130,18,228000,912000.0,-4.818676322157797e-20,0.025819145571673356,0.025819145571673356,-0.05298032126341506,0.05338806841444053,0.05072634253808821
000,1698502130,19,240000,960000.0,-1.807003620809174e-20,0.024881032355692546,0.024881032355692546,-0.05064850110346139,0.05149746944567536,0.04884462538361221
000,1698502130,20,252000,1008000.0,9.035018104045871e-20,0.023960517978628738,0.023960517978628738,-0.04897881681299396,0.04945660247511295,0.0469784411978716
000,1698502130,21,264000,1056000.0,-9.035018104045871e-20,0.023058769624941643,0.023058769624941643,-0.047151411128638195,0.04807066175055323,0.045136540461579854
000,1698502130,22,276000,1104000.0,-6.023345402697247e-20,0.02220234680121814,0.02220234680121814,-0.04565240900325153,0.04637155235358995,0.04338757462122298
000,1698502130,23,288000,1152000.0,-1.3552527156068805e-20,0.021375559377096242,0.021375559377096242,-0.044269199516546294,0.044583156349547355,0.04169424394876083
000,1698502130,24,300000,1200000.0,-4.517509052022935e-21,0.020569119249787906,0.020569119249787906,-0.04293118730350358,0.04284324169765078,0.0400492544178243
000,1698502130,25,312000,1248000.0,-4.4422172344892194e-20,0.019795463118202593,0.019795463118202593,-0.041103964044326396,0.04119436222785517,0.03848397941543264
000,1698502130,26,324000,1296000.0,-3.0116727013486233e-21,0.019049849361851952,0.019049849361851952,-0.039394125781268094,0.03960390450323464,0.03699372184727588
000,1698502130,27,336000,1344000.0,-2.4093381610788986e-20,0.01833280851869864,0.01833280851869864,-0.03778844112333643,0.037907769502169626,0.03554822670737347
000,1698502130,28,348000,1392000.0,-9.637352644315594e-20,0.017631522492107678,0.017631522492107678,-0.03670475873425661,0.03657056865188817,0.03417609896426369
000,1698502130,29,360000,1440000.0,-7.830349023506421e-20,0.016969179484801124,0.016969179484801124,-0.03544804104375312,0.035218269632870794,0.03287359227401937
000,1698502130,30,372000,1488000.0,7.830349023506421e-20,0.016328113217405685,0.016328113217405685,-0.034163799711883595,0.03373843317485454,0.031610630464839924
000,1698502130,31,384000,1536000.0,-2.4093381610788986e-20,0.015715994264229163,0.015715994264229163,-0.033061930082403115,0.03226258970357633,0.030398667472535383
000,1698502130,32,396000,1584000.0,7.529181753371558e-20,0.015126309476675849,0.015126309476675849,-0.031972552602087326,0.03089654142740741,0.029225404652204374
000,1698502130,33,408000,1632000.0,4.216341781888073e-20,0.014561813326732672,0.014561813326732672,-0.030886755104477605,0.029655966484196106,0.028092915311107098
000,1698502130,34,420000,1680000.0,-6.0233454026972465e-21,0.01402016338687993,0.01402016338687993,-0.02986387044177477,0.028569657458426878,0.02700935432495061
000,1698502130,35,432000,1728000.0,-1.5058363506743118e-20,0.01349254392344364,0.01349254392344364,-0.02881191292446597,0.027610547841725987,0.0259388043200509
000,1698502130,36,444000,1776000.0,5.722178132562385e-20,0.012978003890799183,0.012978003890799183,-0.027765386824512364,0.02647931211018238,0.024913159795342435
000,1698502130,37,456000,1824000.0,7.830349023506421e-20,0.012478246029638616,0.012478246029638616,-0.02672445991391476,0.025487026950637093,0.023913403316639457
000,1698502130,38,468000,1872000.0,-9.035018104045871e-20,0.01198762750391509,0.01198762750391509,-0.025569906855280006,0.024469767720616126,0.022944457808293628
000,1698502130,39,480000,1920000.0,6.32451267283211e-20,0.011522913565907658,0.011522913565907658,-0.024536329751743385,0.02364594602628423,0.022031150500740643
000,1698502130,40,492000,1968000.0,8.131516293641283e-20,0.011072844308799028,0.011072844308799028,-0.02375965739825013,0.02285161898168766,0.021142622858274555
000,1698502130,41,504000,2016000.0,-2.1081708909440364e-20,0.010641512219344429,0.010641512219344429,-0.022745956819398963,0.02189504537742296,0.02029405748143091
000,1698502130,42,516000,2064000.0,-2.183462708477752e-20,0.010230504584382401,0.010230504584382401,-0.021634387750228568,0.021201983940486363,0.01949367274396176
000,1698502130,43,528000,2112000.0,1.3928986243737382e-20,0.009837270204699515,0.009837270204699515,-0.020646495815757244,0.020249091385361608,0.01872841663239752
000,1698502130,44,540000,2160000.0,-2.5599217961463298e-20,0.009458551028247768,0.009458551028247768,-0.01991019209043562,0.019714258706535374,0.017989049655579792
000,1698502130,45,552000,2208000.0,-1.279960898073165e-19,0.00909270696155423,0.00909270696155423,-0.019104881791314556,0.01911485975363822,0.017278879231908423
000,1698502130,46,564000,2256000.0,-7.228014483236696e-20,0.008742805623017056,0.008742805623017056,-0.018465013354429106,0.01855874639721849,0.016600572464735414
000,1698502130,47,576000,2304000.0,-1.144435626512477e-19,0.008408071951941739,0.008408071951941739,-0.017907041319753313,0.01799124031496363,0.015947122154776987
000,1698502130,48,588000,2352000.0,8.282099928708714e-20,0.00808611455338363,0.00808611455338363,-0.017185068608087634,0.017408112065621865,0.015331770958349287
000,1698502130,49,600000,2400000.0,9.938519914450457e-20,0.0077792548708770035,0.0077792548708770035,-0.01660380356794669,0.016793356589832106,0.014744459171759027
001,373504527,0,12000,48000.0,-1.8070036208091741e-19,0.04878610005675966,0.04878610005675966,-0.09794030712197542,0.0978710783541949,0.09741286155664278
001,373504527,1,24000,96000.0,6.023345402697247e-20,0.047344868977970425,0.047344868977970425,-0.0954215920188029,0.09508278200212636,0.09445337669243163
001,373504527,2,36000,144000.0,-8.432683563776146e-20,0.045877560842052065,0.045877560842052065,-0.09247493492784155,0.09282275131667417,0.09144473249622277
001,373504527,3,48000,192000.0,0.0,0.04440575212409079,0.04440575212409079,-0.08961035391468287,0.08969402778678248,0.08843380013922665
001,373504527,4,60000,240000.0,-1.2046690805394494e-19,0.04295373364206115,0.04295373364206115,-0.086236334740111,0.08718937780353386,0.08545628379168704
001,373504527,5,72000,288000.0,-1.5660698047012842e-19,0.0415242082219331,0.0415242082219331,-0.08339832760558247,0.08453481546332943,0.08256748391919749
001,373504527,6,84000,336000.0,8.432683563776146e-20,0.04013079194879423,0.04013079194879423,-0.08093406317071629,0.08166018279426016,0.07975956728276172
001,373504527,7,96000,384000.0,1.0842021724855044e-19,0.03878795346106608,0.03878795346106608,-0.07827144782828489,0.07817350203977305,0.07703910364530757
001,373504527,8,108000,432000.0,1.2046690805394494e-19,0.03746963720906907,0.03746963720906907,-0.07564710869778023,0.07531052602047142,0.07436899122712216
001,373504527,9,120000,480000.0,-7.228014483236696e-20,0.0361905923893833,0.0361905923893833,-0.07305009910485398,0.07298646280347601,0.07179044440326891
001,373504527,10,132000,528000.0,9.637352644315594e-20,0.03495478016362959,0.03495478016362959,-0.07049934994301235,0.07080154618157992,0.0692708810445639
001,373504527,11,144000,576000.0,4.818676322157797e-20,0.03373255975695992,0.03373255975695992,-0.06818849455450057,0.06850101658373008,0.066787514385991
001,373504527,12,156000,624000.0,-1.2046690805394494e-19,0.032559625774214486,0.032559625774214486,-0.06597944915684294,0.06598267384208656,0.06441705350394594
001,373504527,13,168000,672000.0,-7.830349023506421e-20,0.031425256742164946,0.031425256742164946,-0.06340003748173774,0.06365063085224212,0.062129168475557286
001,373504527,14,180000,720000.0,-3.0116727013486236e-20,0.030322233826842918,0.030322233826842918,-0.06091556717692177,0.06134407154978379,0.059911364320175804
001,373504527,15,192000,768000.0,0.0,0.029243944355149647,0.029243944355149647,-0.058618565850607256,0.05929684826571134,0.0577419440024175
001,373504527,16,204000,816000.0,-9.637352644315594e-20,0.028198427934072005,0.028198427934072005,-0.056401699017284174,0.05728140274264528,0.05565873082397068
001,373504527,17,216000,864000.0,-2.4093381610788986e-20,0.02720214538239122,0.02720214538239122,-0.05444974413386999,0.054752665187364075,0.0536986369446858
001,373504527,18,228000,912000.0,-4.818676322157797e-20,0.026255234144089323,0.026255234144089323,-0.05260015548989147,0.05273967199755909,0.0518042011040485
001,373504527,19,240000,960000.0,7.228014483236696e-20,0.025333776516840347,0.025333776516840347,-0.050666844659943214,0.05078484992276699,0.049949873190160886
001,373504527,20,252000,1008000.0,-9.637352644315594e-20,0.024433491601515606,0.024433491601515606,-0.04877662417383549,0.04816121973095957,0.04810998891908626
001,373504527,21,264000,1056000.0,4.818676322157797e-20,0.02355157269703792,0.02355157269703792,-0.047262606841409545,0.045898830767841674,0.046334343613987715
001,373504527,22,276000,1104000.0,2.4093381610788986e-20,0.022680852811945273,0.022680852811945273,-0.045666436942619744,0.044271263806640315,0.04459147983155944
001,373504527,23,288000,1152000.0,-1.2046690805394493e-20,0.021840131749724732,0.021840131749724732,-0.04402033474803544,0.04250137392328626,0.04291318152056182
001,373504527,24,300000,1200000.0,4.818676322157797e-20,0.021019928758532647,0.021019928758532647,-0.04248250340890284,0.04110278236616,0.04129549483787049
001,373504527,25,312000,1248000.0,0.0,0.020235127580306225,0.020235127580306225,-0.04086285450822256,0.0393913596892453,0.039755090124165615
001,373504527,26,324000,1296000.0,1.2046690805394493e-20,0.01947832506345031,0.01947832506345031,-0.03928125707091124,0.038106791481825796,0.03827784066357146
001,373504527,27,336000,1344000.0,0.0,0.018765062348090816,0.018765062348090816,-0.03786490670822835,0.03673736505185584,0.03686958732252928
001,373504527,28,348000,1392000.0,1.0842021724855044e-19,0.018077334509632306,0.018077334509632306,-0.03663965069689549,0.035385370887033814,0.035512053978174155
001,373504527,29,360000,1440000.0,-1.0842021724855044e-19,0.017418650922529002,0.017418650922529002,-0.0353140895836557,0.03418771493554957,0.03421425303203437
001,373504527,30,372000,1488000.0,-1.2046690805394493e-20,0.016783978289893926,0.016783978289893926,-0.03404200620587583,0.03298023837156587,0.03295576807493824
001,373504527,31,384000,1536000.0,7.228014483236696e-20,0.016169753776609837,0.016169753776609837,-0.032615117633007305,0.03179530763496039,0.031737083546740145
001,373504527,32,396000,1584000.0,-9.637352644315594e-20,0.015587035289100513,0.015587035289100513,-0.03131069184881458,0.030430775174303166,0.030572606948156476
001,373504527,33,408000,1632000.0,7.228014483236696e-20,0.015015189280121933,0.015015189280121933,-0.030280116250114075,0.02932810150823583,0.02942521463531117
001,373504527,34,420000,1680000.0,2.4093381610788986e-20,0.014459208621183049,0.014459208621183049,-0.029244050518818787,0.02819221758222578,0.028304954697482083
001,373504527,35,432000,1728000.0,-2.4093381610788986e-20,0.013921520930299084,0.013921520930299084,-0.028359892454534352,0.027172824558311996,0.027229967630424904
001,373504527,36,444000,1776000.0,-4.818676322157797e-20,0.013407832909178718,0.013407832909178718,-0.027325878406518626,0.026297994870617684,0.026210699403651887
001,373504527,37,456000,1824000.0,-4.818676322157797e-20,0.012913500770049295,0.012913500770049295,-0.02651431323613074,0.02525576154771494,0.025212911747921177
001,373504527,38,468000,1872000.0,2.4093381610788986e-20,0.012434102923028144,0.012434102923028144,-0.02562814526870674,0.024528458182121515,0.02423192187885956
001,373504527,39,480000,1920000.0,-3.614007241618348e-20,0.011958007599420936,0.011958007599420936,-0.024816994396159423,0.02362090562006214,0.023257164127015686
001,373504527,40,492000,1968000.0,-3.614007241618348e-20,0.011495916616247135,0.011495916616247135,-0.024034133774911055,0.02281049210573721,0.02232807392982535
001,373504527,41,504000,2016000.0,1.2046690805394493e-20,0.011050745087053952,0.011050745087053952,-0.023299912351812738,0.021874679603540812,0.0214441671864651
001,373504527,42,516000,2064000.0,-4.818676322157797e-20,0.010630605647531204,0.010630605647531204,-0.02266094837497972,0.02104397651330139,0.020614499859205087
001,373504527,43,528000,2112000.0,-1.2046690805394493e-20,0.010224205709072775,0.010224205709072775,-0.021833536204814655,0.020272076592485564,0.01981847362128043
001,373504527,44,540000,2160000.0,6.625679942966972e-20,0.009835841679101516,0.009835841679101516,-0.021157363276827622,0.019458313414982588,0.019051136106447635
001,373504527,45,552000,2208000.0,-2.4093381610788986e-20,0.009463632892051774,0.009463632892051774,-0.020404128109792277,0.01861469366927972,0.01830885693987479
001,373504527,46,564000,2256000.0,-1.2046690805394493e-20,0.00910575232339688,0.00910575232339688,-0.019644220387308644,0.017870000652781094,0.017584780917774975
001,373504527,47,576000,2304000.0,0.0,0.008757952313158478,0.008757952313158478,-0.01896538209862656,0.017103220415808466,0.016879754328794388
001,373504527,48,588000,2352000.0,-1.807003620809174e-20,0.008423850992260649,0.008423850992260649,-0.018189216380111985,0.016532057595931328,0.016199796679712452
001,373504527,49,600000,2400000.0,-6.023345402697247e-20,0.008100568402536494,0.008100568402536494,-0.01755352963545784,0.015910590526856408,0.015547564209956032
002,608706174,0,12000,48000.0,1.5660698047012842e-19,0.048792660544772985,0.048792660544772985,-0.09796060581810091,0.09780192906788926,0.0974463565670445
002,608706174,1,24000,96000.0,3.0116727013486233e-21,0.047383630961906634,0.047383630961906634,-0.09498684097490391,0.09506778156308801,0.09452795647336802
002,608706174,2,36000,144000.0,-3.57636133285149e-20,0.04592189122003659,0.04592189122003659,-0.09191301302885356,0.09214349989161125,0.09154585665394913
002,608706174,3,48000,192000.0,6.32451267283211e-20,0.04447303132106306,0.04447303132106306,-0.08947794057216298,0.08927208325328392,0.0885704569500563
002,608706174,4,60000,240000.0,-5.421010862427522e-20,0.04301772041904377,0.04301772041904377,-0.08663282865671064,0.08687605580480967,0.08562749124145082
002,608706174,5,72000,288000.0,5.421010862427522e-20,0.04158432792459215,0.04158432792459215,-0.08357369712068265,0.08378705786747667,0.08270425189566641
002,608706174,6,84000,336000.0,-2.4093381610788986e-20,0.0401847319416784,0.0401847319416784,-0.08057455499170853,0.0807642609486489,0.07984775883107081
002,608706174,7,96000,384000.0,1.807003620809174e-20,0.038803346989015663,0.038803346989015663,-0.07782749435379331,0.07789611141154663,0.07701863744631973
002,608706174,8,108000,432000.0,-3.0116727013486236e-20,0.037469149341208034,0.037469149341208034,-0.07542033365046794,0.07527610218262147,0.07431008077451629
002,608706174,9,120000,480000.0,-3.0116727013486233e-21,0.0361706778186962,0.0361706778186962,-0.07320340877154494,0.07249052287279834,0.07166121177024237
002,608706174,10,132000,528000.0,4.818676322157797e-20,0.034900564382958854,0.034900564382958854,-0.07085875683496878,0.06973928583434416,0.06907972384060904
002,608706174,11,144000,576000.0,-5.421010862427522e-20,0.033659372872721055,0.033659372872721055,-0.06848119959950526,0.06715760059500328,0.06655925337808913
002,608706174,12,156000,624000.0,-1.2046690805394493e-20,0.032457879038980335,0.032457879038980335,-0.06604983815983316,0.06451756215739463,0.0641049781531527
002,608706174,13,168000,672000.0,-4.818676322157797e-20,0.03127465293878392,0.03127465293878392,-0.06387510027683925,0.06252933924835398,0.06171146023578072
002,608706174,14,180000,720000.0,6.0233454026972465e-21,0.030140968765217404,0.030140968765217404,-0.06156708008178103,0.06027484455603473,0.05944191379374903
002,608706174,15,192000,768000.0,-3.614007241618348e-20,0.0290488488902504,0.0290488488902504,-0.05939438149353574,0.058021878514217334,0.05723197559212425
002,608706174,16,204000,816000.0,7.228014483236696e-20,0.027984415305770467,0.027984415305770467,-0.05737970593871265,0.0558892289824906,0.05509766686334269
002,608706174,17,216000,864000.0,4.216341781888073e-20,0.026948987974861734,0.026948987974861734,-0.05581558125247486,0.05387570687252028,0.05301253169206577
002,608706174,18,228000,912000.0,6.023345402697247e-20,0.025930906611003463,0.025930906611003463,-0.053949064417308346,0.05164309381974861,0.050987314345248856
002,608706174,19,240000,960000.0,-7.228014483236696e-20,0.024954452264616032,0.024954452264616032,-0.05184899407006681,0.04964724678094209,0.049054019022949216
002,608706174,20,252000,1008000.0,0.0,0.024043472155493923,0.024043472155493923,-0.05015259247491151,0.04779221705310874,0.04725770800185984
002,608706174,21,264000,1056000.0,3.614007241618348e-20,0.023173974835462314,0.023173974835462314,-0.048466289034734426,0.04612970365471416,0.045526388991852025
002,608706174,22,276000,1104000.0,-3.614007241618348e-20,0.022335008236222132,0.022335008236222132,-0.046596001502714736,0.044479095074491805,0.043848826740187356
002,608706174,23,288000,1152000.0,4.818676322157797e-20,0.02152093898739126,0.02152093898739126,-0.04504418715713388,0.042841343419345264,0.04222555455112608
002,608706174,24,300000,1200000.0,-4.818676322157797e-20,0.02071723985844913,0.02071723985844913,-0.04327902405133693,0.041163356831338586,0.040626459440600976
002,608706174,25,312000,1248000.0,-1.2046690805394493e-20,0.019946101121991296,0.019946101121991296,-0.04128412787253083,0.039508329185562914,0.03911043435764488
002,608706174,26,324000,1296000.0,2.4093381610788986e-20,0.01920348850454178,0.01920348850454178,-0.039913649502352,0.03809672583608142,0.03765253676892603
002,608706174,27,336000,1344000.0,1.2046690805394493e-20,0.0184958310550392,0.0184958310550392,-0.03829890316857613,0.03688248831128759,0.03625510749695897
002,608706174,28,348000,1392000.0,-3.614007241618348e-20,0.017817257194500995,0.017817257194500995,-0.036767634340165105,0.03535726599394539,0.03490916844853033
002,608706174,29,360000,1440000.0,6.023345402697247e-20,0.01716755657299127,0.01716755657299127,-0.03511867259157969,0.034331555422789116,0.03362988196563631
002,608706174,30,372000,1488000.0,-3.614007241618348e-20,0.016543694048551594,0.016543694048551594,-0.03378133928570946,0.03318067484425619,0.032368574653527174
002,608706174,31,384000,1536000.0,-4.818676322157797e-20,0.015934005979362613,0.015934005979362613,-0.03246145289712027,0.03216697456760988,0.031144731887050726
002,608706174,32,396000,1584000.0,2.4093381610788986e-20,0.015343199294732886,0.015343199294732886,-0.031061754190144043,0.030983805898301554,0.029957256561789936
002,608706174,33,408000,1632000.0,-6.023345402697247e-20,0.014774968233462827,0.014774968233462827,-0.02973222759144403,0.030032450853692376,0.028816801543935688
002,608706174,34,420000,1680000.0,-4.818676322157797e-20,0.01422453011574134,0.01422453011574134,-0.028660493763974063,0.029053637493040727,0.02770339314672523
002,608706174,35,432000,1728000.0,1.2046690805394494e-19,0.013686700435821141,0.013686700435821141,-0.027591751462619142,0.02808620077154731,0.02662834322585581
002,608706174,36,444000,1776000.0,4.818676322157797e-20,0.013173298810203495,0.013173298810203495,-0.026705725834044052,0.027055520411381324,0.025607733493443963
002,608706174,37,456000,1824000.0,2.4093381610788986e-20,0.012675515172771696,0.012675515172771696,-0.025424200511516865,0.02614650744461195,0.024625326314592116
002,608706174,38,468000,1872000.0,0.0,0.01220605298281339,0.01220605298281339,-0.024459683048397952,0.025319722909639568,0.023697043025928944
002,608706174,39,480000,1920000.0,-4.818676322157797e-20,0.011751172414595236,0.011751172414595236,-0.023697426858197496,0.02435442285902062,0.022791965781426646
002,608706174,40,492000,1968000.0,-3.614007241618348e-20,0.011310174714343415,0.011310174714343415,-0.022969709245145836,0.023465177788351506,0.021914876073878622
002,608706174,41,504000,2016000.0,3.614007241618348e-20,0.010891758576522272,0.010891758576522272,-0.02213565269678524,0.022703409985493493,0.021084568646932294
002,608706174,42,516000,2064000.0,1.2046690805394493e-20,0.010493796385270383,0.010493796385270383,-0.021296580264116145,0.021970482947678335,0.020287823554279962
002,608706174,43,528000,2112000.0,0.0,0.010102819189377847,0.010102819189377847,-0.02055144136541046,0.021071207205212966,0.01948752366521013
002,608706174,44,540000,2160000.0,0.0,0.009720992278610658,0.009720992278610658,-0.019632507559226648,0.020280183690706204,0.018715280676957224
002,608706174,45,552000,2208000.0,-4.818676322157797e-20,0.009352791781069732,0.009352791781069732,-0.018847689360562372,0.019563229060299312,0.017971261317117897
002,608706174,46,564000,2256000.0,8.432683563776146e-20,0.008995968694443619,0.008995968694443619,-0.018113023294825517,0.018741361315460187,0.01724256216343383
002,608706174,47,576000,2304000.0,-3.614007241618348e-20,0.008651885743822798,0.008651885743822798,-0.017374297387264922,0.018066753794983088,0.01655266968618245
002,608706174,48,588000,2352000.0,-2.4093381610788986e-20,0.008323294305418234,0.008323294305418234,-0.01656296553076021,0.017373845723270897,0.015898572617148433
002,608706174,49,600000,2400000.0,-4.818676322157797e-20,0.008006614352111396,0.008006614352111396,-0.016005039086421646,0.016688400433237913,0.015269155470923316
003,976332929,0,12000,48000.0,1.4456028966473392e-19,0.04879332734805799,0.04879332734805799,-0.09792022848954134,0.0977794250364695,0.09744136487724264
003,976332929,1,24000,96000.0,-1.5058363506743118e-20,0.047369647073380095,0.047369647073380095,-0.09489175615393464,0.09511292851507823,0.09449409150175808
003,976332929,2,36000,144000.0,-9.637352644315594e-20,0.04590020869967008,0.04590020869967008,-0.09226077427090393,0.09251307640448814,0.09148561298871076
003,976332929,3,48000,192000.0,-3.614007241618348e-20,0.044435160909826674,0.044435160909826674,-0.08949384828176743,0.08958717260086049,0.08846151456088577
003,976332929,4,60000,240000.0,-9.035018104045871e-20,0.04296335582938287,0.04296335582938287,-0.08646559334472673,0.08636805789653085,0.08544971201522095
003,976332929,5,72000,288000.0,3.614007241618348e-20,0.041514779749246576,0.041514779749246576,-0.08320502299742491,0.08393748287416826,0.08250655557424505
003,976332929,6,84000,336000.0,7.228014483236696e-20,0.0400994197457464,0.0400994197457464,-0.0800731989578718,0.08065885422514353,0.07966005341767869
003,976332929,7,96000,384000.0,0.0,0.03872823844870772,0.03872823844870772,-0.0772334796381745,0.07788709617466684,0.0769098434691248
003,976332929,8,108000,432000.0,6.0233454026972465e-21,0.03742119003189471,0.03742119003189471,-0.07461780917150808,0.07556951282121911,0.07429074275737375
003,976332929,9,120000,480000.0,-1.807003620809174e-20,0.03615314764504882,0.03615314764504882,-0.0720565853867281,0.07333708503752745,0.07170373880594899
003,976332929,10,132000,528000.0,5.722178132562385e-20,0.03491809651127765,0.03491809651127765,-0.06957192705978424,0.07051147014929933,0.06918326952596392
003,976332929,11,144000,576000.0,3.312839971483486e-20,0.033721021643551764,0.033721021643551764,-0.06712662113152158,0.06809605499910715,0.0667405664090539
003,976332929,12,156000,624000.0,-4.5175090520229353e-20,0.03256680264462971,0.03256680264462971,-0.06526210728543486,0.0658953490079116,0.06437272028543065
003,976332929,13,168000,672000.0,-9.03501810404587e-21,0.03143126724060336,0.03143126724060336,-0.06287291560733385,0.06336572663109076,0.06203070301563772
003,976332929,14,180000,720000.0,8.583267198843576e-20,0.03030345836852962,0.03030345836852962,-0.06056666042916037,0.06150618368849688,0.05971898403322124
003,976332929,15,192000,768000.0,1.310077625086651e-19,0.029205693216148843,0.029205693216148843,-0.0586661690193387,0.05933630173628876,0.05749674115786902
003,976332929,16,204000,816000.0,2.4093381610788986e-20,0.02815494902638009,0.02815494902638009,-0.05698775698641669,0.057132059608272445,0.05537760364309304
003,976332929,17,216000,864000.0,1.9425288923698622e-19,0.027154079950174884,0.027154079950174884,-0.05529152438030198,0.055519932883853124,0.05334240343967683
003,976332929,18,228000,912000.0,-1.6564199857417428e-19,0.026183980662745226,0.026183980662745226,-0.05329080442983912,0.05375501136951419,0.05139663128292807
003,976332929,19,240000,960000.0,-8.131516293641283e-20,0.02525512975294007,0.02525512975294007,-0.051322248268737436,0.051719643433092134,0.0495367400032867
003,976332929,20,252000,1008000.0,1.7618285302889447e-19,0.024346148710184392,0.024346148710184392,-0.04963062470162603,0.0498803935909361,0.04771941539887675
003,976332929,21,264000,1056000.0,1.3853694426203667e-19,0.02347187305239583,0.02347187305239583,-0.04769877522058501,0.04781197265253766,0.045984649084100424
003,976332929,22,276000,1104000.0,-3.0116727013486233e-21,0.022634570064107084,0.022634570064107084,-0.04594793209453027,0.04594556295846839,0.044303388023631936
003,976332929,23,288000,1152000.0,-8.583267198843576e-20,0.021814644485551805,0.021814644485551805,-0.04451163030948617,0.044622723664192995,0.04266296812229323
003,976332929,24,300000,1200000.0,-2.0140561190268919e-19,0.021027951535022953,0.021027951535022953,-0.04278300825306974,0.042788134185651125,0.04108893997408249
003,976332929,25,312000,1248000.0,3.614007241618348e-20,0.02026762566992824,0.02026762566992824,-0.040818254586944935,0.041402691504795905,0.03956602521019619
003,976332929,26,324000,1296000.0,7.830349023506421e-20,0.019533704220544203,0.019533704220544203,-0.03897782201254582,0.040046742656515394,0.03808475749526009
003,976332929,27,336000,1344000.0,-9.637352644315594e-20,0.018826141183037996,0.018826141183037996,-0.03774692321571619,0.03866277466491422,0.036654127089533736
003,976332929,28,348000,1392000.0,1.2046690805394493e-20,0.018132070477862992,0.018132070477862992,-0.03634791932628937,0.0372793208047796,0.03523653575309432
003,976332929,29,360000,1440000.0,1.807003620809174e-20,0.017454544005126988,0.017454544005126988,-0.03491613646111756,0.035706813406400674,0.03385603473265598
003,976332929,30,372000,1488000.0,1.264902534566422e-19,0.01678885767680906,0.01678885767680906,-0.033353201732205885,0.034466476682983145,0.032517132582794143
003,976332929,31,384000,1536000.0,6.625679942966972e-20,0.016151820450365385,0.016151820450365385,-0.03190837045700844,0.03324295084118013,0.031242775538870546
003,976332929,32,396000,1584000.0,-4.818676322157797e-20,0.015538762544186388,0.015538762544186388,-0.030729352401762222,0.03185596934297141,0.030030084660531142
003,976332929,33,408000,1632000.0,-1.0842021724855044e-19,0.014961426579048025,0.014961426579048025,-0.0295849512509919,0.030680429525172637,0.028886982284975948
003,976332929,34,420000,1680000.0,-1.2046690805394493e-20,0.014407885159159061,0.014407885159159061,-0.028379215744533594,0.02949043981448316,0.02777540095272723
003,976332929,35,432000,1728000.0,-4.818676322157797e-20,0.013870620017061753,0.013870620017061753,-0.027336597970342998,0.0283316613689378,0.026680922693606442
003,976332929,36,444000,1776000.0,-8.432683563776146e-20,0.013357196986051405,0.013357196986051405,-0.026550831873562945,0.027242259716957904,0.025640799694388487
003,976332929,37,456000,1824000.0,6.023345402697247e-20,0.01285708537393578,0.01285708537393578,-0.02570873395796454,0.02614762295169234,0.02462028499156252
003,976332929,38,468000,1872000.0,-6.023345402697247e-20,0.012374821225979845,0.012374821225979845,-0.024994854401759487,0.024963215925638847,0.023632468547098807
003,976332929,39,480000,1920000.0,-1.3251359885933944e-19,0.011900968168276372,0.011900968168276372,-0.02406467883728417,0.02393618523967209,0.022661254406453755
003,976332929,40,492000,1968000.0,3.614007241618348e-20,0.01143537382446808,0.01143537382446808,-0.023117210554913045,0.022808712824917997,0.021723013376285055
003,976332929,41,504000,2016000.0,9.637352644315594e-20,0.010988943501380462,0.010988943501380462,-0.022303910490565508,0.021895133949384707,0.0208362369883535
003,976332929,42,516000,2064000.0,1.2046690805394494e-19,0.010564017961744903,0.010564017961744903,-0.021326916036748304,0.020990555609909898,0.019991167790328248
003,976332929,43,528000,2112000.0,-2.4093381610788986e-20,0.010156634710877216,0.010156634710877216,-0.020629931749474886,0.020281918228444374,0.019178333947157164
003,976332929,44,540000,2160000.0,1.0842021724855044e-19,0.009772894198088232,0.009772894198088232,-0.019864008447767516,0.019474932906169976,0.01841750583271965
003,976332929,45,552000,2208000.0,-4.818676322157797e-20,0.009399911623447771,0.009399911623447771,-0.01909612509251241,0.018670938681335594,0.017678171870991837
003,976332929,46,564000,2256000.0,-4.818676322157797e-20,0.00903971690397074,0.00903971690397074,-0.01840974496320201,0.017972544081623215,0.016973862523097388
003,976332929,47,576000,2304000.0,0.0,0.008697709676679351,0.008697709676679351,-0.017617577843512394,0.01742883650434607,0.01630151015082397
003,976332929,48,588000,2352000.0,-2.4093381610788986e-20,0.008375752734295696,0.008375752734295696,-0.016984365984967727,0.016763126745168895,0.01566308370738196
003,976332929,49,600000,2400000.0,7.228014483236696e-20,0.00806758925400609,0.00806758925400609,-0.016352007701960613,0.016130690529801747,0.015033005941761261
004,2062630329,0,12000,48000.0,1.4757196236608255e-19,0.04877759103027866,0.04877759103027866,-0.09801157539231413,0.0977956911966409,0.09739803541572246
004,2062630329,1,24000,96000.0,1.807003620809174e-20,0.0473432761264309,0.0473432761264309,-0.09510201339105162,0.09498730408199416,0.09445651345236883
004,2062630329,2,36000,144000.0,9.035018104045871e-20,0.04590400990695375,0.04590400990695375,-0.09225659536692025,0.09225762120732992,0.09152563439682786
004,2062630329,3,48000,192000.0,-1.0842021724855044e-19,0.044465921487709274,0.044465921487709274,-0.08937222326089027,0.08933823496825154,0.08859495735044147
004,2062630329,4,60000,240000.0,3.614007241618348e-20,0.04304431760678443,0.04304431760678443,-0.08668882321816418,0.0863897742660889,0.08571395799633628
004,2062630329,5,72000,288000.0,5.1198435922926597e-20,0.041641792603150526,0.041641792603150526,-0.08367798171876263,0.08383672892572883,0.08283778305592447
004,2062630329,6,84000,336000.0,6.47509630789954e-20,0.04023586061877174,0.04023586061877174,-0.0807171756461349,0.08135421425198633,0.07995065050732926
004,2062630329,7,96000,384000.0,-1.4907779871675686e-19,0.0388569646900241,0.0388569646900241,-0.07789247547873425,0.07865610353581066,0.07715020020115898
004,2062630329,8,108000,432000.0,-9.03501810404587e-21,0.037535739919456766,0.037535739919456766,-0.0754661760992313,0.07602495761555025,0.0744596135786325
004,2062630329,9,120000,480000.0,-3.614007241618348e-20,0.036237042602977686,0.036237042602977686,-0.0726677347980831,0.07344612756925867,0.0718113785636802
004,2062630329,10,132000,528000.0,4.216341781888073e-20,0.03497995829889864,0.03497995829889864,-0.06982216702482888,0.07092841344977255,0.06921986023259087
004,2062630329,11,144000,576000.0,-1.2046690805394493e-20,0.03373835443557331,0.03373835443557331,-0.06749072621315577,0.06845602423616451,0.06666564937541435
004,2062630329,12,156000,624000.0,1.2046690805394493e-20,0.03251832532032922,0.03251832532032922,-0.06491661522563316,0.06638048920470421,0.06415493258107549
004,2062630329,13,168000,672000.0,1.0842021724855044e-19,0.03132950343592562,0.03132950343592562,-0.06256779152183863,0.06364927016048873,0.0617242135006461
004,2062630329,14,180000,720000.0,2.4093381610788986e-20,0.03017993632031393,0.03017993632031393,-0.06013965741176854,0.06123088331197597,0.05935753844871784
004,2062630329,15,192000,768000.0,-1.5660698047012842e-19,0.029048971263176907,0.029048971263176907,-0.05791272894755307,0.05869016066527376,0.05704263900492463
004,2062630329,16,204000,816000.0,1.6865367127552291e-19,0.027953322466749465,0.027953322466749465,-0.055862087228893416,0.056362763111696,0.05482943694728392
004,2062630329,17,216000,864000.0,0.0,0.026889827849038955,0.026889827849038955,-0.05422584166436215,0.054214782860979284,0.05268715373979799
004,2062630329,18,228000,912000.0,-7.228014483236696e-20,0.02586758639159781,0.02586758639159781,-0.05255243673290388,0.051870525721987935,0.05065382553743105
004,2062630329,19,240000,960000.0,0.0,0.02489832550626828,0.02489832550626828,-0.050854506494854367,0.049901866328144424,0.04873532419317509
004,2062630329,20,252000,1008000.0,-7.228014483236696e-20,0.02396392349520199,0.02396392349520199,-0.04928832617982049,0.04809608429453339,0.046874736468998694
004,2062630329,21,264000,1056000.0,-1.4456028966473392e-19,0.023075754516217455,0.023075754516217455,-0.047699909537399096,0.04606645643843989,0.04509200023442476
004,2062630329,22,276000,1104000.0,2.4093381610788986e-20,0.022221621554265675,0.022221621554265675,-0.04632387588215456,0.04428307529703794,0.04339818621177771
004,2062630329,23,288000,1152000.0,4.818676322157797e-20,0.021413393458210635,0.021413393458210635,-0.0447754325420109,0.042767094639261545,0.04180347052475227
004,2062630329,24,300000,1200000.0,-2.4093381610788986e-20,0.020632138759770647,0.020632138759770647,-0.043264180263712544,0.04125267225478721,0.04024016457282784
004,2062630329,25,312000,1248000.0,4.818676322157797e-20,0.01987626100920634,0.01987626100920634,-0.041506720436538865,0.040121650524364706,0.0387171420579781
004,2062630329,26,324000,1296000.0,-1.6865367127552291e-19,0.019154417230445003,0.019154417230445003,-0.04023717677033035,0.038590841653233725,0.037297827756615186
004,2062630329,27,336000,1344000.0,-1.2046690805394494e-19,0.018482789970752516,0.018482789970752516,-0.03891601243301749,0.03711104861012768,0.03596920543955504
004,2062630329,28,348000,1392000.0,-9.637352644315594e-20,0.01783296983208636,0.01783296983208636,-0.037643848370107036,0.03560891745654046,0.03466685409917005
004,2062630329,29,360000,1440000.0,2.4093381610788986e-20,0.017195993173248412,0.017195993173248412,-0.03638116998175601,0.03434020452200353,0.033395908748823165
004,2062630329,30,372000,1488000.0,-3.614007241618348e-20,0.016586355055564106,0.016586355055564106,-0.03523737290406635,0.032997604401878766,0.0321765107992234
004,2062630329,31,384000,1536000.0,6.023345402697247e-20,0.015998675890874843,0.015998675890874843,-0.034084760034681326,0.03203419321291636,0.03101480704789197
004,2062630329,32,396000,1584000.0,4.818676322157797e-20,0.015434937745847846,0.015434937745847846,-0.03293838220208072,0.03091059653809342,0.02989483009476323
004,2062630329,33,408000,1632000.0,-4.818676322157797e-20,0.014882318681718038,0.014882318681718038,-0.03135245867163859,0.029930188702279596,0.02878941279606981
004,2062630329,34,420000,1680000.0,4.818676322157797e-20,0.014350087879275778,0.014350087879275778,-0.030131399670430742,0.028977998549224143,0.027725542553297292
004,2062630329,35,432000,1728000.0,1.2046690805394493e-20,0.013828686721894459,0.013828686721894459,-0.02897732338076412,0.027949898450615004,0.026692051236347044
004,2062630329,36,444000,1776000.0,-6.023345402697247e-20,0.01332688109264559,0.01332688109264559,-0.027713616892866482,0.026840141558543588,0.025695339649927932
004,2062630329,37,456000,1824000.0,-1.2046690805394493e-20,0.012841133482356867,0.012841133482356867,-0.02655248548528441,0.025797810339724808,0.02473190157693226
004,2062630329,38,468000,1872000.0,-6.023345402697247e-20,0.012373958826737233,0.012373958826737233,-0.02543656211810542,0.024852485705734673,0.02381766283880752
004,2062630329,39,480000,1920000.0,4.818676322157797e-20,0.011928040645565156,0.011928040645565156,-0.024433827824060665,0.02409053125477818,0.022935273498847802
004,2062630329,40,492000,1968000.0,0.0,0.011498148086763376,0.011498148086763376,-0.023536275719345634,0.02322534068639978,0.022080056138863886
004,2062630329,41,504000,2016000.0,0.0,0.011078826531216607,0.011078826531216607,-0.0226912018744758,0.02232522740780656,0.021240318191985023
004,2062630329,42,516000,2064000.0,-4.818676322157797e-20,0.010669672189379238,0.010669672189379238,-0.022026101090701144,0.02139675354955744,0.02041793389484362
004,2062630329,43,528000,2112000.0,-2.4093381610788986e-20,0.010262974976214216,0.010262974976214216,-0.021276724082345065,0.02048168711654958,0.01961426365702577
004,2062630329,44,540000,2160000.0,-3.614007241618348e-20,0.009878889300977658,0.009878889300977658,-0.02055840428423841,0.019731933519887643,0.0188494626399496
004,2062630329,45,552000,2208000.0,-6.023345402697247e-20,0.009513696954037063,0.009513696954037063,-0.019737315027498932,0.01906223078077247,0.018114494696885537
004,2062630329,46,564000,2256000.0,2.4093381610788986e-20,0.009158208566619563,0.009158208566619563,-0.01907426166445957,0.018567185330020566,0.017393744312490446
004,2062630329,47,576000,2304000.0,-1.2046690805394493e-20,0.008808577652105664,0.008808577652105664,-0.018366534979242354,0.017952532403660786,0.016688974288736502
004,2062630329,48,588000,2352000.0,0.0,0.00846203166119117,0.00846203166119117,-0.017555805151251526,0.017393631025137357,0.0159978815874696
004,2062630329,49,600000,2400000.0,3.614007241618348e-20,0.00812756958541972,0.00812756958541972,-0.016769106320947823,0.01671479414500518,0.01533805407353319
005,2001013568,0,12000,48000.0,7.077430848169265e-20,0.04879377300338118,0.04879377300338118,-0.09783238194790726,0.09783873773057451,0.097439811107803
005,2001013568,1,24000,96000.0,-4.216341781888073e-20,0.04736619834565057,0.04736619834565057,-0.09541113443219862,0.0952572435180894,0.09448750841759819
005,2001013568,2,36000,144000.0,1.9124121653563758e-19,0.0459022794409982,0.0459022794409982,-0.09251286399399228,0.09225571583189467,0.09149374071971453
005,2001013568,3,48000,192000.0,3.614007241618348e-20,0.04443867701118064,0.04443867701118064,-0.08984149900468187,0.089492968354443,0.08849689039037777
005,2001013568,4,60000,240000.0,1.2046690805394493e-20,0.04298763723912424,0.04298763723912424,-0.08648956864044798,0.08659822214088238,0.08550792214411211
005,2001013568,5,72000,288000.0,-1.3251359885933944e-19,0.04155249145337943,0.04155249145337943,-0.08391498462310615,0.08343659302180166,0.08257000214581206
005,2001013568,6,84000,336000.0,-1.4456028966473392e-19,0.04013307330584397,0.04013307330584397,-0.08121579250276327,0.08065564522028369,0.07968134085481916
005,2001013568,7,96000,384000.0,-7.228014483236696e-20,0.03875440373060605,0.03875440373060605,-0.07898222388192727,0.07794084087031262,0.07689623613478351
005,2001013568,8,108000,432000.0,2.288871253024954e-19,0.037403900908497136,0.037403900908497136,-0.07617119539835464,0.07480661540789176,0.07414446114902502
005,2001013568,9,120000,480000.0,3.614007241618348e-20,0.03609024551008126,0.03609024551008126,-0.07376438696869105,0.07289261708512666,0.07147106359270959
005,2001013568,10,132000,528000.0,7.228014483236696e-20,0.03480109810515076,0.03480109810515076,-0.07135617973255777,0.07027801752969226,0.06881684666660064
005,2001013568,11,144000,576000.0,-2.4093381610788986e-20,0.03355748656679941,0.03355748656679941,-0.06895811648298242,0.06778223775654445,0.06625890135303639
005,2001013568,12,156000,624000.0,-9.486769009248164e-20,0.03234939150039427,0.03234939150039427,-0.0670065094428797,0.06545647451629025,0.06378238436303142
005,2001013568,13,168000,672000.0,-1.144435626512477e-19,0.031184748174688158,0.031184748174688158,-0.06407265213091051,0.06294614035504895,0.06140413861698885
005,2001013568,14,180000,720000.0,4.216341781888073e-20,0.030061709642305506,0.030061709642305506,-0.061400548411002134,0.06082513007289024,0.05911412746774485
005,2001013568,15,192000,768000.0,4.5175090520229353e-20,0.028954993450073692,0.028954993450073692,-0.059007119854873724,0.05850633258467645,0.05686238945054973
005,2001013568,16,204000,816000.0,2.1081708909440364e-20,0.027889458954012642,0.027889458954012642,-0.056228276845636825,0.05650947831247555,0.05468757893350066
005,2001013568,17,216000,864000.0,-9.938519914450457e-20,0.026845337976558543,0.026845337976558543,-0.05394623055525438,0.0544539948851443,0.0525530456936328
005,2001013568,18,228000,912000.0,-8.432683563776146e-20,0.02583563649131687,0.02583563649131687,-0.05209021240366777,0.052744174550453625,0.05050512397647519
005,2001013568,19,240000,960000.0,2.0479374369170639e-19,0.024869850947310174,0.024869850947310174,-0.050151129494363955,0.05087612269690614,0.048525938946492306
005,2001013568,20,252000,1008000.0,-9.637352644315594e-20,0.023919375370438846,0.023919375370438846,-0.04847456578827163,0.04894199703262875,0.046610809634781494
005,2001013568,21,264000,1056000.0,-1.264902534566422e-19,0.022999197108815303,0.022999197108815303,-0.046680971108377774,0.04694727642844635,0.044772199623156296
005,2001013568,22,276000,1104000.0,-1.2046690805394493e-20,0.02212030986651291,0.02212030986651291,-0.04504674178887545,0.04501033002406889,0.04304053245176651
005,2001013568,23,288000,1152000.0,1.144435626512477e-19,0.021277876054202772,0.021277876054202772,-0.04320344605071658,0.04377939909044963,0.04136723061973874
005,2001013568,24,300000,1200000.0,1.6865367127552291e-19,0.02047170507727392,0.02047170507727392,-0.04151031780664834,0.04238984291368989,0.039762970539818
005,2001013568,25,312000,1248000.0,8.432683563776146e-20,0.019706452600444485,0.019706452600444485,-0.039969796487473466,0.04107538767035798,0.038259549393469004
005,2001013568,26,324000,1296000.0,-3.614007241618348e-20,0.018976612151631114,0.018976612151631114,-0.03849289406433416,0.039386141974937304,0.03681475369015484
005,2001013568,27,336000,1344000.0,-1.2046690805394493e-20,0.01826546001860192,0.01826546001860192,-0.03673813067948296,0.038122195655184266,0.03542224053217052
005,2001013568,28,348000,1392000.0,4.216341781888073e-20,0.017584148416941683,0.017584148416941683,-0.035424472908815924,0.03675125461412919,0.034095385051917414
005,2001013568,29,360000,1440000.0,2.4093381610788986e-20,0.01692944083447287,0.01692944083447287,-0.034135428370659096,0.03536451756392958,0.03281872148409334
005,2001013568,30,372000,1488000.0,-4.216341781888073e-20,0.016304305292190777,0.016304305292190777,-0.032847252941574194,0.034011226606348706,0.031593423738189595
005,2001013568,31,384000,1536000.0,5.421010862427522e-20,0.015700561193786242,0.015700561193786242,-0.03166015768729103,0.03272350911335588,0.03039842576492112
005,2001013568,32,396000,1584000.0,3.0116727013486236e-20,0.015117053897485066,0.015117053897485066,-0.030680283842314075,0.03164123359051715,0.029265530697315287
005,2001013568,33,408000,1632000.0,5.1198435922926597e-20,0.014564638427626482,0.014564638427626482,-0.029623884389064818,0.03057377364002037,0.028196678895459976
005,2001013568,34,420000,1680000.0,1.5058363506743118e-20,0.014036612794459767,0.014036612794459767,-0.028680040870853844,0.029590621067359126,0.027163919184738344
005,2001013568,35,432000,1728000.0,2.710505431213761e-20,0.013519581724339326,0.013519581724339326,-0.027553123233659903,0.028680283538388435,0.026146668832549486
005,2001013568,36,444000,1776000.0,-6.625679942966972e-20,0.013016751816158717,0.013016751816158717,-0.026616631187347667,0.027839682028716922,0.02516411974694139
005,2001013568,37,456000,1824000.0,1.174552353525963e-19,0.012535672947036386,0.012535672947036386,-0.02564621708494157,0.02681828338819211,0.02422601342874179
005,2001013568,38,468000,1872000.0,0.0,0.012074589568535498,0.012074589568535498,-0.024667774478407,0.025848650559580674,0.023310662619059334
005,2001013568,39,480000,1920000.0,3.0116727013486236e-20,0.011629375506704908,0.011629375506704908,-0.023850012451361435,0.025015267960190372,0.02242770976811836
005,2001013568,40,492000,1968000.0,-6.023345402697247e-20,0.01120214104757728,0.01120214104757728,-0.022981737538424443,0.02411660707086979,0.02156703420764536
005,2001013568,41,504000,2016000.0,3.614007241618348e-20,0.010783063321268264,0.010783063321268264,-0.022123103084610355,0.023331235578059946,0.02072779951740762
005,2001013568,42,516000,2064000.0,6.625679942966972e-20,0.01038352457306992,0.01038352457306992,-0.02130691853884413,0.022461213649101888,0.019926555387523262
005,2001013568,43,528000,2112000.0,-7.830349023506421e-20,0.009993858094199962,0.009993858094199962,-0.020405366319147942,0.021497557664480426,0.019150847997167004
005,2001013568,44,540000,2160000.0,0.0,0.009618639731705838,0.009618639731705838,-0.019546324762238255,0.020727844948715914,0.018400095318561804
005,2001013568,45,552000,2208000.0,-3.0116727013486236e-20,0.009258011391678292,0.009258011391678292,-0.01880521558880216,0.019845151025719734,0.01768880897647703
005,2001013568,46,564000,2256000.0,1.2046690805394493e-20,0.008915396183244193,0.008915396183244193,-0.017968548703675192,0.019106663532548727,0.017020272758715566
005,2001013568,47,576000,2304000.0,-1.807003620809174e-20,0.008586693763410761,0.008586693763410761,-0.017273551080924855,0.01838063937763073,0.01637319800250156
005,2001013568,48,588000,2352000.0,-1.2046690805394493e-20,0.00826621038470671,0.00826621038470671,-0.016717503792487067,0.01770645722620152,0.01573080279092594
005,2001013568,49,600000,2400000.0,8.432683563776146e-20,0.007956678516121161,0.007956678516121161,-0.016171834504199296,0.016989239404921794,0.015114160631264587
006,344077551,0,12000,48000.0,1.2046690805394493e-20,0.04879605537416834,0.04879605537416834,-0.09790538069750371,0.09771967405983126,0.09745058957991723
006,344077551,1,24000,96000.0,-6.0233454026972465e-21,0.04737509288518803,0.04737509288518803,-0.09492716544734556,0.09487571785986325,0.09450535384037145
006,344077551,2,36000,144000.0,1.2046690805394493e-20,0.04590846165181309,0.04590846165181309,-0.09197897415922875,0.0921951503948793,0.09149820711829722
006,344077551,3,48000,192000.0,1.2046690805394493e-20,0.04445922182590953,0.04445922182590953,-0.08924668055478051,0.08935760093536993,0.08853139393243989
006,344077551,4,60000,240000.0,-7.228014483236696e-20,0.04302266986156131,0.04302266986156131,-0.08672516523733441,0.08673259013807479,0.08558508021872284
006,344077551,5,72000,288000.0,-2.4093381610788986e-20,0.04158050104688344,0.04158050104688344,-0.08388925254971207,0.08383622030773487,0.08263400486836052
006,344077551,6,84000,336000.0,1.2046690805394493e-20,0.04018682492072242,0.04018682492072242,-0.08108446169033698,0.08144632568755426,0.07977649757035402
006,344077551,7,96000,384000.0,6.0233454026972465e-21,0.03882572106438029,0.03882572106438029,-0.07807406760556078,0.07798732747747146,0.07700963388264385
006,344077551,8,108000,432000.0,-8.432683563776146e-20,0.03751213210872667,0.03751213210872667,-0.07535230889212569,0.07536828281349443,0.07433281450182168
006,344077551,9,120000,480000.0,0.0,0.036222215632044974,0.036222215632044974,-0.07252439862997652,0.07327471901522892,0.07169782673243892
006,344077551,10,132000,528000.0,-4.818676322157797e-20,0.03496228922334473,0.03496228922334473,-0.07026566712137043,0.07076204126235063,0.06913142440021106
006,344077551,11,144000,576000.0,-2.4093381610788986e-20,0.03373343955128941,0.03373343955128941,-0.06781040591625175,0.06779656420860328,0.06664689420487621
006,344077551,12,156000,624000.0,9.637352644315594e-20,0.03252764634737084,0.03252764634737084,-0.0652425633077241,0.06563329271224942,0.0641930864529539
006,344077551,13,168000,672000.0,2.4093381610788986e-20,0.03135253538847119,0.03135253538847119,-0.06307753708971922,0.06365546891606977,0.061801332973190806
006,344077551,14,180000,720000.0,-6.023345402697247e-20,0.030204424583782297,0.030204424583782297,-0.06083512137650715,0.06142135985688705,0.059479196214153256
006,344077551,15,192000,768000.0,-3.614007241618348e-20,0.029092271308301245,0.029092271308301245,-0.058689394856168024,0.05903829434340783,0.05721771767841812
006,344077551,16,204000,816000.0,-4.818676322157797e-20,0.02800488194518807,0.02800488194518807,-0.056660799270654455,0.056927986011768454,0.05499907879467393
006,344077551,17,216000,864000.0,3.614007241618348e-20,0.02694729991260452,0.02694729991260452,-0.054668148776775685,0.05470417935578768,0.05285463285876174
006,344077551,18,228000,912000.0,0.0,0.025941875656689584,0.025941875656689584,-0.05265334840752672,0.05256690137262865,0.050822710760548784
006,344077551,19,240000,960000.0,-4.818676322157797e-20,0.024972561675709194,0.024972561675709194,-0.050538148241987095,0.05014342798893264,0.04886543403513631
006,344077551,20,252000,1008000.0,-8.432683563776146e-20,0.024043084308478985,0.024043084308478985,-0.04889239896617175,0.048560057008722554,0.04697178100620236
006,344077551,21,264000,1056000.0,-9.637352644315594e-20,0.023147986565112726,0.023147986565112726,-0.04723393647712409,0.04685938884095677,0.04515547336824945
006,344077551,22,276000,1104000.0,8.432683563776146e-20,0.022284296514907074,0.022284296514907074,-0.044947053264334666,0.044872823725339135,0.04339830339511831
006,344077551,23,288000,1152000.0,-1.0842021724855044e-19,0.021440906963833977,0.021440906963833977,-0.043182559216625796,0.043220700812487516,0.04167653784202687
006,344077551,24,300000,1200000.0,1.6865367127552291e-19,0.020625720050246512,0.020625720050246512,-0.04164943558588042,0.041488893336272,0.0399996176314393
006,344077551,25,312000,1248000.0,6.023345402697247e-20,0.019830550956740394,0.019830550956740394,-0.04011882084158788,0.03993665198963099,0.03836860373553399
006,344077551,26,324000,1296000.0,-3.614007241618348e-20,0.01906596874686458,0.01906596874686458,-0.038882767708011245,0.03853080666406954,0.03682011531857532
006,344077551,27,336000,1344000.0,3.614007241618348e-20,0.01833217443202704,0.01833217443202704,-0.03753045934203769,0.037065504697644316,0.03532524044749106
006,344077551,28,348000,1392000.0,-1.3251359885933944e-19,0.017638012675821668,0.017638012675821668,-0.035939936949896605,0.03549731447394788,0.03388993844868044
006,344077551,29,360000,1440000.0,1.2046690805394494e-19,0.01696665004056559,0.01696665004056559,-0.034411085565502375,0.034306260709710226,0.03251273627617522
006,344077551,30,372000,1488000.0,-1.2046690805394493e-20,0.01631943071878731,0.01631943071878731,-0.03310609948658526,0.03319114325980731,0.031197346878133345
006,344077551,31,384000,1536000.0,1.2046690805394493e-20,0.01569749362200926,0.01569749362200926,-0.03200404875424765,0.03213420343860583,0.029946832018102942
006,344077551,32,396000,1584000.0,-4.818676322157797e-20,0.01510012906573699,0.01510012906573699,-0.030274769325983768,0.03084106636342348,0.028749582479321342
006,344077551,33,408000,1632000.0,8.432683563776146e-20,0.014536946113160728,0.014536946113160728,-0.029092484312019856,0.029661651621652813,0.027618857188750245
006,344077551,34,420000,1680000.0,3.614007241618348e-20,0.013992610731944598,0.013992610731944598,-0.028053147153914163,0.028619633308673235,0.02651513453776708
006,344077551,35,432000,1728000.0,-9.637352644315594e-20,0.013464914108613993,0.013464914108613993,-0.02689149747097517,0.027600197410723223,0.025449938884450934
006,344077551,36,444000,1776000.0,-9.637352644315594e-20,0.012945381117989794,0.012945381117989794,-0.025627522752382028,0.026699320056048588,0.024399130053405833
006,344077551,37,456000,1824000.0,3.0116727013486236e-20,0.012434638417171542,0.012434638417171542,-0.024713056630696534,0.025710748722853595,0.023369207319998538
006,344077551,38,468000,1872000.0,3.614007241618348e-20,0.011942237404971393,0.011942237404971393,-0.0237516241207221,0.024509266206393456,0.02239466924865743
006,344077551,39,480000,1920000.0,4.818676322157797e-20,0.011472168618642977,0.011472168618642977,-0.02268775633041184,0.023404173834864716,0.02145828095672054
006,344077551,40,492000,1968000.0,-3.614007241618348e-20,0.011021032203452798,0.011021032203452798,-0.021964849488289223,0.02257009749538226,0.02055607918085023
006,344077551,41,504000,2016000.0,0.0,0.01059222835092312,0.01059222835092312,-0.021167924013358378,0.02172261487599578,0.019686410976594498
006,344077551,42,516000,2064000.0,4.818676322157797e-20,0.010181068637625898,0.010181068637625898,-0.020345920709319947,0.02086434789001657,0.01885246964591665
006,344077551,43,528000,2112000.0,1.2046690805394493e-20,0.00978816902657452,0.00978816902657452,-0.019616766970124253,0.020067143555976066,0.018060922520257726
006,344077551,44,540000,2160000.0,2.4093381610788986e-20,0.00941066765736652,0.00941066765736652,-0.01891925169676939,0.019536946714972053,0.017310068052973304
006,344077551,45,552000,2208000.0,4.818676322157797e-20,0.009044717198239634,0.009044717198239634,-0.018220175986211156,0.018917777764730623,0.016588157338717994
006,344077551,46,564000,2256000.0,5.421010862427522e-20,0.008694397580592745,0.008694397580592745,-0.01758907821912936,0.01839168581483278,0.015887077818095712
006,344077551,47,576000,2304000.0,-1.3853694426203667e-19,0.008358836821968921,0.008358836821968921,-0.016951454650631057,0.017888528391844394,0.015217587391884755
006,344077551,48,588000,2352000.0,3.614007241618348e-20,0.008037465938741283,0.008037465938741283,-0.016301475642766156,0.01731241125845057,0.014563415770580485
006,344077551,49,600000,2400000.0,-2.4093381610788986e-20,0.007720492334579349,0.007720492334579349,-0.015628133911286528,0.016689132127682117,0.013932969258244266
007,1365869679,0,12000,48000.0,-1.4456028966473392e-19,0.048794092443307895,0.048794092443307895,-0.09799565260550125,0.09794008678417979,0.09743584758769583
007,1365869679,1,24000,96000.0,2.228637798997981e-19,0.047356275600736304,0.047356275600736304,-0.09521044582613727,0.0951073299221498,0.09446677833105936
007,1365869679,2,36000,144000.0,-3.0116727013486236e-20,0.045888081485941055,0.045888081485941055,-0.09221715869101818,0.09214509572317625,0.09144737854247867
007,1365869679,3,48000,192000.0,6.023345402697247e-20,0.044412474195307895,0.044412474195307895,-0.08919727394950049,0.08952673875907619,0.08841820138406822
007,1365869679,4,60000,240000.0,1.2046690805394493e-20,0.042950174457258176,0.042950174457258176,-0.08600295168617474,0.08603725252829371,0.08542953406485086
007,1365869679,5,72000,288000.0,5.421010862427522e-20,0.04151576581237201,0.04151576581237201,-0.08321283707903197,0.08328481073666467,0.08251307177785164
007,1365869679,6,84000,336000.0,1.2046690805394493e-20,0.040094696920654156,0.040094696920654156,-0.08041970411586578,0.08043872804006383,0.07960733708157701
007,1365869679,7,96000,384000.0,-4.216341781888073e-20,0.03871113369558178,0.03871113369558178,-0.07785148401284984,0.07764580072782995,0.07678641811160081
007,1365869679,8,108000,432000.0,6.023345402697247e-20,0.03736418035352843,0.03736418035352843,-0.07492331643551887,0.07551352677171302,0.0740394059002603
007,1365869679,9,120000,480000.0,-7.228014483236696e-20,0.036047727788273795,0.036047727788273795,-0.07226925879811551,0.0727514993336298,0.07137373096767283
007,1365869679,10,132000,528000.0,3.614007241618348e-20,0.034789291595608215,0.034789291595608215,-0.06973517260850676,0.06972194804567218,0.06882010941423773
007,1365869679,11,144000,576000.0,-7.228014483236696e-20,0.0335437295148519,0.0335437295148519,-0.0671554495276544,0.0669109991457451,0.06629600156290731
007,1365869679,12,156000,624000.0,-1.2046690805394493e-20,0.032337132385983874,0.032337132385983874,-0.06497475513619075,0.06488910930204306,0.06385942944709104
007,1365869679,13,168000,672000.0,6.0233454026972465e-21,0.031177171440607353,0.031177171440607353,-0.06298537318798367,0.06273623190514968,0.06152409652028032
007,1365869679,14,180000,720000.0,-4.818676322157797e-20,0.03004720235266574,0.03004720235266574,-0.060902932163044876,0.0604809823582349,0.059267277398020006
007,1365869679,15,192000,768000.0,-7.228014483236696e-20,0.028955805844893327,0.028955805844893327,-0.05898501072227609,0.05869887979413448,0.05707719346391798
007,1365869679,16,204000,816000.0,0.0,0.027895929989886496,0.027895929989886496,-0.05671507538114148,0.05632126878631575,0.05493619332098249
007,1365869679,17,216000,864000.0,-7.228014483236696e-20,0.026863854581284947,0.026863854581284947,-0.055089130320481516,0.054478437349802664,0.05285315421284018
007,1365869679,18,228000,912000.0,-9.637352644315594e-20,0.02587438578090833,0.02587438578090833,-0.052986065624282985,0.052335685060592434,0.05084149919610632
007,1365869679,19,240000,960000.0,-2.4093381610788986e-20,0.024912636373914904,0.024912636373914904,-0.051118133728825246,0.050291995626069404,0.048886557734144104
007,1365869679,20,252000,1008000.0,4.818676322157797e-20,0.023972868411826154,0.023972868411826154,-0.04948421817254252,0.04840820663321222,0.04699410593037547
007,1365869679,21,264000,1056000.0,-2.4093381610788986e-20,0.02308915516373165,0.02308915516373165,-0.04761666449592245,0.04683854299138327,0.04522159769658434
007,1365869679,22,276000,1104000.0,3.614007241618348e-20,0.02223630117139438,0.02223630117139438,-0.04568201487152528,0.04503048563857004,0.04348889122860305
007,1365869679,23,288000,1152000.0,-4.216341781888073e-20,0.021411719484804963,0.021411719484804963,-0.04409075753781136,0.04316054707286517,0.04180826609266855
007,1365869679,24,300000,1200000.0,8.432683563776146e-20,0.02060663316325789,0.02060663316325789,-0.04270799486375604,0.041660884098429024,0.04018899848597327
007,1365869679,25,312000,1248000.0,-2.1081708909440364e-20,0.01983338360670592,0.01983338360670592,-0.04111359347105554,0.040187223986904975,0.03863515147390198
007,1365869679,26,324000,1296000.0,6.32451267283211e-20,0.019093496552387606,0.019093496552387606,-0.03974242990939326,0.03877518909158738,0.03715861211011875
007,1365869679,27,336000,1344000.0,2.4093381610788986e-20,0.018388979867931674,0.018388979867931674,-0.03815326536583876,0.03710636782800882,0.03575205150360785
007,1365869679,28,348000,1392000.0,-4.818676322157797e-20,0.017712836716347602,0.017712836716347602,-0.03670493593170283,0.03582745727865335,0.034413115828559514
007,1365869679,29,360000,1440000.0,3.614007241618348e-20,0.017056552336650203,0.017056552336650203,-0.0350843871473516,0.0345896740216995,0.033116424248049746
007,1365869679,30,372000,1488000.0,-2.4093381610788986e-20,0.016414730130563392,0.016414730130563392,-0.03374756744159864,0.03334488662957323,0.03183449722752173
007,1365869679,31,384000,1536000.0,3.614007241618348e-20,0.015788103701034124,0.015788103701034124,-0.0326297874260716,0.03189002908126926,0.03059959224424552
007,1365869679,32,396000,1584000.0,4.818676322157797e-20,0.015196811084970048,0.015196811084970048,-0.03139951861733656,0.03047168724115951,0.029417023807604505
007,1365869679,33,408000,1632000.0,-7.228014483236696e-20,0.01462748583886012,0.01462748583886012,-0.030139161598578754,0.02948954203776754,0.028293312974347094
007,1365869679,34,420000,1680000.0,4.216341781888073e-20,0.014076971659075609,0.014076971659075609,-0.029041183560464867,0.028599056832206954,0.027205493805431063
007,1365869679,35,432000,1728000.0,-6.625679942966972e-20,0.013555327851100295,0.013555327851100295,-0.027926269978180877,0.02769255525026161,0.026163872084336483
007,1365869679,36,444000,1776000.0,-6.023345402697247e-20,0.013045635123147289,0.013045635123147289,-0.02674895824117129,0.026671717787979093,0.025134953952248823
007,1365869679,37,456000,1824000.0,1.5058363506743118e-20,0.012549978302093765,0.012549978302093765,-0.025574275591820798,0.025757524649200877,0.024138431287315697
007,1365869679,38,468000,1872000.0,-6.023345402697247e-20,0.012061957323991254,0.012061957323991254,-0.024501387739552835,0.02479085955940831,0.02315150185833904
007,1365869679,39,480000,1920000.0,-9.03501810404587e-21,0.011599285404829199,0.011599285404829199,-0.023629144174298098,0.02364742985760929,0.022230922091487675
007,1365869679,40,492000,1968000.0,2.4093381610788986e-20,0.011158419993704621,0.011158419993704621,-0.022704363311603117,0.022873696255869796,0.021350279063160175
007,1365869679,41,504000,2016000.0,1.5058363506743118e-20,0.010733200775076644,0.010733200775076644,-0.021757522074303936,0.022001722218819502,0.020491967985336163
007,1365869679,42,516000,2064000.0,3.0116727013486236e-20,0.01031920151313642,0.01031920151313642,-0.02077067685454673,0.021189574636741784,0.01966814031771305
007,1365869679,43,528000,2112000.0,-3.312839971483486e-20,0.00992359495385149,0.00992359495385149,-0.019625728385204634,0.020393603930629844,0.018885100364134256
007,1365869679,44,540000,2160000.0,7.830349023506421e-20,0.009535624481375434,0.009535624481375434,-0.018754900602097946,0.019531691326446225,0.01812080076293375
007,1365869679,45,552000,2208000.0,6.926847213101833e-20,0.009165162991650056,0.009165162991650056,-0.018024206500194356,0.018591240995854626,0.017377125059368403
007,1365869679,46,564000,2256000.0,-2.1081708909440364e-20,0.008803839735556283,0.008803839735556283,-0.017420704849592884,0.017861812525279117,0.016645287941818576
007,1365869679,47,576000,2304000.0,2.1081708909440364e-20,0.008460939291548461,0.008460939291548461,-0.01675845384262841,0.017237080485853686,0.01594930401793354
007,1365869679,48,588000,2352000.0,-1.807003620809174e-20,0.008133484615761537,0.008133484615761537,-0.016186660148476247,0.016646995984977053,0.015295575910619752
007,1365869679,49,600000,2400000.0,-8.131516293641283e-20,0.00781774529243956,0.00781774529243956,-0.015556427194226057,0.01609106739493746,0.014668963253158574
008,186577415,0,12000,48000.0,4.5175090520229353e-20,0.048789974515482316,0.048789974515482316,-0.09797076169275058,0.09793406180044673,0.09743042434067375
008,186577415,1,24000,96000.0,9.03501810404587e-21,0.047374809578036574,0.047374809578036574,-0.09511186303272602,0.09505882975030346,0.09451335247934782
008,186577415,2,36000,144000.0,-1.5058363506743117e-19,0.04591387284883893,0.04591387284883893,-0.09225803183764061,0.09223841477253111,0.09151120076612583
008,186577415,3,48000,192000.0,1.5058363506743118e-20,0.0444344434539526,0.0444344434539526,-0.08897460594197175,0.08943662529036801,0.08848770038133388
008,186577415,4,60000,240000.0,1.1896107170327064e-19,0.04298357776829245,0.04298357776829245,-0.08588956004713022,0.08613305234373149,0.08554559312234539
008,186577415,5,72000,288000.0,-9.336185374180733e-20,0.04156196940089494,0.04156196940089494,-0.08315719464168055,0.08333837011535808,0.08265565753834674
008,186577415,6,84000,336000.0,9.185601739113301e-20,0.04017850833840827,0.04017850833840827,-0.08107998931838563,0.08052801452127292,0.07982731923946977
008,186577415,7,96000,384000.0,7.228014483236696e-20,0.03880773663295395,0.03880773663295395,-0.07800546326791481,0.07797581422523418,0.07702901863645603
008,186577415,8,108000,432000.0,-1.2046690805394493e-20,0.037462986859229365,0.037462986859229365,-0.07531248438824761,0.07530388039488391,0.07427970677840161
008,186577415,9,120000,480000.0,3.312839971483486e-20,0.036150287242455684,0.036150287242455684,-0.07297094755101895,0.07272219282042541,0.07161152734289583
008,186577415,10,132000,528000.0,6.0233454026972465e-21,0.03484233473588329,0.03484233473588329,-0.07056195536185234,0.07010376304780729,0.06898134698327046
008,186577415,11,144000,576000.0,1.144435626512477e-19,0.033605143752610284,0.033605143752610284,-0.06800099630893333,0.06801363601673882,0.06652711391221593
008,186577415,12,156000,624000.0,-5.421010862427522e-20,0.03242733540252326,0.03242733540252326,-0.06538412603717916,0.06574140279354868,0.06417093668307249
008,186577415,13,168000,672000.0,2.1081708909440364e-20,0.03129811211123009,0.03129811211123009,-0.06345068010485119,0.06359752357244913,0.06192966173786228
008,186577415,14,180000,720000.0,4.5175090520229353e-20,0.03022111712526501,0.03022111712526501,-0.06159394673533444,0.061418745740772475,0.05978264185740134
008,186577415,15,192000,768000.0,3.614007241618348e-20,0.029204977857226425,0.029204977857226425,-0.059316085340726396,0.05893107550487834,0.057737730081776406
008,186577415,16,204000,816000.0,-6.023345402697247e-20,0.028201725538539314,0.028201725538539314,-0.057466192985866534,0.056632517135541675,0.05570398989884643
008,186577415,17,216000,864000.0,-5.1198435922926597e-20,0.027224225864628405,0.027224225864628405,-0.055539702761303295,0.05492892719540177,0.053721686173661874
008,186577415,18,228000,912000.0,-9.637352644315594e-20,0.02625328174993015,0.02625328174993015,-0.053499591548050215,0.05318912835477263,0.05173249128859787
008,186577415,19,240000,960000.0,-5.421010862427522e-20,0.0253015204471144,0.0253015204471144,-0.051642009581641564,0.05147596521060394,0.04979048552074271
008,186577415,20,252000,1008000.0,1.6263032587282567e-19,0.02437638916239643,0.02437638916239643,-0.049946469889285625,0.04908628765167137,0.0479231082335421
008,186577415,21,264000,1056000.0,-6.0233454026972465e-21,0.02347418198488573,0.02347418198488573,-0.04811722417602785,0.047332126187469084,0.04610273461082236
008,186577415,22,276000,1104000.0,6.625679942966972e-20,0.022594747820160802,0.022594747820160802,-0.046242320832623036,0.04581468647831515,0.04434657589736569
008,186577415,23,288000,1152000.0,-5.421010862427522e-20,0.021749578805772763,0.021749578805772763,-0.04434828707123815,0.044110284769160846,0.04265363448095699
008,186577415,24,300000,1200000.0,6.625679942966972e-20,0.020940479876757942,0.020940479876757942,-0.04292868299465911,0.04249550764574622,0.0410341056853658
008,186577415,25,312000,1248000.0,-4.818676322157797e-20,0.02016382461897625,0.02016382461897625,-0.041254581771274196,0.040978952084589654,0.03948317018705507
008,186577415,26,324000,1296000.0,-7.228014483236696e-20,0.01941423928360499,0.01941423928360499,-0.03985682196555457,0.03951512825687993,0.03798188321387277
008,186577415,27,336000,1344000.0,1.2046690805394493e-20,0.01868321416243473,0.01868321416243473,-0.03851214855228963,0.03809804294561325,0.03652006034986721
008,186577415,28,348000,1392000.0,-6.023345402697247e-20,0.01797246089072667,0.01797246089072667,-0.03715675719498351,0.03664462158586996,0.03510330339629457
008,186577415,29,360000,1440000.0,-7.228014483236696e-20,0.017293200420516124,0.017293200420516124,-0.035635034716282064,0.03523242361965973,0.033753250893130145
008,186577415,30,372000,1488000.0,-1.6865367127552291e-19,0.016647575827189755,0.016647575827189755,-0.0343598189135978,0.03393158809579664,0.03246435036914027
008,186577415,31,384000,1536000.0,-1.2046690805394493e-20,0.016033318223013883,0.016033318223013883,-0.03305957202281055,0.03270464149049991,0.03123607978608755
008,186577415,32,396000,1584000.0,-2.4093381610788986e-20,0.01544251824908063,0.01544251824908063,-0.031958176530987106,0.03126288207727827,0.03005653476402314
008,186577415,33,408000,1632000.0,-9.637352644315594e-20,0.014877366588617958,0.014877366588617958,-0.0309050016666799,0.030183246191068724,0.028909240700725654
008,186577415,34,420000,1680000.0,-4.818676322157797e-20,0.014330451651844133,0.014330451651844133,-0.0296399526363375,0.02900796124751035,0.02781630507205745
008,186577415,35,432000,1728000.0,-4.818676322157797e-20,0.013797730686249513,0.013797730686249513,-0.028518262612776745,0.028005345217944743,0.026743288133448957
008,186577415,36,444000,1776000.0,-9.637352644315594e-20,0.013273506808944461,0.013273506808944461,-0.027618844521883634,0.026920758880564066,0.025691633778815035
008,186577415,37,456000,1824000.0,-2.4093381610788986e-20,0.01276170426825532,0.01276170426825532,-0.02662747224520743,0.02609589588507787,0.024663333842876264
008,186577415,38,468000,1872000.0,7.228014483236696e-20,0.012273595697000412,0.012273595697000412,-0.02560228670223148,0.025281633665750654,0.023690444675034728
008,186577415,39,480000,1920000.0,9.637352644315594e-20,0.01181563704861741,0.01181563704861741,-0.0246696344815924,0.024173720981083172,0.022774712504564875
008,186577415,40,492000,1968000.0,-2.4093381610788986e-20,0.011379564253041999,0.011379564253041999,-0.023865196906326033,0.023335321050644023,0.021907681827388756
008,186577415,41,504000,2016000.0,-4.818676322157797e-20,0.010962510051250126,0.010962510051250126,-0.023032631566503786,0.0224980178093746,0.02105559632376124
008,186577415,42,516000,2064000.0,4.818676322157797e-20,0.010552752766715792,0.010552752766715792,-0.02229159391512472,0.021539173484607987,0.020218347986192858
008,186577415,43,528000,2112000.0,1.4456028966473392e-19,0.010149336331827333,0.010149336331827333,-0.02148004022873655,0.020785281155552726,0.01940981612981672
008,186577415,44,540000,2160000.0,0.0,0.009754406053747926,0.009754406053747926,-0.0207251198514096,0.01989473952619044,0.01863703976506861
008,186577415,45,552000,2208000.0,4.818676322157797e-20,0.0093737800964889,0.0093737800964889,-0.019838400044751348,0.019155657501988364,0.01790680105190945
008,186577415,46,564000,2256000.0,0.0,0.009012267147689193,0.009012267147689193,-0.0191208403558754,0.018380071644609794,0.01721843180623815
008,186577415,47,576000,2304000.0,-4.818676322157797e-20,0.00867758984943976,0.00867758984943976,-0.01837548611375039,0.017723680577672683,0.016570108420437834
008,186577415,48,588000,2352000.0,-9.637352644315594e-20,0.00835421686282635,0.00835421686282635,-0.017475364501350715,0.016970065487756817,0.015939891241301577
008,186577415,49,600000,2400000.0,-7.228014483236696e-20,0.008042975411812465,0.008042975411812465,-0.016640297792331078,0.016367825927163977,0.015325553547377005
009,21479794,0,12000,48000.0,1.8973538018496328e-19,0.04879375431848966,0.04879375431848966,-0.09808501129513802,0.09796621870724956,0.09743567623208346
009,21479794,1,24000,96000.0,4.818676322157797e-20,0.04735882411444846,0.04735882411444846,-0.09527546762029697,0.09536569778159945,0.09448040994795942
009,21479794,2,36000,144000.0,8.733850833911008e-20,0.04589687869247359,0.04589687869247359,-0.09233230013736779,0.09236166246900761,0.09145527053297291
009,21479794,3,48000,192000.0,5.082197683525802e-20,0.04443518961099164,0.04443518961099164,-0.08935061317040571,0.08953080024679129,0.08846067537082158
009,21479794,4,60000,240000.0,6.851555395568118e-20,0.04298391861606443,0.04298391861606443,-0.08631531251502773,0.08667965552512742,0.0854843109578719
009,21479794,5,72000,288000.0,-4.216341781888073e-20,0.041567129448497865,0.041567129448497865,-0.08314220985489008,0.0839058123196699,0.08258230035294434
009,21479794,6,84000,336000.0,-2.0328790734103208e-20,0.04015901230102905,0.04015901230102905,-0.08081268934135359,0.081406512883214,0.0796747671384968
009,21479794,7,96000,384000.0,1.2046690805394493e-20,0.038763193239828075,0.038763193239828075,-0.07786435879377161,0.07820480531343478,0.0768303785195013
009,21479794,8,108000,432000.0,3.9151745117532104e-20,0.0373995299137135,0.0373995299137135,-0.0748703079967027,0.07576383523842391,0.07407923135733066
009,21479794,9,120000,480000.0,-3.0116727013486233e-21,0.036086531287204474,0.036086531287204474,-0.07226178549305837,0.07318485494944113,0.07140500432179891
009,21479794,10,132000,528000.0,3.0116727013486236e-20,0.03481241636169856,0.03481241636169856,-0.0694913479658613,0.07048906305250725,0.06881165664600732
009,21479794,11,144000,576000.0,-5.421010862427522e-20,0.03357218192563526,0.03357218192563526,-0.06638195340372466,0.06820325546193522,0.06628246136106133
009,21479794,12,156000,624000.0,-6.023345402697247e-20,0.03237067302057621,0.03237067302057621,-0.06416792214342977,0.0656927213727054,0.06382667515582499
009,21479794,13,168000,672000.0,3.0116727013486233e-21,0.03120171162216619,0.03120171162216619,-0.062116051211638136,0.06310522254758175,0.06145079325063133
009,21479794,14,180000,720000.0,6.32451267283211e-20,0.030083012876256466,0.030083012876256466,-0.06035591101519819,0.06119634153586835,0.059204476059447154
009,21479794,15,192000,768000.0,3.0116727013486233e-21,0.028991647612988645,0.028991647612988645,-0.05855462471004731,0.059020011540842104,0.05700149787906155
009,21479794,16,204000,816000.0,5.421010862427522e-20,0.027935248317917393,0.027935248317917393,-0.05660191538648392,0.05670092502659619,0.054886292889818646
009,21479794,17,216000,864000.0,1.807003620809174e-20,0.026921110772792484,0.026921110772792484,-0.05490411849346555,0.0546559833949443,0.052863175943529336
009,21479794,18,228000,912000.0,-1.0239687184585319e-19,0.025934140623962945,0.025934140623962945,-0.05294286155466173,0.05305147338418998,0.050898456860532994
009,21479794,19,240000,960000.0,-6.0233454026972465e-21,0.024997363118122652,0.024997363118122652,-0.05072820328833672,0.051340087621258024,0.0490250207283507
009,21479794,20,252000,1008000.0,-2.4093381610788986e-20,0.024103236775146652,0.024103236775146652,-0.04880204507972126,0.049338126989179804,0.0472268414344374
009,21479794,21,264000,1056000.0,-1.2046690805394493e-20,0.023243628646262948,0.023243628646262948,-0.04720042921421693,0.04762734214722323,0.04550330750264785
009,21479794,22,276000,1104000.0,-7.228014483236696e-20,0.022416764933659128,0.022416764933659128,-0.045469733495812764,0.04587678801321896,0.04382718325240892
009,21479794,23,288000,1152000.0,-2.4093381610788986e-20,0.02160554800186246,0.02160554800186246,-0.04363619616304671,0.044134196580574055,0.04219635675485322
009,21479794,24,300000,1200000.0,-8.432683563776146e-20,0.02082360750923761,0.02082360750923761,-0.04187864170948104,0.0424869265614815,0.040618457086382495
009,21479794,25,312000,1248000.0,-6.023345402697247e-20,0.02007205875947415,0.02007205875947415,-0.0403802503926609,0.04096575882084425,0.039093673789227006
009,21479794,26,324000,1296000.0,1.2046690805394493e-20,0.019350460030196186,0.019350460030196186,-0.03866925421551621,0.03925259689397462,0.03763112015512949
009,21479794,27,336000,1344000.0,4.818676322157797e-20,0.01865147792542942,0.01865147792542942,-0.037153623463742826,0.037590855653262645,0.036198051315896644
009,21479794,28,348000,1392000.0,-4.818676322157797e-20,0.01798332364435928,0.01798332364435928,-0.035957302315983104,0.035938324731513045,0.03481836059077062
009,21479794,29,360000,1440000.0,4.818676322157797e-20,0.017339500609919074,0.017339500609919074,-0.03478262732686977,0.03450141098112676,0.033475991863488395
009,21479794,30,372000,1488000.0,9.637352644315594e-20,0.016710029168348038,0.016710029168348038,-0.033606051924998846,0.03295374561934341,0.03214940570046675
009,21479794,31,384000,1536000.0,4.818676322157797e-20,0.01610291823756962,0.01610291823756962,-0.032218046015639164,0.031765460040652956,0.030870195553804245
009,21479794,32,396000,1584000.0,1.2046690805394494e-19,0.015514132090739916,0.015514132090739916,-0.030992452772712637,0.03083076628521808,0.029630408051951006
009,21479794,33,408000,1632000.0,-7.228014483236696e-20,0.014933391653342558,0.014933391653342558,-0.029787621848726697,0.029413734180653923,0.028419464410229165
009,21479794,34,420000,1680000.0,0.0,0.014376482543503356,0.014376482543503356,-0.028574332269232554,0.028151344772661895,0.027254440648838044
009,21479794,35,432000,1728000.0,-7.830349023506421e-20,0.013834134022852529,0.013834134022852529,-0.027590418341922687,0.026782148802368434,0.02611961345021754
009,21479794,36,444000,1776000.0,1.2046690805394493e-20,0.01331631446485754,0.01331631446485754,-0.02653735921662686,0.025639942014608664,0.025048694284479894
009,21479794,37,456000,1824000.0,-6.0233454026972465e-21,0.012811103676701154,0.012811103676701154,-0.025543627818003435,0.024696582483440217,0.02400715681776058
009,21479794,38,468000,1872000.0,4.818676322157797e-20,0.012332919155044992,0.012332919155044992,-0.02477072646582299,0.02355493613783013,0.02302451080069365
009,21479794,39,480000,1920000.0,0.0,0.011876442294002743,0.011876442294002743,-0.024023220263999816,0.022834046612065857,0.02208594075357317
009,21479794,40,492000,1968000.0,3.0116727013486236e-20,0.01142700913003671,0.01142700913003671,-0.023367848570686457,0.021982903316436465,0.021163196998901217
009,21479794,41,504000,2016000.0,-4.216341781888073e-20,0.010992536834237128,0.010992536834237128,-0.022615448589824245,0.021168583125376315,0.020263043793754272
009,21479794,42,516000,2064000.0,6.023345402697247e-20,0.010565260977288514,0.010565260977288514,-0.02180568070165995,0.02024606075629818,0.019381490641949238
009,21479794,43,528000,2112000.0,4.818676322157797e-20,0.010149774889236185,0.010149774889236185,-0.021006965976189135,0.019476905145541543,0.018541348468575858
009,21479794,44,540000,2160000.0,-1.2046690805394493e-20,0.009747279825378078,0.009747279825378078,-0.020288185737141338,0.018666237698805103,0.01773832324764077
009,21479794,45,552000,2208000.0,0.0,0.009360917465428014,0.009360917465428014,-0.01951278524509659,0.017753549227195235,0.016969952443606422
009,21479794,46,564000,2256000.0,0.0,0.008991153907346226,0.008991153907346226,-0.018915875236735057,0.016955581239271555,0.01624470201869049
009,21479794,47,576000,2304000.0,-1.5058363506743118e-20,0.008643026714955971,0.008643026714955971,-0.018268311487163392,0.016147488931546845,0.015549424371552384
009,21479794,48,588000,2352000.0,-1.2046690805394493e-20,0.00831295600848747,0.00831295600848747,-0.017528505270291598,0.015434576921311763,0.014883512822189091
009,21479794,49,600000,2400000.0,-2.4093381610788986e-20,0.00799239246785458,0.00799239246785458,-0.01668194697881758,0.01462480931938055,0.014232462258961683
010,204945107,0,12000,48000.0,-1.0390270819652751e-19,0.04879358593282638,0.04879358593282638,-0.09783385001274447,0.09802141938380386,0.0974378561952755
010,204945107,1,24000,96000.0,4.9692599572252285e-20,0.047360935243079064,0.047360935243079064,-0.09500248069812313,0.0949444331607035,0.09446100452595488
010,204945107,2,36000,144000.0,-3.0116727013486236e-20,0.04586994810349162,0.04586994810349162,-0.09207625072906356,0.0917808977503245,0.09138423428252954
010,204945107,3,48000,192000.0,-1.2046690805394493e-20,0.044374824259111455,0.044374824259111455,-0.08948192795953964,0.08924088711614142,0.0883153288436259
010,204945107,4,60000,240000.0,-2.1081708909440364e-20,0.04288880165037136,0.04288880165037136,-0.08645681914355463,0.08660703994599471,0.08526650164300217
010,204945107,5,72000,288000.0,5.1198435922926597e-20,0.04143025061878342,0.04143025061878342,-0.08379128469922126,0.0836949640992348,0.08226891437871162
010,204945107,6,84000,336000.0,-8.432683563776146e-20,0.03997733012300627,0.03997733012300627,-0.081307611620851,0.08125670065176219,0.07926280093244405
010,204945107,7,96000,384000.0,-3.614007241618348e-20,0.03855319068793323,0.03855319068793323,-0.07857108872558324,0.07859367084889841,0.07637313348643741
010,204945107,8,108000,432000.0,6.0233454026972465e-21,0.037199998562724566,0.037199998562724566,-0.07598467001554558,0.07549587191176721,0.0736496359489442
010,204945107,9,120000,480000.0,-1.2046690805394494e-19,0.0358905523373682,0.0358905523373682,-0.07339722857348017,0.07239514245454526,0.07098123054774896
010,204945107,10,132000,528000.0,6.023345402697247e-20,0.034607863341699886,0.034607863341699886,-0.07110576884830434,0.06978918532162984,0.0684062155269296
010,204945107,11,144000,576000.0,1.0842021724855044e-19,0.033377517766293587,0.033377517766293587,-0.06880225869779279,0.06776217138135733,0.06595290220508013
010,204945107,12,156000,624000.0,-7.228014483236696e-20,0.032189026008638544,0.032189026008638544,-0.06636267867430654,0.06538242498351365,0.06356003486593523
010,204945107,13,168000,672000.0,-2.1081708909440364e-20,0.031057418251757073,0.031057418251757073,-0.06403779400106037,0.06309499496576437,0.06129370605249483
010,204945107,14,180000,720000.0,8.056224476107568e-20,0.02996853071741956,0.02996853071741956,-0.06212068200215991,0.060959077046681596,0.059074143871520185
010,204945107,15,192000,768000.0,-8.733850833911008e-20,0.028898650549033355,0.028898650549033355,-0.059949296224564436,0.05863528002006072,0.05687720575379123
010,204945107,16,204000,816000.0,-7.830349023506421e-20,0.02784921017811471,0.02784921017811471,-0.057395227660625756,0.0562201279468246,0.054727526834709064
010,204945107,17,216000,864000.0,9.637352644315594e-20,0.02682602606358448,0.02682602606358448,-0.0554683715637031,0.053675227131358944,0.052638877840879186
010,204945107,18,228000,912000.0,7.830349023506421e-20,0.02583345911026257,0.02583345911026257,-0.05355081673394171,0.05182517130256242,0.05062674574161663
010,204945107,19,240000,960000.0,6.625679942966972e-20,0.02487868070177891,0.02487868070177891,-0.051353684959396136,0.04997763183778368,0.04871749201801959
010,204945107,20,252000,1008000.0,5.421010862427522e-20,0.02395880946980242,0.02395880946980242,-0.04968028506711908,0.047939802524242674,0.04685307299570498
010,204945107,21,264000,1056000.0,-1.5660698047012842e-19,0.023060431589785383,0.023060431589785383,-0.04772959249275938,0.0457520849507403,0.04500983757498512
010,204945107,22,276000,1104000.0,-3.0116727013486236e-20,0.022173712558094028,0.022173712558094028,-0.045759803187343025,0.043840974638633776,0.04322808620541219
010,204945107,23,288000,1152000.0,-9.637352644315594e-20,0.021320469300913455,0.021320469300913455,-0.043939376098274335,0.042516153838156774,0.04151614789382228
010,204945107,24,300000,1200000.0,-5.421010862427522e-20,0.02049535383156646,0.02049535383156646,-0.04242531667719011,0.04080207130579206,0.039890416450109836
010,204945107,25,312000,1248000.0,1.4456028966473392e-19,0.019709241682457242,0.019709241682457242,-0.04092657869678391,0.039288640326388555,0.0383340298719244
010,204945107,26,324000,1296000.0,-6.32451267283211e-20,0.018958265788292274,0.018958265788292274,-0.039296964601391454,0.037794780562933575,0.03684406611989551
010,204945107,27,336000,1344000.0,-6.023345402697247e-20,0.01822959546085686,0.01822959546085686,-0.03779860116154421,0.03645411320277179,0.035382356114738577
010,204945107,28,348000,1392000.0,-1.264902534566422e-19,0.017509590432996058,0.017509590432996058,-0.03636904868957407,0.035050814684742124,0.03393560543195189
010,204945107,29,360000,1440000.0,1.5058363506743117e-19,0.01680958332228362,0.01680958332228362,-0.035095700867865585,0.03387809326259799,0.032562611003576845
010,204945107,30,372000,1488000.0,0.0,0.01614367991655502,0.01614367991655502,-0.03345955282414054,0.03279594670321699,0.0312643905478596
010,204945107,31,384000,1536000.0,-6.0233454026972465e-21,0.015505699601837068,0.015505699601837068,-0.031996968095535754,0.03181748187967307,0.03000919341300122
010,204945107,32,396000,1584000.0,-4.818676322157797e-20,0.014890780304956238,0.014890780304956238,-0.030761459212565505,0.03052401898952138,0.02879507203765734
010,204945107,33,408000,1632000.0,-6.023345402697247e-20,0.014297464800062077,0.014297464800062077,-0.029340006089328356,0.02919265217808011,0.02762307152544594
010,204945107,34,420000,1680000.0,-1.2046690805394493e-20,0.013734787532963586,0.013734787532963586,-0.02789947787486143,0.02753632933142493,0.026508290867927307
010,204945107,35,432000,1728000.0,0.0,0.013190072832296134,0.013190072832296134,-0.026565569665248808,0.02657327685201672,0.025441398713232786
010,204945107,36,444000,1776000.0,7.228014483236696e-20,0.012669600345479155,0.012669600345479155,-0.025459177327055615,0.02560720824050592,0.02441128935427156
010,204945107,37,456000,1824000.0,3.614007241618348e-20,0.012171135732824254,0.012171135732824254,-0.024658515594342956,0.02466653787954678,0.023402996647681085
010,204945107,38,468000,1872000.0,1.807003620809174e-20,0.011687644017893682,0.011687644017893682,-0.023722785582721204,0.02377003122919642,0.022434135339628628
010,204945107,39,480000,1920000.0,-6.0233454026972465e-21,0.011222041748220389,0.011222041748220389,-0.02290474136648158,0.022915043159852867,0.021481005560251374
010,204945107,40,492000,1968000.0,1.2046690805394493e-20,0.010767787287525322,0.010767787287525322,-0.02205282139084336,0.021906647978619246,0.02056145324511332
010,204945107,41,504000,2016000.0,-1.2046690805394493e-20,0.010340277295233631,0.010340277295233631,-0.020946556279220093,0.02104381520923681,0.01969538452932121
010,204945107,42,516000,2064000.0,-1.656419985741743e-20,0.009929822043706737,0.009929822043706737,-0.020036658752140297,0.020285388852509956,0.01886650625630029
010,204945107,43,528000,2112000.0,-5.270427227360091e-20,0.0095286768541724,0.0095286768541724,-0.01916910143532905,0.019512878958901622,0.018063087177613384
010,204945107,44,540000,2160000.0,-5.270427227360091e-21,0.009137755228496294,0.009137755228496294,-0.01867030360961025,0.018735528249889253,0.017284503508122516
010,204945107,45,552000,2208000.0,-4.517509052022935e-21,0.00876094164733259,0.00876094164733259,-0.017973481199921395,0.017977296033947616,0.016528578633467926
010,204945107,46,564000,2256000.0,1.2046690805394493e-20,0.008402210177948625,0.008402210177948625,-0.017366931462205838,0.01710321985409729,0.015816805195594856
010,204945107,47,576000,2304000.0,-3.162256336416055e-20,0.0080613896804463,0.0080613896804463,-0.016686154110458196,0.016268926186875476,0.01514006400659243
010,204945107,48,588000,2352000.0,3.0116727013486236e-20,0.007735938510622364,0.007735938510622364,-0.016041044878827494,0.01565651425440083,0.014486300175145368
010,204945107,49,600000,2400000.0,8.583267198843576e-20,0.007420078041896103,0.007420078041896103,-0.015451711335841552,0.015095915812132512,0.013859277548219398
011,1807685813,0,12000,48000.0,-1.0239687184585319e-19,0.04879624592094377,0.04879624592094377,-0.09777967130906393,0.0977989977179097,0.09744548601347244
011,1807685813,1,24000,96000.0,-3.0116727013486236e-20,0.047371218836706946,0.047371218836706946,-0.09492147252160266,0.09528972826568849,0.09449871898255591
011,1807685813,2,36000,144000.0,1.2046690805394493e-20,0.04588713281979509,0.04588713281979509,-0.09206757161624358,0.09206726795524035,0.09142720088078342
011,1807685813,3,48000,192000.0,1.0239687184585319e-19,0.044403068173943745,0.044403068173943745,-0.0892772934185128,0.08901551634692745,0.08838202504139861
011,1807685813,4,60000,240000.0,-4.818676322157797e-20,0.042932395947928824,0.042932395947928824,-0.08645300723698156,0.08622326520976455,0.08536901171477082
011,1807685813,5,72000,288000.0,4.818676322157797e-20,0.04148592987892192,0.04148592987892192,-0.08354967699238712,0.0837156827275382,0.08241370354208295
011,1807685813,6,84000,336000.0,-1.0842021724855044e-19,0.04007530729123785,0.04007530729123785,-0.08059197856831643,0.08077061770845938,0.07954733116256756
011,1807685813,7,96000,384000.0,-1.4456028966473392e-19,0.03870175760786223,0.03870175760786223,-0.07768781485364856,0.07824392010825824,0.076762836704844
011,1807685813,8,108000,432000.0,-1.2046690805394493e-20,0.03736567609359296,0.03736567609359296,-0.07530265117978947,0.07551447904254562,0.0740541756559836
011,1807685813,9,120000,480000.0,-4.818676322157797e-20,0.03605962870789253,0.03605962870789253,-0.07274741147796283,0.07261390871024408,0.07137570040581956
011,1807685813,10,132000,528000.0,-1.2347858075529356e-19,0.034795805652191904,0.034795805652191904,-0.07055483832647749,0.06991995165111964,0.06880364768787688
011,1807685813,11,144000,576000.0,-2.5599217961463298e-20,0.0335651960966707,0.0335651960966707,-0.06810306478570931,0.06777695546324733,0.0663066847981052
011,1807685813,12,156000,624000.0,-2.8610890662811923e-20,0.03238109623444397,0.03238109623444397,-0.06570640930894041,0.06576218902835736,0.06389727295989664
011,1807685813,13,168000,672000.0,5.7974699500961e-20,0.03123493260986143,0.03123493260986143,-0.06316574254343821,0.06380016199420274,0.061570596406830394
011,1807685813,14,180000,720000.0,-1.5058363506743118e-20,0.030120294423736982,0.030120294423736982,-0.0607587763261775,0.061801715403401944,0.0592980511661438
011,1807685813,15,192000,768000.0,1.8672370748361466e-19,0.029022193712237868,0.029022193712237868,-0.05841016167606515,0.05956785453936164,0.057054128669185404
011,1807685813,16,204000,816000.0,-3.312839971483486e-20,0.027943411320683988,0.027943411320683988,-0.056269138782063036,0.057491843479668896,0.05485045073277907
011,1807685813,17,216000,864000.0,-1.144435626512477e-19,0.026891244567488582,0.026891244567488582,-0.05415513126399534,0.05524409265660507,0.05273393012085029
011,1807685813,18,228000,912000.0,-3.614007241618348e-20,0.025865076843417673,0.025865076843417673,-0.051864209497419024,0.05297640665505455,0.05065155977545073
011,1807685813,19,240000,960000.0,-5.421010862427522e-20,0.024871114209907456,0.024871114209907456,-0.049657569747817876,0.05120095236138078,0.04864598031315398
011,1807685813,20,252000,1008000.0,-2.4093381610788986e-20,0.023910154660490325,0.023910154660490325,-0.04801926232778681,0.04879134123129336,0.046723060413358136
011,1807685813,21,264000,1056000.0,-4.818676322157797e-20,0.022984027852333142,0.022984027852333142,-0.04615126922666416,0.046803820660168624,0.04487736914619868
011,1807685813,22,276000,1104000.0,8.432683563776146e-20,0.022110267009853593,0.022110267009853593,-0.044422836294211863,0.04517911409789437,0.04314125263405754
011,1807685813,23,288000,1152000.0,7.529181753371558e-20,0.02127589208678042,0.02127589208678042,-0.042662579703614825,0.04359256537453829,0.04145426578948485
011,1807685813,24,300000,1200000.0,-1.2046690805394493e-20,0.020468160186240654,0.020468160186240654,-0.04107987745608553,0.04218518832222922,0.039821714071667645
011,1807685813,25,312000,1248000.0,-3.0116727013486236e-20,0.019698031710185554,0.019698031710185554,-0.03933130163386662,0.04084101393576751,0.03828869918080183
011,1807685813,26,324000,1296000.0,4.5175090520229353e-20,0.018951519223674065,0.018951519223674065,-0.037959991199128566,0.03953944236468442,0.03678091200345776
011,1807685813,27,336000,1344000.0,-8.432683563776146e-20,0.018228625967061846,0.018228625967061846,-0.03639477623320228,0.038108227922915856,0.03532341480223122
011,1807685813,28,348000,1392000.0,7.529181753371558e-20,0.017519385600174,0.017519385600174,-0.035060811308955185,0.036571241602805886,0.0339183551342588
011,1807685813,29,360000,1440000.0,-8.733850833911008e-20,0.01684261320945706,0.01684261320945706,-0.03381255774864864,0.035179445003694104,0.03257322036219583
011,1807685813,30,372000,1488000.0,-1.4456028966473392e-19,0.01619405546885547,0.01619405546885547,-0.0325252023523984,0.03380856432009183,0.03129738001638649
011,1807685813,31,384000,1536000.0,-6.0233454026972465e-21,0.015580633328570051,0.015580633328570051,-0.031475219828022864,0.03265448284510721,0.03008250812562569
011,1807685813,32,396000,1584000.0,-1.2347858075529356e-19,0.014990709308335872,0.014990709308335872,-0.030155576296058428,0.03146405502926451,0.028907850800332775
011,1807685813,33,408000,1632000.0,-6.0233454026972465e-21,0.01441528342396856,0.01441528342396856,-0.02892413134588604,0.030292874192969835,0.027740822974876754
011,1807685813,34,420000,1680000.0,-6.32451267283211e-20,0.013857461039194783,0.013857461039194783,-0.028079811611373528,0.029242443664869406,0.026616883237955104
011,1807685813,35,432000,1728000.0,-2.4093381610788986e-20,0.013322101479441597,0.013322101479441597,-0.027045704485522213,0.02791483065376959,0.025540726362737267
011,1807685813,36,444000,1776000.0,-4.216341781888073e-20,0.012805305783451616,0.012805305783451616,-0.025847456999909466,0.026698327698683796,0.02452107186074478
011,1807685813,37,456000,1824000.0,-2.4093381610788986e-20,0.012309516646115088,0.012309516646115088,-0.025013478272779187,0.025593722253635293,0.023542815104360106
011,1807685813,38,468000,1872000.0,9.938519914450457e-20,0.011831500332107385,0.011831500332107385,-0.0241636438760534,0.02436579941199009,0.02259626854510499
011,1807685813,39,480000,1920000.0,-3.9151745117532104e-20,0.011368436404586067,0.011368436404586067,-0.023201589269495445,0.023327813346982154,0.02168747261131575
011,1807685813,40,492000,1968000.0,-7.228014483236696e-20,0.010923658339767215,0.010923658339767215,-0.022420107202489846,0.02250785153770751,0.020809177495351952
011,1807685813,41,504000,2016000.0,-5.421010862427522e-20,0.01049511056951529,0.01049511056951529,-0.021615623215691337,0.02164088474950406,0.01998351290381878
011,1807685813,42,516000,2064000.0,6.625679942966972e-20,0.010092433874625944,0.010092433874625944,-0.020834928837196662,0.020881630100176393,0.019206030294223537
011,1807685813,43,528000,2112000.0,3.614007241618348e-20,0.009710196497043095,0.009710196497043095,-0.020088155834871394,0.020137577162159744,0.01846249878962152
011,1807685813,44,540000,2160000.0,-3.0116727013486236e-20,0.009341948864213969,0.009341948864213969,-0.019352609796844018,0.01942615155474294,0.01774035814691025
011,1807685813,45,552000,2208000.0,-9.035018104045871e-20,0.008987797104919558,0.008987797104919558,-0.018744141468502073,0.01872915332235524,0.017059819469179453
011,1807685813,46,564000,2256000.0,4.818676322157797e-20,0.008646568664157287,0.008646568664157287,-0.018001073389978334,0.018051927111841434,0.01640166181649748
011,1807685813,47,576000,2304000.0,4.216341781888073e-20,0.008313912688649077,0.008313912688649077,-0.01728154927738424,0.017455123054795314,0.015756992180320676
011,1807685813,48,588000,2352000.0,-1.5058363506743118e-20,0.00800058071899024,0.00800058071899024,-0.016596408564562303,0.0167401772794068,0.015156973872141414
011,1807685813,49,600000,2400000.0,4.818676322157797e-20,0.007700563286595902,0.007700563286595902,-0.015958647897761247,0.01620353349063938,0.01457712997812778
012,58880169,0,12000,48000.0,1.4456028966473392e-19,0.04878254231522163,0.04878254231522163,-0.0979045075712428,0.09788321631377117,0.09741522183836379
012,58880169,1,24000,96000.0,2.710505431213761e-20,0.047341581724636296,0.047341581724636296,-0.0950996629094046,0.09505291834358832,0.0944264347074171
012,58880169,2,36000,144000.0,6.32451267283211e-20,0.045848354889772104,0.045848354889772104,-0.0924727831991067,0.09245415412560144,0.09137369509906818
012,58880169,3,48000,192000.0,2.593803114036502e-19,0.044377652480364974,0.044377652480364974,-0.08938564764254857,0.08968750491165946,0.08834564045338966
012,58880169,4,60000,240000.0,2.4093381610788986e-20,0.042918028755957356,0.042918028755957356,-0.08671895552765388,0.08654043024100977,0.08532529743931021
012,58880169,5,72000,288000.0,7.905640841040136e-20,0.04146173752788077,0.04146173752788077,-0.08402601688242142,0.08350922750067274,0.08232539444768751
012,58880169,6,84000,336000.0,8.131516293641283e-20,0.04002664818348715,0.04002664818348715,-0.08159771123710248,0.08099562645945675,0.07940611337553583
012,58880169,7,96000,384000.0,-8.131516293641283e-20,0.03864082250446591,0.03864082250446591,-0.07865579859416584,0.07811310028419813,0.07663289141125211
012,58880169,8,108000,432000.0,0.0,0.03730250337842625,0.03730250337842625,-0.07580854348631984,0.07596147822193837,0.07392454601602495
012,58880169,9,120000,480000.0,1.2046690805394493e-20,0.036011702713529686,0.036011702713529686,-0.07321873914783106,0.07303644726112438,0.07134830570207844
012,58880169,10,132000,528000.0,-9.035018104045871e-20,0.03476795283871785,0.03476795283871785,-0.0708623422546283,0.0702918742188018,0.06887066025773793
012,58880169,11,144000,576000.0,6.625679942966972e-20,0.03357210660011402,0.03357210660011402,-0.06847126007870817,0.06790102783877178,0.06647132142819757
012,58880169,12,156000,624000.0,0.0,0.03239129917940439,0.03239129917940439,-0.06607137586003747,0.06604535937544809,0.06409939419408509
012,58880169,13,168000,672000.0,-1.0842021724855044e-19,0.031230016349984333,0.031230016349984333,-0.06374020719615917,0.06410216740175444,0.06178700745983158
012,58880169,14,180000,720000.0,2.4093381610788986e-20,0.030128096380333345,0.030128096380333345,-0.06115307790416123,0.06186539817099949,0.05955099920619865
012,58880169,15,192000,768000.0,-1.144435626512477e-19,0.029033053910983146,0.029033053910983146,-0.058986291296203475,0.05973075840115648,0.05733918775032259
012,58880169,16,204000,816000.0,0.0,0.027975989668108322,0.027975989668108322,-0.056658029158059627,0.05727640540296597,0.05521216715040941
012,58880169,17,216000,864000.0,5.421010862427522e-20,0.02695586436664827,0.02695586436664827,-0.05449952070830841,0.05508432630923548,0.05315539123663432
012,58880169,18,228000,912000.0,1.3552527156068805e-20,0.025962856943928737,0.025962856943928737,-0.052510138002437076,0.05272978499689823,0.05116708177276816
012,58880169,19,240000,960000.0,-2.062995800423807e-19,0.02501607491739189,0.02501607491739189,-0.05095221815207954,0.0509428786794233,0.04927069600097972
012,58880169,20,252000,1008000.0,-8.131516293641283e-20,0.02410591507131645,0.02410591507131645,-0.04876473032081667,0.04888739899167869,0.04744830313113266
012,58880169,21,264000,1056000.0,3.312839971483486e-20,0.02323548933005681,0.02323548933005681,-0.047041758731740727,0.04726904989433337,0.045709393896423305
012,58880169,22,276000,1104000.0,8.131516293641283e-20,0.022389524804653935,0.022389524804653935,-0.04537341007578252,0.04505149729697159,0.044027835273111014
012,58880169,23,288000,1152000.0,3.0116727013486236e-20,0.021584165622549167,0.021584165622549167,-0.04366541161977857,0.04347194534886535,0.04243112068929052
012,58880169,24,300000,1200000.0,9.938519914450457e-20,0.020804428958677977,0.020804428958677977,-0.042102072111897544,0.041978674321364914,0.0408813243184018
012,58880169,25,312000,1248000.0,1.144435626512477e-19,0.020058425123501852,0.020058425123501852,-0.040566633980161367,0.040150750936299426,0.039377508174902896
012,58880169,26,324000,1296000.0,8.432683563776146e-20,0.019323367524153357,0.019323367524153357,-0.03855691323464371,0.03876618525220101,0.037905342117529404
012,58880169,27,336000,1344000.0,6.0233454026972465e-21,0.018618920434936775,0.018618920434936775,-0.03705746097317972,0.03751194732921497,0.036494560106298896
012,58880169,28,348000,1392000.0,6.0233454026972465e-21,0.01795461432972604,0.01795461432972604,-0.03579989638909543,0.03628114223509592,0.03515178117371204
012,58880169,29,360000,1440000.0,3.614007241618348e-20,0.017305783222254966,0.017305783222254966,-0.03459831011069655,0.03490376995961403,0.033842342077533914
012,58880169,30,372000,1488000.0,8.432683563776146e-20,0.016681444759008582,0.016681444759008582,-0.03311701039828912,0.03369884494475457,0.032576633655270346
012,58880169,31,384000,1536000.0,4.818676322157797e-20,0.01607489598832561,0.01607489598832561,-0.03187131919668098,0.032631173635346386,0.03133497552400212
012,58880169,32,396000,1584000.0,-2.4093381610788986e-20,0.015476349557703224,0.015476349557703224,-0.03072551013553529,0.031404108306678315,0.030111429862773972
012,58880169,33,408000,1632000.0,-1.2046690805394493e-20,0.014886692087000298,0.014886692087000298,-0.029930502258457614,0.030372105917458092,0.028925099816559347
012,58880169,34,420000,1680000.0,-1.3251359885933944e-19,0.01431901063649651,0.01431901063649651,-0.028965581636344166,0.029224821780619362,0.02778364241698423
012,58880169,35,432000,1728000.0,4.818676322157797e-20,0.013775195473723849,0.013775195473723849,-0.028057254400107687,0.028238101550716047,0.02668439771665553
012,58880169,36,444000,1776000.0,1.2046690805394493e-20,0.013251863844948123,0.013251863844948123,-0.027104884342536856,0.027247522246214,0.02563103626727616
012,58880169,37,456000,1824000.0,-7.228014483236696e-20,0.012739739339570661,0.012739739339570661,-0.026271018582692544,0.02642748673179262,0.024598000554264768
012,58880169,38,468000,1872000.0,-3.614007241618348e-20,0.012244570608516834,0.012244570608516834,-0.025437604672782596,0.0254468607432696,0.023590222351003987
012,58880169,39,480000,1920000.0,-1.927470528863119e-19,0.011764475457289097,0.011764475457289097,-0.024473314283592375,0.024530153779716634,0.02261670661793533
012,58880169,40,492000,1968000.0,1.6263032587282567e-19,0.011308285799733236,0.011308285799733236,-0.023721341191614207,0.02364747183627405,0.021698664666849304
012,58880169,41,504000,2016000.0,-1.807003620809174e-20,0.010876250092381053,0.010876250092381053,-0.022855712866223676,0.022887603381554683,0.020816492088748556
012,58880169,42,516000,2064000.0,6.625679942966972e-20,0.010455556076928663,0.010455556076928663,-0.021771051467039757,0.02219000704484198,0.019952351659646015
012,58880169,43,528000,2112000.0,1.2046690805394493e-20,0.010053109494865146,0.010053109494865146,-0.020823461235740668,0.021362184099302534,0.019130620003494574
012,58880169,44,540000,2160000.0,3.0116727013486236e-20,0.009667260345740232,0.009667260345740232,-0.019925990254138597,0.02066136465416074,0.01834277885381757
012,58880169,45,552000,2208000.0,-1.2046690805394493e-20,0.009287995690668684,0.009287995690668684,-0.019017656768557836,0.01995003384954568,0.01758270084948827
012,58880169,46,564000,2256000.0,-7.228014483236696e-20,0.008929125687108743,0.008929125687108743,-0.018301376432362546,0.019237314127516943,0.01684955710515854
012,58880169,47,576000,2304000.0,-5.421010862427522e-20,0.008587599145277059,0.008587599145277059,-0.017641408233774872,0.01849796585739391,0.01613959209503689
012,58880169,48,588000,2352000.0,5.421010862427522e-20,0.008258275424023957,0.008258275424023957,-0.016964714039684036,0.017786341443216138,0.015453472614201175
012,58880169,49,600000,2400000.0,-1.6865367127552291e-19,0.00794190636124095,0.00794190636124095,-0.016381826641570143,0.01722448426320932,0.014795702683733552
013,261646931,0,12000,48000.0,-1.5058363506743117e-19,0.04879561151217149,0.04879561151217149,-0.09798878085763561,0.09787276285607542,0.09744354385750069
013,261646931,1,24000,96000.0,2.5599217961463298e-20,0.04738056514440634,0.04738056514440634,-0.09511484182580451,0.0951077737392377,0.09452487224678799
013,261646931,2,36000,144000.0,-2.349104707051926e-19,0.04592062825497753,0.04592062825497753,-0.09243520098111263,0.09223631571841615,0.09152402409523198
013,261646931,3,48000,192000.0,0.0,0.044463373135125335,0.044463373135125335,-0.08987765942483726,0.08935378266932441,0.08852842783115657
013,261646931,4,60000,240000.0,0.0,0.04299386928533685,0.04299386928533685,-0.0868945339163239,0.08643444832301198,0.08551195701735985
013,261646931,5,72000,288000.0,-1.3703110791136236e-19,0.041574689806437234,0.041574689806437234,-0.08385995782666053,0.08361232497355685,0.08261419141823469
013,261646931,6,84000,336000.0,-6.0233454026972465e-21,0.04018099509413488,0.04018099509413488,-0.08099993430197883,0.08038706735127862,0.0797654752675659
013,261646931,7,96000,384000.0,-2.5599217961463298e-20,0.03880581795745836,0.03880581795745836,-0.07842609029336384,0.07730872621639485,0.07696282220411275
013,261646931,8,108000,432000.0,-2.4093381610788986e-20,0.037463465986007284,0.037463465986007284,-0.07587938460288747,0.07510877791840458,0.07425006885377722
013,261646931,9,120000,480000.0,3.0116727013486236e-20,0.036165904460864366,0.036165904460864366,-0.07327993455015273,0.07308643553371216,0.07163198159850635
013,261646931,10,132000,528000.0,-6.0233454026972465e-21,0.03491274439805945,0.03491274439805945,-0.07056691674719599,0.07083007020553159,0.06908926412654437
013,261646931,11,144000,576000.0,1.671478349248486e-19,0.0337087493218765,0.0337087493218765,-0.06794119529700585,0.06861297299656008,0.06665825935345439
013,261646931,12,156000,624000.0,-4.818676322157797e-20,0.032525772392260434,0.032525772392260434,-0.06589532295802288,0.06638325250132052,0.06427125984759585
013,261646931,13,168000,672000.0,1.656419985741743e-20,0.03139772501302797,0.03139772501302797,-0.06348003451879215,0.06420650088063742,0.061986424084919785
013,261646931,14,180000,720000.0,7.529181753371559e-21,0.030307252742157148,0.030307252742157148,-0.061135872598508945,0.06170132079300347,0.05979079234775708
013,261646931,15,192000,768000.0,-1.807003620809174e-20,0.029244360106071482,0.029244360106071482,-0.059009360241304355,0.05892581571419133,0.0576461564301662
013,261646931,16,204000,816000.0,-1.8070036208091741e-19,0.028225212795173787,0.028225212795173787,-0.056768468905576616,0.05696985125923314,0.055586053517819346
013,261646931,17,216000,864000.0,4.818676322157797e-20,0.02722635756004922,0.02722635756004922,-0.05401607904054385,0.05438868889005214,0.053583479526902685
013,261646931,18,228000,912000.0,-7.228014483236696e-20,0.026261929839836932,0.026261929839836932,-0.052239136256945984,0.052170816382230936,0.051611820300240356
013,261646931,19,240000,960000.0,-3.614007241618348e-20,0.025301826025134325,0.025301826025134325,-0.05027382031071905,0.05034786475711412,0.04965401092726182
013,261646931,20,252000,1008000.0,6.0233454026972465e-21,0.024357113615559207,0.024357113615559207,-0.048590198530747516,0.04895690203792387,0.047728492986359075
013,261646931,21,264000,1056000.0,6.023345402697247e-20,0.023432338347229034,0.023432338347229034,-0.046742534709896824,0.04737730730901156,0.045886060725083964
013,261646931,22,276000,1104000.0,9.637352644315594e-20,0.022543651779874243,0.022543651779874243,-0.045223726809751924,0.045855693331167124,0.04411747866715414
013,261646931,23,288000,1152000.0,4.818676322157797e-20,0.0216960610034461,0.0216960610034461,-0.04326511003223388,0.04400200701908995,0.04241421797038659
013,261646931,24,300000,1200000.0,4.818676322157797e-20,0.020882952254118906,0.020882952254118906,-0.04149665545478865,0.0427286482942966,0.040761565572624676
013,261646931,25,312000,1248000.0,3.614007241618348e-20,0.020083292675247413,0.020083292675247413,-0.039988162599997844,0.04134699042046782,0.03914150825848061
013,261646931,26,324000,1296000.0,-4.818676322157797e-20,0.01930446336579048,0.01930446336579048,-0.03845634668756303,0.039527567566608364,0.037579208824297744
013,261646931,27,336000,1344000.0,0.0,0.018564698849963833,0.018564698849963833,-0.036973721990560156,0.037932969900393756,0.03610750363853721
013,261646931,28,348000,1392000.0,2.4093381610788986e-20,0.017849643791131048,0.017849643791131048,-0.0356903824567762,0.03649061032008721,0.034683834013155085
013,261646931,29,360000,1440000.0,7.228014483236696e-20,0.01716885220971047,0.01716885220971047,-0.03439462993413736,0.03518677025344081,0.033336070143951395
013,261646931,30,372000,1488000.0,7.228014483236696e-20,0.016516607984290204,0.016516607984290204,-0.03307561310034506,0.03409775901491613,0.03204682850714207
013,261646931,31,384000,1536000.0,-6.023345402697247e-20,0.01589471396716046,0.01589471396716046,-0.03173810544464357,0.032841270648091433,0.030816029228203114
013,261646931,32,396000,1584000.0,0.0,0.015296997929631705,0.015296997929631705,-0.030307904835471383,0.031646449444251504,0.029630091903463003
013,261646931,33,408000,1632000.0,-9.637352644315594e-20,0.014740637581024495,0.014740637581024495,-0.029256741395518572,0.030471801258962067,0.02851384044737178
013,261646931,34,420000,1680000.0,7.228014483236696e-20,0.014198285869010485,0.014198285869010485,-0.028205717179887926,0.02929288790910092,0.027413531452470462
013,261646931,35,432000,1728000.0,-2.4093381610788986e-20,0.013670205994648393,0.013670205994648393,-0.02722900174731567,0.028047217515794032,0.026339654139035596
013,261646931,36,444000,1776000.0,7.228014483236696e-20,0.013155227579027862,0.013155227579027862,-0.026183330485105488,0.02695524274193434,0.025301989835113534
013,261646931,37,456000,1824000.0,0.0,0.012654149768274503,0.012654149768274503,-0.025347961409058664,0.02606014956816271,0.024310133833296027
013,261646931,38,468000,1872000.0,2.4093381610788986e-20,0.012182115245374043,0.012182115245374043,-0.024452442765773907,0.02520962917284772,0.02336843944051348
013,261646931,39,480000,1920000.0,-2.4093381610788986e-20,0.011725070740510487,0.011725070740510487,-0.02337132066873707,0.024249505268014757,0.02245198035357521
013,261646931,40,492000,1968000.0,-4.818676322157797e-20,0.01127946274695062,0.01127946274695062,-0.02233538071590742,0.02365096154301518,0.02155484436039827
013,261646931,41,504000,2016000.0,-4.818676322157797e-20,0.01084861056446052,0.01084861056446052,-0.021681474490415777,0.02284939369439877,0.020691794150641298
013,261646931,42,516000,2064000.0,0.0,0.0104315071379327,0.0104315071379327,-0.020973448616123304,0.022038135506341944,0.019851288322590345
013,261646931,43,528000,2112000.0,1.2046690805394494e-19,0.0100271993688763,0.0100271993688763,-0.020043845474116046,0.02112600495590833,0.019041947996215933
013,261646931,44,540000,2160000.0,0.0,0.00964085314491832,0.00964085314491832,-0.019353821885234,0.02023889249498921,0.018276540715492593
013,261646931,45,552000,2208000.0,0.0,0.009268158184947448,0.009268158184947448,-0.018537990799280694,0.019558390670577595,0.01754488936485497
013,261646931,46,564000,2256000.0,2.4093381610788986e-20,0.008909166477988074,0.008909166477988074,-0.017803864802539593,0.018412447157956122,0.016852328932801
013,261646931,47,576000,2304000.0,7.228014483236696e-20,0.00856635866872219,0.00856635866872219,-0.01690795081037836,0.01763014382494865,0.016184219011964075
013,261646931,48,588000,2352000.0,7.228014483236696e-20,0.008239918733667051,0.008239918733667051,-0.016227238104431545,0.01690243344163079,0.01554482877723635
013,261646931,49,600000,2400000.0,2.4093381610788986e-20,0.007926293048221657,0.007926293048221657,-0.015682407227029554,0.016318818318488616,0.014927289098301839
014,1304916650,0,12000,48000.0,-2.1081708909440364e-20,0.04879160558778714,0.04879160558778714,-0.09799356871056268,0.09788647659714363,0.09743231814643606
014,1304916650,1,24000,96000.0,1.2046690805394494e-19,0.04736460721570491,0.04736460721570491,-0.09503896072393711,0.0951103996950367,0.09446449076219879
014,1304916650,2,36000,144000.0,5.421010862427522e-20,0.04588469895425496,0.04588469895425496,-0.09238173367576634,0.09230402100782485,0.09142250890652895
014,1304916650,3,48000,192000.0,-9.637352644315594e-20,0.04440936445837158,0.04440936445837158,-0.08947351647500623,0.08946088013315716,0.08838182541791263
014,1304916650,4,60000,240000.0,-8.432683563776146e-20,0.042943509782610946,0.042943509782610946,-0.08623052571192644,0.08634922639242701,0.08537426554076867
014,1304916650,5,72000,288000.0,7.830349023506421e-20,0.041507239800105886,0.041507239800105886,-0.08359774994858239,0.08341367985060268,0.08245263890104654
014,1304916650,6,84000,336000.0,-3.614007241618348e-20,0.040097356711264,0.040097356711264,-0.0807263830116664,0.08085587564659757,0.0795891363191477
014,1304916650,7,96000,384000.0,6.926847213101833e-20,0.03870965004569229,0.03870965004569229,-0.07803860057871444,0.0777754904369193,0.07675852253022951
014,1304916650,8,108000,432000.0,-3.614007241618348e-20,0.03734750265924604,0.03734750265924604,-0.07510241417046203,0.07452432663862348,0.07400122559332711
014,1304916650,9,120000,480000.0,6.0233454026972465e-21,0.03603105853448587,0.03603105853448587,-0.0724035995560625,0.07220072177735783,0.07134342750961156
014,1304916650,10,132000,528000.0,-1.8672370748361466e-19,0.03477931895762757,0.03477931895762757,-0.06981772839234023,0.06949617329684156,0.06882323998497081
014,1304916650,11,144000,576000.0,-6.023345402697247e-20,0.033568150928680145,0.033568150928680145,-0.06767413906996247,0.06753317595901152,0.06636089565303264
014,1304916650,12,156000,624000.0,4.216341781888073e-20,0.0323979971520541,0.0323979971520541,-0.06562263998620778,0.06472238406115613,0.06397175712402574
014,1304916650,13,168000,672000.0,4.216341781888073e-20,0.03125481680953605,0.03125481680953605,-0.06387553239057941,0.06209263714183853,0.061651674187456366
014,1304916650,14,180000,720000.0,-7.830349023506421e-20,0.030151218178164067,0.030151218178164067,-0.061263549740481094,0.060231623630517345,0.05939732606244892
014,1304916650,15,192000,768000.0,-9.637352644315594e-20,0.02906632274771168,0.02906632274771168,-0.058732131037551503,0.05842942978526877,0.057170685749873565
014,1304916650,16,204000,816000.0,2.4093381610788986e-20,0.02800529859862787,0.02800529859862787,-0.05658011021734698,0.05671919370585458,0.05502194429886275
014,1304916650,17,216000,864000.0,6.625679942966972e-20,0.026991101256214248,0.026991101256214248,-0.054630145599865544,0.05485682781500622,0.052965140459713525
014,1304916650,18,228000,912000.0,-1.807003620809174e-20,0.026018380431877403,0.026018380431877403,-0.05244372255524996,0.05275756874571963,0.0509975013360764
014,1304916650,19,240000,960000.0,-1.5058363506743118e-20,0.025080934488591004,0.025080934488591004,-0.05030244864865777,0.05087706153885999,0.04908135569479142
014,1304916650,20,252000,1008000.0,5.722178132562385e-20,0.02416417433532929,0.02416417433532929,-0.04816307123588983,0.04902480507053565,0.0471886826472102
014,1304916650,21,264000,1056000.0,6.023345402697247e-20,0.02328189667194761,0.02328189667194761,-0.04630674153230482,0.04741895740025792,0.045362186114310886
014,1304916650,22,276000,1104000.0,0.0,0.022409246885524967,0.022409246885524967,-0.044194974193762615,0.04583983173956043,0.04354768215474625
014,1304916650,23,288000,1152000.0,-3.614007241618348e-20,0.021556343599205573,0.021556343599205573,-0.04231993976051097,0.04419461751240698,0.041799971119107895
014,1304916650,24,300000,1200000.0,0.0,0.020731754115452805,0.020731754115452805,-0.04075587264809032,0.04286598673275467,0.04009091514758531
014,1304916650,25,312000,1248000.0,-4.818676322157797e-20,0.01992755146470935,0.01992755146470935,-0.03906356817309937,0.04136012842796251,0.03844803435974852
014,1304916650,26,324000,1296000.0,2.4093381610788986e-20,0.01916591871837123,0.01916591871837123,-0.037669103687666364,0.040183223964660626,0.03687026494165104
014,1304916650,27,336000,1344000.0,-6.023345402697247e-20,0.018416854091370366,0.018416854091370366,-0.03623909217973105,0.03871922020957945,0.03530203225396213
014,1304916650,28,348000,1392000.0,0.0,0.017679633575631664,0.017679633575631664,-0.034622608003890644,0.03726928260499561,0.03378814214361039
014,1304916650,29,360000,1440000.0,2.4093381610788986e-20,0.016965997914701436,0.016965997914701436,-0.03319243659658854,0.036004279664177415,0.032340056228180016
014,1304916650,30,372000,1488000.0,-4.818676322157797e-20,0.01628367611732889,0.01628367611732889,-0.03186636239771613,0.034747516084815654,0.030957092700002832
014,1304916650,31,384000,1536000.0,-7.228014483236696e-20,0.0156165958135169,0.0156165958135169,-0.030571905915467594,0.033301628235337735,0.02960855762172378
014,1304916650,32,396000,1584000.0,1.2046690805394493e-20,0.01497151112860055,0.01497151112860055,-0.029410818083907945,0.032015505838157855,0.028317828783252556
014,1304916650,33,408000,1632000.0,-2.4093381610788986e-20,0.014361576840168231,0.014361576840168231,-0.028355182908481318,0.03060708275231111,0.02709252305106697
014,1304916650,34,420000,1680000.0,1.807003620809174e-20,0.013787809826482674,0.013787809826482674,-0.02744442278547097,0.029324094634416743,0.025925888399326087
014,1304916650,35,432000,1728000.0,-8.432683563776146e-20,0.013232007539997823,0.013232007539997823,-0.026459306586338407,0.028130812666705855,0.02479998496215911
014,1304916650,36,444000,1776000.0,9.637352644315594e-20,0.012691480838900097,0.012691480838900097,-0.025672413541911663,0.02672767694327062,0.023721258267502817
014,1304916650,37,456000,1824000.0,-7.228014483236696e-20,0.012177991083942885,0.012177991083942885,-0.02468265720927033,0.025880015640515248,0.02270854573654792
014,1304916650,38,468000,1872000.0,-9.637352644315594e-20,0.011688276193655874,0.011688276193655874,-0.023669853666079006,0.024793904994617928,0.02172719773694606
014,1304916650,39,480000,1920000.0,4.818676322157797e-20,0.011216845646577047,0.011216845646577047,-0.02257107441391315,0.023570223168239635,0.020778297853496844
014,1304916650,40,492000,1968000.0,-2.4093381610788986e-20,0.010768054149815407,0.010768054149815407,-0.021795645192868168,0.022538514841218927,0.01988845308810853
014,1304916650,41,504000,2016000.0,-2.4093381610788986e-20,0.010343310047701433,0.010343310047701433,-0.02098915557094817,0.021619254121217717,0.01904652449694681
014,1304916650,42,516000,2064000.0,2.4093381610788986e-20,0.009937665313759399,0.009937665313759399,-0.020186415775947056,0.020791879496196687,0.018252543513844244
014,1304916650,43,528000,2112000.0,2.4093381610788986e-20,0.009554952947230494,0.009554952947230494,-0.0193231830134528,0.01999883316038696,0.017509309864613503
014,1304916650,44,540000,2160000.0,-8.432683563776146e-20,0.009188321993034352,0.009188321993034352,-0.018520185474268737,0.019293852823477543,0.016792551910872342
014,1304916650,45,552000,2208000.0,7.228014483236696e-20,0.008829149443025026,0.008829149443025026,-0.01793058411507203,0.018598120854369935,0.01609371999626019
014,1304916650,46,564000,2256000.0,1.2046690805394493e-20,0.008487826895303816,0.008487826895303816,-0.01718311077061926,0.017908522458920335,0.015430654362564928
014,1304916650,47,576000,2304000.0,-8.432683563776146e-20,0.008163354860267818,0.008163354860267818,-0.016433014038323947,0.01719697740868993,0.014800516201979228
014,1304916650,48,588000,2352000.0,3.614007241618348e-20,0.007851685523883899,0.007851685523883899,-0.015697695624519312,0.01659772566673916,0.014186372210415814
014,1304916650,49,600000,2400000.0,-6.023345402697247e-20,0.007557511561838131,0.007557511561838131,-0.01499678035762399,0.016172513242780913,0.01359457520803942
015,1279592151,0,12000,48000.0,2.4093381610788986e-20,0.04879100285537585,0.04879100285537585,-0.09788591725300419,0.0978884258971357,0.09743595377697958
015,1279592151,1,24000,96000.0,3.0116727013486236e-20,0.04736527161121779,0.04736527161121779,-0.09504177524467868,0.0950985283971312,0.0944725279223886
015,1279592151,2,36000,144000.0,-1.2347858075529356e-19,0.04587937498525866,0.04587937498525866,-0.09233811543049152,0.09243530124156187,0.09139313131624553
015,1279592151,3,48000,192000.0,3.0116727013486236e-20,0.04438195996302251,0.04438195996302251,-0.08918173116911088,0.08986689936733666,0.08830567569528262
015,1279592151,4,60000,240000.0,1.2046690805394493e-20,0.04290786817876388,0.04290786817876388,-0.08643557199616181,0.08652389239680845,0.08529431513943117
015,1279592151,5,72000,288000.0,1.7467701667822016e-19,0.04145832615004306,0.04145832615004306,-0.08304028154134577,0.08336020480231411,0.08235030509719907
015,1279592151,6,84000,336000.0,-4.216341781888073e-20,0.04004815834507001,0.04004815834507001,-0.08053850694420601,0.0804948936266965,0.07949971888715199
015,1279592151,7,96000,384000.0,8.131516293641283e-20,0.03867609997017169,0.03867609997017169,-0.07764490427227767,0.0777263437871941,0.07672563529894828
015,1279592151,8,108000,432000.0,-1.0842021724855044e-19,0.037331476526205366,0.037331476526205366,-0.07459867879306604,0.07543904237715587,0.07398366532474045
015,1279592151,9,120000,480000.0,7.378598118304128e-20,0.03601734418671212,0.03601734418671212,-0.07214905029692097,0.07305021924772208,0.07132215902296878
015,1279592151,10,132000,528000.0,-9.637352644315594e-20,0.03474117049298059,0.03474117049298059,-0.06955187619789334,0.07062263024388295,0.06871650579407823
015,1279592151,11,144000,576000.0,1.6564199857417428e-19,0.033478992157999495,0.033478992157999495,-0.06762369945243073,0.06851364148578883,0.06616228483089104
015,1279592151,12,156000,624000.0,-8.733850833911008e-20,0.03226575432040069,0.03226575432040069,-0.0652129815116447,0.06644587820722046,0.06371598452287885
015,1279592151,13,168000,672000.0,-2.3340463435451833e-20,0.03110629933477753,0.03110629933477753,-0.06267354020980902,0.06436552421137781,0.06135095657588509
015,1279592151,14,180000,720000.0,-1.5961865317147705e-19,0.029968742556026946,0.029968742556026946,-0.060687795266900144,0.06166097111234678,0.059003490930738776
015,1279592151,15,192000,768000.0,-1.2046690805394494e-19,0.02884096478682956,0.02884096478682956,-0.05851575094453767,0.05951264744145036,0.0567002745021693
015,1279592151,16,204000,816000.0,-1.144435626512477e-19,0.027755565625958423,0.027755565625958423,-0.0567121292772997,0.05769262204408042,0.054484524346884215
015,1279592151,17,216000,864000.0,1.807003620809174e-20,0.026710329983335508,0.026710329983335508,-0.05457323048172099,0.05536778755922602,0.05235853054442709
015,1279592151,18,228000,912000.0,2.4093381610788986e-20,0.025690577245509376,0.025690577245509376,-0.05271550158305095,0.05346924007682396,0.050314031116921024
015,1279592151,19,240000,960000.0,4.818676322157797e-20,0.02472345362868856,0.02472345362868856,-0.05104119442507458,0.05124176711054104,0.04838675443776224
015,1279592151,20,252000,1008000.0,4.818676322157797e-20,0.023795992204915756,0.023795992204915756,-0.04889352942703186,0.049509448307243104,0.046521021161641724
015,1279592151,21,264000,1056000.0,4.818676322157797e-20,0.02290148558258192,0.02290148558258192,-0.04742664030233487,0.04779047906353485,0.04472535588956077
015,1279592151,22,276000,1104000.0,-4.818676322157797e-20,0.02205006406500348,0.02205006406500348,-0.045798840173301915,0.04580142730921894,0.04302540371116443
015,1279592151,23,288000,1152000.0,-2.4093381610788986e-20,0.02122828988167158,0.02122828988167158,-0.04424224787047614,0.044051199584385844,0.041379474634218
015,1279592151,24,300000,1200000.0,-4.818676322157797e-20,0.020441501241315094,0.020441501241315094,-0.04253414467860184,0.04248986351539997,0.039816766111447244
015,1279592151,25,312000,1248000.0,-4.818676322157797e-20,0.01967395888281888,0.01967395888281888,-0.04079626982153133,0.04095234295939059,0.03826537816260675
015,1279592151,26,324000,1296000.0,-4.818676322157797e-20,0.018935489560936138,0.018935489560936138,-0.03916182165353567,0.039226282058771995,0.03678790571832536
015,1279592151,27,336000,1344000.0,-7.228014483236696e-20,0.018237003908564416,0.018237003908564416,-0.03737903161915882,0.037762617707722226,0.03536872873285364
015,1279592151,28,348000,1392000.0,2.4093381610788986e-20,0.017556335703038585,0.017556335703038585,-0.03579891451591172,0.03617077928813122,0.03399760282570496
015,1279592151,29,360000,1440000.0,0.0,0.016902955097164503,0.016902955097164503,-0.03434289415630486,0.03510573152346453,0.03268567521046404
015,1279592151,30,372000,1488000.0,2.4093381610788986e-20,0.016277038556829132,0.016277038556829132,-0.033070453972799715,0.03404893680708233,0.03142465097536831
015,1279592151,31,384000,1536000.0,-9.637352644315594e-20,0.01566798742440073,0.01566798742440073,-0.031853737737645306,0.03286702543959853,0.030198910484434533
015,1279592151,32,396000,1584000.0,-9.637352644315594e-20,0.015073658537330543,0.015073658537330543,-0.030441540358481227,0.031965483656843915,0.02901862042335127
015,1279592151,33,408000,1632000.0,2.4093381610788986e-20,0.014510010910722524,0.014510010910722524,-0.029235521381167508,0.03085294949064951,0.027889037847043982
015,1279592151,34,420000,1680000.0,-1.927470528863119e-19,0.013969684175933457,0.013969684175933457,-0.02804392265231376,0.029616087691379366,0.026810542348465742
015,1279592151,35,432000,1728000.0,9.637352644315594e-20,0.013448363297807252,0.013448363297807252,-0.026836815305088614,0.02859899625216485,0.025770540933953003
015,1279592151,36,444000,1776000.0,0.0,0.012939731777779944,0.012939731777779944,-0.025750406667002974,0.027523754939981313,0.02475887504280106
015,1279592151,37,456000,1824000.0,0.0,0.012440177578870006,0.012440177578870006,-0.024602860687069388,0.026519849303902165,0.023752986453990627
015,1279592151,38,468000,1872000.0,-4.818676322157797e-20,0.01195050263758098,0.01195050263758098,-0.023507071594708936,0.02554681528804454,0.022773204584475695
015,1279592151,39,480000,1920000.0,-4.818676322157797e-20,0.011482125794053699,0.011482125794053699,-0.022561260150536725,0.024683929820267934,0.021821087522008314
015,1279592151,40,492000,1968000.0,4.818676322157797e-20,0.011035137661365966,0.011035137661365966,-0.02149869192105578,0.023742488926161983,0.020914878241549955
015,1279592151,41,504000,2016000.0,-9.637352644315594e-20,0.010604239982007251,0.010604239982007251,-0.02055395981769494,0.022655460205028174,0.02005318079604883
015,1279592151,42,516000,2064000.0,-4.818676322157797e-20,0.010194233910642092,0.010194233910642092,-0.01979110649456542,0.021578368263170476,0.019240303132838192
015,1279592151,43,528000,2112000.0,-9.637352644315594e-20,0.00979978727734721,0.00979978727734721,-0.01907150093692504,0.020602409698430198,0.018447692749191082
015,1279592151,44,540000,2160000.0,9.637352644315594e-20,0.009419604839064413,0.009419604839064413,-0.018220713982267833,0.019962247921788856,0.017681042063553053
015,1279592151,45,552000,2208000.0,-4.818676322157797e-20,0.009051455696060279,0.009051455696060279,-0.017619639493346256,0.019100063195087762,0.016944976669884704
015,1279592151,46,564000,2256000.0,0.0,0.008702567786750952,0.008702567786750952,-0.016993538188636758,0.018351840219625493,0.016234124685909037
015,1279592151,47,576000,2304000.0,-9.637352644315594e-20,0.008365229009463548,0.008365229009463548,-0.01648642382583244,0.017673284185287207,0.015541236907444106
015,1279592151,48,588000,2352000.0,9.637352644315594e-20,0.008040932478222379,0.008040932478222379,-0.01590096403244182,0.01686944180686328,0.014878140418551945
015,1279592151,49,600000,2400000.0,4.818676322157797e-20,0.0077248943209367715,0.0077248943209367715,-0.015197105101116826,0.016275780516049384,0.014237717535734773
