nk,k,amplitude,time,u_mean,u_sem,n_samples
1,0.024543692606170259,7.2324091999999999e-06,100.00000000001425,0.0003952262287234378,0.00018176158653134474,16
1,0.024543692606170259,7.2324091999999999e-06,199.99999999996308,0.00080348037500447655,0.00043212173520630452,16
1,0.024543692606170259,7.2324091999999999e-06,299.99999999987216,0.0015666434289778612,0.00049835037789183539,16
1,0.024543692606170259,7.2324091999999999e-06,399.99999999978121,0.0023153973709211348,0.0005637143394922236,16
1,0.024543692606170259,7.2324091999999999e-06,499.99999999969026,0.003242514785648729,0.00063575462547757087,16
1,0.024543692606170259,7.2324091999999999e-06,599.99999999959937,0.0039488943822470852,0.00067888627513588897,16
1,0.024543692606170259,7.2324091999999999e-06,699.99999999950842,0.0046597403772630809,0.00074307038663620957,16
1,0.024543692606170259,7.2324091999999999e-06,799.99999999941747,0.0054273813691682951,0.00071298246396160722,16
1,0.024543692606170259,7.2324091999999999e-06,899.99999999932652,0.0058846508021379263,0.00072088032770021313,16
1,0.024543692606170259,7.2324091999999999e-06,999.99999999923557,0.0066358922603069054,0.00079927907430584562,16
1,0.024543692606170259,7.2324091999999999e-06,1099.9999999991446,0.0071535999286247943,0.00077464891146586108,16
1,0.024543692606170259,7.2324091999999999e-06,1199.9999999990537,0.0072183458213165453,0.00079365945620089027,16
1,0.024543692606170259,7.2324091999999999e-06,1299.9999999989627,0.0074022454041603025,0.00081288239813258713,16
1,0.024543692606170259,7.2324091999999999e-06,1399.9999999988718,0.0079571415531347698,0.0008456018556354803,16
1,0.024543692606170259,7.2324091999999999e-06,1499.9999999987808,0.008670713484256326,0.00085177660449257031,16
1,0.024543692606170259,7.2324091999999999e-06,1599.9999999986899,0.0092142848247023408,0.00091066596705540121,16
1,0.024543692606170259,7.2324091999999999e-06,1699.9999999985989,0.0097193858846108382,0.00098894210771032507,16
1,0.024543692606170259,7.2324091999999999e-06,1799.999999998508,0.010383840574974872,0.0010707606720017028,16
1,0.024543692606170259,7.2324091999999999e-06,1899.999999998417,0.010939872096753912,0.0011063693176649185,16
1,0.024543692606170259,7.2324091999999999e-06,1999.9999999983261,0.011596946370621501,0.0011757666198103872,16
1,0.024543692606170259,7.2324091999999999e-06,2099.9999999994175,0.012535620883271547,0.0011621849213642723,16
1,0.024543692606170259,7.2324091999999999e-06,2200.0000000016003,0.012868848895211293,0.0011173291950981666,16
1,0.024543692606170259,7.2324091999999999e-06,2300.000000003783,0.013494314885578788,0.0010549677209297479,16
1,0.024543692606170259,7.2324091999999999e-06,2400.0000000059658,0.014531639075646349,0.0010229427377761065,16
1,0.024543692606170259,7.2324091999999999e-06,2500.0000000081486,0.015093410014749136,0.0010637984868022967,16
1,0.024543692606170259,7.2324091999999999e-06,2600.0000000103314,0.015468501046619048,0.0010944976922750637,16
1,0.024543692606170259,7.2324091999999999e-06,2700.0000000125142,0.016189190441108916,0.0010739058927742816,16
1,0.024543692606170259,7.2324091999999999e-06,2800.000000014697,0.016607691642766348,0.0011005883211755961,16
1,0.024543692606170259,7.2324091999999999e-06,2900.0000000168798,0.016727863694688472,0.0010748621955580734,16
1,0.024543692606170259,7.2324091999999999e-06,3000.0000000190626,0.017136668696789818,0.0010244567424426468,16
1,0.024543692606170259,7.2324091999999999e-06,3100.0000000212453,0.017754557507072579,0.00098509306435542207,16
1,0.024543692606170259,7.2324091999999999e-06,3200.0000000234281,0.017684574476670691,0.00098128022644827567,16
1,0.024543692606170259,7.2324091999999999e-06,3300.0000000256109,0.017731235855945673,0.00096997588095636014,16
1,0.024543692606170259,7.2324091999999999e-06,3400.0000000277937,0.01810911482053117,0.00090999635051638907,16
1,0.024543692606170259,7.2324091999999999e-06,3500.0000000299765,0.018568974201008136,0.00099218383832054124,16
1,0.024543692606170259,7.2324091999999999e-06,3600.0000000321593,0.019249336310055768,0.0010065592682162036,16
1,0.024543692606170259,7.2324091999999999e-06,3700.0000000343421,0.019601081010232842,0.00097237690037133321,16
1,0.024543692606170259,7.2324091999999999e-06,3800.0000000365249,0.019598740629404018,0.00097264207390147567,16
1,0.024543692606170259,7.2324091999999999e-06,3900.0000000387076,0.020045010163144462,0.0010171373056365486,16
1,0.024543692606170259,7.2324091999999999e-06,4000.0000000408904,0.020327450203655294,0.0010386700848665489,16
1,0.024543692606170259,7.2324091999999999e-06,4100.0000000430728,0.020257260913802744,0.0010673970436204372,16
1,0.024543692606170259,7.2324091999999999e-06,4200.0000000452555,0.020043617796814427,0.0010950827439542719,16
1,0.024543692606170259,7.2324091999999999e-06,4300.0000000474383,0.020517469646107608,0.0011374870981965106,16
1,0.024543692606170259,7.2324091999999999e-06,4400.0000000496211,0.021129324061543612,0.0010874917096519718,16
1,0.024543692606170259,7.2324091999999999e-06,4500.0000000518039,0.021101461849303289,0.0011706244705959807,16
1,0.024543692606170259,7.2324091999999999e-06,4600.0000000539867,0.021055148431399918,0.0011886485654968623,16
1,0.024543692606170259,7.2324091999999999e-06,4700.0000000561695,0.020881684003774468,0.0011575630902444052,16
1,0.024543692606170259,7.2324091999999999e-06,4800.0000000583523,0.020506038611058233,0.0011420597381523723,16
1,0.024543692606170259,7.2324091999999999e-06,4900.0000000605351,0.0201201404479616,0.0010580531224468905,16
1,0.024543692606170259,7.2324091999999999e-06,5000.0000000627178,0.020238775637244622,0.001107614735825959,16
1,0.024543692606170259,7.2324091999999999e-06,5100.0000000649006,0.019957250188716403,0.0011106611159546534,16
1,0.024543692606170259,7.2324091999999999e-06,5200.0000000670834,0.020178868431540542,0.0011089651186377053,16
1,0.024543692606170259,7.2324091999999999e-06,5300.0000000692662,0.020202080374217852,0.0009916501007318048,16
1,0.024543692606170259,7.2324091999999999e-06,5400.000000071449,0.020258609568355596,0.00092507826351649017,16
1,0.024543692606170259,7.2324091999999999e-06,5500.0000000736318,0.020505414876991236,0.0008801513557762351,16
1,0.024543692606170259,7.2324091999999999e-06,5600.0000000758146,0.020576544488573285,0.00092906855279097696,16
1,0.024543692606170259,7.2324091999999999e-06,5700.0000000779974,0.020596876029213902,0.00092965565306823094,16
1,0.024543692606170259,7.2324091999999999e-06,5800.0000000801801,0.020723806200860107,0.0010351992118760864,16
1,0.024543692606170259,7.2324091999999999e-06,5900.0000000823629,0.020706939086921543,0.0009882463244243083,16
1,0.024543692606170259,7.2324091999999999e-06,6000.0000000845457,0.020381903084733439,0.00086661125217667655,16
1,0.024543692606170259,7.2324091999999999e-06,6100.0000000867285,0.020523037395207333,0.00078168524294816208,16
1,0.024543692606170259,7.2324091999999999e-06,6200.0000000889113,0.020703712176694623,0.00076469175970360229,16
1,0.024543692606170259,7.2324091999999999e-06,6300.0000000910941,0.021270294063356357,0.00072816555026660205,16
1,0.024543692606170259,7.2324091999999999e-06,6400.0000000932769,0.021502469248552269,0.00083173007065131155,16
1,0.024543692606170259,7.2324091999999999e-06,6500.0000000954597,0.021885302561953816,0.00086523999960392314,16
1,0.024543692606170259,7.2324091999999999e-06,6600.0000000976424,0.022237148891952181,0.00086036006587564729,16
1,0.024543692606170259,7.2324091999999999e-06,6700.0000000998252,0.022338211317335571,0.00087995806771902268,16
1,0.024543692606170259,7.2324091999999999e-06,6800.000000102008,0.022332592503272294,0.00089004721116263158,16
1,0.024543692606170259,7.2324091999999999e-06,6900.0000001041908,0.022907425854176489,0.00083909752170596642,16
1,0.024543692606170259,7.2324091999999999e-06,7000.0000001063736,0.023438078071129922,0.00092103368410641597,16
1,0.024543692606170259,7.2324091999999999e-06,7100.0000001085564,0.023484454141036355,0.00096939137754526686,16
1,0.024543692606170259,7.2324091999999999e-06,7200.0000001107392,0.023500480088382257,0.0010174599515584272,16
1,0.024543692606170259,7.2324091999999999e-06,7300.000000112922,0.023246780485872934,0.0010621128653173564,16
1,0.024543692606170259,7.2324091999999999e-06,7400.0000001151047,0.023106168661202367,0.0010763019627002665,16
1,0.024543692606170259,7.2324091999999999e-06,7500.0000001172875,0.022807781185360199,0.0011475819736073026,16
1,0.024543692606170259,7.2324091999999999e-06,7600.0000001194703,0.022571832093165663,0.0011539260941129,16
1,0.024543692606170259,7.2324091999999999e-06,7700.0000001216531,0.02260603861515674,0.0012157520377489776,16
1,0.024543692606170259,7.2324091999999999e-06,7800.0000001238359,0.022602655900053708,0.0011740732179545245,16
1,0.024543692606170259,7.2324091999999999e-06,7900.0000001260187,0.023145487428654136,0.0011330793982746938,16
1,0.024543692606170259,7.2324091999999999e-06,8000.0000001282015,0.023333963230513712,0.0011566424007054808,16
1,0.024543692606170259,7.2324091999999999e-06,8100.0000001303843,0.024070197331089397,0.0011648669163369385,16
1,0.024543692606170259,7.2324091999999999e-06,8200.0000001325661,0.024448948784355572,0.001146820985953425,16
1,0.024543692606170259,7.2324091999999999e-06,8300.0000001347489,0.02418453923870684,0.0010734427732619028,16
1,0.024543692606170259,7.2324091999999999e-06,8400.0000001369317,0.023877014271711121,0.0010178251757148489,16
1,0.024543692606170259,7.2324091999999999e-06,8500.0000001391145,0.024014759035953112,0.0010315644610692169,16
1,0.024543692606170259,7.2324091999999999e-06,8600.0000001412973,0.024073601338296134,0.0010578672483299114,16
1,0.024543692606170259,7.2324091999999999e-06,8700.0000001434801,0.024142316744318881,0.0010351443678621745,16
1,0.024543692606170259,7.2324091999999999e-06,8800.0000001456629,0.024454890695483355,0.00097854790481043358,16
1,0.024543692606170259,7.2324091999999999e-06,8900.0000001478456,0.024708729722150616,0.00097920778885816711,16
1,0.024543692606170259,7.2324091999999999e-06,9000.0000001500284,0.024885161513692591,0.0010456508213663516,16
1,0.024543692606170259,7.2324091999999999e-06,9100.0000001522112,0.0246989705803526,0.0010256769968551651,16
1,0.024543692606170259,7.2324091999999999e-06,9200.000000154394,0.024818508511158754,0.0011366562835342319,16
1,0.024543692606170259,7.2324091999999999e-06,9300.0000001565768,0.02440819647108276,0.0012783464361850482,16
1,0.024543692606170259,7.2324091999999999e-06,9400.0000001587596,0.02459029485051982,0.0013550014343082946,16
1,0.024543692606170259,7.2324091999999999e-06,9500.0000001609424,0.024356674365753048,0.0013932899943247948,16
1,0.024543692606170259,7.2324091999999999e-06,9600.0000001631252,0.023762855514149223,0.0014037939882717966,16
1,0.024543692606170259,7.2324091999999999e-06,9700.0000001653079,0.02333150904007348,0.0012762998347410467,16
1,0.024543692606170259,7.2324091999999999e-06,9800.0000001674907,0.023239748044968121,0.0011846402452096595,16
1,0.024543692606170259,7.2324091999999999e-06,9900.0000001696735,0.02335374415138966,0.0011419256477112818,16
1,0.024543692606170259,7.2324091999999999e-06,10000.000000171856,0.023822514615983115,0.0010632353684212339,16
1,0.024543692606170259,7.2324091999999999e-06,10100.000000174039,0.024432682979580705,0.00096717013492607362,16
1,0.024543692606170259,7.2324091999999999e-06,10200.000000176222,0.024743231179449491,0.00093211168355554431,16
1,0.024543692606170259,7.2324091999999999e-06,10300.000000178405,0.024998423107889887,0.00095325235588392967,16
1,0.024543692606170259,7.2324091999999999e-06,10400.000000180587,0.024991499566992786,0.0009948780809085182,16
1,0.024543692606170259,7.2324091999999999e-06,10500.00000018277,0.024461762927323417,0.0012117649825450869,16
1,0.024543692606170259,7.2324091999999999e-06,10600.000000184953,0.023709520825344339,0.0013244162352558898,16
1,0.024543692606170259,7.2324091999999999e-06,10700.000000187136,0.023674333662257616,0.0013899365376887627,16
1,0.024543692606170259,7.2324091999999999e-06,10800.000000189319,0.024407131126482941,0.001467161124145962,16
1,0.024543692606170259,7.2324091999999999e-06,10900.000000191501,0.024569831188414045,0.0014547992057440079,16
1,0.024543692606170259,7.2324091999999999e-06,11000.000000193684,0.024566578724538938,0.0014737070422152034,16
1,0.024543692606170259,7.2324091999999999e-06,11100.000000195867,0.024331777376200563,0.0016008994299094553,16
1,0.024543692606170259,7.2324091999999999e-06,11200.00000019805,0.024591029433136423,0.001621836946843409,16
1,0.024543692606170259,7.2324091999999999e-06,11300.000000200233,0.025015509704490721,0.0015860152765870602,16
1,0.024543692606170259,7.2324091999999999e-06,11400.000000202415,0.024834268176081007,0.0016497994757527475,16
1,0.024543692606170259,7.2324091999999999e-06,11500.000000204598,0.024852225949092133,0.0017059299295545277,16
1,0.024543692606170259,7.2324091999999999e-06,11600.000000206781,0.02536531780006103,0.00165949796686909,16
1,0.024543692606170259,7.2324091999999999e-06,11700.000000208964,0.024966336752157616,0.0016432630378949505,16
1,0.024543692606170259,7.2324091999999999e-06,11800.000000211146,0.024488473362052326,0.0015449671763702157,16
1,0.024543692606170259,7.2324091999999999e-06,11900.000000213329,0.024835902022504294,0.001516177470420395,16
1,0.024543692606170259,7.2324091999999999e-06,12000.000000215512,0.024783145516234572,0.001471711034258938,16
1,0.024543692606170259,7.2324091999999999e-06,12100.000000217695,0.024750705814770655,0.0013961256562141243,16
1,0.024543692606170259,7.2324091999999999e-06,12200.000000219878,0.02464490412227676,0.0014253716983982335,16
1,0.024543692606170259,7.2324091999999999e-06,12300.00000022206,0.024824428455811592,0.0014092101426885243,16
1,0.024543692606170259,7.2324091999999999e-06,12400.000000224243,0.024954053428013392,0.001449328368353817,16
1,0.024543692606170259,7.2324091999999999e-06,12500.000000226426,0.02484639209860549,0.0015392860734914035,16
1,0.024543692606170259,7.2324091999999999e-06,12600.000000228609,0.024683279112173547,0.0015837014255913478,16
1,0.024543692606170259,7.2324091999999999e-06,12700.000000230792,0.024854690828617063,0.0015627284714720053,16
1,0.024543692606170259,7.2324091999999999e-06,12800.000000232974,0.024487648373897539,0.0015326577154068989,16
1,0.024543692606170259,7.2324091999999999e-06,12900.000000235157,0.023979742958198897,0.0016447207321842084,16
1,0.024543692606170259,7.2324091999999999e-06,13000.00000023734,0.023942480016314285,0.0016112556681744429,16
1,0.024543692606170259,7.2324091999999999e-06,13100.000000239523,0.024111652182190101,0.0016344896301264357,16
1,0.024543692606170259,7.2324091999999999e-06,13200.000000241705,0.023933472977362851,0.0016005988501561689,16
1,0.024543692606170259,7.2324091999999999e-06,13300.000000243888,0.023566748723216371,0.0016102388770703171,16
1,0.024543692606170259,7.2324091999999999e-06,13400.000000246071,0.023048898877621765,0.0017392883468043162,16
1,0.024543692606170259,7.2324091999999999e-06,13500.000000248254,0.022829081071791702,0.0018243688043399705,16
1,0.024543692606170259,7.2324091999999999e-06,13600.000000250437,0.022773007340416009,0.0018132783189739783,16
1,0.024543692606170259,7.2324091999999999e-06,13700.000000252619,0.022739183728760864,0.0018815423171463811,16
1,0.024543692606170259,7.2324091999999999e-06,13800.000000254802,0.022952276695819625,0.0018892647964569391,16
1,0.024543692606170259,7.2324091999999999e-06,13900.000000256985,0.022725042214619681,0.0018820092385137522,16
1,0.024543692606170259,7.2324091999999999e-06,14000.000000259168,0.023096095175958203,0.0018967269794721382,16
1,0.024543692606170259,7.2324091999999999e-06,14100.000000261351,0.023639229925326112,0.0018567123492855464,16
1,0.024543692606170259,7.2324091999999999e-06,14200.000000263533,0.023419100909204391,0.0017487632092213479,16
1,0.024543692606170259,7.2324091999999999e-06,14300.000000265716,0.023216348774618673,0.0018156405925267003,16
1,0.024543692606170259,7.2324091999999999e-06,14400.000000267899,0.023171923516372022,0.0018265956926268197,16
1,0.024543692606170259,7.2324091999999999e-06,14500.000000270082,0.023472168088971637,0.0019294444644701804,16
1,0.024543692606170259,7.2324091999999999e-06,14600.000000272265,0.023064341477948051,0.0018990780051982459,16
1,0.024543692606170259,7.2324091999999999e-06,14700.000000274447,0.023031862295867393,0.0017513414149185535,16
1,0.024543692606170259,7.2324091999999999e-06,14800.00000027663,0.023191396124985681,0.0017695805245894387,16
1,0.024543692606170259,7.2324091999999999e-06,14900.000000278813,0.023087678954061289,0.0018275394315752252,16
1,0.024543692606170259,7.2324091999999999e-06,15000.000000280996,0.023164986589674721,0.0017701151263658202,16
1,0.024543692606170259,7.2324091999999999e-06,15100.000000283178,0.023426690315350399,0.001763678201136009,16
1,0.024543692606170259,7.2324091999999999e-06,15200.000000285361,0.023291362546462191,0.0017507834343463934,16
1,0.024543692606170259,7.2324091999999999e-06,15300.000000287544,0.022973974549617117,0.0017285081160317863,16
1,0.024543692606170259,7.2324091999999999e-06,15400.000000289727,0.022940276810044381,0.0016263309256472184,16
1,0.024543692606170259,7.2324091999999999e-06,15500.00000029191,0.02302695040175743,0.0015256845780576146,16
1,0.024543692606170259,7.2324091999999999e-06,15600.000000294092,0.023034425156396629,0.0014630368979091967,16
1,0.024543692606170259,7.2324091999999999e-06,15700.000000296275,0.02281553156567925,0.0015540950457140637,16
1,0.024543692606170259,7.2324091999999999e-06,15800.000000298458,0.022749018292156947,0.0015269883187874959,16
1,0.024543692606170259,7.2324091999999999e-06,15900.000000300641,0.022541007065484286,0.001473847665805697,16
1,0.024543692606170259,7.2324091999999999e-06,16000.000000302824,0.022630002829359747,0.0015218751856728068,16
1,0.024543692606170259,7.2324091999999999e-06,16100.000000305006,0.022585180125588845,0.0016047486221376123,16
1,0.024543692606170259,7.2324091999999999e-06,16200.000000307189,0.022462311667575192,0.0016658865424062257,16
1,0.024543692606170259,7.2324091999999999e-06,16300.000000309372,0.022784307587164987,0.0016654835006910181,16
1,0.024543692606170259,7.2324091999999999e-06,16400.000000308642,0.022597774988997971,0.00167958250256585,16
1,0.024543692606170259,7.2324091999999999e-06,16500.000000292635,0.022547611461153142,0.0015619467580007958,16
1,0.024543692606170259,7.2324091999999999e-06,16600.000000276628,0.022407782213176693,0.001478310285808534,16
1,0.024543692606170259,7.2324091999999999e-06,16700.000000260621,0.022496881863016897,0.0014692428552374852,16
1,0.024543692606170259,7.2324091999999999e-06,16800.000000244614,0.022581562845394487,0.001503836199985762,16
1,0.024543692606170259,7.2324091999999999e-06,16900.000000228607,0.022642347944534482,0.0015497365537249146,16
1,0.024543692606170259,7.2324091999999999e-06,17000.0000002126,0.022376243333010068,0.0016231241175004856,16
1,0.024543692606170259,7.2324091999999999e-06,17100.000000196593,0.02216285811852953,0.001564599981114564,16
1,0.024543692606170259,7.2324091999999999e-06,17200.000000180586,0.022465090769858774,0.0014693032678618591,16
1,0.024543692606170259,7.2324091999999999e-06,17300.000000164579,0.022454519772465587,0.001430063192384138,16
1,0.024543692606170259,7.2324091999999999e-06,17400.000000148571,0.022465623349864433,0.0014750274023359786,16
1,0.024543692606170259,7.2324091999999999e-06,17500.000000132564,0.022346804807572274,0.0014373546044029702,16
1,0.024543692606170259,7.2324091999999999e-06,17600.000000116557,0.022343437229498282,0.0013712351787408808,16
1,0.024543692606170259,7.2324091999999999e-06,17700.00000010055,0.022473848667437304,0.0012509420802625929,16
1,0.024543692606170259,7.2324091999999999e-06,17800.000000084543,0.022173765970176281,0.0012649779717320688,16
1,0.024543692606170259,7.2324091999999999e-06,17900.000000068536,0.022289468371053844,0.0012521366484871618,16
1,0.024543692606170259,7.2324091999999999e-06,18000.000000052529,0.021931714197927537,0.0012936064591582898,16
1,0.024543692606170259,7.2324091999999999e-06,18100.000000036522,0.022003001676246955,0.0012070270695033302,16
1,0.024543692606170259,7.2324091999999999e-06,18200.000000020515,0.022067885722690531,0.0011230872214142674,16
1,0.024543692606170259,7.2324091999999999e-06,18300.000000004507,0.022173510926985794,0.0010575915159084096,16
1,0.024543692606170259,7.2324091999999999e-06,18399.9999999885,0.022419720947869738,0.0010706408806885862,16
1,0.024543692606170259,7.2324091999999999e-06,18499.999999972493,0.022597178871516285,0.0011441836616220716,16
1,0.024543692606170259,7.2324091999999999e-06,18599.999999956486,0.022641326111682642,0.0011230269128047904,16
1,0.024543692606170259,7.2324091999999999e-06,18699.999999940479,0.02247015706232593,0.0011093077943656292,16
1,0.024543692606170259,7.2324091999999999e-06,18799.999999924472,0.022021856721886161,0.0010188150724259246,16
1,0.024543692606170259,7.2324091999999999e-06,18899.999999908465,0.021945755705248225,0.0010058720233154189,16
1,0.024543692606170259,7.2324091999999999e-06,18999.999999892458,0.021838777914462624,0.00095031092615023105,16
1,0.024543692606170259,7.2324091999999999e-06,19099.999999876451,0.021801991570819641,0.00097704190938322356,16
1,0.024543692606170259,7.2324091999999999e-06,19199.999999860443,0.02207583570641844,0.00099689031606659873,16
1,0.024543692606170259,7.2324091999999999e-06,19299.999999844436,0.02196360256018496,0.00095905815185990436,16
1,0.024543692606170259,7.2324091999999999e-06,19399.999999828429,0.021808916973949002,0.0009340294517795277,16
1,0.024543692606170259,7.2324091999999999e-06,19499.999999812422,0.022108898684520324,0.00088235639849854042,16
1,0.024543692606170259,7.2324091999999999e-06,19599.999999796415,0.02248061542756024,0.00091169317517429693,16
1,0.024543692606170259,7.2324091999999999e-06,19699.999999780408,0.022511884143553575,0.00099190253389969032,16
1,0.024543692606170259,7.2324091999999999e-06,19799.999999764401,0.022440538992006719,0.0010200630198517722,16
1,0.024543692606170259,7.2324091999999999e-06,19899.999999748394,0.022262294151955863,0.0011041152649610198,16
1,0.024543692606170259,7.2324091999999999e-06,19999.999999732387,0.022141222709089456,0.0012014213502358863,16
1,0.024543692606170259,7.2324091999999999e-06,20099.99999971638,0.022095429991542764,0.0012557496197894116,16
1,0.024543692606170259,7.2324091999999999e-06,20199.999999700372,0.022344203455025469,0.0013409752538339672,16
1,0.024543692606170259,7.2324091999999999e-06,20299.999999684365,0.023016586387229126,0.0014473214578158394,16
1,0.024543692606170259,7.2324091999999999e-06,20399.999999668358,0.023214591018629646,0.0015359470899564869,16
1,0.024543692606170259,7.2324091999999999e-06,20499.999999652351,0.023108868617398619,0.0014860406282679608,16
1,0.024543692606170259,7.2324091999999999e-06,20599.999999636344,0.023122139254643577,0.0013910276918654614,16
1,0.024543692606170259,7.2324091999999999e-06,20699.999999620337,0.02315356770105707,0.0013618410277117395,16
1,0.024543692606170259,7.2324091999999999e-06,20799.99999960433,0.023934392347306405,0.0012000097858169689,16
1,0.024543692606170259,7.2324091999999999e-06,20899.999999588323,0.024295493034508526,0.00112054241570103,16
1,0.024543692606170259,7.2324091999999999e-06,20999.999999572316,0.024628754497442014,0.0010827726734826146,16
1,0.024543692606170259,7.2324091999999999e-06,21099.999999556308,0.024411325488320958,0.0010505269877435141,16
1,0.024543692606170259,7.2324091999999999e-06,21199.999999540301,0.024115098505649725,0.0010081599076598219,16
1,0.024543692606170259,7.2324091999999999e-06,21299.999999524294,0.024351884406436253,0.0010481652921971005,16
1,0.024543692606170259,7.2324091999999999e-06,21399.999999508287,0.024411775534909294,0.001071596822929671,16
1,0.024543692606170259,7.2324091999999999e-06,21499.99999949228,0.024310953442213127,0.0011711466078388321,16
1,0.024543692606170259,7.2324091999999999e-06,21599.999999476273,0.024405264956570555,0.0012425645891234707,16
1,0.024543692606170259,7.2324091999999999e-06,21699.999999460266,0.023937439797437628,0.0012099802608885896,16
1,0.024543692606170259,7.2324091999999999e-06,21799.999999444259,0.02384841643507395,0.0011717670395091505,16
1,0.024543692606170259,7.2324091999999999e-06,21899.999999428252,0.023789624353506105,0.0011541521715061568,16
1,0.024543692606170259,7.2324091999999999e-06,21999.999999412245,0.023993410836798356,0.0011848716872797918,16
1,0.024543692606170259,7.2324091999999999e-06,22099.999999396237,0.023961424178998471,0.0012604290305535228,16
1,0.024543692606170259,7.2324091999999999e-06,22199.99999938023,0.023853207029004973,0.0013944334734192071,16
1,0.024543692606170259,7.2324091999999999e-06,22299.999999364223,0.023678336109942192,0.0014879121098122583,16
1,0.024543692606170259,7.2324091999999999e-06,22399.999999348216,0.023483579915122461,0.0015657163191804676,16
1,0.024543692606170259,7.2324091999999999e-06,22499.999999332209,0.023222619771414852,0.0014930088307955351,16
1,0.024543692606170259,7.2324091999999999e-06,22599.999999316202,0.023569824121047085,0.0013850864375798552,16
1,0.024543692606170259,7.2324091999999999e-06,22699.999999300195,0.023999762630124915,0.0013425076636841631,16
1,0.024543692606170259,7.2324091999999999e-06,22799.999999284188,0.024030159983594351,0.0013145768588222176,16
1,0.024543692606170259,7.2324091999999999e-06,22899.999999268181,0.0239302941265691,0.0012971020255761253,16
1,0.024543692606170259,7.2324091999999999e-06,22999.999999252173,0.024040623882965854,0.0011976949798508632,16
1,0.024543692606170259,7.2324091999999999e-06,23099.999999236166,0.024052332821648571,0.0011877079017186154,16
1,0.024543692606170259,7.2324091999999999e-06,23199.999999220159,0.023937968094937194,0.0011582657298825269,16
1,0.024543692606170259,7.2324091999999999e-06,23299.999999204152,0.023840658822683318,0.0011228595301427645,16
1,0.024543692606170259,7.2324091999999999e-06,23399.999999188145,0.023409984457806312,0.0012331762827580682,16
1,0.024543692606170259,7.2324091999999999e-06,23499.999999172138,0.023379391788656414,0.0012483304108544143,16
1,0.024543692606170259,7.2324091999999999e-06,23599.999999156131,0.023265029368958752,0.0011323812302914816,16
1,0.024543692606170259,7.2324091999999999e-06,23699.999999140124,0.023596968785102024,0.0010960641321425258,16
1,0.024543692606170259,7.2324091999999999e-06,23799.999999124117,0.023826039111434452,0.0012504272790012782,16
1,0.024543692606170259,7.2324091999999999e-06,23899.999999108109,0.023733018364058403,0.0012545977338981195,16
1,0.024543692606170259,7.2324091999999999e-06,23999.999999092102,0.024032850190996401,0.0011101048718845851,16
1,0.024543692606170259,7.2324091999999999e-06,24099.999999076095,0.024333866332837593,0.00095323188195526058,16
1,0.024543692606170259,7.2324091999999999e-06,24199.999999060088,0.02443081635168828,0.00098720582322041708,16
1,0.024543692606170259,7.2324091999999999e-06,24299.999999044081,0.024566158575069951,0.0010570072701125964,16
1,0.024543692606170259,7.2324091999999999e-06,24399.999999028074,0.024770754801592743,0.0010686054948329338,16
1,0.024543692606170259,7.2324091999999999e-06,24499.999999012067,0.024477976473136643,0.0010217084153115021,16
1,0.024543692606170259,7.2324091999999999e-06,24599.99999899606,0.023746050886852065,0.0010513957418280292,16
1,0.024543692606170259,7.2324091999999999e-06,24699.999998980053,0.023547058835980333,0.0010757062346855874,16
1,0.024543692606170259,7.2324091999999999e-06,24799.999998964046,0.023334492862841706,0.0010425541560622217,16
1,0.024543692606170259,7.2324091999999999e-06,24899.999998948038,0.023440983594343316,0.00098245553608116202,16
1,0.024543692606170259,7.2324091999999999e-06,24999.999998932031,0.02331340640121745,0.0011154246176994108,16
1,0.024543692606170259,7.2324091999999999e-06,25099.999998916024,0.023113110202114266,0.0011477152881120079,16
1,0.024543692606170259,7.2324091999999999e-06,25199.999998900017,0.023069398402911393,0.0011137825992539015,16
1,0.024543692606170259,7.2324091999999999e-06,25299.99999888401,0.023353528463736339,0.0010084746712920776,16
1,0.024543692606170259,7.2324091999999999e-06,25399.999998868003,0.023426477829549361,0.0010915816104421347,16
1,0.024543692606170259,7.2324091999999999e-06,25499.999998851996,0.023278929301254653,0.0011482573686633815,16
1,0.024543692606170259,7.2324091999999999e-06,25599.999998835989,0.023389983352458229,0.0012186100424929477,16
1,0.024543692606170259,7.2324091999999999e-06,25699.999998819982,0.023389479236961452,0.0011132219127789767,16
1,0.024543692606170259,7.2324091999999999e-06,25799.999998803974,0.023435051567811432,0.0012117501701813052,16
1,0.024543692606170259,7.2324091999999999e-06,25899.999998787967,0.02405516301271075,0.0012373586860960082,16
1,0.024543692606170259,7.2324091999999999e-06,25999.99999877196,0.024463089326049788,0.0012551819859737059,16
1,0.024543692606170259,7.2324091999999999e-06,26099.999998755953,0.024883407629296368,0.0011731494270422339,16
1,0.024543692606170259,7.2324091999999999e-06,26199.999998739946,0.025079081926014365,0.0011515324175206045,16
1,0.024543692606170259,7.2324091999999999e-06,26299.999998723939,0.025057433238535799,0.0012462128627367885,16
1,0.024543692606170259,7.2324091999999999e-06,26399.999998707932,0.025098572263412496,0.0013252677866373928,16
1,0.024543692606170259,7.2324091999999999e-06,26499.999998691925,0.025364152980832822,0.001410960269596392,16
1,0.024543692606170259,7.2324091999999999e-06,26599.999998675918,0.026054128863827831,0.0014540227643034139,16
1,0.024543692606170259,7.2324091999999999e-06,26699.99999865991,0.026289882754113626,0.0013879384165892208,16
1,0.024543692606170259,7.2324091999999999e-06,26799.999998643903,0.026537723351047628,0.0014748636087646755,16
1,0.024543692606170259,7.2324091999999999e-06,26899.999998627896,0.026892261449918652,0.0014887163488346777,16
1,0.024543692606170259,7.2324091999999999e-06,26999.999998611889,0.026805922305986749,0.0015446465225378589,16
1,0.024543692606170259,7.2324091999999999e-06,27099.999998595882,0.027015954470694745,0.0014268714287490423,16
1,0.024543692606170259,7.2324091999999999e-06,27199.999998579875,0.02762846710030633,0.0014362223830378937,16
1,0.024543692606170259,7.2324091999999999e-06,27299.999998563868,0.027715641125511153,0.0013882064584646724,16
1,0.024543692606170259,7.2324091999999999e-06,27399.999998547861,0.027595158578487617,0.0014437657690077794,16
1,0.024543692606170259,7.2324091999999999e-06,27499.999998531854,0.027402046554804674,0.0013961675101350744,16
1,0.024543692606170259,7.2324091999999999e-06,27599.999998515847,0.027215879890610868,0.0013074991395005083,16
1,0.024543692606170259,7.2324091999999999e-06,27699.999998499839,0.027681081089937807,0.0012275479551924662,16
1,0.024543692606170259,7.2324091999999999e-06,27799.999998483832,0.027503949591742818,0.0011327701256760429,16
1,0.024543692606170259,7.2324091999999999e-06,27899.999998467825,0.026977579300917955,0.0011102161464119538,16
1,0.024543692606170259,7.2324091999999999e-06,27999.999998451818,0.02698620298919719,0.0011388549516966628,16
1,0.024543692606170259,7.2324091999999999e-06,28099.999998435811,0.026727647183325653,0.0010552755400262334,16
1,0.024543692606170259,7.2324091999999999e-06,28199.999998419804,0.026692655539366943,0.0010844392952879406,16
1,0.024543692606170259,7.2324091999999999e-06,28299.999998403797,0.026504296528334876,0.0010961220229975476,16
1,0.024543692606170259,7.2324091999999999e-06,28399.99999838779,0.026047539067160137,0.0010768755822582383,16
1,0.024543692606170259,7.2324091999999999e-06,28499.999998371783,0.025712868825802492,0.0011067018027235726,16
1,0.024543692606170259,7.2324091999999999e-06,28599.999998355775,0.025453710885451519,0.0011107669878489823,16
1,0.024543692606170259,7.2324091999999999e-06,28699.999998339768,0.025283884688947312,0.0011374152403326625,16
1,0.024543692606170259,7.2324091999999999e-06,28799.999998323761,0.02508742394955852,0.0011407116429351107,16
1,0.024543692606170259,7.2324091999999999e-06,28899.999998307754,0.024899969490963118,0.0011369421173875729,16
1,0.024543692606170259,7.2324091999999999e-06,28999.999998291747,0.024439129569456212,0.0012155498270536151,16
1,0.024543692606170259,7.2324091999999999e-06,29099.99999827574,0.024109293032630222,0.0013272925875900973,16
1,0.024543692606170259,7.2324091999999999e-06,29199.999998259733,0.023541384027997943,0.0013856515729555273,16
1,0.024543692606170259,7.2324091999999999e-06,29299.999998243726,0.023451007336926882,0.0012668298902058579,16
1,0.024543692606170259,7.2324091999999999e-06,29399.999998227719,0.023686193634737493,0.0012307368499029369,16
1,0.024543692606170259,7.2324091999999999e-06,29499.999998211711,0.023937791759755477,0.0012197657260482387,16
1,0.024543692606170259,7.2324091999999999e-06,29599.999998195704,0.024044419095869685,0.0012747522227217795,16
1,0.024543692606170259,7.2324091999999999e-06,29699.999998179697,0.024091647692479304,0.0013001120810881618,16
1,0.024543692606170259,7.2324091999999999e-06,29799.99999816369,0.024282932235485645,0.0012566711952508641,16
1,0.024543692606170259,7.2324091999999999e-06,29899.999998147683,0.024613194499769255,0.0011106155011800516,16
1,0.024543692606170259,7.2324091999999999e-06,29999.999998131676,0.024987851931996336,0.0011186810465674097,16
1,0.024543692606170259,7.2324091999999999e-06,30099.999998115669,0.024767033508234788,0.0011418093192754632,16
1,0.024543692606170259,7.2324091999999999e-06,30199.999998099662,0.024664446036336826,0.001157931849564925,16
1,0.024543692606170259,7.2324091999999999e-06,30299.999998083655,0.024690549782013897,0.0012575080770987393,16
1,0.024543692606170259,7.2324091999999999e-06,30399.999998067648,0.024890819380584871,0.0013150791756525529,16
1,0.024543692606170259,7.2324091999999999e-06,30499.99999805164,0.02491451008608481,0.0012965458408702487,16
1,0.024543692606170259,7.2324091999999999e-06,30599.999998035633,0.024311018633699794,0.0011990484836990733,16
1,0.024543692606170259,7.2324091999999999e-06,30699.999998019626,0.024132744323838985,0.0011504499374886707,16
1,0.024543692606170259,7.2324091999999999e-06,30799.999998003619,0.024057380100708421,0.0011349666345693127,16
1,0.024543692606170259,7.2324091999999999e-06,30899.999997987612,0.023823399077291439,0.0011256995064239197,16
1,0.024543692606170259,7.2324091999999999e-06,30999.999997971605,0.023565390627660388,0.001273392704409159,16
1,0.024543692606170259,7.2324091999999999e-06,31099.999997955598,0.023456665761748423,0.0013808773640867173,16
1,0.024543692606170259,7.2324091999999999e-06,31199.999997939591,0.023749518867961842,0.0013574844946131444,16
1,0.024543692606170259,7.2324091999999999e-06,31299.999997923584,0.023422625408627201,0.001295404337527743,16
1,0.024543692606170259,7.2324091999999999e-06,31399.999997907576,0.023018767789980694,0.0012825488053113355,16
1,0.024543692606170259,7.2324091999999999e-06,31499.999997891569,0.022856838920906015,0.001447772469604091,16
1,0.024543692606170259,7.2324091999999999e-06,31599.999997875562,0.022658071625311482,0.0014476824727806621,16
1,0.024543692606170259,7.2324091999999999e-06,31699.999997859555,0.022505898071736152,0.0014963139365939066,16
1,0.024543692606170259,7.2324091999999999e-06,31799.999997843548,0.022485195863351504,0.0015388312904902242,16
1,0.024543692606170259,7.2324091999999999e-06,31899.999997827541,0.022740205111409888,0.001469479818611412,16
1,0.024543692606170259,7.2324091999999999e-06,31999.999997811534,0.022829940712550362,0.0013695911339908866,16
1,0.024543692606170259,7.2324091999999999e-06,32099.999997795527,0.022910326010681274,0.0013529379985553597,16
1,0.024543692606170259,7.2324091999999999e-06,32199.99999777952,0.022860654758068095,0.0013251927592437809,16
1,0.024543692606170259,7.2324091999999999e-06,32299.999997763513,0.023459657728170057,0.0013824897916416301,16
1,0.024543692606170259,7.2324091999999999e-06,32399.999997747505,0.023612639308024135,0.0013150550136298094,16
1,0.024543692606170259,7.2324091999999999e-06,32499.999997731498,0.02348882240535478,0.0013423367966444288,16
1,0.024543692606170259,7.2324091999999999e-06,32599.999997715491,0.023382462558772826,0.0013618218830088844,16
1,0.024543692606170259,7.2324091999999999e-06,32699.999997699484,0.022976655882712079,0.0014494464232607516,16
1,0.024543692606170259,7.2324091999999999e-06,32799.999997695115,0.023003157545709189,0.0014341471766828949,16
1,0.024543692606170259,7.2324091999999999e-06,32899.999997715488,0.02314780466121371,0.0014979830313476988,16
1,0.024543692606170259,7.2324091999999999e-06,32999.99999773586,0.022951863564780909,0.0014313574140223623,16
1,0.024543692606170259,7.2324091999999999e-06,33099.999997756233,0.022628842569881267,0.0014500453054511464,16
1,0.024543692606170259,7.2324091999999999e-06,33199.999997776606,0.022606317361313667,0.0015189620327991146,16
1,0.024543692606170259,7.2324091999999999e-06,33299.999997796978,0.022817605295896898,0.0014436333811093868,16
1,0.024543692606170259,7.2324091999999999e-06,33399.999997817351,0.023147350483325054,0.0014063504191124511,16
1,0.024543692606170259,7.2324091999999999e-06,33499.999997837724,0.023395498610548817,0.0014492839355252534,16
1,0.024543692606170259,7.2324091999999999e-06,33599.999997858096,0.023730861385942284,0.0015153058780342219,16
1,0.024543692606170259,7.2324091999999999e-06,33699.999997878469,0.023650170656555117,0.0015733139920723266,16
1,0.024543692606170259,7.2324091999999999e-06,33799.999997898842,0.023538330357817865,0.001570545460006406,16
1,0.024543692606170259,7.2324091999999999e-06,33899.999997919214,0.023951270075996033,0.0015894382616942115,16
1,0.024543692606170259,7.2324091999999999e-06,33999.999997939587,0.024012968574882027,0.0016245275637860673,16
1,0.024543692606170259,7.2324091999999999e-06,34099.99999795996,0.023964147353939907,0.0015984240284275867,16
1,0.024543692606170259,7.2324091999999999e-06,34199.999997980332,0.024074724363246345,0.0014732695950566818,16
1,0.024543692606170259,7.2324091999999999e-06,34299.999998000705,0.024414184253507405,0.0014078470440615333,16
1,0.024543692606170259,7.2324091999999999e-06,34399.999998021078,0.024691358070590273,0.0014856083434407258,16
1,0.024543692606170259,7.2324091999999999e-06,34499.99999804145,0.024935753222128144,0.0015404221242283273,16
1,0.024543692606170259,7.2324091999999999e-06,34599.999998061823,0.025054240843350752,0.0015527005330340648,16
1,0.024543692606170259,7.2324091999999999e-06,34699.999998082196,0.025085346275025244,0.0015548175064402556,16
1,0.024543692606170259,7.2324091999999999e-06,34799.999998102568,0.025535490779531416,0.0015864451257920321,16
1,0.024543692606170259,7.2324091999999999e-06,34899.999998122941,0.025933217972318161,0.0015696441652805887,16
1,0.024543692606170259,7.2324091999999999e-06,34999.999998143314,0.026279215431146499,0.0015042063277117379,16
1,0.024543692606170259,7.2324091999999999e-06,35099.999998163687,0.026497622592933499,0.0014470496229462035,16
1,0.024543692606170259,7.2324091999999999e-06,35199.999998184059,0.026486325295881009,0.0014182819872833544,16
1,0.024543692606170259,7.2324091999999999e-06,35299.999998204432,0.026291120185042042,0.0013756012327443196,16
1,0.024543692606170259,7.2324091999999999e-06,35399.999998224805,0.026331022093493139,0.0013169343421092349,16
1,0.024543692606170259,7.2324091999999999e-06,35499.999998245177,0.026283025101616495,0.0013148072065841613,16
1,0.024543692606170259,7.2324091999999999e-06,35599.99999826555,0.02639202423777387,0.0012664472335108365,16
1,0.024543692606170259,7.2324091999999999e-06,35699.999998285923,0.026148764369317651,0.00124313871667076,16
1,0.024543692606170259,7.2324091999999999e-06,35799.999998306295,0.025907541345344766,0.0012307752412347352,16
1,0.024543692606170259,7.2324091999999999e-06,35899.999998326668,0.025817036185246073,0.0011467440603661638,16
1,0.024543692606170259,7.2324091999999999e-06,35999.999998347041,0.025218542386270311,0.0012493479410617232,16
1,0.024543692606170259,7.2324091999999999e-06,36099.999998367413,0.024756352761512813,0.0011940015298318792,16
1,0.024543692606170259,7.2324091999999999e-06,36199.999998387786,0.024057803162083311,0.001060312681592508,16
1,0.024543692606170259,7.2324091999999999e-06,36299.999998408159,0.024115980134634802,0.00097623865625317608,16
1,0.024543692606170259,7.2324091999999999e-06,36399.999998428531,0.024612406885541591,0.0009377323455041092,16
1,0.024543692606170259,7.2324091999999999e-06,36499.999998448904,0.024935951073034503,0.0010393781714073843,16
1,0.024543692606170259,7.2324091999999999e-06,36599.999998469277,0.025019559760399983,0.0010601275219764637,16
1,0.024543692606170259,7.2324091999999999e-06,36699.999998489649,0.025111237007436459,0.0010465218058330001,16
1,0.024543692606170259,7.2324091999999999e-06,36799.999998510022,0.025342320556257288,0.0011137872330392029,16
1,0.024543692606170259,7.2324091999999999e-06,36899.999998530395,0.025538156552156584,0.0011323134899182041,16
1,0.024543692606170259,7.2324091999999999e-06,36999.999998550767,0.025481879082655416,0.0011372379263642294,16
1,0.024543692606170259,7.2324091999999999e-06,37099.99999857114,0.025401425906020098,0.0010805906429311636,16
1,0.024543692606170259,7.2324091999999999e-06,37199.999998591513,0.025253725824403762,0.001022137635038105,16
1,0.024543692606170259,7.2324091999999999e-06,37299.999998611886,0.024743709845234368,0.00096485300564957217,16
1,0.024543692606170259,7.2324091999999999e-06,37399.999998632258,0.024491709515481689,0.0011411779014722867,16
1,0.024543692606170259,7.2324091999999999e-06,37499.999998652631,0.024312985893425672,0.0012553909293740433,16
1,0.024543692606170259,7.2324091999999999e-06,37599.999998673004,0.024349232349995076,0.001318257040022607,16
1,0.024543692606170259,7.2324091999999999e-06,37699.999998693376,0.024566759955523477,0.0014222256061029194,16
1,0.024543692606170259,7.2324091999999999e-06,37799.999998713749,0.02507067670634238,0.0014869475951085241,16
1,0.024543692606170259,7.2324091999999999e-06,37899.999998734122,0.025015049421156194,0.0016210065212046306,16
1,0.024543692606170259,7.2324091999999999e-06,37999.999998754494,0.025201891244943316,0.001641476858960642,16
1,0.024543692606170259,7.2324091999999999e-06,38099.999998774867,0.025331344926477494,0.0016840255995991505,16
1,0.024543692606170259,7.2324091999999999e-06,38199.99999879524,0.025327380949059421,0.0016472185819711087,16
1,0.024543692606170259,7.2324091999999999e-06,38299.999998815612,0.025142946786507449,0.0017221010022812604,16
1,0.024543692606170259,7.2324091999999999e-06,38399.999998835985,0.025303768838412403,0.0017102380418519514,16
1,0.024543692606170259,7.2324091999999999e-06,38499.999998856358,0.025659888628597166,0.0017039911940095499,16
1,0.024543692606170259,7.2324091999999999e-06,38599.99999887673,0.025812027460485405,0.0015835291237517094,16
1,0.024543692606170259,7.2324091999999999e-06,38699.999998897103,0.025865572302910887,0.0015752330525347817,16
1,0.024543692606170259,7.2324091999999999e-06,38799.999998917476,0.025927253946708889,0.0016839994789935604,16
1,0.024543692606170259,7.2324091999999999e-06,38899.999998937848,0.026018771751779673,0.0017720840055758344,16
1,0.024543692606170259,7.2324091999999999e-06,38999.999998958221,0.026407008854401504,0.0018335019275122931,16
1,0.024543692606170259,7.2324091999999999e-06,39099.999998978594,0.026450291467553243,0.0017798640713377059,16
1,0.024543692606170259,7.2324091999999999e-06,39199.999998998966,0.025973515256068416,0.0017253445953384634,16
1,0.024543692606170259,7.2324091999999999e-06,39299.999999019339,0.025806525577756846,0.0017449230342323498,16
1,0.024543692606170259,7.2324091999999999e-06,39399.999999039712,0.025908688588631167,0.001776952196471998,16
1,0.024543692606170259,7.2324091999999999e-06,39499.999999060085,0.02553974360646008,0.0018593179843889129,16
1,0.024543692606170259,7.2324091999999999e-06,39599.999999080457,0.025519053697485965,0.0017375060348233072,16
1,0.024543692606170259,7.2324091999999999e-06,39699.99999910083,0.025950178783753785,0.001662086497090678,16
1,0.024543692606170259,7.2324091999999999e-06,39799.999999121203,0.025956232061524732,0.0016576509753558166,16
1,0.024543692606170259,7.2324091999999999e-06,39899.999999141575,0.026126870739431068,0.0017821271348110437,16
1,0.024543692606170259,7.2324091999999999e-06,39999.999999161948,0.026683763599137753,0.0018572401653440139,16
1,0.024543692606170259,7.2324091999999999e-06,40099.999999182321,0.026660065206918562,0.0018364709157032246,16
1,0.024543692606170259,7.2324091999999999e-06,40199.999999202693,0.026632570774373379,0.0018316626977014964,16
1,0.024543692606170259,7.2324091999999999e-06,40299.999999223066,0.026655346670270332,0.0018306486039457606,16
1,0.024543692606170259,7.2324091999999999e-06,40399.999999243439,0.026888635169331744,0.0018503081287076812,16
1,0.024543692606170259,7.2324091999999999e-06,40499.999999263811,0.026783742454451188,0.0019317818828533619,16
1,0.024543692606170259,7.2324091999999999e-06,40599.999999284184,0.027099448689491528,0.0019345438269512854,16
1,0.024543692606170259,7.2324091999999999e-06,40699.999999304557,0.026992634202612893,0.0019118346081818205,16
1,0.024543692606170259,7.2324091999999999e-06,40799.999999324929,0.026633205104606261,0.0018728955166767583,16
1,0.024543692606170259,7.2324091999999999e-06,40899.999999345302,0.026751653478676217,0.0018253449720748562,16
1,0.024543692606170259,7.2324091999999999e-06,40999.999999365675,0.026469698817441972,0.0018913188990719834,16
1,0.024543692606170259,7.2324091999999999e-06,41099.999999386047,0.026391127762282071,0.0018783207453587929,16
1,0.024543692606170259,7.2324091999999999e-06,41199.99999940642,0.026310043165760171,0.0017921790094686321,16
1,0.024543692606170259,7.2324091999999999e-06,41299.999999426793,0.026231135483004001,0.0016386953146877027,16
1,0.024543692606170259,7.2324091999999999e-06,41399.999999447165,0.02604239897183238,0.001571366334455515,16
1,0.024543692606170259,7.2324091999999999e-06,41499.999999467538,0.025918694866349172,0.0015011566504827079,16
1,0.024543692606170259,7.2324091999999999e-06,41599.999999487911,0.025601926043654459,0.0014294439250095888,16
1,0.024543692606170259,7.2324091999999999e-06,41699.999999508284,0.025740509114162119,0.0016099010359954063,16
1,0.024543692606170259,7.2324091999999999e-06,41799.999999528656,0.02614164307691625,0.0017527181096952283,16
1,0.024543692606170259,7.2324091999999999e-06,41899.999999549029,0.026182538132156249,0.001832234262331141,16
1,0.024543692606170259,7.2324091999999999e-06,41999.999999569402,0.026203650367371364,0.001862960293747805,16
1,0.024543692606170259,7.2324091999999999e-06,42099.999999589774,0.026097076308858866,0.0019760476217919611,16
1,0.024543692606170259,7.2324091999999999e-06,42199.999999610147,0.02571497824005791,0.002074138646325174,16
1,0.024543692606170259,7.2324091999999999e-06,42299.99999963052,0.02563987962400829,0.0021693460664521762,16
1,0.024543692606170259,7.2324091999999999e-06,42399.999999650892,0.025543048388823042,0.0021714010148214218,16
1,0.024543692606170259,7.2324091999999999e-06,42499.999999671265,0.025498877251205282,0.0021494543100756625,16
1,0.024543692606170259,7.2324091999999999e-06,42599.999999691638,0.025413198953076255,0.0021337537088002524,16
1,0.024543692606170259,7.2324091999999999e-06,42699.99999971201,0.025790776232321292,0.0020891710212118074,16
1,0.024543692606170259,7.2324091999999999e-06,42799.999999732383,0.026068960315628848,0.0019928256196832359,16
1,0.024543692606170259,7.2324091999999999e-06,42899.999999752756,0.026311510032426596,0.001925111124090121,16
1,0.024543692606170259,7.2324091999999999e-06,42999.999999773128,0.026581313418796253,0.0018928562407469823,16
1,0.024543692606170259,7.2324091999999999e-06,43099.999999793501,0.026416161436605707,0.0017537992209099816,16
1,0.024543692606170259,7.2324091999999999e-06,43199.999999813874,0.025718945798933582,0.0016955723232852575,16
1,0.024543692606170259,7.2324091999999999e-06,43299.999999834246,0.025129233354501224,0.0015710764419970213,16
1,0.024543692606170259,7.2324091999999999e-06,43399.999999854619,0.024684250832301424,0.0014467608433197301,16
1,0.024543692606170259,7.2324091999999999e-06,43499.999999874992,0.024521703447439896,0.0013916791197844947,16
1,0.024543692606170259,7.2324091999999999e-06,43599.999999895364,0.025007560849261225,0.0014344458908931491,16
1,0.024543692606170259,7.2324091999999999e-06,43699.999999915737,0.025232144862260008,0.0014731287145797532,16
1,0.024543692606170259,7.2324091999999999e-06,43799.99999993611,0.02501904291518631,0.0014266823710090677,16
1,0.024543692606170259,7.2324091999999999e-06,43899.999999956482,0.024935209621558006,0.0014479462871215796,16
1,0.024543692606170259,7.2324091999999999e-06,43999.999999976855,0.025059165016654544,0.0014954672723686542,16
1,0.024543692606170259,7.2324091999999999e-06,44099.999999997228,0.025087918271051737,0.0014702812296163291,16
1,0.024543692606170259,7.2324091999999999e-06,44200.000000017601,0.025332719038996872,0.0013817062308198668,16
1,0.024543692606170259,7.2324091999999999e-06,44300.000000037973,0.025466345426991228,0.0012736260403428414,16
1,0.024543692606170259,7.2324091999999999e-06,44400.000000058346,0.025371746805027275,0.0011894198465362618,16
1,0.024543692606170259,7.2324091999999999e-06,44500.000000078719,0.025412318222893176,0.0012536888500010769,16
1,0.024543692606170259,7.2324091999999999e-06,44600.000000099091,0.02584574635667548,0.001205460603380417,16
1,0.024543692606170259,7.2324091999999999e-06,44700.000000119464,0.025885749898254824,0.0010690251011887843,16
1,0.024543692606170259,7.2324091999999999e-06,44800.000000139837,0.025769734908414384,0.001024141821811741,16
1,0.024543692606170259,7.2324091999999999e-06,44900.000000160209,0.025902361798477984,0.0010773990764506628,16
1,0.024543692606170259,7.2324091999999999e-06,45000.000000180582,0.025803978185066131,0.0011331765556331942,16
1,0.024543692606170259,7.2324091999999999e-06,45100.000000200955,0.025255583323254054,0.0011039381447399757,16
1,0.024543692606170259,7.2324091999999999e-06,45200.000000221327,0.024707416343606334,0.00097985365052818659,16
1,0.024543692606170259,7.2324091999999999e-06,45300.0000002417,0.02435436869922496,0.00095609744406244799,16
1,0.024543692606170259,7.2324091999999999e-06,45400.000000262073,0.024325674508610194,0.00090135030700164446,16
1,0.024543692606170259,7.2324091999999999e-06,45500.000000282445,0.024230735069264726,0.00072569567667107317,16
1,0.024543692606170259,7.2324091999999999e-06,45600.000000302818,0.024036220554485621,0.00076736079382063425,16
1,0.024543692606170259,7.2324091999999999e-06,45700.000000323191,0.024106019289170885,0.00081812330122772985,16
1,0.024543692606170259,7.2324091999999999e-06,45800.000000343563,0.024879974487144921,0.00076037071139054208,16
1,0.024543692606170259,7.2324091999999999e-06,45900.000000363936,0.025012521007029824,0.00080390095984317702,16
1,0.024543692606170259,7.2324091999999999e-06,46000.000000384309,0.025061260614803356,0.00085559373696064689,16
1,0.024543692606170259,7.2324091999999999e-06,46100.000000404681,0.025510227509670087,0.00093834794557746037,16
1,0.024543692606170259,7.2324091999999999e-06,46200.000000425054,0.025636438008052435,0.0010623075348614921,16
1,0.024543692606170259,7.2324091999999999e-06,46300.000000445427,0.025190842828864888,0.0011033530015558289,16
1,0.024543692606170259,7.2324091999999999e-06,46400.0000004658,0.02491579562832439,0.0011758312229077643,16
1,0.024543692606170259,7.2324091999999999e-06,46500.000000486172,0.024816173886933305,0.0011824274513790234,16
1,0.024543692606170259,7.2324091999999999e-06,46600.000000506545,0.024989800422439343,0.0011966282172994475,16
1,0.024543692606170259,7.2324091999999999e-06,46700.000000526918,0.02511673162989184,0.0011723762327547457,16
1,0.024543692606170259,7.2324091999999999e-06,46800.00000054729,0.025294048583245469,0.001104744687283198,16
1,0.024543692606170259,7.2324091999999999e-06,46900.000000567663,0.02550445340376652,0.00097454377590598315,16
1,0.024543692606170259,7.2324091999999999e-06,47000.000000588036,0.025626780107193287,0.0010119498729666344,16
1,0.024543692606170259,7.2324091999999999e-06,47100.000000608408,0.025705864706971743,0.0010293395952557086,16
1,0.024543692606170259,7.2324091999999999e-06,47200.000000628781,0.025568615125576864,0.0009418425452314942,16
1,0.024543692606170259,7.2324091999999999e-06,47300.000000649154,0.025664293805841717,0.00091916647233379058,16
1,0.024543692606170259,7.2324091999999999e-06,47400.000000669526,0.025845090636391739,0.00083308275005089104,16
1,0.024543692606170259,7.2324091999999999e-06,47500.000000689899,0.02573956319305477,0.00084843685036519931,16
1,0.024543692606170259,7.2324091999999999e-06,47600.000000710272,0.025831364556193923,0.00092237841855529932,16
1,0.024543692606170259,7.2324091999999999e-06,47700.000000730644,0.025990611297702269,0.0010541738094276088,16
1,0.024543692606170259,7.2324091999999999e-06,47800.000000751017,0.025819564322562459,0.0010428355460066717,16
1,0.024543692606170259,7.2324091999999999e-06,47900.00000077139,0.025474411693508985,0.00098120157833960528,16
1,0.024543692606170259,7.2324091999999999e-06,48000.000000791762,0.025366333082004568,0.00097530914533377783,16
1,0.024543692606170259,7.2324091999999999e-06,48100.000000812135,0.025089215288910293,0.0010389323870583958,16
1,0.024543692606170259,7.2324091999999999e-06,48200.000000832508,0.025555949867085023,0.0010432647441346653,16
1,0.024543692606170259,7.2324091999999999e-06,48300.00000085288,0.025496442764265534,0.00098148662271378738,16
1,0.024543692606170259,7.2324091999999999e-06,48400.000000873253,0.025562645660657995,0.0009570071594713148,16
1,0.024543692606170259,7.2324091999999999e-06,48500.000000893626,0.025339562635279991,0.00091578909825539901,16
1,0.024543692606170259,7.2324091999999999e-06,48600.000000913999,0.025504320136006665,0.00095994334789349233,16
1,0.024543692606170259,7.2324091999999999e-06,48700.000000934371,0.025709896705598711,0.00095591396330502491,16
1,0.024543692606170259,7.2324091999999999e-06,48800.000000954744,0.025319756730553242,0.0009890959788285596,16
1,0.024543692606170259,7.2324091999999999e-06,48900.000000975117,0.024749648166841581,0.00096476142533386336,16
1,0.024543692606170259,7.2324091999999999e-06,49000.000000995489,0.024717557062623737,0.0009297621759530246,16
1,0.024543692606170259,7.2324091999999999e-06,49100.000001015862,0.02503465521480663,0.00098505973498284926,16
1,0.024543692606170259,7.2324091999999999e-06,49200.000001036235,0.02510374715295045,0.00090975878598828432,16
1,0.024543692606170259,7.2324091999999999e-06,49300.000001056607,0.025262188498306231,0.00088986038570814535,16
1,0.024543692606170259,7.2324091999999999e-06,49400.00000107698,0.025365234011493286,0.0010175068309488887,16
1,0.024543692606170259,7.2324091999999999e-06,49500.000001097353,0.025066308231790773,0.0011564647890543341,16
1,0.024543692606170259,7.2324091999999999e-06,49600.000001117725,0.025030260988706525,0.0011500366231047929,16
1,0.024543692606170259,7.2324091999999999e-06,49700.000001138098,0.024622407330931136,0.0012490551379011488,16
1,0.024543692606170259,7.2324091999999999e-06,49800.000001158471,0.024566519229731076,0.0014499444440864858,16
1,0.024543692606170259,7.2324091999999999e-06,49900.000001178843,0.024829117970901683,0.0016060930727631918,16
1,0.024543692606170259,7.2324091999999999e-06,50000.000001199216,0.024469397534544916,0.0016241555136950962,16
2,0.049087385212340517,2.7144876999999999e-05,100.00000000001425,0.0010169023329026469,0.00030847490790617053,16
2,0.049087385212340517,2.7144876999999999e-05,199.99999999996308,0.0034600724158332171,0.00059796288930216582,16
2,0.049087385212340517,2.7144876999999999e-05,299.99999999987216,0.0055321830618526285,0.00076081756297548492,16
2,0.049087385212340517,2.7144876999999999e-05,399.99999999978121,0.0073509185772775501,0.0010859744433980591,16
2,0.049087385212340517,2.7144876999999999e-05,499.99999999969026,0.0088983723095697447,0.0013185909014248678,16
2,0.049087385212340517,2.7144876999999999e-05,599.99999999959937,0.010630616408475659,0.0012539552177284867,16
2,0.049087385212340517,2.7144876999999999e-05,699.99999999950842,0.012546138690332175,0.0012262855449625229,16
2,0.049087385212340517,2.7144876999999999e-05,799.99999999941747,0.014009817241070671,0.0013164939102857309,16
2,0.049087385212340517,2.7144876999999999e-05,899.99999999932652,0.014901629580874322,0.0013763190537248473,16
2,0.049087385212340517,2.7144876999999999e-05,999.99999999923557,0.015918669992185268,0.0013738456439887864,16
2,0.049087385212340517,2.7144876999999999e-05,1099.9999999991446,0.016157610726655693,0.0015213216740007816,16
2,0.049087385212340517,2.7144876999999999e-05,1199.9999999990537,0.016539579198751854,0.0013660534694960422,16
2,0.049087385212340517,2.7144876999999999e-05,1299.9999999989627,0.017696121919398539,0.0012838224565445264,16
2,0.049087385212340517,2.7144876999999999e-05,1399.9999999988718,0.018625723514298972,0.0012915985630736727,16
2,0.049087385212340517,2.7144876999999999e-05,1499.9999999987808,0.019817217311759519,0.0015732597692427429,16
2,0.049087385212340517,2.7144876999999999e-05,1599.9999999986899,0.020857858469608248,0.0014928451798828484,16
2,0.049087385212340517,2.7144876999999999e-05,1699.9999999985989,0.021981941835161466,0.0015708093808990181,16
2,0.049087385212340517,2.7144876999999999e-05,1799.999999998508,0.022697585319957848,0.0017613047767325225,16
2,0.049087385212340517,2.7144876999999999e-05,1899.999999998417,0.023198493229784341,0.0016283024910047318,16
2,0.049087385212340517,2.7144876999999999e-05,1999.9999999983261,0.023254723760806104,0.0014789312998928271,16
2,0.049087385212340517,2.7144876999999999e-05,2099.9999999994175,0.023237937618198423,0.0014391302944917583,16
2,0.049087385212340517,2.7144876999999999e-05,2200.0000000016003,0.02313456536705185,0.0013294120324453792,16
2,0.049087385212340517,2.7144876999999999e-05,2300.000000003783,0.023843878759587864,0.0014195241891690493,16
2,0.049087385212340517,2.7144876999999999e-05,2400.0000000059658,0.024312788837533204,0.0013413792346565214,16
2,0.049087385212340517,2.7144876999999999e-05,2500.0000000081486,0.024022943209918927,0.0013749117915560099,16
2,0.049087385212340517,2.7144876999999999e-05,2600.0000000103314,0.024480071452390704,0.0014005416722746198,16
2,0.049087385212340517,2.7144876999999999e-05,2700.0000000125142,0.024200862000274409,0.0014027272380963433,16
2,0.049087385212340517,2.7144876999999999e-05,2800.000000014697,0.024481903531244301,0.0013436011165374698,16
2,0.049087385212340517,2.7144876999999999e-05,2900.0000000168798,0.024309877323176826,0.0013992295547499141,16
2,0.049087385212340517,2.7144876999999999e-05,3000.0000000190626,0.02447079574386404,0.0015226138054203399,16
2,0.049087385212340517,2.7144876999999999e-05,3100.0000000212453,0.025003253218811135,0.0014933285332268506,16
2,0.049087385212340517,2.7144876999999999e-05,3200.0000000234281,0.024611653091472098,0.0015802491320998846,16
2,0.049087385212340517,2.7144876999999999e-05,3300.0000000256109,0.024298221823084609,0.0013359059333738904,16
2,0.049087385212340517,2.7144876999999999e-05,3400.0000000277937,0.024078486808526981,0.0012877015764881225,16
2,0.049087385212340517,2.7144876999999999e-05,3500.0000000299765,0.023405923955939184,0.0011143444836723834,16
2,0.049087385212340517,2.7144876999999999e-05,3600.0000000321593,0.024033025853429642,0.0011982410158401272,16
2,0.049087385212340517,2.7144876999999999e-05,3700.0000000343421,0.024214789255848392,0.0013009164663438104,16
2,0.049087385212340517,2.7144876999999999e-05,3800.0000000365249,0.02401292978442213,0.0013569932194870485,16
2,0.049087385212340517,2.7144876999999999e-05,3900.0000000387076,0.024339652593205606,0.0012568953655387712,16
2,0.049087385212340517,2.7144876999999999e-05,4000.0000000408904,0.024678198109797846,0.0013029337030292061,16
2,0.049087385212340517,2.7144876999999999e-05,4100.0000000430728,0.025153371046605706,0.0012842431912425951,16
2,0.049087385212340517,2.7144876999999999e-05,4200.0000000452555,0.025164784961835659,0.0011130923447760913,16
2,0.049087385212340517,2.7144876999999999e-05,4300.0000000474383,0.025373078438357764,0.0012026383868943963,16
2,0.049087385212340517,2.7144876999999999e-05,4400.0000000496211,0.025836457570586332,0.0013574153784523181,16
2,0.049087385212340517,2.7144876999999999e-05,4500.0000000518039,0.025877862936278306,0.0012616159292399419,16
2,0.049087385212340517,2.7144876999999999e-05,4600.0000000539867,0.025979805408545401,0.0013808053575852289,16
2,0.049087385212340517,2.7144876999999999e-05,4700.0000000561695,0.025852591475627826,0.0014772052707737896,16
2,0.049087385212340517,2.7144876999999999e-05,4800.0000000583523,0.024841683613333443,0.0013995411583293514,16
2,0.049087385212340517,2.7144876999999999e-05,4900.0000000605351,0.024236686826790053,0.0013888031299626152,16
2,0.049087385212340517,2.7144876999999999e-05,5000.0000000627178,0.024280740804690854,0.0014452817833445028,16
2,0.049087385212340517,2.7144876999999999e-05,5100.0000000649006,0.024018538312325099,0.0015707080480035851,16
2,0.049087385212340517,2.7144876999999999e-05,5200.0000000670834,0.023489283575991827,0.0013874162930422175,16
2,0.049087385212340517,2.7144876999999999e-05,5300.0000000692662,0.023150508723590497,0.0011135955658796647,16
2,0.049087385212340517,2.7144876999999999e-05,5400.000000071449,0.023856076516108524,0.0011210284796843726,16
2,0.049087385212340517,2.7144876999999999e-05,5500.0000000736318,0.024568862400148599,0.00097335061663297818,16
2,0.049087385212340517,2.7144876999999999e-05,5600.0000000758146,0.025243612271924492,0.00096636401519917573,16
2,0.049087385212340517,2.7144876999999999e-05,5700.0000000779974,0.025229960754852,0.0011002770260978595,16
2,0.049087385212340517,2.7144876999999999e-05,5800.0000000801801,0.02549964058485351,0.0010168030673583148,16
2,0.049087385212340517,2.7144876999999999e-05,5900.0000000823629,0.025235076055807527,0.00092377426437837025,16
2,0.049087385212340517,2.7144876999999999e-05,6000.0000000845457,0.024604201883627892,0.0010605858942017512,16
2,0.049087385212340517,2.7144876999999999e-05,6100.0000000867285,0.024651701596931145,0.0011623859802823158,16
2,0.049087385212340517,2.7144876999999999e-05,6200.0000000889113,0.024904078619283825,0.0013680730724506909,16
2,0.049087385212340517,2.7144876999999999e-05,6300.0000000910941,0.025275521831110342,0.0011865137078614575,16
2,0.049087385212340517,2.7144876999999999e-05,6400.0000000932769,0.026007145133981554,0.0010646515950755503,16
2,0.049087385212340517,2.7144876999999999e-05,6500.0000000954597,0.026897726384581499,0.0010820298951239008,16
2,0.049087385212340517,2.7144876999999999e-05,6600.0000000976424,0.026659695940814365,0.001295745563396908,16
2,0.049087385212340517,2.7144876999999999e-05,6700.0000000998252,0.026747008473661186,0.0014684675629807226,16
2,0.049087385212340517,2.7144876999999999e-05,6800.000000102008,0.026721788335416306,0.0014632082326041444,16
2,0.049087385212340517,2.7144876999999999e-05,6900.0000001041908,0.02684518242511132,0.0016320979854098764,16
2,0.049087385212340517,2.7144876999999999e-05,7000.0000001063736,0.026664559126195156,0.0016294951028908958,16
2,0.049087385212340517,2.7144876999999999e-05,7100.0000001085564,0.0261695730146944,0.0015614816992389376,16
2,0.049087385212340517,2.7144876999999999e-05,7200.0000001107392,0.026240534806035911,0.001420585889244931,16
2,0.049087385212340517,2.7144876999999999e-05,7300.000000112922,0.026084269126994433,0.0013631580577689348,16
2,0.049087385212340517,2.7144876999999999e-05,7400.0000001151047,0.025870153637331438,0.0014553366893345033,16
2,0.049087385212340517,2.7144876999999999e-05,7500.0000001172875,0.025348144166368779,0.0016796551649798375,16
2,0.049087385212340517,2.7144876999999999e-05,7600.0000001194703,0.025789737536382834,0.001491593947664309,16
2,0.049087385212340517,2.7144876999999999e-05,7700.0000001216531,0.025443464142481574,0.0014395001359322371,16
2,0.049087385212340517,2.7144876999999999e-05,7800.0000001238359,0.025470840149321734,0.0017071084538709002,16
2,0.049087385212340517,2.7144876999999999e-05,7900.0000001260187,0.026136442896558781,0.0015973350753461526,16
2,0.049087385212340517,2.7144876999999999e-05,8000.0000001282015,0.025900279825728786,0.0017544139747722829,16
2,0.049087385212340517,2.7144876999999999e-05,8100.0000001303843,0.025953289596975418,0.0016424830405868652,16
2,0.049087385212340517,2.7144876999999999e-05,8200.0000001325661,0.025093325432994962,0.0015311035720515882,16
2,0.049087385212340517,2.7144876999999999e-05,8300.0000001347489,0.02471909614399084,0.0016618851462789374,16
2,0.049087385212340517,2.7144876999999999e-05,8400.0000001369317,0.024798072380596815,0.0017384830235538406,16
2,0.049087385212340517,2.7144876999999999e-05,8500.0000001391145,0.02552389317144365,0.0014955767303067309,16
2,0.049087385212340517,2.7144876999999999e-05,8600.0000001412973,0.0260003413333218,0.0014085077745108171,16
2,0.049087385212340517,2.7144876999999999e-05,8700.0000001434801,0.026570519900180584,0.0014272383188585318,16
2,0.049087385212340517,2.7144876999999999e-05,8800.0000001456629,0.026539623549412944,0.0014318885505228438,16
2,0.049087385212340517,2.7144876999999999e-05,8900.0000001478456,0.026215978576316218,0.001413550709948478,16
2,0.049087385212340517,2.7144876999999999e-05,9000.0000001500284,0.025746161466007059,0.0012671509502567579,16
2,0.049087385212340517,2.7144876999999999e-05,9100.0000001522112,0.026083274115415053,0.0011569697662198656,16
2,0.049087385212340517,2.7144876999999999e-05,9200.000000154394,0.026089119837730296,0.0011883481910109172,16
2,0.049087385212340517,2.7144876999999999e-05,9300.0000001565768,0.026220646204348965,0.0010844142763845037,16
2,0.049087385212340517,2.7144876999999999e-05,9400.0000001587596,0.025973016451921703,0.0011112896641410077,16
2,0.049087385212340517,2.7144876999999999e-05,9500.0000001609424,0.026318783408153475,0.00083347442219505546,16
2,0.049087385212340517,2.7144876999999999e-05,9600.0000001631252,0.026437422331714269,0.00076785524772019268,16
2,0.049087385212340517,2.7144876999999999e-05,9700.0000001653079,0.025822156517652285,0.00094795527209936225,16
2,0.049087385212340517,2.7144876999999999e-05,9800.0000001674907,0.025501185198929587,0.0012008502740710936,16
2,0.049087385212340517,2.7144876999999999e-05,9900.0000001696735,0.025376033386360422,0.0011980766011994318,16
2,0.049087385212340517,2.7144876999999999e-05,10000.000000171856,0.025439302122787194,0.001253278938099415,16
2,0.049087385212340517,2.7144876999999999e-05,10100.000000174039,0.025457386852826419,0.0010567790429393891,16
2,0.049087385212340517,2.7144876999999999e-05,10200.000000176222,0.024701517883742315,0.0011137294600310631,16
2,0.049087385212340517,2.7144876999999999e-05,10300.000000178405,0.024349416884141422,0.0012612451210484768,16
2,0.049087385212340517,2.7144876999999999e-05,10400.000000180587,0.024390212154747525,0.0013512657296728115,16
2,0.049087385212340517,2.7144876999999999e-05,10500.00000018277,0.024818201881180224,0.0011825828821014105,16
2,0.049087385212340517,2.7144876999999999e-05,10600.000000184953,0.024043392148671877,0.0011094076386831157,16
2,0.049087385212340517,2.7144876999999999e-05,10700.000000187136,0.023642404727904087,0.00083013630852939006,16
2,0.049087385212340517,2.7144876999999999e-05,10800.000000189319,0.022990319431085988,0.00086053386371177638,16
2,0.049087385212340517,2.7144876999999999e-05,10900.000000191501,0.023263842810245738,0.0011130992397944269,16
2,0.049087385212340517,2.7144876999999999e-05,11000.000000193684,0.023313372449848747,0.001263399398413193,16
2,0.049087385212340517,2.7144876999999999e-05,11100.000000195867,0.022960245177560894,0.0013869984992787002,16
2,0.049087385212340517,2.7144876999999999e-05,11200.00000019805,0.023133619554142885,0.001439588322782105,16
2,0.049087385212340517,2.7144876999999999e-05,11300.000000200233,0.023047059042634852,0.0014628554669332322,16
2,0.049087385212340517,2.7144876999999999e-05,11400.000000202415,0.023193782430884144,0.0015206771848808138,16
2,0.049087385212340517,2.7144876999999999e-05,11500.000000204598,0.022680545355774771,0.0014324325150962172,16
2,0.049087385212340517,2.7144876999999999e-05,11600.000000206781,0.022360162460217124,0.0014832167872245439,16
2,0.049087385212340517,2.7144876999999999e-05,11700.000000208964,0.021790826789075585,0.0016370896374392047,16
2,0.049087385212340517,2.7144876999999999e-05,11800.000000211146,0.021029501696605151,0.0016492050195751685,16
2,0.049087385212340517,2.7144876999999999e-05,11900.000000213329,0.021102877818515973,0.0015950085322627588,16
2,0.049087385212340517,2.7144876999999999e-05,12000.000000215512,0.021284948629883175,0.0016144146516524943,16
2,0.049087385212340517,2.7144876999999999e-05,12100.000000217695,0.021424587262367244,0.0015937363622726389,16
2,0.049087385212340517,2.7144876999999999e-05,12200.000000219878,0.021243058947546634,0.001811285328899369,16
2,0.049087385212340517,2.7144876999999999e-05,12300.00000022206,0.02093602513399857,0.0018701264306955324,16
2,0.049087385212340517,2.7144876999999999e-05,12400.000000224243,0.020864258771209031,0.0018972679515140377,16
2,0.049087385212340517,2.7144876999999999e-05,12500.000000226426,0.020770331962575432,0.001881985541021219,16
2,0.049087385212340517,2.7144876999999999e-05,12600.000000228609,0.021375176737255926,0.0019127385384640659,16
2,0.049087385212340517,2.7144876999999999e-05,12700.000000230792,0.022409077729773068,0.0017766661730215386,16
2,0.049087385212340517,2.7144876999999999e-05,12800.000000232974,0.022507839559354065,0.0016013341738390376,16
2,0.049087385212340517,2.7144876999999999e-05,12900.000000235157,0.022135853860010903,0.0016747313334384416,16
2,0.049087385212340517,2.7144876999999999e-05,13000.00000023734,0.021858227430466271,0.001496892789875562,16
2,0.049087385212340517,2.7144876999999999e-05,13100.000000239523,0.022882450876237987,0.0015273142169412713,16
2,0.049087385212340517,2.7144876999999999e-05,13200.000000241705,0.023749130193121019,0.0016909926067598881,16
2,0.049087385212340517,2.7144876999999999e-05,13300.000000243888,0.023672902228485844,0.0016972437077497691,16
2,0.049087385212340517,2.7144876999999999e-05,13400.000000246071,0.023744420830628117,0.0018073571516576323,16
2,0.049087385212340517,2.7144876999999999e-05,13500.000000248254,0.023843142646469802,0.0017395511478927649,16
2,0.049087385212340517,2.7144876999999999e-05,13600.000000250437,0.023290878428706516,0.0017071887081847236,16
2,0.049087385212340517,2.7144876999999999e-05,13700.000000252619,0.022885517056425747,0.0015801800266799799,16
2,0.049087385212340517,2.7144876999999999e-05,13800.000000254802,0.022735522591946115,0.0016992798998848458,16
2,0.049087385212340517,2.7144876999999999e-05,13900.000000256985,0.023712977046384726,0.0014512979740782374,16
2,0.049087385212340517,2.7144876999999999e-05,14000.000000259168,0.023763192780937414,0.0012658204291532127,16
2,0.049087385212340517,2.7144876999999999e-05,14100.000000261351,0.023710284676599688,0.0011454475394050909,16
2,0.049087385212340517,2.7144876999999999e-05,14200.000000263533,0.024159083058851522,0.0010698998959073214,16
2,0.049087385212340517,2.7144876999999999e-05,14300.000000265716,0.024473862164281063,0.0011278389838795364,16
2,0.049087385212340517,2.7144876999999999e-05,14400.000000267899,0.024701528896781014,0.0012305704842732283,16
2,0.049087385212340517,2.7144876999999999e-05,14500.000000270082,0.024056075451884065,0.0010143319614097485,16
2,0.049087385212340517,2.7144876999999999e-05,14600.000000272265,0.023124751795223462,0.00093671432731191439,16
2,0.049087385212340517,2.7144876999999999e-05,14700.000000274447,0.022005800331115197,0.00083372843104646951,16
2,0.049087385212340517,2.7144876999999999e-05,14800.00000027663,0.022375706854286977,0.00085540279051790277,16
2,0.049087385212340517,2.7144876999999999e-05,14900.000000278813,0.022651557188486493,0.00086539338016681231,16
2,0.049087385212340517,2.7144876999999999e-05,15000.000000280996,0.022714941574370037,0.00096892012733681206,16
2,0.049087385212340517,2.7144876999999999e-05,15100.000000283178,0.022820934073588827,0.0010037366557666626,16
2,0.049087385212340517,2.7144876999999999e-05,15200.000000285361,0.022873826158752397,0.00099345280434532291,16
2,0.049087385212340517,2.7144876999999999e-05,15300.000000287544,0.02236671775645584,0.0011166943965878512,16
2,0.049087385212340517,2.7144876999999999e-05,15400.000000289727,0.022930300471430486,0.0013569480676266931,16
2,0.049087385212340517,2.7144876999999999e-05,15500.00000029191,0.023165538269435883,0.0015041603106151838,16
2,0.049087385212340517,2.7144876999999999e-05,15600.000000294092,0.0237056719094552,0.0014390487398401185,16
2,0.049087385212340517,2.7144876999999999e-05,15700.000000296275,0.023769675023677314,0.0012742939415711922,16
2,0.049087385212340517,2.7144876999999999e-05,15800.000000298458,0.023632755335520193,0.0011944387476474892,16
2,0.049087385212340517,2.7144876999999999e-05,15900.000000300641,0.024132161892690331,0.0012856454296935667,16
2,0.049087385212340517,2.7144876999999999e-05,16000.000000302824,0.02434393147080478,0.0013751447092191821,16
2,0.049087385212340517,2.7144876999999999e-05,16100.000000305006,0.024150285164307419,0.001601688266678065,16
2,0.049087385212340517,2.7144876999999999e-05,16200.000000307189,0.023678008772371428,0.0013461439156081615,16
2,0.049087385212340517,2.7144876999999999e-05,16300.000000309372,0.0228948856979274,0.0013997856936849848,16
2,0.049087385212340517,2.7144876999999999e-05,16400.000000308642,0.023912451563719662,0.0014419479203557832,16
2,0.049087385212340517,2.7144876999999999e-05,16500.000000292635,0.023713504174357747,0.0013646680738491383,16
2,0.049087385212340517,2.7144876999999999e-05,16600.000000276628,0.023705384847891697,0.0013238807911324971,16
2,0.049087385212340517,2.7144876999999999e-05,16700.000000260621,0.024170462334014955,0.0013400202455046994,16
2,0.049087385212340517,2.7144876999999999e-05,16800.000000244614,0.024545848203232298,0.001338980852456063,16
2,0.049087385212340517,2.7144876999999999e-05,16900.000000228607,0.025086718237324335,0.0014382450601472827,16
2,0.049087385212340517,2.7144876999999999e-05,17000.0000002126,0.025763792097406649,0.0012682335460334293,16
2,0.049087385212340517,2.7144876999999999e-05,17100.000000196593,0.025651204433265826,0.001403155981489288,16
2,0.049087385212340517,2.7144876999999999e-05,17200.000000180586,0.024888274886807282,0.0014803390516152741,16
2,0.049087385212340517,2.7144876999999999e-05,17300.000000164579,0.02480681879230227,0.0013453395406673547,16
2,0.049087385212340517,2.7144876999999999e-05,17400.000000148571,0.025223636470549874,0.0014624759322915445,16
2,0.049087385212340517,2.7144876999999999e-05,17500.000000132564,0.025473882058475179,0.0015998331724207566,16
2,0.049087385212340517,2.7144876999999999e-05,17600.000000116557,0.024749543590018203,0.0017126674968777511,16
2,0.049087385212340517,2.7144876999999999e-05,17700.00000010055,0.025291532553952233,0.0017780043486187384,16
2,0.049087385212340517,2.7144876999999999e-05,17800.000000084543,0.025859261313938842,0.0017273774538606481,16
2,0.049087385212340517,2.7144876999999999e-05,17900.000000068536,0.025973190584069019,0.0016006416323097012,16
2,0.049087385212340517,2.7144876999999999e-05,18000.000000052529,0.025269479672364901,0.0015548177985981798,16
2,0.049087385212340517,2.7144876999999999e-05,18100.000000036522,0.025161602815927074,0.0017000618316493107,16
2,0.049087385212340517,2.7144876999999999e-05,18200.000000020515,0.02484445550882966,0.001876578500292047,16
2,0.049087385212340517,2.7144876999999999e-05,18300.000000004507,0.024940828481312658,0.0019901872523511114,16
2,0.049087385212340517,2.7144876999999999e-05,18399.9999999885,0.024881123005206181,0.0017161247561146818,16
2,0.049087385212340517,2.7144876999999999e-05,18499.999999972493,0.024692559181472815,0.0014214218066210017,16
2,0.049087385212340517,2.7144876999999999e-05,18599.999999956486,0.023942976699804327,0.0016399869015027541,16
2,0.049087385212340517,2.7144876999999999e-05,18699.999999940479,0.02338107490856673,0.0017871752528113717,16
2,0.049087385212340517,2.7144876999999999e-05,18799.999999924472,0.022764134860436814,0.0016909278867820933,16
2,0.049087385212340517,2.7144876999999999e-05,18899.999999908465,0.023027049525908557,0.0015871308296140172,16
2,0.049087385212340517,2.7144876999999999e-05,18999.999999892458,0.022403942891144793,0.0016259945323805736,16
2,0.049087385212340517,2.7144876999999999e-05,19099.999999876451,0.021863025291365579,0.0014976855923700229,16
2,0.049087385212340517,2.7144876999999999e-05,19199.999999860443,0.021965003118531515,0.001475011563635229,16
2,0.049087385212340517,2.7144876999999999e-05,19299.999999844436,0.022176938206073932,0.0014522858345251506,16
2,0.049087385212340517,2.7144876999999999e-05,19399.999999828429,0.022613161759269165,0.0012941540173784362,16
2,0.049087385212340517,2.7144876999999999e-05,19499.999999812422,0.022849886974538339,0.0012674166936630597,16
2,0.049087385212340517,2.7144876999999999e-05,19599.999999796415,0.02299125477028208,0.0014765333101950462,16
2,0.049087385212340517,2.7144876999999999e-05,19699.999999780408,0.022798135129692712,0.0016110888686447814,16
2,0.049087385212340517,2.7144876999999999e-05,19799.999999764401,0.02324329723273913,0.0015861484771502675,16
2,0.049087385212340517,2.7144876999999999e-05,19899.999999748394,0.023659513445852487,0.0015874718628905364,16
2,0.049087385212340517,2.7144876999999999e-05,19999.999999732387,0.02462403551012907,0.001416774593776485,16
2,0.049087385212340517,2.7144876999999999e-05,20099.99999971638,0.025323242554618357,0.0014310353316605369,16
2,0.049087385212340517,2.7144876999999999e-05,20199.999999700372,0.025262133251822624,0.0012866628451499041,16
2,0.049087385212340517,2.7144876999999999e-05,20299.999999684365,0.024615060824966388,0.0014318956801099131,16
2,0.049087385212340517,2.7144876999999999e-05,20399.999999668358,0.023602587651878969,0.0013414808686329838,16
2,0.049087385212340517,2.7144876999999999e-05,20499.999999652351,0.023178236795778604,0.001503207383375988,16
2,0.049087385212340517,2.7144876999999999e-05,20599.999999636344,0.022989390673151307,0.0012527763502504312,16
2,0.049087385212340517,2.7144876999999999e-05,20699.999999620337,0.023053942365700873,0.0009845813312633117,16
2,0.049087385212340517,2.7144876999999999e-05,20799.99999960433,0.022978147228762614,0.0010191748761182561,16
2,0.049087385212340517,2.7144876999999999e-05,20899.999999588323,0.023070089156801178,0.0010877246673333348,16
2,0.049087385212340517,2.7144876999999999e-05,20999.999999572316,0.022912857516824748,0.0010794560447099089,16
2,0.049087385212340517,2.7144876999999999e-05,21099.999999556308,0.022773008352121069,0.0012159712377253593,16
2,0.049087385212340517,2.7144876999999999e-05,21199.999999540301,0.021999940510547954,0.0013635949772612367,16
2,0.049087385212340517,2.7144876999999999e-05,21299.999999524294,0.020744001238518606,0.0014323802795927531,16
2,0.049087385212340517,2.7144876999999999e-05,21399.999999508287,0.021305031965759492,0.0014673805645230393,16
2,0.049087385212340517,2.7144876999999999e-05,21499.99999949228,0.022451967276046994,0.0012065026244845055,16
2,0.049087385212340517,2.7144876999999999e-05,21599.999999476273,0.022989273445991075,0.0010921810638380976,16
2,0.049087385212340517,2.7144876999999999e-05,21699.999999460266,0.023467796391324271,0.00098347672078891862,16
2,0.049087385212340517,2.7144876999999999e-05,21799.999999444259,0.0234699323301087,0.0009423447679315942,16
2,0.049087385212340517,2.7144876999999999e-05,21899.999999428252,0.024039797681640617,0.0011276879462248093,16
2,0.049087385212340517,2.7144876999999999e-05,21999.999999412245,0.024554472021617767,0.0013117484008115386,16
2,0.049087385212340517,2.7144876999999999e-05,22099.999999396237,0.025243670164268057,0.0013359277828150292,16
2,0.049087385212340517,2.7144876999999999e-05,22199.99999938023,0.025156104968178349,0.0011950086599394818,16
2,0.049087385212340517,2.7144876999999999e-05,22299.999999364223,0.025538153677101286,0.00090911240669858096,16
2,0.049087385212340517,2.7144876999999999e-05,22399.999999348216,0.025472534051310242,0.00088930016636517412,16
2,0.049087385212340517,2.7144876999999999e-05,22499.999999332209,0.024707972215777647,0.00096546488134729449,16
2,0.049087385212340517,2.7144876999999999e-05,22599.999999316202,0.024772911017646129,0.001088844495869479,16
2,0.049087385212340517,2.7144876999999999e-05,22699.999999300195,0.024642699323490891,0.0012148811711205924,16
2,0.049087385212340517,2.7144876999999999e-05,22799.999999284188,0.024446115299936393,0.0011006573463686253,16
2,0.049087385212340517,2.7144876999999999e-05,22899.999999268181,0.024169711495866761,0.0010529255870231264,16
2,0.049087385212340517,2.7144876999999999e-05,22999.999999252173,0.023632462546599092,0.0010545171985371553,16
2,0.049087385212340517,2.7144876999999999e-05,23099.999999236166,0.023427133277204082,0.00096497305836901746,16
2,0.049087385212340517,2.7144876999999999e-05,23199.999999220159,0.023448378841742414,0.0010531671115978259,16
2,0.049087385212340517,2.7144876999999999e-05,23299.999999204152,0.024336657548630326,0.0010648869147600302,16
2,0.049087385212340517,2.7144876999999999e-05,23399.999999188145,0.024675318813987865,0.0010722940712283805,16
2,0.049087385212340517,2.7144876999999999e-05,23499.999999172138,0.024957893222986294,0.0012111956299609738,16
2,0.049087385212340517,2.7144876999999999e-05,23599.999999156131,0.024891730966891151,0.001425771454942525,16
2,0.049087385212340517,2.7144876999999999e-05,23699.999999140124,0.02512097360553435,0.0015854398051446963,16
2,0.049087385212340517,2.7144876999999999e-05,23799.999999124117,0.024629945392151756,0.0015520180664384433,16
2,0.049087385212340517,2.7144876999999999e-05,23899.999999108109,0.024123945102992952,0.0013390570591233989,16
2,0.049087385212340517,2.7144876999999999e-05,23999.999999092102,0.024044732812722451,0.0012262296218694113,16
2,0.049087385212340517,2.7144876999999999e-05,24099.999999076095,0.024227904245152365,0.001110547840797532,16
2,0.049087385212340517,2.7144876999999999e-05,24199.999999060088,0.024289093841039142,0.0010971004125252533,16
2,0.049087385212340517,2.7144876999999999e-05,24299.999999044081,0.024686113881132933,0.0011083911037615371,16
2,0.049087385212340517,2.7144876999999999e-05,24399.999999028074,0.024791752436162533,0.0012625240102720127,16
2,0.049087385212340517,2.7144876999999999e-05,24499.999999012067,0.024678843183837198,0.0013171673386073045,16
2,0.049087385212340517,2.7144876999999999e-05,24599.99999899606,0.024477813579001542,0.0014725828714360705,16
2,0.049087385212340517,2.7144876999999999e-05,24699.999998980053,0.024586102921309177,0.001758262524487198,16
2,0.049087385212340517,2.7144876999999999e-05,24799.999998964046,0.024898514186006197,0.0015290123999688544,16
2,0.049087385212340517,2.7144876999999999e-05,24899.999998948038,0.025346813338001917,0.0014186006208076851,16
2,0.049087385212340517,2.7144876999999999e-05,24999.999998932031,0.025269877597716081,0.0014386762308283216,16
2,0.049087385212340517,2.7144876999999999e-05,25099.999998916024,0.024844151604296896,0.0016174091553290413,16
2,0.049087385212340517,2.7144876999999999e-05,25199.999998900017,0.024471913880417123,0.001746290953628599,16
2,0.049087385212340517,2.7144876999999999e-05,25299.99999888401,0.023629382923416854,0.0018147981794941184,16
2,0.049087385212340517,2.7144876999999999e-05,25399.999998868003,0.023723222499131839,0.0017049881131427464,16
2,0.049087385212340517,2.7144876999999999e-05,25499.999998851996,0.024034370818959823,0.0016160591720426746,16
2,0.049087385212340517,2.7144876999999999e-05,25599.999998835989,0.024145494456404234,0.0016247610689901564,16
2,0.049087385212340517,2.7144876999999999e-05,25699.999998819982,0.023302453500483187,0.0016023876471932871,16
2,0.049087385212340517,2.7144876999999999e-05,25799.999998803974,0.023008967463409774,0.0013327588259140391,16
2,0.049087385212340517,2.7144876999999999e-05,25899.999998787967,0.023040655198911259,0.0012240019662747275,16
2,0.049087385212340517,2.7144876999999999e-05,25999.99999877196,0.023769123920822786,0.0011512829688476169,16
2,0.049087385212340517,2.7144876999999999e-05,26099.999998755953,0.024825568500084105,0.00114211678656522,16
2,0.049087385212340517,2.7144876999999999e-05,26199.999998739946,0.024824601624504547,0.0012460028652087653,16
2,0.049087385212340517,2.7144876999999999e-05,26299.999998723939,0.025084189458291745,0.0012662218939212713,16
2,0.049087385212340517,2.7144876999999999e-05,26399.999998707932,0.024698643453786424,0.0013565664743958943,16
2,0.049087385212340517,2.7144876999999999e-05,26499.999998691925,0.023711603874640982,0.0015220306999192395,16
2,0.049087385212340517,2.7144876999999999e-05,26599.999998675918,0.023918122560960903,0.0016501703785198518,16
2,0.049087385212340517,2.7144876999999999e-05,26699.99999865991,0.023767419168337026,0.0015274207209805698,16
2,0.049087385212340517,2.7144876999999999e-05,26799.999998643903,0.024011588727164745,0.0015059293638794995,16
2,0.049087385212340517,2.7144876999999999e-05,26899.999998627896,0.024615936478045351,0.0013993503169078868,16
2,0.049087385212340517,2.7144876999999999e-05,26999.999998611889,0.024069816905645299,0.0014423962902195748,16
2,0.049087385212340517,2.7144876999999999e-05,27099.999998595882,0.023442427008029097,0.0014760498085962703,16
2,0.049087385212340517,2.7144876999999999e-05,27199.999998579875,0.022775384480069598,0.0013041120576574715,16
2,0.049087385212340517,2.7144876999999999e-05,27299.999998563868,0.022381030241412529,0.0013642004893185677,16
2,0.049087385212340517,2.7144876999999999e-05,27399.999998547861,0.023182451044440854,0.0013217851228515623,16
2,0.049087385212340517,2.7144876999999999e-05,27499.999998531854,0.022918423360960762,0.0011611211399543664,16
2,0.049087385212340517,2.7144876999999999e-05,27599.999998515847,0.02271433239880994,0.0014663455241234792,16
2,0.049087385212340517,2.7144876999999999e-05,27699.999998499839,0.023070777581177163,0.0013012385585896716,16
2,0.049087385212340517,2.7144876999999999e-05,27799.999998483832,0.023392847771335858,0.0010842646994936585,16
2,0.049087385212340517,2.7144876999999999e-05,27899.999998467825,0.023867957225398397,0.0010580895238890811,16
2,0.049087385212340517,2.7144876999999999e-05,27999.999998451818,0.023981503716310644,0.0012113771052099877,16
2,0.049087385212340517,2.7144876999999999e-05,28099.999998435811,0.024160166335776126,0.0011351710747114971,16
2,0.049087385212340517,2.7144876999999999e-05,28199.999998419804,0.023639812196796752,0.0010805025443778901,16
2,0.049087385212340517,2.7144876999999999e-05,28299.999998403797,0.024174545670813664,0.0012273178803622841,16
2,0.049087385212340517,2.7144876999999999e-05,28399.99999838779,0.024770771578267983,0.0013783633547439765,16
2,0.049087385212340517,2.7144876999999999e-05,28499.999998371783,0.024803383557090046,0.0016681297232651385,16
2,0.049087385212340517,2.7144876999999999e-05,28599.999998355775,0.024544316032981534,0.001446994918515432,16
2,0.049087385212340517,2.7144876999999999e-05,28699.999998339768,0.02472020123668385,0.0014965618010163197,16
2,0.049087385212340517,2.7144876999999999e-05,28799.999998323761,0.025091914981540963,0.0014699066501758877,16
2,0.049087385212340517,2.7144876999999999e-05,28899.999998307754,0.024991234350653237,0.0016755213226041198,16
2,0.049087385212340517,2.7144876999999999e-05,28999.999998291747,0.02588767244900575,0.0016117192750844567,16
2,0.049087385212340517,2.7144876999999999e-05,29099.99999827574,0.025966271950283597,0.0014366798752251343,16
2,0.049087385212340517,2.7144876999999999e-05,29199.999998259733,0.025329960345850413,0.0013292404520894917,16
2,0.049087385212340517,2.7144876999999999e-05,29299.999998243726,0.025730296029994024,0.0011474786124153983,16
2,0.049087385212340517,2.7144876999999999e-05,29399.999998227719,0.025781898936558849,0.0011672230208349386,16
2,0.049087385212340517,2.7144876999999999e-05,29499.999998211711,0.02601555542220901,0.0011481615674429524,16
2,0.049087385212340517,2.7144876999999999e-05,29599.999998195704,0.02599830999648834,0.0011229554733459713,16
2,0.049087385212340517,2.7144876999999999e-05,29699.999998179697,0.026451837328775214,0.0010145138666666092,16
2,0.049087385212340517,2.7144876999999999e-05,29799.99999816369,0.02614604036784289,0.0010435130291098448,16
2,0.049087385212340517,2.7144876999999999e-05,29899.999998147683,0.025109676083093429,0.00095719125751628318,16
2,0.049087385212340517,2.7144876999999999e-05,29999.999998131676,0.024377332029654995,0.0010346467410325792,16
2,0.049087385212340517,2.7144876999999999e-05,30099.999998115669,0.025033181780535506,0.0012157503615722264,16
2,0.049087385212340517,2.7144876999999999e-05,30199.999998099662,0.025540685231104136,0.0011291926824395751,16
2,0.049087385212340517,2.7144876999999999e-05,30299.999998083655,0.025856937048621582,0.0012862452406658665,16
2,0.049087385212340517,2.7144876999999999e-05,30399.999998067648,0.025954906152455794,0.0012355961682246285,16
2,0.049087385212340517,2.7144876999999999e-05,30499.99999805164,0.025838398422859777,0.0012733610702920322,16
2,0.049087385212340517,2.7144876999999999e-05,30599.999998035633,0.025191686880289679,0.0013115633508584365,16
2,0.049087385212340517,2.7144876999999999e-05,30699.999998019626,0.024870149152614079,0.0014202039545539575,16
2,0.049087385212340517,2.7144876999999999e-05,30799.999998003619,0.023850563563634828,0.0014252019877957628,16
2,0.049087385212340517,2.7144876999999999e-05,30899.999997987612,0.02293382800032075,0.0014658415770409782,16
2,0.049087385212340517,2.7144876999999999e-05,30999.999997971605,0.022116205700369509,0.0014618530193413546,16
2,0.049087385212340517,2.7144876999999999e-05,31099.999997955598,0.021828110323089303,0.0016362380039261419,16
2,0.049087385212340517,2.7144876999999999e-05,31199.999997939591,0.022119060227750786,0.0014901854349180135,16
2,0.049087385212340517,2.7144876999999999e-05,31299.999997923584,0.022585526901145739,0.0014493862205239901,16
2,0.049087385212340517,2.7144876999999999e-05,31399.999997907576,0.023155329889860923,0.0013217906011127657,16
2,0.049087385212340517,2.7144876999999999e-05,31499.999997891569,0.02346277693499757,0.0012541169407377397,16
2,0.049087385212340517,2.7144876999999999e-05,31599.999997875562,0.023422785464025136,0.0013947087942112295,16
2,0.049087385212340517,2.7144876999999999e-05,31699.999997859555,0.023528491475678093,0.0013527818891546336,16
2,0.049087385212340517,2.7144876999999999e-05,31799.999997843548,0.023444874506806369,0.0012692271932848087,16
2,0.049087385212340517,2.7144876999999999e-05,31899.999997827541,0.023459005603848122,0.0009378962733190973,16
2,0.049087385212340517,2.7144876999999999e-05,31999.999997811534,0.023013484908232958,0.00092686716085696832,16
2,0.049087385212340517,2.7144876999999999e-05,32099.999997795527,0.022220439298050614,0.0008227906628095091,16
2,0.049087385212340517,2.7144876999999999e-05,32199.99999777952,0.021877189486376927,0.00089767390792271735,16
2,0.049087385212340517,2.7144876999999999e-05,32299.999997763513,0.021588814667164995,0.0011540542613755317,16
2,0.049087385212340517,2.7144876999999999e-05,32399.999997747505,0.02220153768480446,0.0012761937436528768,16
2,0.049087385212340517,2.7144876999999999e-05,32499.999997731498,0.023067441482356087,0.0013765734650926559,16
2,0.049087385212340517,2.7144876999999999e-05,32599.999997715491,0.023807059875350201,0.0014556835001460523,16
2,0.049087385212340517,2.7144876999999999e-05,32699.999997699484,0.024331243144108228,0.0014068661554632127,16
2,0.049087385212340517,2.7144876999999999e-05,32799.999997695115,0.024514989167733158,0.0013742459449006582,16
2,0.049087385212340517,2.7144876999999999e-05,32899.999997715488,0.025029929096429412,0.0013274308879549686,16
2,0.049087385212340517,2.7144876999999999e-05,32999.99999773586,0.024501850176042492,0.0011966847372793833,16
2,0.049087385212340517,2.7144876999999999e-05,33099.999997756233,0.024051412776805985,0.0012026886479945436,16
2,0.049087385212340517,2.7144876999999999e-05,33199.999997776606,0.024362799507713744,0.0013958519374052472,16
2,0.049087385212340517,2.7144876999999999e-05,33299.999997796978,0.023755878338894205,0.0014109354594332565,16
2,0.049087385212340517,2.7144876999999999e-05,33399.999997817351,0.02387698319490858,0.0013967729114301914,16
2,0.049087385212340517,2.7144876999999999e-05,33499.999997837724,0.023734162985737085,0.001307031657713781,16
2,0.049087385212340517,2.7144876999999999e-05,33599.999997858096,0.024086911007587506,0.0012794686365139617,16
2,0.049087385212340517,2.7144876999999999e-05,33699.999997878469,0.023541851489153363,0.0012624090304995006,16
2,0.049087385212340517,2.7144876999999999e-05,33799.999997898842,0.023260481969472238,0.0010995922543587352,16
2,0.049087385212340517,2.7144876999999999e-05,33899.999997919214,0.023500964614766702,0.00094590822250827556,16
2,0.049087385212340517,2.7144876999999999e-05,33999.999997939587,0.023307475355714591,0.0011423984403357596,16
2,0.049087385212340517,2.7144876999999999e-05,34099.99999795996,0.022961622153078828,0.0010372756284105168,16
2,0.049087385212340517,2.7144876999999999e-05,34199.999997980332,0.022673191927641608,0.001062712626883998,16
2,0.049087385212340517,2.7144876999999999e-05,34299.999998000705,0.02253574272421446,0.0010778408557056954,16
2,0.049087385212340517,2.7144876999999999e-05,34399.999998021078,0.02268993081097357,0.001089683304453406,16
2,0.049087385212340517,2.7144876999999999e-05,34499.99999804145,0.022605863953305421,0.0010851114395833091,16
2,0.049087385212340517,2.7144876999999999e-05,34599.999998061823,0.022835009939634946,0.0011146774399738199,16
2,0.049087385212340517,2.7144876999999999e-05,34699.999998082196,0.022683294149904942,0.0010037446758694685,16
2,0.049087385212340517,2.7144876999999999e-05,34799.999998102568,0.023106114516829809,0.0010555882709698513,16
2,0.049087385212340517,2.7144876999999999e-05,34899.999998122941,0.023501719567065989,0.001029655731063056,16
2,0.049087385212340517,2.7144876999999999e-05,34999.999998143314,0.024193353635465459,0.0011290183169647301,16
2,0.049087385212340517,2.7144876999999999e-05,35099.999998163687,0.024964072535582214,0.001297978589218122,16
2,0.049087385212340517,2.7144876999999999e-05,35199.999998184059,0.025210518395653529,0.0011443217526343587,16
2,0.049087385212340517,2.7144876999999999e-05,35299.999998204432,0.025334625249775741,0.0010469705537516911,16
2,0.049087385212340517,2.7144876999999999e-05,35399.999998224805,0.025312151289995442,0.0011119560835696105,16
2,0.049087385212340517,2.7144876999999999e-05,35499.999998245177,0.025077592626459099,0.0012904929885117192,16
2,0.049087385212340517,2.7144876999999999e-05,35599.99999826555,0.025380945205751956,0.0011402160046605659,16
2,0.049087385212340517,2.7144876999999999e-05,35699.999998285923,0.024643079554056431,0.0010721637334904818,16
2,0.049087385212340517,2.7144876999999999e-05,35799.999998306295,0.023872400207613893,0.001154039659731033,16
2,0.049087385212340517,2.7144876999999999e-05,35899.999998326668,0.024240124301512306,0.001270210080319895,16
2,0.049087385212340517,2.7144876999999999e-05,35999.999998347041,0.024053940058298202,0.0015009911862457854,16
2,0.049087385212340517,2.7144876999999999e-05,36099.999998367413,0.023696479350242779,0.0017391771218210916,16
2,0.049087385212340517,2.7144876999999999e-05,36199.999998387786,0.023642555588243176,0.001802440269991157,16
2,0.049087385212340517,2.7144876999999999e-05,36299.999998408159,0.024161014197711543,0.0017755847504304036,16
2,0.049087385212340517,2.7144876999999999e-05,36399.999998428531,0.024837066408811535,0.0018288660535495911,16
2,0.049087385212340517,2.7144876999999999e-05,36499.999998448904,0.024935089177445659,0.0015986957226772297,16
2,0.049087385212340517,2.7144876999999999e-05,36599.999998469277,0.024807418850898037,0.0014986033108322955,16
2,0.049087385212340517,2.7144876999999999e-05,36699.999998489649,0.02464286287761944,0.0014963923734509976,16
2,0.049087385212340517,2.7144876999999999e-05,36799.999998510022,0.024561629677362001,0.0015100069178953181,16
2,0.049087385212340517,2.7144876999999999e-05,36899.999998530395,0.024481226230907323,0.0014354749843039547,16
2,0.049087385212340517,2.7144876999999999e-05,36999.999998550767,0.024607263036299384,0.0013551019311015679,16
2,0.049087385212340517,2.7144876999999999e-05,37099.99999857114,0.024331907358988762,0.0014238869955324009,16
2,0.049087385212340517,2.7144876999999999e-05,37199.999998591513,0.023424394344610279,0.0012912061267778779,16
2,0.049087385212340517,2.7144876999999999e-05,37299.999998611886,0.02408971155933928,0.0013695140613447672,16
2,0.049087385212340517,2.7144876999999999e-05,37399.999998632258,0.024330313388766796,0.0014743463976141951,16
2,0.049087385212340517,2.7144876999999999e-05,37499.999998652631,0.023352197132445292,0.0014407143824084739,16
2,0.049087385212340517,2.7144876999999999e-05,37599.999998673004,0.022830306169383998,0.0014198822433454223,16
2,0.049087385212340517,2.7144876999999999e-05,37699.999998693376,0.023288272304067065,0.001522962659224107,16
2,0.049087385212340517,2.7144876999999999e-05,37799.999998713749,0.023496228768798377,0.0014171429912014386,16
2,0.049087385212340517,2.7144876999999999e-05,37899.999998734122,0.022907450010003449,0.0013120982870653592,16
2,0.049087385212340517,2.7144876999999999e-05,37999.999998754494,0.023018882936752472,0.0012161113109018442,16
2,0.049087385212340517,2.7144876999999999e-05,38099.999998774867,0.023090205745191977,0.0013333868256769621,16
2,0.049087385212340517,2.7144876999999999e-05,38199.99999879524,0.023290503161184299,0.0013079380853073354,16
2,0.049087385212340517,2.7144876999999999e-05,38299.999998815612,0.022973191180317844,0.0012300710813515088,16
2,0.049087385212340517,2.7144876999999999e-05,38399.999998835985,0.022757424652469143,0.001145291494423126,16
2,0.049087385212340517,2.7144876999999999e-05,38499.999998856358,0.022099578097989098,0.0013544823271227711,16
2,0.049087385212340517,2.7144876999999999e-05,38599.99999887673,0.021605561219234411,0.001451480239645867,16
2,0.049087385212340517,2.7144876999999999e-05,38699.999998897103,0.020827891115904967,0.0014587046391498451,16
2,0.049087385212340517,2.7144876999999999e-05,38799.999998917476,0.02097764166963342,0.0014633963720660152,16
2,0.049087385212340517,2.7144876999999999e-05,38899.999998937848,0.021259314427519389,0.0014766484934177553,16
2,0.049087385212340517,2.7144876999999999e-05,38999.999998958221,0.020308337288103988,0.0015471646696537599,16
2,0.049087385212340517,2.7144876999999999e-05,39099.999998978594,0.019823908232294671,0.0014336173928732781,16
2,0.049087385212340517,2.7144876999999999e-05,39199.999998998966,0.020411009497800829,0.0013019308763966035,16
2,0.049087385212340517,2.7144876999999999e-05,39299.999999019339,0.02112115682992154,0.0012274301041083435,16
2,0.049087385212340517,2.7144876999999999e-05,39399.999999039712,0.02186872503119416,0.0013994720992991972,16
2,0.049087385212340517,2.7144876999999999e-05,39499.999999060085,0.022248862558215555,0.0013439705172163391,16
2,0.049087385212340517,2.7144876999999999e-05,39599.999999080457,0.022628359204933737,0.0013830688422665236,16
2,0.049087385212340517,2.7144876999999999e-05,39699.99999910083,0.022791578256283238,0.0013250861916464284,16
2,0.049087385212340517,2.7144876999999999e-05,39799.999999121203,0.022823721933121151,0.0012052520738516734,16
2,0.049087385212340517,2.7144876999999999e-05,39899.999999141575,0.022614385286984496,0.0011855343865347396,16
2,0.049087385212340517,2.7144876999999999e-05,39999.999999161948,0.023551888480844288,0.0013486298765064718,16
2,0.049087385212340517,2.7144876999999999e-05,40099.999999182321,0.023805235085040177,0.0013807096067975605,16
2,0.049087385212340517,2.7144876999999999e-05,40199.999999202693,0.023047517966621245,0.001434824212925716,16
2,0.049087385212340517,2.7144876999999999e-05,40299.999999223066,0.023334617102928015,0.0014314469634088224,16
2,0.049087385212340517,2.7144876999999999e-05,40399.999999243439,0.023573849733342499,0.0015545237813430154,16
2,0.049087385212340517,2.7144876999999999e-05,40499.999999263811,0.023252415640669814,0.0014838107040803974,16
2,0.049087385212340517,2.7144876999999999e-05,40599.999999284184,0.022663330901190541,0.0014459781592205717,16
2,0.049087385212340517,2.7144876999999999e-05,40699.999999304557,0.022967287525525688,0.0013628306673700349,16
2,0.049087385212340517,2.7144876999999999e-05,40799.999999324929,0.023256636834874739,0.0014367874245242718,16
2,0.049087385212340517,2.7144876999999999e-05,40899.999999345302,0.023459209147322819,0.0014716119998798244,16
2,0.049087385212340517,2.7144876999999999e-05,40999.999999365675,0.022851639991058138,0.0015399857137262832,16
2,0.049087385212340517,2.7144876999999999e-05,41099.999999386047,0.02310766717793775,0.0015538137571655156,16
2,0.049087385212340517,2.7144876999999999e-05,41199.99999940642,0.023257383379394918,0.0015647141895011785,16
2,0.049087385212340517,2.7144876999999999e-05,41299.999999426793,0.022859549299492493,0.0015683373930891348,16
2,0.049087385212340517,2.7144876999999999e-05,41399.999999447165,0.02290277318868901,0.0014318203575330898,16
2,0.049087385212340517,2.7144876999999999e-05,41499.999999467538,0.023034749085655629,0.0014750381850103457,16
2,0.049087385212340517,2.7144876999999999e-05,41599.999999487911,0.023665609832566072,0.0014952499709645895,16
2,0.049087385212340517,2.7144876999999999e-05,41699.999999508284,0.023709323022637018,0.0014378227175682458,16
2,0.049087385212340517,2.7144876999999999e-05,41799.999999528656,0.023666453750117181,0.0013809483416604195,16
2,0.049087385212340517,2.7144876999999999e-05,41899.999999549029,0.023052430247834294,0.001378420823753002,16
2,0.049087385212340517,2.7144876999999999e-05,41999.999999569402,0.021641297214511211,0.001455779988720879,16
2,0.049087385212340517,2.7144876999999999e-05,42099.999999589774,0.022416859423716861,0.0014048749411701993,16
2,0.049087385212340517,2.7144876999999999e-05,42199.999999610147,0.022683070228791659,0.001275259905471472,16
2,0.049087385212340517,2.7144876999999999e-05,42299.99999963052,0.022830652006493111,0.0011905012893828526,16
2,0.049087385212340517,2.7144876999999999e-05,42399.999999650892,0.02239081252682721,0.0011358994508312349,16
2,0.049087385212340517,2.7144876999999999e-05,42499.999999671265,0.02258793783574075,0.0011902114806699626,16
2,0.049087385212340517,2.7144876999999999e-05,42599.999999691638,0.022971758805958056,0.0013044255571388794,16
2,0.049087385212340517,2.7144876999999999e-05,42699.99999971201,0.022707743054330293,0.0015533295683872869,16
2,0.049087385212340517,2.7144876999999999e-05,42799.999999732383,0.021814986362164394,0.0017151891587907388,16
2,0.049087385212340517,2.7144876999999999e-05,42899.999999752756,0.022071009339434622,0.0016818582935551648,16
2,0.049087385212340517,2.7144876999999999e-05,42999.999999773128,0.021854170341758176,0.0015661113446424286,16
2,0.049087385212340517,2.7144876999999999e-05,43099.999999793501,0.022255796649082123,0.0016218483456554985,16
2,0.049087385212340517,2.7144876999999999e-05,43199.999999813874,0.02246118838390538,0.0015376751039129777,16
2,0.049087385212340517,2.7144876999999999e-05,43299.999999834246,0.021947147215837178,0.001729187196800528,16
2,0.049087385212340517,2.7144876999999999e-05,43399.999999854619,0.021544937654937157,0.001801615177961932,16
2,0.049087385212340517,2.7144876999999999e-05,43499.999999874992,0.021357603457978037,0.0016718792441067743,16
2,0.049087385212340517,2.7144876999999999e-05,43599.999999895364,0.021865931461433376,0.0015903074748501659,16
2,0.049087385212340517,2.7144876999999999e-05,43699.999999915737,0.021358157565223058,0.0016672718786194154,16
2,0.049087385212340517,2.7144876999999999e-05,43799.99999993611,0.021234306324028319,0.0016648843417813755,16
2,0.049087385212340517,2.7144876999999999e-05,43899.999999956482,0.021573538567222703,0.0015770294016385392,16
2,0.049087385212340517,2.7144876999999999e-05,43999.999999976855,0.022237702478141667,0.0012618135487309362,16
2,0.049087385212340517,2.7144876999999999e-05,44099.999999997228,0.022842328114785131,0.0012529767210053178,16
2,0.049087385212340517,2.7144876999999999e-05,44200.000000017601,0.023403651425850804,0.0014471162378096231,16
2,0.049087385212340517,2.7144876999999999e-05,44300.000000037973,0.023626710889875557,0.0014475116368697486,16
2,0.049087385212340517,2.7144876999999999e-05,44400.000000058346,0.024156597645727119,0.0015830522600735666,16
2,0.049087385212340517,2.7144876999999999e-05,44500.000000078719,0.023908972364956475,0.0016187369953886105,16
2,0.049087385212340517,2.7144876999999999e-05,44600.000000099091,0.023949559861643412,0.0016269770567285788,16
2,0.049087385212340517,2.7144876999999999e-05,44700.000000119464,0.024176107711139479,0.0013952282888656114,16
2,0.049087385212340517,2.7144876999999999e-05,44800.000000139837,0.025192008639423707,0.0014007457693873265,16
2,0.049087385212340517,2.7144876999999999e-05,44900.000000160209,0.02559558297958188,0.0015601988314941848,16
2,0.049087385212340517,2.7144876999999999e-05,45000.000000180582,0.02561748935662507,0.0015171051385590784,16
2,0.049087385212340517,2.7144876999999999e-05,45100.000000200955,0.025829408415681068,0.0013913254261594043,16
2,0.049087385212340517,2.7144876999999999e-05,45200.000000221327,0.026165189856494714,0.0012981427188267613,16
2,0.049087385212340517,2.7144876999999999e-05,45300.0000002417,0.02538686529320066,0.0012184973103919411,16
2,0.049087385212340517,2.7144876999999999e-05,45400.000000262073,0.02557437854052546,0.0010645859482458272,16
2,0.049087385212340517,2.7144876999999999e-05,45500.000000282445,0.025553243161486744,0.00095452362929258515,16
2,0.049087385212340517,2.7144876999999999e-05,45600.000000302818,0.025729252937955728,0.00077654709004661181,16
2,0.049087385212340517,2.7144876999999999e-05,45700.000000323191,0.025469583073340112,0.00088096354794750455,16
2,0.049087385212340517,2.7144876999999999e-05,45800.000000343563,0.025124205041176483,0.001024604150499071,16
2,0.049087385212340517,2.7144876999999999e-05,45900.000000363936,0.025115399484923969,0.0011569314493174497,16
2,0.049087385212340517,2.7144876999999999e-05,46000.000000384309,0.02502740474143008,0.0008691588537761588,16
2,0.049087385212340517,2.7144876999999999e-05,46100.000000404681,0.025111324251906566,0.00075044802738480788,16
2,0.049087385212340517,2.7144876999999999e-05,46200.000000425054,0.02545878407357539,0.00093419124906451512,16
2,0.049087385212340517,2.7144876999999999e-05,46300.000000445427,0.024620777690156751,0.00084107313758392582,16
2,0.049087385212340517,2.7144876999999999e-05,46400.0000004658,0.024278951121841516,0.00082756055458474832,16
2,0.049087385212340517,2.7144876999999999e-05,46500.000000486172,0.023485561006359505,0.00094947480122612859,16
2,0.049087385212340517,2.7144876999999999e-05,46600.000000506545,0.023819148889206439,0.00097576148897524995,16
2,0.049087385212340517,2.7144876999999999e-05,46700.000000526918,0.024050958736082494,0.0012660945276614015,16
2,0.049087385212340517,2.7144876999999999e-05,46800.00000054729,0.024978727164875959,0.0011318970278603039,16
2,0.049087385212340517,2.7144876999999999e-05,46900.000000567663,0.025113314240696329,0.0010589796145474603,16
2,0.049087385212340517,2.7144876999999999e-05,47000.000000588036,0.02515444346433196,0.0011175661021943679,16
2,0.049087385212340517,2.7144876999999999e-05,47100.000000608408,0.025424735594297809,0.0010514698020634727,16
2,0.049087385212340517,2.7144876999999999e-05,47200.000000628781,0.024946350603568715,0.00084239351227067682,16
2,0.049087385212340517,2.7144876999999999e-05,47300.000000649154,0.024480913051905858,0.00093238522845657211,16
2,0.049087385212340517,2.7144876999999999e-05,47400.000000669526,0.024228269872489917,0.00080390448019949934,16
2,0.049087385212340517,2.7144876999999999e-05,47500.000000689899,0.024297857874716673,0.00075576636319932256,16
2,0.049087385212340517,2.7144876999999999e-05,47600.000000710272,0.024663202052420098,0.00081879340953698869,16
2,0.049087385212340517,2.7144876999999999e-05,47700.000000730644,0.024928640604341842,0.00095795543347240481,16
2,0.049087385212340517,2.7144876999999999e-05,47800.000000751017,0.02481228947025875,0.00087310578280268866,16
2,0.049087385212340517,2.7144876999999999e-05,47900.00000077139,0.024398335626065894,0.0011923890068626444,16
2,0.049087385212340517,2.7144876999999999e-05,48000.000000791762,0.024421649847495369,0.0012438828889863695,16
2,0.049087385212340517,2.7144876999999999e-05,48100.000000812135,0.024654844268525308,0.0013028327568156124,16
2,0.049087385212340517,2.7144876999999999e-05,48200.000000832508,0.024651348777322463,0.0013032334662677714,16
2,0.049087385212340517,2.7144876999999999e-05,48300.00000085288,0.024763084628000944,0.0011870037679193228,16
2,0.049087385212340517,2.7144876999999999e-05,48400.000000873253,0.024719099828981048,0.0011377064985928567,16
2,0.049087385212340517,2.7144876999999999e-05,48500.000000893626,0.024866575418009813,0.0012291729553500171,16
2,0.049087385212340517,2.7144876999999999e-05,48600.000000913999,0.024761032597697453,0.001386350693721354,16
2,0.049087385212340517,2.7144876999999999e-05,48700.000000934371,0.025082743814250564,0.0015351625273457184,16
2,0.049087385212340517,2.7144876999999999e-05,48800.000000954744,0.024561061615615519,0.0018253532175306003,16
2,0.049087385212340517,2.7144876999999999e-05,48900.000000975117,0.023851599276465674,0.0019416610865474527,16
2,0.049087385212340517,2.7144876999999999e-05,49000.000000995489,0.02428586482326359,0.0018571761843340089,16
2,0.049087385212340517,2.7144876999999999e-05,49100.000001015862,0.024438303488710383,0.0018157693341898859,16
2,0.049087385212340517,2.7144876999999999e-05,49200.000001036235,0.024393904753733868,0.0018102246113495901,16
2,0.049087385212340517,2.7144876999999999e-05,49300.000001056607,0.02395106090567142,0.0017430737665543041,16
2,0.049087385212340517,2.7144876999999999e-05,49400.00000107698,0.023924026849475467,0.001691793520456212,16
2,0.049087385212340517,2.7144876999999999e-05,49500.000001097353,0.02442816262089572,0.0015547565953997378,16
2,0.049087385212340517,2.7144876999999999e-05,49600.000001117725,0.024058858875823777,0.0015304030895596406,16
2,0.049087385212340517,2.7144876999999999e-05,49700.000001138098,0.024328095501254809,0.0014931715187253244,16
2,0.049087385212340517,2.7144876999999999e-05,49800.000001158471,0.023697623517458979,0.0013911336864724623,16
2,0.049087385212340517,2.7144876999999999e-05,49900.000001178843,0.024160728700959797,0.0011891833556171019,16
2,0.049087385212340517,2.7144876999999999e-05,50000.000001199216,0.024407876405279173,0.0011583776770063801,16
3,0.073631077818510776,5.8599503000000002e-05,100.00000000001425,0.0027558792910222988,0.00045556138293623719,16
3,0.073631077818510776,5.8599503000000002e-05,199.99999999996308,0.0077559055046080867,0.00095745920018002536,16
3,0.073631077818510776,5.8599503000000002e-05,299.99999999987216,0.011396034531313392,0.0012161226410413771,16
3,0.073631077818510776,5.8599503000000002e-05,399.99999999978121,0.014519571735367224,0.0015064254803221337,16
3,0.073631077818510776,5.8599503000000002e-05,499.99999999969026,0.016664710513067039,0.001604834289269153,16
3,0.073631077818510776,5.8599503000000002e-05,599.99999999959937,0.018988584734191939,0.0012991031956911935,16
3,0.073631077818510776,5.8599503000000002e-05,699.99999999950842,0.019585284981604223,0.001077840980467014,16
3,0.073631077818510776,5.8599503000000002e-05,799.99999999941747,0.021136918909839257,0.0010829783435071033,16
3,0.073631077818510776,5.8599503000000002e-05,899.99999999932652,0.021838682636253853,0.0012396916099373413,16
3,0.073631077818510776,5.8599503000000002e-05,999.99999999923557,0.021608033298698641,0.00097297356746090771,16
3,0.073631077818510776,5.8599503000000002e-05,1099.9999999991446,0.021886937472102363,0.0012294923002946542,16
3,0.073631077818510776,5.8599503000000002e-05,1199.9999999990537,0.021939816959670067,0.0013083010137742623,16
3,0.073631077818510776,5.8599503000000002e-05,1299.9999999989627,0.022450090351942065,0.0012412400367518958,16
3,0.073631077818510776,5.8599503000000002e-05,1399.9999999988718,0.023241817389138247,0.0011149938551861427,16
3,0.073631077818510776,5.8599503000000002e-05,1499.9999999987808,0.023898837378075303,0.0012727419984807679,16
3,0.073631077818510776,5.8599503000000002e-05,1599.9999999986899,0.024761333988537568,0.0012264269482899811,16
3,0.073631077818510776,5.8599503000000002e-05,1699.9999999985989,0.025595902180605465,0.00126441558887743,16
3,0.073631077818510776,5.8599503000000002e-05,1799.999999998508,0.025657542224157094,0.0010918264230171679,16
3,0.073631077818510776,5.8599503000000002e-05,1899.999999998417,0.024356521088953559,0.0010908136215591958,16
3,0.073631077818510776,5.8599503000000002e-05,1999.9999999983261,0.023828113953694479,0.0011352480649339078,16
3,0.073631077818510776,5.8599503000000002e-05,2099.9999999994175,0.023122566367304385,0.001500080809733375,16
3,0.073631077818510776,5.8599503000000002e-05,2200.0000000016003,0.022707972791511963,0.0015754781391846483,16
3,0.073631077818510776,5.8599503000000002e-05,2300.000000003783,0.023100512551542305,0.0016455278646239982,16
3,0.073631077818510776,5.8599503000000002e-05,2400.0000000059658,0.023565708013818812,0.0012359160991162836,16
3,0.073631077818510776,5.8599503000000002e-05,2500.0000000081486,0.023956920383426072,0.0011978441306931497,16
3,0.073631077818510776,5.8599503000000002e-05,2600.0000000103314,0.024327499019981099,0.0012858976618068886,16
3,0.073631077818510776,5.8599503000000002e-05,2700.0000000125142,0.025618389230788796,0.0013650931686637296,16
3,0.073631077818510776,5.8599503000000002e-05,2800.000000014697,0.025894355218380519,0.0011967727090910181,16
3,0.073631077818510776,5.8599503000000002e-05,2900.0000000168798,0.025494575971296313,0.0010490467416374985,16
3,0.073631077818510776,5.8599503000000002e-05,3000.0000000190626,0.025205074077818225,0.0013644657994403607,16
3,0.073631077818510776,5.8599503000000002e-05,3100.0000000212453,0.025755396441997369,0.0012718679759000566,16
3,0.073631077818510776,5.8599503000000002e-05,3200.0000000234281,0.026101020304317202,0.0015692707823991023,16
3,0.073631077818510776,5.8599503000000002e-05,3300.0000000256109,0.027040887527434887,0.0017078839893174579,16
3,0.073631077818510776,5.8599503000000002e-05,3400.0000000277937,0.027236898662610823,0.0014232263912320876,16
3,0.073631077818510776,5.8599503000000002e-05,3500.0000000299765,0.026884079369913452,0.0012605196669171173,16
3,0.073631077818510776,5.8599503000000002e-05,3600.0000000321593,0.025952941672536856,0.0012811880255863099,16
3,0.073631077818510776,5.8599503000000002e-05,3700.0000000343421,0.025786064913423945,0.0013680696832639345,16
3,0.073631077818510776,5.8599503000000002e-05,3800.0000000365249,0.023909160405344909,0.0015113641844764895,16
3,0.073631077818510776,5.8599503000000002e-05,3900.0000000387076,0.023634594705870673,0.001598784156096628,16
3,0.073631077818510776,5.8599503000000002e-05,4000.0000000408904,0.023632789035229536,0.0016340185506655011,16
3,0.073631077818510776,5.8599503000000002e-05,4100.0000000430728,0.023927951740276818,0.0015237748660248654,16
3,0.073631077818510776,5.8599503000000002e-05,4200.0000000452555,0.024001669219760036,0.0015952316420194471,16
3,0.073631077818510776,5.8599503000000002e-05,4300.0000000474383,0.023879756822685196,0.0015676704613845037,16
3,0.073631077818510776,5.8599503000000002e-05,4400.0000000496211,0.025275704404917616,0.0013512419188711424,16
3,0.073631077818510776,5.8599503000000002e-05,4500.0000000518039,0.025118730654410792,0.0010405918782869018,16
3,0.073631077818510776,5.8599503000000002e-05,4600.0000000539867,0.025413826471334534,0.00077158001705606219,16
3,0.073631077818510776,5.8599503000000002e-05,4700.0000000561695,0.026004973884428986,0.0010783064575932723,16
3,0.073631077818510776,5.8599503000000002e-05,4800.0000000583523,0.024381410108785868,0.0014228025643260975,16
3,0.073631077818510776,5.8599503000000002e-05,4900.0000000605351,0.023620124667391797,0.0014993413594016913,16
3,0.073631077818510776,5.8599503000000002e-05,5000.0000000627178,0.023353427312047169,0.0013496918752814661,16
3,0.073631077818510776,5.8599503000000002e-05,5100.0000000649006,0.02278383427561418,0.0015961897477791709,16
3,0.073631077818510776,5.8599503000000002e-05,5200.0000000670834,0.023808621712091096,0.0014867886526618737,16
3,0.073631077818510776,5.8599503000000002e-05,5300.0000000692662,0.025181660705876782,0.0013489446134460385,16
3,0.073631077818510776,5.8599503000000002e-05,5400.000000071449,0.026469550203000528,0.0015616221171698026,16
3,0.073631077818510776,5.8599503000000002e-05,5500.0000000736318,0.027931353105384013,0.0014952602232498513,16
3,0.073631077818510776,5.8599503000000002e-05,5600.0000000758146,0.026992576556152906,0.0013787365404723986,16
3,0.073631077818510776,5.8599503000000002e-05,5700.0000000779974,0.026277656463375886,0.0011372050063646801,16
3,0.073631077818510776,5.8599503000000002e-05,5800.0000000801801,0.026883132545281505,0.0011742105718366262,16
3,0.073631077818510776,5.8599503000000002e-05,5900.0000000823629,0.027413096124402035,0.0012576998768434968,16
3,0.073631077818510776,5.8599503000000002e-05,6000.0000000845457,0.025972933864812968,0.0012124585395326636,16
3,0.073631077818510776,5.8599503000000002e-05,6100.0000000867285,0.025442686131192282,0.0011015048202946401,16
3,0.073631077818510776,5.8599503000000002e-05,6200.0000000889113,0.025302386226717478,0.0011355252771422944,16
3,0.073631077818510776,5.8599503000000002e-05,6300.0000000910941,0.025617837033735491,0.001110150939676175,16
3,0.073631077818510776,5.8599503000000002e-05,6400.0000000932769,0.024921864402687011,0.0010493707092467891,16
3,0.073631077818510776,5.8599503000000002e-05,6500.0000000954597,0.026290901802391787,0.00082050246785319073,16
3,0.073631077818510776,5.8599503000000002e-05,6600.0000000976424,0.027200990262593823,0.0008510602486051374,16
3,0.073631077818510776,5.8599503000000002e-05,6700.0000000998252,0.026311890545632887,0.00089672901792871176,16
3,0.073631077818510776,5.8599503000000002e-05,6800.000000102008,0.026454715379554454,0.00089949582497709428,16
3,0.073631077818510776,5.8599503000000002e-05,6900.0000001041908,0.026266982136543052,0.00093997140563299145,16
3,0.073631077818510776,5.8599503000000002e-05,7000.0000001063736,0.025256392691455853,0.00098978907206728598,16
3,0.073631077818510776,5.8599503000000002e-05,7100.0000001085564,0.025627043585454371,0.0010091597343883079,16
3,0.073631077818510776,5.8599503000000002e-05,7200.0000001107392,0.02701823120452574,0.0011122680185350101,16
3,0.073631077818510776,5.8599503000000002e-05,7300.000000112922,0.027917426626203546,0.0013447644420922747,16
3,0.073631077818510776,5.8599503000000002e-05,7400.0000001151047,0.027100011120334281,0.0013248565296170693,16
3,0.073631077818510776,5.8599503000000002e-05,7500.0000001172875,0.02606114126523092,0.0010975523593265487,16
3,0.073631077818510776,5.8599503000000002e-05,7600.0000001194703,0.02631218020641166,0.00087628148054278668,16
3,0.073631077818510776,5.8599503000000002e-05,7700.0000001216531,0.026035885245893665,0.00094338746337736649,16
3,0.073631077818510776,5.8599503000000002e-05,7800.0000001238359,0.024649356966021586,0.0010363614681040156,16
3,0.073631077818510776,5.8599503000000002e-05,7900.0000001260187,0.024608363548007085,0.00100148009265273,16
3,0.073631077818510776,5.8599503000000002e-05,8000.0000001282015,0.025795462953408059,0.001202325686088085,16
3,0.073631077818510776,5.8599503000000002e-05,8100.0000001303843,0.025267301348893764,0.0013773954242357737,16
3,0.073631077818510776,5.8599503000000002e-05,8200.0000001325661,0.024463694653610653,0.0013132809159190845,16
3,0.073631077818510776,5.8599503000000002e-05,8300.0000001347489,0.024739272082096645,0.001246973441408261,16
3,0.073631077818510776,5.8599503000000002e-05,8400.0000001369317,0.02539257013670625,0.0010755695659760754,16
3,0.073631077818510776,5.8599503000000002e-05,8500.0000001391145,0.024849519388815269,0.001227499682100241,16
3,0.073631077818510776,5.8599503000000002e-05,8600.0000001412973,0.023376825152953966,0.0014022338353731655,16
3,0.073631077818510776,5.8599503000000002e-05,8700.0000001434801,0.023120525096881627,0.001706510438249452,16
3,0.073631077818510776,5.8599503000000002e-05,8800.0000001456629,0.022537801520626649,0.0016005072371476851,16
3,0.073631077818510776,5.8599503000000002e-05,8900.0000001478456,0.023061930885496768,0.0015786942421910052,16
3,0.073631077818510776,5.8599503000000002e-05,9000.0000001500284,0.024249205508837208,0.0013511658757498339,16
3,0.073631077818510776,5.8599503000000002e-05,9100.0000001522112,0.024231141279008425,0.0013228127098893732,16
3,0.073631077818510776,5.8599503000000002e-05,9200.000000154394,0.02331694960727855,0.0013041592127626493,16
3,0.073631077818510776,5.8599503000000002e-05,9300.0000001565768,0.022849245497165178,0.0012430451485708131,16
3,0.073631077818510776,5.8599503000000002e-05,9400.0000001587596,0.022490469825722236,0.0011987051321825498,16
3,0.073631077818510776,5.8599503000000002e-05,9500.0000001609424,0.024157256020231256,0.0013428700803294815,16
3,0.073631077818510776,5.8599503000000002e-05,9600.0000001631252,0.024054482380234929,0.0013167942199481348,16
3,0.073631077818510776,5.8599503000000002e-05,9700.0000001653079,0.023375853166861044,0.0011571957085233142,16
3,0.073631077818510776,5.8599503000000002e-05,9800.0000001674907,0.023260617218089957,0.0011499158084619496,16
3,0.073631077818510776,5.8599503000000002e-05,9900.0000001696735,0.02278746766375464,0.0013755709860697671,16
3,0.073631077818510776,5.8599503000000002e-05,10000.000000171856,0.022877815175185886,0.0014663172805443408,16
3,0.073631077818510776,5.8599503000000002e-05,10100.000000174039,0.022380394168337221,0.001478828837557213,16
3,0.073631077818510776,5.8599503000000002e-05,10200.000000176222,0.02302568873952851,0.0016434852417868248,16
3,0.073631077818510776,5.8599503000000002e-05,10300.000000178405,0.024514497795647877,0.0014576654033026922,16
3,0.073631077818510776,5.8599503000000002e-05,10400.000000180587,0.025526289137977297,0.0014035524951633133,16
3,0.073631077818510776,5.8599503000000002e-05,10500.00000018277,0.025733031827448193,0.0011935829555892944,16
3,0.073631077818510776,5.8599503000000002e-05,10600.000000184953,0.025884073210428103,0.0011235689818338507,16
3,0.073631077818510776,5.8599503000000002e-05,10700.000000187136,0.025089371851357192,0.0011243183620009373,16
3,0.073631077818510776,5.8599503000000002e-05,10800.000000189319,0.024885918205506841,0.0013101235969834959,16
3,0.073631077818510776,5.8599503000000002e-05,10900.000000191501,0.025070853855422175,0.0012817898560509309,16
3,0.073631077818510776,5.8599503000000002e-05,11000.000000193684,0.023975921388887201,0.0010946065071749409,16
3,0.073631077818510776,5.8599503000000002e-05,11100.000000195867,0.023741371140314715,0.00094654051987080011,16
3,0.073631077818510776,5.8599503000000002e-05,11200.00000019805,0.022577674072840913,0.0012304558554045032,16
3,0.073631077818510776,5.8599503000000002e-05,11300.000000200233,0.021905584888683327,0.0013174145514203699,16
3,0.073631077818510776,5.8599503000000002e-05,11400.000000202415,0.022640453899501589,0.0012320998244050149,16
3,0.073631077818510776,5.8599503000000002e-05,11500.000000204598,0.023652642506663036,0.0013145845367768076,16
3,0.073631077818510776,5.8599503000000002e-05,11600.000000206781,0.023549632111204435,0.0015758618831065373,16
3,0.073631077818510776,5.8599503000000002e-05,11700.000000208964,0.022158185636892307,0.0016045242681343448,16
3,0.073631077818510776,5.8599503000000002e-05,11800.000000211146,0.022391345533888,0.0013627592233919023,16
3,0.073631077818510776,5.8599503000000002e-05,11900.000000213329,0.021798534425651217,0.0016158650423595379,16
3,0.073631077818510776,5.8599503000000002e-05,12000.000000215512,0.022289823799042045,0.0014300648570865272,16
3,0.073631077818510776,5.8599503000000002e-05,12100.000000217695,0.022224239883904397,0.0010787168623265127,16
3,0.073631077818510776,5.8599503000000002e-05,12200.000000219878,0.022790860951946809,0.0010223148105640788,16
3,0.073631077818510776,5.8599503000000002e-05,12300.00000022206,0.024608772195167068,0.0011587617496683254,16
3,0.073631077818510776,5.8599503000000002e-05,12400.000000224243,0.025835374909219288,0.0008928056047318657,16
3,0.073631077818510776,5.8599503000000002e-05,12500.000000226426,0.02606276993004579,0.0010158011656335568,16
3,0.073631077818510776,5.8599503000000002e-05,12600.000000228609,0.024698514755342352,0.0010110084846337839,16
3,0.073631077818510776,5.8599503000000002e-05,12700.000000230792,0.023399666454777243,0.0012808301158441331,16
3,0.073631077818510776,5.8599503000000002e-05,12800.000000232974,0.023847882632123063,0.0015308551172072955,16
3,0.073631077818510776,5.8599503000000002e-05,12900.000000235157,0.023931699802713233,0.0015955277646799435,16
3,0.073631077818510776,5.8599503000000002e-05,13000.00000023734,0.023164484964420952,0.001582705133694715,16
3,0.073631077818510776,5.8599503000000002e-05,13100.000000239523,0.022633142523138725,0.0015589160537240281,16
3,0.073631077818510776,5.8599503000000002e-05,13200.000000241705,0.021986520209754296,0.0014236027940095763,16
3,0.073631077818510776,5.8599503000000002e-05,13300.000000243888,0.023402592190853069,0.0012827853486950703,16
3,0.073631077818510776,5.8599503000000002e-05,13400.000000246071,0.023601088546115066,0.0010050680858229139,16
3,0.073631077818510776,5.8599503000000002e-05,13500.000000248254,0.023249970701753633,0.0010999402829489158,16
3,0.073631077818510776,5.8599503000000002e-05,13600.000000250437,0.023144248236706893,0.0011245513355806979,16
3,0.073631077818510776,5.8599503000000002e-05,13700.000000252619,0.023073662098795134,0.0011623184893118604,16
3,0.073631077818510776,5.8599503000000002e-05,13800.000000254802,0.022897843196130054,0.0010647935222411833,16
3,0.073631077818510776,5.8599503000000002e-05,13900.000000256985,0.022890304419961736,0.00098824138118004212,16
3,0.073631077818510776,5.8599503000000002e-05,14000.000000259168,0.024317813630600389,0.0011694103128497468,16
3,0.073631077818510776,5.8599503000000002e-05,14100.000000261351,0.023774146870848639,0.001377918230613201,16
3,0.073631077818510776,5.8599503000000002e-05,14200.000000263533,0.024130756175729403,0.0013657421284770893,16
3,0.073631077818510776,5.8599503000000002e-05,14300.000000265716,0.023865623111110703,0.001072464069281948,16
3,0.073631077818510776,5.8599503000000002e-05,14400.000000267899,0.023795945124794007,0.0010567105077917429,16
3,0.073631077818510776,5.8599503000000002e-05,14500.000000270082,0.023160272813338517,0.0012065998860571749,16
3,0.073631077818510776,5.8599503000000002e-05,14600.000000272265,0.022991644954324722,0.0012479975353807888,16
3,0.073631077818510776,5.8599503000000002e-05,14700.000000274447,0.025251887706974677,0.0015839682775731271,16
3,0.073631077818510776,5.8599503000000002e-05,14800.00000027663,0.026949732078051306,0.0014294107327449568,16
3,0.073631077818510776,5.8599503000000002e-05,14900.000000278813,0.025900335454700499,0.0014482393472199206,16
3,0.073631077818510776,5.8599503000000002e-05,15000.000000280996,0.026737276197154002,0.0015637875062483753,16
3,0.073631077818510776,5.8599503000000002e-05,15100.000000283178,0.026112367440310702,0.0013883430798904053,16
3,0.073631077818510776,5.8599503000000002e-05,15200.000000285361,0.025696788144772845,0.0013259806470669073,16
3,0.073631077818510776,5.8599503000000002e-05,15300.000000287544,0.025064792438629274,0.0014238884737017442,16
3,0.073631077818510776,5.8599503000000002e-05,15400.000000289727,0.024574782873033548,0.0014494541517206573,16
3,0.073631077818510776,5.8599503000000002e-05,15500.00000029191,0.024839128153158609,0.0014674465381951292,16
3,0.073631077818510776,5.8599503000000002e-05,15600.000000294092,0.025199365792951588,0.00086888685786246588,16
3,0.073631077818510776,5.8599503000000002e-05,15700.000000296275,0.022983633910418789,0.00090130569954910129,16
3,0.073631077818510776,5.8599503000000002e-05,15800.000000298458,0.022321610623248379,0.0010360099448804565,16
3,0.073631077818510776,5.8599503000000002e-05,15900.000000300641,0.020872197382349526,0.001025707782256746,16
3,0.073631077818510776,5.8599503000000002e-05,16000.000000302824,0.020953518251039745,0.0011119932416126179,16
3,0.073631077818510776,5.8599503000000002e-05,16100.000000305006,0.021233376886677438,0.0014665255055907904,16
3,0.073631077818510776,5.8599503000000002e-05,16200.000000307189,0.022700212734902633,0.0015764359173371502,16
3,0.073631077818510776,5.8599503000000002e-05,16300.000000309372,0.023192008839161997,0.001296174384758209,16
3,0.073631077818510776,5.8599503000000002e-05,16400.000000308642,0.023163615521158833,0.0014367470202495704,16
3,0.073631077818510776,5.8599503000000002e-05,16500.000000292635,0.023737408076652748,0.0015159235170560895,16
3,0.073631077818510776,5.8599503000000002e-05,16600.000000276628,0.023963076613279354,0.0014048422637370662,16
3,0.073631077818510776,5.8599503000000002e-05,16700.000000260621,0.023139108616261322,0.0014085649684387588,16
3,0.073631077818510776,5.8599503000000002e-05,16800.000000244614,0.023142579491534806,0.001337651461168395,16
3,0.073631077818510776,5.8599503000000002e-05,16900.000000228607,0.022789954165026473,0.001330095253055301,16
3,0.073631077818510776,5.8599503000000002e-05,17000.0000002126,0.023382482225560872,0.0015965356593573325,16
3,0.073631077818510776,5.8599503000000002e-05,17100.000000196593,0.02455729307390413,0.0015296679365875631,16
3,0.073631077818510776,5.8599503000000002e-05,17200.000000180586,0.024395840387317763,0.0014272430584887899,16
3,0.073631077818510776,5.8599503000000002e-05,17300.000000164579,0.023055835934060926,0.0014298051232894363,16
3,0.073631077818510776,5.8599503000000002e-05,17400.000000148571,0.022539074435184492,0.0012263322228143257,16
3,0.073631077818510776,5.8599503000000002e-05,17500.000000132564,0.023218998697222888,0.0011551871639235841,16
3,0.073631077818510776,5.8599503000000002e-05,17600.000000116557,0.024361874542834047,0.001660239258465152,16
3,0.073631077818510776,5.8599503000000002e-05,17700.00000010055,0.024396857126085768,0.0019475143054266447,16
3,0.073631077818510776,5.8599503000000002e-05,17800.000000084543,0.025102713306571635,0.0020992175486239935,16
3,0.073631077818510776,5.8599503000000002e-05,17900.000000068536,0.023730086092754427,0.0021780215904713615,16
3,0.073631077818510776,5.8599503000000002e-05,18000.000000052529,0.023285761714214408,0.0020867633633358286,16
3,0.073631077818510776,5.8599503000000002e-05,18100.000000036522,0.022889667473159826,0.0018346404646089657,16
3,0.073631077818510776,5.8599503000000002e-05,18200.000000020515,0.022999793553032836,0.0016162557285886443,16
3,0.073631077818510776,5.8599503000000002e-05,18300.000000004507,0.024590550771404582,0.0015690601534730773,16
3,0.073631077818510776,5.8599503000000002e-05,18399.9999999885,0.024167770509744946,0.0016742985130341476,16
3,0.073631077818510776,5.8599503000000002e-05,18499.999999972493,0.02313746926947825,0.0015496089600756041,16
3,0.073631077818510776,5.8599503000000002e-05,18599.999999956486,0.024104738978925001,0.0013081423719132016,16
3,0.073631077818510776,5.8599503000000002e-05,18699.999999940479,0.023929739648916089,0.0011452994850720526,16
3,0.073631077818510776,5.8599503000000002e-05,18799.999999924472,0.023308632018431068,0.0012617699334939387,16
3,0.073631077818510776,5.8599503000000002e-05,18899.999999908465,0.02296082791742278,0.0012801612111893409,16
3,0.073631077818510776,5.8599503000000002e-05,18999.999999892458,0.024139501097499686,0.0014327637956367074,16
3,0.073631077818510776,5.8599503000000002e-05,19099.999999876451,0.024957453953691821,0.0016553355693813513,16
3,0.073631077818510776,5.8599503000000002e-05,19199.999999860443,0.024921835752429043,0.0015867981473270986,16
3,0.073631077818510776,5.8599503000000002e-05,19299.999999844436,0.024849396554873261,0.0013307667032407726,16
3,0.073631077818510776,5.8599503000000002e-05,19399.999999828429,0.025183146249248653,0.0014072684906214015,16
3,0.073631077818510776,5.8599503000000002e-05,19499.999999812422,0.025203589526207489,0.001402482391715187,16
3,0.073631077818510776,5.8599503000000002e-05,19599.999999796415,0.024602086694408897,0.0012835301848633518,16
3,0.073631077818510776,5.8599503000000002e-05,19699.999999780408,0.024677968277572467,0.0011875775876481554,16
3,0.073631077818510776,5.8599503000000002e-05,19799.999999764401,0.024328220511035493,0.0014319136502952627,16
3,0.073631077818510776,5.8599503000000002e-05,19899.999999748394,0.02466335378281231,0.001297143885142736,16
3,0.073631077818510776,5.8599503000000002e-05,19999.999999732387,0.024631461317110283,0.0012628638918748176,16
3,0.073631077818510776,5.8599503000000002e-05,20099.99999971638,0.024109840113734023,0.0010992457952520647,16
3,0.073631077818510776,5.8599503000000002e-05,20199.999999700372,0.024857967197824363,0.0012606164366598493,16
3,0.073631077818510776,5.8599503000000002e-05,20299.999999684365,0.024595420985168502,0.0010493907411224944,16
3,0.073631077818510776,5.8599503000000002e-05,20399.999999668358,0.024465058166722811,0.0012222108232370441,16
3,0.073631077818510776,5.8599503000000002e-05,20499.999999652351,0.023377812605641653,0.0012322913847762121,16
3,0.073631077818510776,5.8599503000000002e-05,20599.999999636344,0.023412917529009508,0.001252310998304168,16
3,0.073631077818510776,5.8599503000000002e-05,20699.999999620337,0.022168679086365582,0.0010767350452018742,16
3,0.073631077818510776,5.8599503000000002e-05,20799.99999960433,0.021777503660789822,0.0011137254906218974,16
3,0.073631077818510776,5.8599503000000002e-05,20899.999999588323,0.021851875794284582,0.0014392056101228232,16
3,0.073631077818510776,5.8599503000000002e-05,20999.999999572316,0.021868464722257258,0.0014964117344062697,16
3,0.073631077818510776,5.8599503000000002e-05,21099.999999556308,0.021641478796271409,0.0015639905577149861,16
3,0.073631077818510776,5.8599503000000002e-05,21199.999999540301,0.023058123671599592,0.0016151080326079373,16
3,0.073631077818510776,5.8599503000000002e-05,21299.999999524294,0.024130943961884675,0.0016447888232338794,16
3,0.073631077818510776,5.8599503000000002e-05,21399.999999508287,0.024027676069954835,0.0014614062546815961,16
3,0.073631077818510776,5.8599503000000002e-05,21499.99999949228,0.024694517828960708,0.0014780679159968335,16
3,0.073631077818510776,5.8599503000000002e-05,21599.999999476273,0.024368900046175746,0.0014707477573371749,16
3,0.073631077818510776,5.8599503000000002e-05,21699.999999460266,0.025036921773632349,0.001274900603236656,16
3,0.073631077818510776,5.8599503000000002e-05,21799.999999444259,0.024898770362990576,0.0012645991273757895,16
3,0.073631077818510776,5.8599503000000002e-05,21899.999999428252,0.024417832677439223,0.0011231943364915756,16
3,0.073631077818510776,5.8599503000000002e-05,21999.999999412245,0.024202080235062588,0.0012381357666495492,16
3,0.073631077818510776,5.8599503000000002e-05,22099.999999396237,0.023721616887356998,0.0013504511032834782,16
3,0.073631077818510776,5.8599503000000002e-05,22199.99999938023,0.024868757454524576,0.0013976797741274277,16
3,0.073631077818510776,5.8599503000000002e-05,22299.999999364223,0.024823229245608067,0.0013907633600581137,16
3,0.073631077818510776,5.8599503000000002e-05,22399.999999348216,0.02523283995015612,0.0011988433392798301,16
3,0.073631077818510776,5.8599503000000002e-05,22499.999999332209,0.024292938805315332,0.0011521545339067737,16
3,0.073631077818510776,5.8599503000000002e-05,22599.999999316202,0.023909518062065194,0.0010908050469327221,16
3,0.073631077818510776,5.8599503000000002e-05,22699.999999300195,0.024827784485061091,0.0012437148694396534,16
3,0.073631077818510776,5.8599503000000002e-05,22799.999999284188,0.024527684960289502,0.0014770772165559505,16
3,0.073631077818510776,5.8599503000000002e-05,22899.999999268181,0.025722037972808028,0.001516340901034372,16
3,0.073631077818510776,5.8599503000000002e-05,22999.999999252173,0.025972255368547376,0.0014659949255171852,16
3,0.073631077818510776,5.8599503000000002e-05,23099.999999236166,0.026086825609268078,0.0015499210243104372,16
3,0.073631077818510776,5.8599503000000002e-05,23199.999999220159,0.026903475765774253,0.0011535802555019371,16
3,0.073631077818510776,5.8599503000000002e-05,23299.999999204152,0.026290984912112684,0.001292846212829897,16
3,0.073631077818510776,5.8599503000000002e-05,23399.999999188145,0.025680951481629972,0.0011758113170424853,16
3,0.073631077818510776,5.8599503000000002e-05,23499.999999172138,0.025226921409372639,0.0012726876565001795,16
3,0.073631077818510776,5.8599503000000002e-05,23599.999999156131,0.024758357781311167,0.0010780759445576092,16
3,0.073631077818510776,5.8599503000000002e-05,23699.999999140124,0.02477503672023771,0.0010064352536042647,16
3,0.073631077818510776,5.8599503000000002e-05,23799.999999124117,0.024278082564297716,0.0011722706254428169,16
3,0.073631077818510776,5.8599503000000002e-05,23899.999999108109,0.024173811837724015,0.0011887594118895868,16
3,0.073631077818510776,5.8599503000000002e-05,23999.999999092102,0.024083431162498434,0.0011240873110628185,16
3,0.073631077818510776,5.8599503000000002e-05,24099.999999076095,0.023808035607092798,0.0011414359935892466,16
3,0.073631077818510776,5.8599503000000002e-05,24199.999999060088,0.023868516824509651,0.0010770448924935332,16
3,0.073631077818510776,5.8599503000000002e-05,24299.999999044081,0.022935949318697711,0.0011422593574101948,16
3,0.073631077818510776,5.8599503000000002e-05,24399.999999028074,0.022423833198065506,0.0011628335459580664,16
3,0.073631077818510776,5.8599503000000002e-05,24499.999999012067,0.022624129857885453,0.0012869481145478697,16
3,0.073631077818510776,5.8599503000000002e-05,24599.99999899606,0.022339930436238616,0.0012802857988006547,16
3,0.073631077818510776,5.8599503000000002e-05,24699.999998980053,0.022719775927763839,0.0013173527872209329,16
3,0.073631077818510776,5.8599503000000002e-05,24799.999998964046,0.023324660090338123,0.0013916154318114441,16
3,0.073631077818510776,5.8599503000000002e-05,24899.999998948038,0.022768211993342922,0.0016858865753867276,16
3,0.073631077818510776,5.8599503000000002e-05,24999.999998932031,0.023747944513405048,0.0016008397576825614,16
3,0.073631077818510776,5.8599503000000002e-05,25099.999998916024,0.025600038807849477,0.0015158844334821459,16
3,0.073631077818510776,5.8599503000000002e-05,25199.999998900017,0.025600092066132257,0.0011398164508449966,16
3,0.073631077818510776,5.8599503000000002e-05,25299.99999888401,0.025463101757540706,0.001227606882812768,16
3,0.073631077818510776,5.8599503000000002e-05,25399.999998868003,0.024576333545640622,0.0012689948309427875,16
3,0.073631077818510776,5.8599503000000002e-05,25499.999998851996,0.024445192823993128,0.0013181619125162294,16
3,0.073631077818510776,5.8599503000000002e-05,25599.999998835989,0.02507652236965334,0.0015053662369372352,16
3,0.073631077818510776,5.8599503000000002e-05,25699.999998819982,0.025901196100529201,0.0012142289604367834,16
3,0.073631077818510776,5.8599503000000002e-05,25799.999998803974,0.026443236453314239,0.0011819298279472546,16
3,0.073631077818510776,5.8599503000000002e-05,25899.999998787967,0.025072296247399595,0.0010177350845662059,16
3,0.073631077818510776,5.8599503000000002e-05,25999.99999877196,0.025124895442459338,0.00089402864438850528,16
3,0.073631077818510776,5.8599503000000002e-05,26099.999998755953,0.024552673186326396,0.00090085053018931814,16
3,0.073631077818510776,5.8599503000000002e-05,26199.999998739946,0.02347780229924061,0.0010098684244057646,16
3,0.073631077818510776,5.8599503000000002e-05,26299.999998723939,0.024112193389595877,0.0011979671317673168,16
3,0.073631077818510776,5.8599503000000002e-05,26399.999998707932,0.02420127795244997,0.0012500732319116435,16
3,0.073631077818510776,5.8599503000000002e-05,26499.999998691925,0.024923745187769849,0.0013161688412407059,16
3,0.073631077818510776,5.8599503000000002e-05,26599.999998675918,0.025091512614749158,0.0010864646392606298,16
3,0.073631077818510776,5.8599503000000002e-05,26699.99999865991,0.026357646667628895,0.00088497658272943393,16
3,0.073631077818510776,5.8599503000000002e-05,26799.999998643903,0.025894082736064791,0.00078713311797314804,16
3,0.073631077818510776,5.8599503000000002e-05,26899.999998627896,0.026205112425339811,0.00079879177137921222,16
3,0.073631077818510776,5.8599503000000002e-05,26999.999998611889,0.025126427640607553,0.00098474178757681401,16
3,0.073631077818510776,5.8599503000000002e-05,27099.999998595882,0.023725186794674877,0.00097488576056429166,16
3,0.073631077818510776,5.8599503000000002e-05,27199.999998579875,0.023779040414856019,0.0011670995435440065,16
3,0.073631077818510776,5.8599503000000002e-05,27299.999998563868,0.023244548766834613,0.0010781220000982577,16
3,0.073631077818510776,5.8599503000000002e-05,27399.999998547861,0.022067800358091173,0.0012397518749334595,16
3,0.073631077818510776,5.8599503000000002e-05,27499.999998531854,0.02280622639572371,0.0012575434173054923,16
3,0.073631077818510776,5.8599503000000002e-05,27599.999998515847,0.022330868185139203,0.001334370193258155,16
3,0.073631077818510776,5.8599503000000002e-05,27699.999998499839,0.022343819119058247,0.0015347384746296085,16
3,0.073631077818510776,5.8599503000000002e-05,27799.999998483832,0.023292922646588658,0.0016356044558991484,16
3,0.073631077818510776,5.8599503000000002e-05,27899.999998467825,0.023564595151896635,0.0015392971993230605,16
3,0.073631077818510776,5.8599503000000002e-05,27999.999998451818,0.023888798440354728,0.0015269800420897692,16
3,0.073631077818510776,5.8599503000000002e-05,28099.999998435811,0.023846217061932424,0.0014249710201894932,16
3,0.073631077818510776,5.8599503000000002e-05,28199.999998419804,0.023235309522838529,0.0013144507278617724,16
3,0.073631077818510776,5.8599503000000002e-05,28299.999998403797,0.023340770152967708,0.0012718607458172126,16
3,0.073631077818510776,5.8599503000000002e-05,28399.99999838779,0.024147356213602551,0.0012641860573662375,16
3,0.073631077818510776,5.8599503000000002e-05,28499.999998371783,0.025116926413586985,0.0013491156437839933,16
3,0.073631077818510776,5.8599503000000002e-05,28599.999998355775,0.025387307512712426,0.0013758771496894771,16
3,0.073631077818510776,5.8599503000000002e-05,28699.999998339768,0.026973256338048167,0.0015050557504801942,16
3,0.073631077818510776,5.8599503000000002e-05,28799.999998323761,0.027512850909948861,0.0013129315932197145,16
3,0.073631077818510776,5.8599503000000002e-05,28899.999998307754,0.02653418996427848,0.0011946251582801754,16
3,0.073631077818510776,5.8599503000000002e-05,28999.999998291747,0.02574074930840714,0.0012416647720083821,16
3,0.073631077818510776,5.8599503000000002e-05,29099.99999827574,0.024556531487446177,0.00093264008079079201,16
3,0.073631077818510776,5.8599503000000002e-05,29199.999998259733,0.02429582302425333,0.0010420807907905007,16
3,0.073631077818510776,5.8599503000000002e-05,29299.999998243726,0.024780899972878193,0.00099189778171738553,16
3,0.073631077818510776,5.8599503000000002e-05,29399.999998227719,0.025835324769539401,0.00076343918740816752,16
3,0.073631077818510776,5.8599503000000002e-05,29499.999998211711,0.026461277745108248,0.0010842155681089073,16
3,0.073631077818510776,5.8599503000000002e-05,29599.999998195704,0.024831949184939243,0.0013338865097902565,16
3,0.073631077818510776,5.8599503000000002e-05,29699.999998179697,0.023979033421755554,0.0014034624141033344,16
3,0.073631077818510776,5.8599503000000002e-05,29799.99999816369,0.023561028503908604,0.001122930372889647,16
3,0.073631077818510776,5.8599503000000002e-05,29899.999998147683,0.023034008606965986,0.0011149100019264291,16
3,0.073631077818510776,5.8599503000000002e-05,29999.999998131676,0.023981327424805115,0.001087286477428969,16
3,0.073631077818510776,5.8599503000000002e-05,30099.999998115669,0.023972149911079252,0.0010888349326134545,16
3,0.073631077818510776,5.8599503000000002e-05,30199.999998099662,0.024414198497326005,0.0009064791153593169,16
3,0.073631077818510776,5.8599503000000002e-05,30299.999998083655,0.023641539697245254,0.0012449438911318995,16
3,0.073631077818510776,5.8599503000000002e-05,30399.999998067648,0.022115573223387489,0.0011570518957543714,16
3,0.073631077818510776,5.8599503000000002e-05,30499.99999805164,0.021986767858406833,0.0013483612316979674,16
3,0.073631077818510776,5.8599503000000002e-05,30599.999998035633,0.022363444102526591,0.0013888181902864559,16
3,0.073631077818510776,5.8599503000000002e-05,30699.999998019626,0.023298478677851935,0.0016116554438953049,16
3,0.073631077818510776,5.8599503000000002e-05,30799.999998003619,0.024675780352567726,0.0017140503108925189,16
3,0.073631077818510776,5.8599503000000002e-05,30899.999997987612,0.024641712691750212,0.0015808513556490426,16
3,0.073631077818510776,5.8599503000000002e-05,30999.999997971605,0.024333152245234628,0.0013123153521813614,16
3,0.073631077818510776,5.8599503000000002e-05,31099.999997955598,0.024365151944461781,0.0012047048662453643,16
3,0.073631077818510776,5.8599503000000002e-05,31199.999997939591,0.024210865753316407,0.001266898297797642,16
3,0.073631077818510776,5.8599503000000002e-05,31299.999997923584,0.024063176886969771,0.0012846116177409968,16
3,0.073631077818510776,5.8599503000000002e-05,31399.999997907576,0.023906649427025028,0.0012659594416846675,16
3,0.073631077818510776,5.8599503000000002e-05,31499.999997891569,0.023171730817463307,0.0013242699654087546,16
3,0.073631077818510776,5.8599503000000002e-05,31599.999997875562,0.023854184507869854,0.0013946524441525551,16
3,0.073631077818510776,5.8599503000000002e-05,31699.999997859555,0.024506670042411503,0.0015456331449976834,16
3,0.073631077818510776,5.8599503000000002e-05,31799.999997843548,0.024790628354808896,0.0014117610673393592,16
3,0.073631077818510776,5.8599503000000002e-05,31899.999997827541,0.025322877552646578,0.0013962883493124267,16
3,0.073631077818510776,5.8599503000000002e-05,31999.999997811534,0.026184423574783369,0.0010278695790211755,16
3,0.073631077818510776,5.8599503000000002e-05,32099.999997795527,0.025606985868725184,0.0010037362073838949,16
3,0.073631077818510776,5.8599503000000002e-05,32199.99999777952,0.024672290638706483,0.00096191532087435382,16
3,0.073631077818510776,5.8599503000000002e-05,32299.999997763513,0.024441735739072101,0.0011608337048348936,16
3,0.073631077818510776,5.8599503000000002e-05,32399.999997747505,0.025086157586463133,0.0013536473964815231,16
3,0.073631077818510776,5.8599503000000002e-05,32499.999997731498,0.025369955855210357,0.0014476835546149743,16
3,0.073631077818510776,5.8599503000000002e-05,32599.999997715491,0.025148783582599088,0.0014160374150095003,16
3,0.073631077818510776,5.8599503000000002e-05,32699.999997699484,0.025576773663284286,0.0013322035955975556,16
3,0.073631077818510776,5.8599503000000002e-05,32799.999997695115,0.025649283671657103,0.0014440628021449688,16
3,0.073631077818510776,5.8599503000000002e-05,32899.999997715488,0.024944547784266729,0.0014914735364701588,16
3,0.073631077818510776,5.8599503000000002e-05,32999.99999773586,0.02403445059803231,0.0014860653571036751,16
3,0.073631077818510776,5.8599503000000002e-05,33099.999997756233,0.02455103471129472,0.0013839899871045686,16
3,0.073631077818510776,5.8599503000000002e-05,33199.999997776606,0.025458775095714363,0.0012939040118669044,16
3,0.073631077818510776,5.8599503000000002e-05,33299.999997796978,0.024693848315136206,0.0013548609847580848,16
3,0.073631077818510776,5.8599503000000002e-05,33399.999997817351,0.024706485098854137,0.0015342910223509435,16
3,0.073631077818510776,5.8599503000000002e-05,33499.999997837724,0.023712582877032828,0.0014736280762210484,16
3,0.073631077818510776,5.8599503000000002e-05,33599.999997858096,0.023118882382684856,0.0013455816099943311,16
3,0.073631077818510776,5.8599503000000002e-05,33699.999997878469,0.024047785691798291,0.0013280534424731842,16
3,0.073631077818510776,5.8599503000000002e-05,33799.999997898842,0.024266702702985254,0.0013877866852257258,16
3,0.073631077818510776,5.8599503000000002e-05,33899.999997919214,0.023595158839449529,0.0011578763802153355,16
3,0.073631077818510776,5.8599503000000002e-05,33999.999997939587,0.023103907515102672,0.00123902992665803,16
3,0.073631077818510776,5.8599503000000002e-05,34099.99999795996,0.02247791116052137,0.0012018967705922721,16
3,0.073631077818510776,5.8599503000000002e-05,34199.999997980332,0.022458842295740081,0.0011639948102914739,16
3,0.073631077818510776,5.8599503000000002e-05,34299.999998000705,0.02067754220517876,0.0011267991650620699,16
3,0.073631077818510776,5.8599503000000002e-05,34399.999998021078,0.020633901665586374,0.0012094630019848015,16
3,0.073631077818510776,5.8599503000000002e-05,34499.99999804145,0.021040655673692555,0.0010539207152498414,16
3,0.073631077818510776,5.8599503000000002e-05,34599.999998061823,0.021421335400555526,0.00087430974979510478,16
3,0.073631077818510776,5.8599503000000002e-05,34699.999998082196,0.022045829152732895,0.00084370415701483085,16
3,0.073631077818510776,5.8599503000000002e-05,34799.999998102568,0.022240243058892748,0.00089980999825051589,16
3,0.073631077818510776,5.8599503000000002e-05,34899.999998122941,0.021491824936947249,0.0010009152545858888,16
3,0.073631077818510776,5.8599503000000002e-05,34999.999998143314,0.021384005587662545,0.0010434108166600669,16
3,0.073631077818510776,5.8599503000000002e-05,35099.999998163687,0.022174903780103773,0.0011845577131081738,16
3,0.073631077818510776,5.8599503000000002e-05,35199.999998184059,0.023644110293032258,0.0011801436815205911,16
3,0.073631077818510776,5.8599503000000002e-05,35299.999998204432,0.024308015524816443,0.0012959112876622259,16
3,0.073631077818510776,5.8599503000000002e-05,35399.999998224805,0.025280457956017601,0.0011857909651085598,16
3,0.073631077818510776,5.8599503000000002e-05,35499.999998245177,0.024463843973590794,0.001223887066339104,16
3,0.073631077818510776,5.8599503000000002e-05,35599.99999826555,0.023572633734229242,0.001140282665880702,16
3,0.073631077818510776,5.8599503000000002e-05,35699.999998285923,0.023736866172066631,0.0010106690421059544,16
3,0.073631077818510776,5.8599503000000002e-05,35799.999998306295,0.023829282854840799,0.00089612324800978401,16
3,0.073631077818510776,5.8599503000000002e-05,35899.999998326668,0.023558106302503063,0.0011077192573668193,16
3,0.073631077818510776,5.8599503000000002e-05,35999.999998347041,0.023879589277562511,0.0012402307480138004,16
3,0.073631077818510776,5.8599503000000002e-05,36099.999998367413,0.023944492594875088,0.0011724408421473662,16
3,0.073631077818510776,5.8599503000000002e-05,36199.999998387786,0.024051625130571266,0.0011140155275927771,16
3,0.073631077818510776,5.8599503000000002e-05,36299.999998408159,0.024866249184536917,0.0011089698003619564,16
3,0.073631077818510776,5.8599503000000002e-05,36399.999998428531,0.026047147816315053,0.00084719759471171396,16
3,0.073631077818510776,5.8599503000000002e-05,36499.999998448904,0.02688350794431724,0.001125623084486568,16
3,0.073631077818510776,5.8599503000000002e-05,36599.999998469277,0.026123437036135969,0.0013058637814640486,16
3,0.073631077818510776,5.8599503000000002e-05,36699.999998489649,0.026237272257166204,0.0015279634233173393,16
3,0.073631077818510776,5.8599503000000002e-05,36799.999998510022,0.026097015093327555,0.0013870540202669224,16
3,0.073631077818510776,5.8599503000000002e-05,36899.999998530395,0.025758876773261139,0.0013015402521576603,16
3,0.073631077818510776,5.8599503000000002e-05,36999.999998550767,0.025756514920475905,0.0012816088174020276,16
3,0.073631077818510776,5.8599503000000002e-05,37099.99999857114,0.025620991362276722,0.0014498460271412845,16
3,0.073631077818510776,5.8599503000000002e-05,37199.999998591513,0.025494427312840854,0.0016344644511096023,16
3,0.073631077818510776,5.8599503000000002e-05,37299.999998611886,0.024447588088498434,0.0013411284243872686,16
3,0.073631077818510776,5.8599503000000002e-05,37399.999998632258,0.023330800455035126,0.0012067535488589445,16
3,0.073631077818510776,5.8599503000000002e-05,37499.999998652631,0.022779692838662522,0.0011878997969135257,16
3,0.073631077818510776,5.8599503000000002e-05,37599.999998673004,0.022844568914584921,0.0011860520275849514,16
3,0.073631077818510776,5.8599503000000002e-05,37699.999998693376,0.022441151235582539,0.0010663834558218206,16
3,0.073631077818510776,5.8599503000000002e-05,37799.999998713749,0.022055941463332989,0.0011709514736013759,16
3,0.073631077818510776,5.8599503000000002e-05,37899.999998734122,0.021602356763792574,0.0012006328177288704,16
3,0.073631077818510776,5.8599503000000002e-05,37999.999998754494,0.02131565406903408,0.0012370066153318282,16
3,0.073631077818510776,5.8599503000000002e-05,38099.999998774867,0.021718040974808707,0.0013851872619387844,16
3,0.073631077818510776,5.8599503000000002e-05,38199.99999879524,0.021841472420387205,0.0012755825415723934,16
3,0.073631077818510776,5.8599503000000002e-05,38299.999998815612,0.022471418211335015,0.0011419437957309413,16
3,0.073631077818510776,5.8599503000000002e-05,38399.999998835985,0.022603220416512654,0.001016683101868462,16
3,0.073631077818510776,5.8599503000000002e-05,38499.999998856358,0.023224620350979382,0.0010765374256293846,16
3,0.073631077818510776,5.8599503000000002e-05,38599.99999887673,0.023566073214812133,0.0011025516368332836,16
3,0.073631077818510776,5.8599503000000002e-05,38699.999998897103,0.023535882314659681,0.00098417873605016748,16
3,0.073631077818510776,5.8599503000000002e-05,38799.999998917476,0.024072097986019808,0.0009729845841178514,16
3,0.073631077818510776,5.8599503000000002e-05,38899.999998937848,0.024328712130794801,0.0011117417566597527,16
3,0.073631077818510776,5.8599503000000002e-05,38999.999998958221,0.025555729630850069,0.0012440614454022362,16
3,0.073631077818510776,5.8599503000000002e-05,39099.999998978594,0.024919934941811189,0.0013971039943414989,16
3,0.073631077818510776,5.8599503000000002e-05,39199.999998998966,0.024496843787941751,0.0013837504330400461,16
3,0.073631077818510776,5.8599503000000002e-05,39299.999999019339,0.025304276409767724,0.001452082631417876,16
3,0.073631077818510776,5.8599503000000002e-05,39399.999999039712,0.025910418819351796,0.0016749585664279617,16
3,0.073631077818510776,5.8599503000000002e-05,39499.999999060085,0.026732500335843706,0.0017234642272635694,16
3,0.073631077818510776,5.8599503000000002e-05,39599.999999080457,0.026333101875357704,0.0016305905327926402,16
3,0.073631077818510776,5.8599503000000002e-05,39699.99999910083,0.026666364740482812,0.0016670642164107864,16
3,0.073631077818510776,5.8599503000000002e-05,39799.999999121203,0.026772678207148196,0.0017265582980460273,16
3,0.073631077818510776,5.8599503000000002e-05,39899.999999141575,0.026879500106673764,0.0015852025665383563,16
3,0.073631077818510776,5.8599503000000002e-05,39999.999999161948,0.025178944641293798,0.0015974937170281833,16
3,0.073631077818510776,5.8599503000000002e-05,40099.999999182321,0.023532144324524679,0.0010464360112975009,16
3,0.073631077818510776,5.8599503000000002e-05,40199.999999202693,0.023915155784438834,0.00086247857965835676,16
3,0.073631077818510776,5.8599503000000002e-05,40299.999999223066,0.024494910492517875,0.0011483297278072379,16
3,0.073631077818510776,5.8599503000000002e-05,40399.999999243439,0.024775445293279717,0.0012073393347857926,16
3,0.073631077818510776,5.8599503000000002e-05,40499.999999263811,0.024346790383884938,0.0011272665649646287,16
3,0.073631077818510776,5.8599503000000002e-05,40599.999999284184,0.025139072707099912,0.0013305830705788884,16
3,0.073631077818510776,5.8599503000000002e-05,40699.999999304557,0.025946220172260483,0.0013420390369760348,16
3,0.073631077818510776,5.8599503000000002e-05,40799.999999324929,0.025750402750700261,0.0012886756505053186,16
3,0.073631077818510776,5.8599503000000002e-05,40899.999999345302,0.025665447112255012,0.0014934613971144864,16
3,0.073631077818510776,5.8599503000000002e-05,40999.999999365675,0.025731832588726737,0.0014491469933949183,16
3,0.073631077818510776,5.8599503000000002e-05,41099.999999386047,0.026203299614908374,0.0016607363898003939,16
3,0.073631077818510776,5.8599503000000002e-05,41199.99999940642,0.025790265747807642,0.0017529197794042208,16
3,0.073631077818510776,5.8599503000000002e-05,41299.999999426793,0.026149928293325981,0.0013001721972206407,16
3,0.073631077818510776,5.8599503000000002e-05,41399.999999447165,0.025704923056942261,0.001396559257937705,16
3,0.073631077818510776,5.8599503000000002e-05,41499.999999467538,0.025219641270986845,0.0013945121975752423,16
3,0.073631077818510776,5.8599503000000002e-05,41599.999999487911,0.024663216334722793,0.0012694083266195371,16
3,0.073631077818510776,5.8599503000000002e-05,41699.999999508284,0.02496215824704888,0.0014729025454885581,16
3,0.073631077818510776,5.8599503000000002e-05,41799.999999528656,0.025164321748052908,0.0016602913380629929,16
3,0.073631077818510776,5.8599503000000002e-05,41899.999999549029,0.025604926662508624,0.001521768313687354,16
3,0.073631077818510776,5.8599503000000002e-05,41999.999999569402,0.026178990370528163,0.0012598523348568973,16
3,0.073631077818510776,5.8599503000000002e-05,42099.999999589774,0.026261147087112937,0.0010848298819536217,16
3,0.073631077818510776,5.8599503000000002e-05,42199.999999610147,0.026380291765195529,0.0012264007502840654,16
3,0.073631077818510776,5.8599503000000002e-05,42299.99999963052,0.025833965239399695,0.0013009294462975004,16
3,0.073631077818510776,5.8599503000000002e-05,42399.999999650892,0.025762887122562188,0.0014633609124371923,16
3,0.073631077818510776,5.8599503000000002e-05,42499.999999671265,0.026218406390865642,0.0013896771286203962,16
3,0.073631077818510776,5.8599503000000002e-05,42599.999999691638,0.026672424456170005,0.0014027833103547327,16
3,0.073631077818510776,5.8599503000000002e-05,42699.99999971201,0.026036280260553414,0.001451374656931282,16
3,0.073631077818510776,5.8599503000000002e-05,42799.999999732383,0.02665968611686384,0.0014696359394509014,16
3,0.073631077818510776,5.8599503000000002e-05,42899.999999752756,0.026581216492465729,0.0013106451310602636,16
3,0.073631077818510776,5.8599503000000002e-05,42999.999999773128,0.026555255035074561,0.0013366264836068202,16
3,0.073631077818510776,5.8599503000000002e-05,43099.999999793501,0.026685427591111067,0.0014096209629111504,16
3,0.073631077818510776,5.8599503000000002e-05,43199.999999813874,0.026789885975657519,0.0015235481906473306,16
3,0.073631077818510776,5.8599503000000002e-05,43299.999999834246,0.0267656670190368,0.0015372734850981945,16
3,0.073631077818510776,5.8599503000000002e-05,43399.999999854619,0.024740008415206852,0.0015777008576806774,16
3,0.073631077818510776,5.8599503000000002e-05,43499.999999874992,0.023668195218004361,0.0015953639262773693,16
3,0.073631077818510776,5.8599503000000002e-05,43599.999999895364,0.022059994989615177,0.0016567814150419591,16
3,0.073631077818510776,5.8599503000000002e-05,43699.999999915737,0.021054844474255052,0.001380987282449786,16
3,0.073631077818510776,5.8599503000000002e-05,43799.99999993611,0.020789980348560121,0.0012781978213666028,16
3,0.073631077818510776,5.8599503000000002e-05,43899.999999956482,0.0206237741005009,0.0010204103985576444,16
3,0.073631077818510776,5.8599503000000002e-05,43999.999999976855,0.021637119655587067,0.0013139827174263889,16
3,0.073631077818510776,5.8599503000000002e-05,44099.999999997228,0.02229541439553338,0.0011886074135286891,16
3,0.073631077818510776,5.8599503000000002e-05,44200.000000017601,0.022389957847497789,0.0010407895799918587,16
3,0.073631077818510776,5.8599503000000002e-05,44300.000000037973,0.023219478104853846,0.00098235114182256889,16
3,0.073631077818510776,5.8599503000000002e-05,44400.000000058346,0.024051669419321284,0.0011413691675048502,16
3,0.073631077818510776,5.8599503000000002e-05,44500.000000078719,0.02353717947374839,0.0012458903276298587,16
3,0.073631077818510776,5.8599503000000002e-05,44600.000000099091,0.022992784372623379,0.00126841715681431,16
3,0.073631077818510776,5.8599503000000002e-05,44700.000000119464,0.022231519995010468,0.0011654087474598594,16
3,0.073631077818510776,5.8599503000000002e-05,44800.000000139837,0.021054665910451159,0.0012705482649307946,16
3,0.073631077818510776,5.8599503000000002e-05,44900.000000160209,0.019970783734030079,0.0016012256308480717,16
3,0.073631077818510776,5.8599503000000002e-05,45000.000000180582,0.019786135737626893,0.001328580336181702,16
3,0.073631077818510776,5.8599503000000002e-05,45100.000000200955,0.020753847396036064,0.00118861629182418,16
3,0.073631077818510776,5.8599503000000002e-05,45200.000000221327,0.021994457830988259,0.0010530372047063623,16
3,0.073631077818510776,5.8599503000000002e-05,45300.0000002417,0.022531840071286748,0.00085406640181672183,16
3,0.073631077818510776,5.8599503000000002e-05,45400.000000262073,0.021008956672761647,0.00068343718767264246,16
3,0.073631077818510776,5.8599503000000002e-05,45500.000000282445,0.021250851728832836,0.00097988337055155295,16
3,0.073631077818510776,5.8599503000000002e-05,45600.000000302818,0.022102062429434272,0.0012861413395695766,16
3,0.073631077818510776,5.8599503000000002e-05,45700.000000323191,0.024049785091417357,0.0012749117853691572,16
3,0.073631077818510776,5.8599503000000002e-05,45800.000000343563,0.02449582329138408,0.0014140221466944528,16
3,0.073631077818510776,5.8599503000000002e-05,45900.000000363936,0.024861661540932709,0.0016010318892160976,16
3,0.073631077818510776,5.8599503000000002e-05,46000.000000384309,0.025978953087297293,0.0016289121934555811,16
3,0.073631077818510776,5.8599503000000002e-05,46100.000000404681,0.025669005950844322,0.0016300155020376606,16
3,0.073631077818510776,5.8599503000000002e-05,46200.000000425054,0.024810650943217622,0.0015878925905136736,16
3,0.073631077818510776,5.8599503000000002e-05,46300.000000445427,0.022696531491107796,0.0015099448628006923,16
3,0.073631077818510776,5.8599503000000002e-05,46400.0000004658,0.02286229702780606,0.0013234693296156541,16
3,0.073631077818510776,5.8599503000000002e-05,46500.000000486172,0.023336083968103872,0.0010428986240480363,16
3,0.073631077818510776,5.8599503000000002e-05,46600.000000506545,0.023676376935475009,0.00089261911866522466,16
3,0.073631077818510776,5.8599503000000002e-05,46700.000000526918,0.023690489526344755,0.0010225395756600193,16
3,0.073631077818510776,5.8599503000000002e-05,46800.00000054729,0.023000416076143785,0.0012722311338692616,16
3,0.073631077818510776,5.8599503000000002e-05,46900.000000567663,0.022117194369487371,0.0015635568099979643,16
3,0.073631077818510776,5.8599503000000002e-05,47000.000000588036,0.023237958658946296,0.0014364550266684735,16
3,0.073631077818510776,5.8599503000000002e-05,47100.000000608408,0.023997359283290304,0.0016130797912609581,16
3,0.073631077818510776,5.8599503000000002e-05,47200.000000628781,0.024978023293091116,0.001581628858624001,16
3,0.073631077818510776,5.8599503000000002e-05,47300.000000649154,0.025636591658852396,0.0011366699568038248,16
3,0.073631077818510776,5.8599503000000002e-05,47400.000000669526,0.025177663159636737,0.00088901407905075404,16
3,0.073631077818510776,5.8599503000000002e-05,47500.000000689899,0.024964967941548406,0.0010060365187406842,16
3,0.073631077818510776,5.8599503000000002e-05,47600.000000710272,0.025102140105900873,0.0010880194993574863,16
3,0.073631077818510776,5.8599503000000002e-05,47700.000000730644,0.026103271381378992,0.001412477449208413,16
3,0.073631077818510776,5.8599503000000002e-05,47800.000000751017,0.025987036760940736,0.0017725442803387943,16
3,0.073631077818510776,5.8599503000000002e-05,47900.00000077139,0.024674438371840197,0.0019665174288402551,16
3,0.073631077818510776,5.8599503000000002e-05,48000.000000791762,0.025608252275010165,0.0020723411120850892,16
3,0.073631077818510776,5.8599503000000002e-05,48100.000000812135,0.025208638210059503,0.0018315614918016595,16
3,0.073631077818510776,5.8599503000000002e-05,48200.000000832508,0.024261884059738306,0.0020109045714666405,16
3,0.073631077818510776,5.8599503000000002e-05,48300.00000085288,0.02445833009729825,0.0019814517713878832,16
3,0.073631077818510776,5.8599503000000002e-05,48400.000000873253,0.023820194792960912,0.001596958271593609,16
3,0.073631077818510776,5.8599503000000002e-05,48500.000000893626,0.023705927069274924,0.0011421125519430763,16
3,0.073631077818510776,5.8599503000000002e-05,48600.000000913999,0.024225989731703895,0.0010419937594394306,16
3,0.073631077818510776,5.8599503000000002e-05,48700.000000934371,0.025208886936695211,0.0012145356355161038,16
3,0.073631077818510776,5.8599503000000002e-05,48800.000000954744,0.024506709481306496,0.0011174334801366842,16
3,0.073631077818510776,5.8599503000000002e-05,48900.000000975117,0.024373302549661181,0.0012208867239902575,16
3,0.073631077818510776,5.8599503000000002e-05,49000.000000995489,0.022541693457867648,0.0013892838619681868,16
3,0.073631077818510776,5.8599503000000002e-05,49100.000001015862,0.023030611668495186,0.0013670243266500795,16
3,0.073631077818510776,5.8599503000000002e-05,49200.000001036235,0.024446139418273036,0.0013463010717687652,16
3,0.073631077818510776,5.8599503000000002e-05,49300.000001056607,0.025470190255279253,0.0013956755025644903,16
3,0.073631077818510776,5.8599503000000002e-05,49400.00000107698,0.025822398271100853,0.0013179688997376298,16
3,0.073631077818510776,5.8599503000000002e-05,49500.000001097353,0.02639003543349255,0.0011928913950333385,16
3,0.073631077818510776,5.8599503000000002e-05,49600.000001117725,0.026069452481928504,0.0011258869595091791,16
3,0.073631077818510776,5.8599503000000002e-05,49700.000001138098,0.026918701400052217,0.0012507035827872394,16
3,0.073631077818510776,5.8599503000000002e-05,49800.000001158471,0.026949081559225332,0.0014893113996761803,16
3,0.073631077818510776,5.8599503000000002e-05,49900.000001178843,0.027303248751089349,0.0013555619869875717,16
3,0.073631077818510776,5.8599503000000002e-05,50000.000001199216,0.028228328137253209,0.0011077831140200844,16
4,0.098174770424681035,0.0001009368,100.00000000001425,0.0045008491466019965,0.00049432615406593363,16
4,0.098174770424681035,0.0001009368,199.99999999996308,0.011544442456832324,0.00086389489355537805,16
4,0.098174770424681035,0.0001009368,299.99999999987216,0.015286730555525806,0.0012890217456601521,16
4,0.098174770424681035,0.0001009368,399.99999999978121,0.020759098211996847,0.0014215203689193847,16
4,0.098174770424681035,0.0001009368,499.99999999969026,0.024127163864947766,0.0019808553628279349,16
4,0.098174770424681035,0.0001009368,599.99999999959937,0.02482263549317092,0.0018230523405970229,16
4,0.098174770424681035,0.0001009368,699.99999999950842,0.024916293730612046,0.0014504726233269868,16
4,0.098174770424681035,0.0001009368,799.99999999941747,0.024785771580579916,0.0015950810048607116,16
4,0.098174770424681035,0.0001009368,899.99999999932652,0.023541366500945217,0.0019904353585439502,16
4,0.098174770424681035,0.0001009368,999.99999999923557,0.024435494564965861,0.0018547600698461068,16
4,0.098174770424681035,0.0001009368,1099.9999999991446,0.024338487030874139,0.0015444443322473172,16
4,0.098174770424681035,0.0001009368,1199.9999999990537,0.02296827590996248,0.0012732659650968434,16
4,0.098174770424681035,0.0001009368,1299.9999999989627,0.022604602647699725,0.0013915798170153768,16
4,0.098174770424681035,0.0001009368,1399.9999999988718,0.022900442164720071,0.0011969140498370788,16
4,0.098174770424681035,0.0001009368,1499.9999999987808,0.022762556611486118,0.0010721603604946282,16
4,0.098174770424681035,0.0001009368,1599.9999999986899,0.023343486437267708,0.0012521001422247386,16
4,0.098174770424681035,0.0001009368,1699.9999999985989,0.022659711796901849,0.0011854427064123803,16
4,0.098174770424681035,0.0001009368,1799.999999998508,0.022777378718875196,0.0013795488436671834,16
4,0.098174770424681035,0.0001009368,1899.999999998417,0.022376290165508184,0.0013455406400458326,16
4,0.098174770424681035,0.0001009368,1999.9999999983261,0.024489700693831867,0.0013516316443736454,16
4,0.098174770424681035,0.0001009368,2099.9999999994175,0.02329457809576754,0.00099259891059163218,16
4,0.098174770424681035,0.0001009368,2200.0000000016003,0.02327411577984783,0.0010329441427570081,16
4,0.098174770424681035,0.0001009368,2300.000000003783,0.022666403995233071,0.0014873338035682427,16
4,0.098174770424681035,0.0001009368,2400.0000000059658,0.023353510408331429,0.0010046199141750579,16
4,0.098174770424681035,0.0001009368,2500.0000000081486,0.022986513442621918,0.0015044135482907932,16
4,0.098174770424681035,0.0001009368,2600.0000000103314,0.024443382162498962,0.0014240208521290596,16
4,0.098174770424681035,0.0001009368,2700.0000000125142,0.024533144708788195,0.001531112814536014,16
4,0.098174770424681035,0.0001009368,2800.000000014697,0.026293284371057393,0.0016357285555705103,16
4,0.098174770424681035,0.0001009368,2900.0000000168798,0.026102709071845358,0.0012068841856550307,16
4,0.098174770424681035,0.0001009368,3000.0000000190626,0.025133304150590174,0.0013792314618287988,16
4,0.098174770424681035,0.0001009368,3100.0000000212453,0.025057445867573209,0.0008563331739000398,16
4,0.098174770424681035,0.0001009368,3200.0000000234281,0.025573246525718213,0.0010518307296932096,16
4,0.098174770424681035,0.0001009368,3300.0000000256109,0.025171370195496513,0.00098756768321601475,16
4,0.098174770424681035,0.0001009368,3400.0000000277937,0.025813052365316471,0.0015295845303121265,16
4,0.098174770424681035,0.0001009368,3500.0000000299765,0.02599563567351882,0.0016118045540678115,16
4,0.098174770424681035,0.0001009368,3600.0000000321593,0.0253287505225709,0.001364645686283287,16
4,0.098174770424681035,0.0001009368,3700.0000000343421,0.024740914078949745,0.0011145818122676096,16
4,0.098174770424681035,0.0001009368,3800.0000000365249,0.026047962180340858,0.0011042466833297538,16
4,0.098174770424681035,0.0001009368,3900.0000000387076,0.025406157145233914,0.0011920854240682385,16
4,0.098174770424681035,0.0001009368,4000.0000000408904,0.02568902226839883,0.0012905834429959493,16
4,0.098174770424681035,0.0001009368,4100.0000000430728,0.026652140195253013,0.0015514501397735031,16
4,0.098174770424681035,0.0001009368,4200.0000000452555,0.025817663360282923,0.0017147673406704286,16
4,0.098174770424681035,0.0001009368,4300.0000000474383,0.025183450142173831,0.0016059031678339981,16
4,0.098174770424681035,0.0001009368,4400.0000000496211,0.023847622641665268,0.0014029312973958617,16
4,0.098174770424681035,0.0001009368,4500.0000000518039,0.02410798490846322,0.0014192190266708643,16
4,0.098174770424681035,0.0001009368,4600.0000000539867,0.025445186170169665,0.0015136572536595129,16
4,0.098174770424681035,0.0001009368,4700.0000000561695,0.024706651323526715,0.0016014800275655136,16
4,0.098174770424681035,0.0001009368,4800.0000000583523,0.023021802010403259,0.0014776733546677983,16
4,0.098174770424681035,0.0001009368,4900.0000000605351,0.024079748059529768,0.0012658337674108957,16
4,0.098174770424681035,0.0001009368,5000.0000000627178,0.022503572943350453,0.0013528610423630689,16
4,0.098174770424681035,0.0001009368,5100.0000000649006,0.023209338703732773,0.0013243908591271814,16
4,0.098174770424681035,0.0001009368,5200.0000000670834,0.023446004631319711,0.0014970028194844019,16
4,0.098174770424681035,0.0001009368,5300.0000000692662,0.023434086277187384,0.0012754684938818554,16
4,0.098174770424681035,0.0001009368,5400.000000071449,0.023345812880123582,0.0011943221229496017,16
4,0.098174770424681035,0.0001009368,5500.0000000736318,0.022485563098280047,0.0012703995688582018,16
4,0.098174770424681035,0.0001009368,5600.0000000758146,0.022850357234424683,0.0012676121126563244,16
4,0.098174770424681035,0.0001009368,5700.0000000779974,0.023352273110980266,0.0011571487493779477,16
4,0.098174770424681035,0.0001009368,5800.0000000801801,0.022741128322706788,0.0011101934381206706,16
4,0.098174770424681035,0.0001009368,5900.0000000823629,0.022370639613643804,0.0014728914350164391,16
4,0.098174770424681035,0.0001009368,6000.0000000845457,0.020887639530894581,0.0014779979504351379,16
4,0.098174770424681035,0.0001009368,6100.0000000867285,0.020050154195057367,0.0012458528258912829,16
4,0.098174770424681035,0.0001009368,6200.0000000889113,0.021563125949530998,0.0010905832350515347,16
4,0.098174770424681035,0.0001009368,6300.0000000910941,0.024587091168272953,0.0011998671581910751,16
4,0.098174770424681035,0.0001009368,6400.0000000932769,0.024568815479311709,0.0011804169700586034,16
4,0.098174770424681035,0.0001009368,6500.0000000954597,0.024977360721898142,0.0012989415165736546,16
4,0.098174770424681035,0.0001009368,6600.0000000976424,0.025637460590885872,0.0011409275614009406,16
4,0.098174770424681035,0.0001009368,6700.0000000998252,0.02597541959117676,0.0011859490218283047,16
4,0.098174770424681035,0.0001009368,6800.000000102008,0.026219200316736635,0.0013281104710975264,16
4,0.098174770424681035,0.0001009368,6900.0000001041908,0.026135649384648043,0.0012703296232209483,16
4,0.098174770424681035,0.0001009368,7000.0000001063736,0.025883345337215955,0.0018228836892056604,16
4,0.098174770424681035,0.0001009368,7100.0000001085564,0.025100595155436022,0.0019713696072549427,16
4,0.098174770424681035,0.0001009368,7200.0000001107392,0.024312984597099616,0.0018184037465395551,16
4,0.098174770424681035,0.0001009368,7300.000000112922,0.024090192934563201,0.0017946135332404444,16
4,0.098174770424681035,0.0001009368,7400.0000001151047,0.023906976514078422,0.001784329046115083,16
4,0.098174770424681035,0.0001009368,7500.0000001172875,0.024007723461708541,0.0014358291411746382,16
4,0.098174770424681035,0.0001009368,7600.0000001194703,0.023619190284765852,0.0015425615727742139,16
4,0.098174770424681035,0.0001009368,7700.0000001216531,0.023089230001343292,0.001610527570236423,16
4,0.098174770424681035,0.0001009368,7800.0000001238359,0.023396198314400492,0.0015633575271785276,16
4,0.098174770424681035,0.0001009368,7900.0000001260187,0.023799315648664963,0.001644017913709065,16
4,0.098174770424681035,0.0001009368,8000.0000001282015,0.023439170156384297,0.0012895421629963678,16
4,0.098174770424681035,0.0001009368,8100.0000001303843,0.023741022892607454,0.0015816026351992442,16
4,0.098174770424681035,0.0001009368,8200.0000001325661,0.02335477088439173,0.0016634668453720501,16
4,0.098174770424681035,0.0001009368,8300.0000001347489,0.022909318781090468,0.0015967769074116927,16
4,0.098174770424681035,0.0001009368,8400.0000001369317,0.023794269659716642,0.0014450721783800986,16
4,0.098174770424681035,0.0001009368,8500.0000001391145,0.022834461762226522,0.0014963896199250554,16
4,0.098174770424681035,0.0001009368,8600.0000001412973,0.022911806643692367,0.0014962391709908917,16
4,0.098174770424681035,0.0001009368,8700.0000001434801,0.024605555460543618,0.0018321934403075855,16
4,0.098174770424681035,0.0001009368,8800.0000001456629,0.025130595809891416,0.0017347006330615524,16
4,0.098174770424681035,0.0001009368,8900.0000001478456,0.024880590311995597,0.001672670268572791,16
4,0.098174770424681035,0.0001009368,9000.0000001500284,0.02625665161878081,0.0013290948255173297,16
4,0.098174770424681035,0.0001009368,9100.0000001522112,0.026256435801640176,0.001165882788486115,16
4,0.098174770424681035,0.0001009368,9200.000000154394,0.025482925683148916,0.0010946409906502062,16
4,0.098174770424681035,0.0001009368,9300.0000001565768,0.025962485295274843,0.0010967537001972791,16
4,0.098174770424681035,0.0001009368,9400.0000001587596,0.025765001249978027,0.0012346366097829601,16
4,0.098174770424681035,0.0001009368,9500.0000001609424,0.0245604563160862,0.0014496044217448491,16
4,0.098174770424681035,0.0001009368,9600.0000001631252,0.02389041517087288,0.0014721395614616145,16
4,0.098174770424681035,0.0001009368,9700.0000001653079,0.024342274936121931,0.001536234234268322,16
4,0.098174770424681035,0.0001009368,9800.0000001674907,0.02438367376259918,0.0014351746203552513,16
4,0.098174770424681035,0.0001009368,9900.0000001696735,0.024613302364795024,0.0018299497285652493,16
4,0.098174770424681035,0.0001009368,10000.000000171856,0.025173891083586981,0.001806289350913612,16
4,0.098174770424681035,0.0001009368,10100.000000174039,0.024778749825101417,0.0011395257669195543,16
4,0.098174770424681035,0.0001009368,10200.000000176222,0.025599577505530897,0.0011416399893248465,16
4,0.098174770424681035,0.0001009368,10300.000000178405,0.024622472592814366,0.0015693161910381899,16
4,0.098174770424681035,0.0001009368,10400.000000180587,0.023707915823294096,0.001596159063932256,16
4,0.098174770424681035,0.0001009368,10500.00000018277,0.023942521984005302,0.0016744530417351971,16
4,0.098174770424681035,0.0001009368,10600.000000184953,0.023980415151272843,0.0020154266947921512,16
4,0.098174770424681035,0.0001009368,10700.000000187136,0.023106023288762243,0.0016924435866384111,16
4,0.098174770424681035,0.0001009368,10800.000000189319,0.02235695895584951,0.0015421769023041992,16
4,0.098174770424681035,0.0001009368,10900.000000191501,0.02310013076268462,0.0016741836243398002,16
4,0.098174770424681035,0.0001009368,11000.000000193684,0.02404055760395633,0.001775501718474201,16
4,0.098174770424681035,0.0001009368,11100.000000195867,0.023640795290483463,0.0014607069849152015,16
4,0.098174770424681035,0.0001009368,11200.00000019805,0.023810879657360548,0.0014938521799591517,16
4,0.098174770424681035,0.0001009368,11300.000000200233,0.022369021923606198,0.0012852191090594876,16
4,0.098174770424681035,0.0001009368,11400.000000202415,0.0227766727029158,0.0010221531033967788,16
4,0.098174770424681035,0.0001009368,11500.000000204598,0.023315872632854596,0.00077983484202596791,16
4,0.098174770424681035,0.0001009368,11600.000000206781,0.022910057040168335,0.00078029544070403844,16
4,0.098174770424681035,0.0001009368,11700.000000208964,0.023088782903136838,0.001046811384147178,16
4,0.098174770424681035,0.0001009368,11800.000000211146,0.021509764280227026,0.00097136971985070208,16
4,0.098174770424681035,0.0001009368,11900.000000213329,0.021410409959107632,0.00082506544649122446,16
4,0.098174770424681035,0.0001009368,12000.000000215512,0.022579853106085956,0.0012190979625091092,16
4,0.098174770424681035,0.0001009368,12100.000000217695,0.023843271631811019,0.0011782618475986264,16
4,0.098174770424681035,0.0001009368,12200.000000219878,0.025554591753676182,0.0011382959388857741,16
4,0.098174770424681035,0.0001009368,12300.00000022206,0.025358738492880874,0.0012332830842206072,16
4,0.098174770424681035,0.0001009368,12400.000000224243,0.025023834789386121,0.0014103788819266299,16
4,0.098174770424681035,0.0001009368,12500.000000226426,0.023748069127020932,0.0013681624513431192,16
4,0.098174770424681035,0.0001009368,12600.000000228609,0.02413959351066958,0.0016716085408603383,16
4,0.098174770424681035,0.0001009368,12700.000000230792,0.024299040721016785,0.0014357511812317003,16
4,0.098174770424681035,0.0001009368,12800.000000232974,0.025384886944524232,0.0010791016319713844,16
4,0.098174770424681035,0.0001009368,12900.000000235157,0.023481915401907742,0.0011405040843617093,16
4,0.098174770424681035,0.0001009368,13000.00000023734,0.022342729748959348,0.0012747150855845931,16
4,0.098174770424681035,0.0001009368,13100.000000239523,0.022514872584707545,0.0012583478026022374,16
4,0.098174770424681035,0.0001009368,13200.000000241705,0.023387814988450866,0.0015146241984368605,16
4,0.098174770424681035,0.0001009368,13300.000000243888,0.023106641893729275,0.0017163301619604137,16
4,0.098174770424681035,0.0001009368,13400.000000246071,0.024564554493420224,0.0011651426316364741,16
4,0.098174770424681035,0.0001009368,13500.000000248254,0.024171035318453819,0.0011923009790015988,16
4,0.098174770424681035,0.0001009368,13600.000000250437,0.025367194606446104,0.0013667238757068126,16
4,0.098174770424681035,0.0001009368,13700.000000252619,0.02580393379751653,0.0012953478002105682,16
4,0.098174770424681035,0.0001009368,13800.000000254802,0.025842179805298706,0.0014830686535681431,16
4,0.098174770424681035,0.0001009368,13900.000000256985,0.025041018510203683,0.001363698934841598,16
4,0.098174770424681035,0.0001009368,14000.000000259168,0.025585750522307729,0.0013249709812871034,16
4,0.098174770424681035,0.0001009368,14100.000000261351,0.024594948573663396,0.0011618853415390296,16
4,0.098174770424681035,0.0001009368,14200.000000263533,0.024235211879481706,0.0012086240939687687,16
4,0.098174770424681035,0.0001009368,14300.000000265716,0.02317628104980296,0.001539227412755071,16
4,0.098174770424681035,0.0001009368,14400.000000267899,0.022472972793933385,0.0014648231894069776,16
4,0.098174770424681035,0.0001009368,14500.000000270082,0.022657287419689951,0.00099154274405655919,16
4,0.098174770424681035,0.0001009368,14600.000000272265,0.022878118418893867,0.00094151650457160573,16
4,0.098174770424681035,0.0001009368,14700.000000274447,0.024086755319610263,0.0012166032087860571,16
4,0.098174770424681035,0.0001009368,14800.00000027663,0.023713898173400277,0.0013836598977143546,16
4,0.098174770424681035,0.0001009368,14900.000000278813,0.02271729327841298,0.0012955051836866089,16
4,0.098174770424681035,0.0001009368,15000.000000280996,0.022247927833167598,0.0014034214834412152,16
4,0.098174770424681035,0.0001009368,15100.000000283178,0.022462178278037911,0.0012424140656667375,16
4,0.098174770424681035,0.0001009368,15200.000000285361,0.022408498992273609,0.00097490063916856932,16
4,0.098174770424681035,0.0001009368,15300.000000287544,0.023251180196773479,0.0010983263790538482,16
4,0.098174770424681035,0.0001009368,15400.000000289727,0.023148295200392986,0.0011953803074280607,16
4,0.098174770424681035,0.0001009368,15500.00000029191,0.022668390332108046,0.0011522979241299662,16
4,0.098174770424681035,0.0001009368,15600.000000294092,0.022790278044022505,0.00071153579511385584,16
4,0.098174770424681035,0.0001009368,15700.000000296275,0.023957640300232029,0.00085192422579062838,16
4,0.098174770424681035,0.0001009368,15800.000000298458,0.024584879900493475,0.0011326369403945379,16
4,0.098174770424681035,0.0001009368,15900.000000300641,0.024447235469541983,0.0013743353403552763,16
4,0.098174770424681035,0.0001009368,16000.000000302824,0.025660152630400317,0.0012235508041225365,16
4,0.098174770424681035,0.0001009368,16100.000000305006,0.024583315693250313,0.0011621461106793879,16
4,0.098174770424681035,0.0001009368,16200.000000307189,0.024616284862838476,0.00090401778857587985,16
4,0.098174770424681035,0.0001009368,16300.000000309372,0.025899631254658339,0.0010574952019545252,16
4,0.098174770424681035,0.0001009368,16400.000000308642,0.024820018038615936,0.0012121704046965391,16
4,0.098174770424681035,0.0001009368,16500.000000292635,0.024200803587340631,0.0010630288315763338,16
4,0.098174770424681035,0.0001009368,16600.000000276628,0.023922968853375696,0.0011376378977531402,16
4,0.098174770424681035,0.0001009368,16700.000000260621,0.025316627874616124,0.00098322477735462359,16
4,0.098174770424681035,0.0001009368,16800.000000244614,0.025977193481333934,0.00098706426736431662,16
4,0.098174770424681035,0.0001009368,16900.000000228607,0.025049942397470191,0.00096217903126131197,16
4,0.098174770424681035,0.0001009368,17000.0000002126,0.025170336881803278,0.0010266243267466415,16
4,0.098174770424681035,0.0001009368,17100.000000196593,0.025580774197795145,0.0011359960038870814,16
4,0.098174770424681035,0.0001009368,17200.000000180586,0.024562144293986433,0.00099831512723796848,16
4,0.098174770424681035,0.0001009368,17300.000000164579,0.024351803524158139,0.00098271316759505596,16
4,0.098174770424681035,0.0001009368,17400.000000148571,0.023803098458831468,0.0011230761767306843,16
4,0.098174770424681035,0.0001009368,17500.000000132564,0.024455827638181746,0.0011906038477449222,16
4,0.098174770424681035,0.0001009368,17600.000000116557,0.024468692565864862,0.001250123987151644,16
4,0.098174770424681035,0.0001009368,17700.00000010055,0.024052717218954717,0.001444703025472048,16
4,0.098174770424681035,0.0001009368,17800.000000084543,0.023884848083094729,0.0014437039453627652,16
4,0.098174770424681035,0.0001009368,17900.000000068536,0.023849776003706174,0.0013328991948132057,16
4,0.098174770424681035,0.0001009368,18000.000000052529,0.024925053046620849,0.0015704016775343384,16
4,0.098174770424681035,0.0001009368,18100.000000036522,0.023526502735501043,0.0015195523621113257,16
4,0.098174770424681035,0.0001009368,18200.000000020515,0.022868786237441527,0.0013183276782081793,16
4,0.098174770424681035,0.0001009368,18300.000000004507,0.022983534971464714,0.0018051125150493549,16
4,0.098174770424681035,0.0001009368,18399.9999999885,0.022613117167799311,0.0016028030350974777,16
4,0.098174770424681035,0.0001009368,18499.999999972493,0.022562337897336349,0.001372823594284864,16
4,0.098174770424681035,0.0001009368,18599.999999956486,0.023075547466496045,0.0014935689906635477,16
4,0.098174770424681035,0.0001009368,18699.999999940479,0.024065673463927312,0.0016405931134201666,16
4,0.098174770424681035,0.0001009368,18799.999999924472,0.024648646073072593,0.0012022759685541568,16
4,0.098174770424681035,0.0001009368,18899.999999908465,0.023654876943596054,0.001249022336209614,16
4,0.098174770424681035,0.0001009368,18999.999999892458,0.022312120902984102,0.0014380613624054158,16
4,0.098174770424681035,0.0001009368,19099.999999876451,0.022799247970444071,0.0013949757930111014,16
4,0.098174770424681035,0.0001009368,19199.999999860443,0.022262151980908522,0.0012715997069262617,16
4,0.098174770424681035,0.0001009368,19299.999999844436,0.02160170981911597,0.0013767433640887905,16
4,0.098174770424681035,0.0001009368,19399.999999828429,0.02190833543335657,0.0012813135783227153,16
4,0.098174770424681035,0.0001009368,19499.999999812422,0.024242938834536841,0.0013728189501813108,16
4,0.098174770424681035,0.0001009368,19599.999999796415,0.024018169895245047,0.0012021825975144392,16
4,0.098174770424681035,0.0001009368,19699.999999780408,0.024557538474018148,0.00095486300748097528,16
4,0.098174770424681035,0.0001009368,19799.999999764401,0.023658073109786713,0.00098022060097590485,16
4,0.098174770424681035,0.0001009368,19899.999999748394,0.022716713303196561,0.00096080107334450251,16
4,0.098174770424681035,0.0001009368,19999.999999732387,0.022234987175755758,0.001021417455600122,16
4,0.098174770424681035,0.0001009368,20099.99999971638,0.023131514222905509,0.0010458248689421885,16
4,0.098174770424681035,0.0001009368,20199.999999700372,0.023052571635133814,0.0013183724748921956,16
4,0.098174770424681035,0.0001009368,20299.999999684365,0.023477520601218951,0.0014006795171398866,16
4,0.098174770424681035,0.0001009368,20399.999999668358,0.025395871965237279,0.0014292543601044263,16
4,0.098174770424681035,0.0001009368,20499.999999652351,0.024789791562184103,0.001160393038248198,16
4,0.098174770424681035,0.0001009368,20599.999999636344,0.024098720734326885,0.0011251169174101834,16
4,0.098174770424681035,0.0001009368,20699.999999620337,0.023769909643781124,0.0011153972035031635,16
4,0.098174770424681035,0.0001009368,20799.99999960433,0.024350433127723916,0.0017137558850267079,16
4,0.098174770424681035,0.0001009368,20899.999999588323,0.024867319448525323,0.0016603916499319253,16
4,0.098174770424681035,0.0001009368,20999.999999572316,0.02381983665914033,0.0013582680000729574,16
4,0.098174770424681035,0.0001009368,21099.999999556308,0.025369420404968666,0.0012141184374572147,16
4,0.098174770424681035,0.0001009368,21199.999999540301,0.025334860633299407,0.0012142886472983391,16
4,0.098174770424681035,0.0001009368,21299.999999524294,0.025672116903589885,0.0011889106573434538,16
4,0.098174770424681035,0.0001009368,21399.999999508287,0.025533664487034067,0.0014205835760859728,16
4,0.098174770424681035,0.0001009368,21499.99999949228,0.024979714347000855,0.0013119351843922243,16
4,0.098174770424681035,0.0001009368,21599.999999476273,0.027279060058992836,0.0014540545857964094,16
4,0.098174770424681035,0.0001009368,21699.999999460266,0.026509773385473483,0.0013201990382601431,16
4,0.098174770424681035,0.0001009368,21799.999999444259,0.025332150450493255,0.0013296153816057439,16
4,0.098174770424681035,0.0001009368,21899.999999428252,0.024635939399253601,0.0013708688237185364,16
4,0.098174770424681035,0.0001009368,21999.999999412245,0.023625157927345868,0.00095687714258902302,16
4,0.098174770424681035,0.0001009368,22099.999999396237,0.023950141413759202,0.0010984878863066739,16
4,0.098174770424681035,0.0001009368,22199.99999938023,0.023626911433052376,0.0011541270620955594,16
4,0.098174770424681035,0.0001009368,22299.999999364223,0.025543246149980658,0.0012587910055414332,16
4,0.098174770424681035,0.0001009368,22399.999999348216,0.026297738559931678,0.0013233540823262464,16
4,0.098174770424681035,0.0001009368,22499.999999332209,0.025848086963405851,0.0014126353358392021,16
4,0.098174770424681035,0.0001009368,22599.999999316202,0.024361277786349399,0.0012446119448493429,16
4,0.098174770424681035,0.0001009368,22699.999999300195,0.024108867873691313,0.0010644075089166554,16
4,0.098174770424681035,0.0001009368,22799.999999284188,0.023573668807051577,0.00092790549617889357,16
4,0.098174770424681035,0.0001009368,22899.999999268181,0.024245942110438075,0.0012450063218110688,16
4,0.098174770424681035,0.0001009368,22999.999999252173,0.023054348125805157,0.0010765531938985817,16
4,0.098174770424681035,0.0001009368,23099.999999236166,0.022755134511135203,0.0012175322438457248,16
4,0.098174770424681035,0.0001009368,23199.999999220159,0.022381836364842356,0.0013283678174561505,16
4,0.098174770424681035,0.0001009368,23299.999999204152,0.021553949712605713,0.0013706010562096024,16
4,0.098174770424681035,0.0001009368,23399.999999188145,0.021667371545153854,0.0012994254290167471,16
4,0.098174770424681035,0.0001009368,23499.999999172138,0.021385673256796491,0.0012125057990129025,16
4,0.098174770424681035,0.0001009368,23599.999999156131,0.0222447988653636,0.0010533946617648196,16
4,0.098174770424681035,0.0001009368,23699.999999140124,0.022795288101716219,0.0012785131293638191,16
4,0.098174770424681035,0.0001009368,23799.999999124117,0.024226711914828124,0.0016366956280966275,16
4,0.098174770424681035,0.0001009368,23899.999999108109,0.02582500541873883,0.0016921475749758774,16
4,0.098174770424681035,0.0001009368,23999.999999092102,0.02602872450837165,0.0013563917253499407,16
4,0.098174770424681035,0.0001009368,24099.999999076095,0.027638183694836845,0.0012917929128894439,16
4,0.098174770424681035,0.0001009368,24199.999999060088,0.026808907152470682,0.0011410100327648774,16
4,0.098174770424681035,0.0001009368,24299.999999044081,0.024962802738261371,0.001022322880710951,16
4,0.098174770424681035,0.0001009368,24399.999999028074,0.023642685803688206,0.00088272025126783264,16
4,0.098174770424681035,0.0001009368,24499.999999012067,0.022207927947405805,0.00098999978790100494,16
4,0.098174770424681035,0.0001009368,24599.99999899606,0.022168361488965411,0.0012196441898045271,16
4,0.098174770424681035,0.0001009368,24699.999998980053,0.022569966711973241,0.0015083363572498522,16
4,0.098174770424681035,0.0001009368,24799.999998964046,0.022380810312826165,0.0017916172327200543,16
4,0.098174770424681035,0.0001009368,24899.999998948038,0.024719643508555419,0.001580578978465427,16
4,0.098174770424681035,0.0001009368,24999.999998932031,0.023500159264123032,0.0015821388996209048,16
4,0.098174770424681035,0.0001009368,25099.999998916024,0.023268728171093607,0.0015938986674747171,16
4,0.098174770424681035,0.0001009368,25199.999998900017,0.022854507892970201,0.0013045475249765937,16
4,0.098174770424681035,0.0001009368,25299.99999888401,0.024097430936866216,0.001220822064727424,16
4,0.098174770424681035,0.0001009368,25399.999998868003,0.024857935759658653,0.0011656961472343828,16
4,0.098174770424681035,0.0001009368,25499.999998851996,0.024499643247133576,0.0014198339817758326,16
4,0.098174770424681035,0.0001009368,25599.999998835989,0.023523512834935867,0.0012589135183061989,16
4,0.098174770424681035,0.0001009368,25699.999998819982,0.023291492292827842,0.0012447545174321967,16
4,0.098174770424681035,0.0001009368,25799.999998803974,0.023624663464368551,0.0013585191770347255,16
4,0.098174770424681035,0.0001009368,25899.999998787967,0.024601833745592071,0.001447766212619217,16
4,0.098174770424681035,0.0001009368,25999.99999877196,0.024905612743747967,0.0012772223985679108,16
4,0.098174770424681035,0.0001009368,26099.999998755953,0.02396053138009209,0.0018526967536864193,16
4,0.098174770424681035,0.0001009368,26199.999998739946,0.024083297013199213,0.0017312300576568813,16
4,0.098174770424681035,0.0001009368,26299.999998723939,0.023219232104938821,0.0014706581020382736,16
4,0.098174770424681035,0.0001009368,26399.999998707932,0.022957058957335481,0.0013244541634643793,16
4,0.098174770424681035,0.0001009368,26499.999998691925,0.022340415403929652,0.0015170953500553979,16
4,0.098174770424681035,0.0001009368,26599.999998675918,0.022589270794304301,0.00088705650400444376,16
4,0.098174770424681035,0.0001009368,26699.99999865991,0.022973186069222145,0.0010264044436527492,16
4,0.098174770424681035,0.0001009368,26799.999998643903,0.023605699824125324,0.0011851991806540862,16
4,0.098174770424681035,0.0001009368,26899.999998627896,0.0255638403416289,0.0016338794124250765,16
4,0.098174770424681035,0.0001009368,26999.999998611889,0.024047436234178789,0.0016334993126065019,16
4,0.098174770424681035,0.0001009368,27099.999998595882,0.02222433074668502,0.0015333827621212557,16
4,0.098174770424681035,0.0001009368,27199.999998579875,0.022141681123135946,0.0011843340397043104,16
4,0.098174770424681035,0.0001009368,27299.999998563868,0.023113666961299087,0.00080347783145952474,16
4,0.098174770424681035,0.0001009368,27399.999998547861,0.023038991926113736,0.00099840209457668786,16
4,0.098174770424681035,0.0001009368,27499.999998531854,0.023959965170612166,0.0013837508188701843,16
4,0.098174770424681035,0.0001009368,27599.999998515847,0.022920014098463087,0.0015655311126470662,16
4,0.098174770424681035,0.0001009368,27699.999998499839,0.023823636445325858,0.0013576277602705817,16
4,0.098174770424681035,0.0001009368,27799.999998483832,0.025304009705820727,0.0011273067363037493,16
4,0.098174770424681035,0.0001009368,27899.999998467825,0.026162692173032378,0.00079387530715389269,16
4,0.098174770424681035,0.0001009368,27999.999998451818,0.02425620191884386,0.00070637928448220107,16
4,0.098174770424681035,0.0001009368,28099.999998435811,0.02322503822274154,0.0010032734878923535,16
4,0.098174770424681035,0.0001009368,28199.999998419804,0.024955403177363063,0.0012770506149266266,16
4,0.098174770424681035,0.0001009368,28299.999998403797,0.025059080796770435,0.0011151306539774937,16
4,0.098174770424681035,0.0001009368,28399.99999838779,0.024202171803954592,0.0011576981130110343,16
4,0.098174770424681035,0.0001009368,28499.999998371783,0.024587780081603079,0.0013297081471542571,16
4,0.098174770424681035,0.0001009368,28599.999998355775,0.025555046451908942,0.0012762383962502872,16
4,0.098174770424681035,0.0001009368,28699.999998339768,0.026397067646779824,0.0016172664885184317,16
4,0.098174770424681035,0.0001009368,28799.999998323761,0.026735618691816485,0.0016216761637763463,16
4,0.098174770424681035,0.0001009368,28899.999998307754,0.026259264719022783,0.0012201238003258089,16
4,0.098174770424681035,0.0001009368,28999.999998291747,0.026404097232312292,0.00085068088315230165,16
4,0.098174770424681035,0.0001009368,29099.99999827574,0.025545474313093491,0.00061446086876931142,16
4,0.098174770424681035,0.0001009368,29199.999998259733,0.025757969974359932,0.00055854203219158954,16
4,0.098174770424681035,0.0001009368,29299.999998243726,0.025845829923969853,0.0010442523062259396,16
4,0.098174770424681035,0.0001009368,29399.999998227719,0.025219371734778787,0.0011244615353848601,16
4,0.098174770424681035,0.0001009368,29499.999998211711,0.024839194431875558,0.0011999767501632997,16
4,0.098174770424681035,0.0001009368,29599.999998195704,0.024624195609501093,0.0011954962841777981,16
4,0.098174770424681035,0.0001009368,29699.999998179697,0.024214739372637042,0.0011292852435131416,16
4,0.098174770424681035,0.0001009368,29799.99999816369,0.023301643128422089,0.0012345585810363028,16
4,0.098174770424681035,0.0001009368,29899.999998147683,0.023753117043451785,0.0010323892242792931,16
4,0.098174770424681035,0.0001009368,29999.999998131676,0.024270885701826575,0.0010666911701272353,16
4,0.098174770424681035,0.0001009368,30099.999998115669,0.023759900922279382,0.0011436984629483241,16
4,0.098174770424681035,0.0001009368,30199.999998099662,0.021513151506450473,0.0012152866416131694,16
4,0.098174770424681035,0.0001009368,30299.999998083655,0.022079429564770964,0.0014003740651763342,16
4,0.098174770424681035,0.0001009368,30399.999998067648,0.022373030188098077,0.0017858256235735749,16
4,0.098174770424681035,0.0001009368,30499.99999805164,0.022310365105824782,0.001479809222343141,16
4,0.098174770424681035,0.0001009368,30599.999998035633,0.024099151577039173,0.0011966803030983668,16
4,0.098174770424681035,0.0001009368,30699.999998019626,0.024391780783684654,0.0013152594115617608,16
4,0.098174770424681035,0.0001009368,30799.999998003619,0.024565559759907866,0.0011992178422558734,16
4,0.098174770424681035,0.0001009368,30899.999997987612,0.025767563314897695,0.0011435717400860785,16
4,0.098174770424681035,0.0001009368,30999.999997971605,0.0263492154168182,0.0011488575153564807,16
4,0.098174770424681035,0.0001009368,31099.999997955598,0.024690461835028588,0.0015237766569755871,16
4,0.098174770424681035,0.0001009368,31199.999997939591,0.023709514334826466,0.0010875538451520098,16
4,0.098174770424681035,0.0001009368,31299.999997923584,0.024215126918869241,0.0013324904901853727,16
4,0.098174770424681035,0.0001009368,31399.999997907576,0.026513229489839911,0.00099397018822606543,16
4,0.098174770424681035,0.0001009368,31499.999997891569,0.026385986264337403,0.0010172304400385269,16
4,0.098174770424681035,0.0001009368,31599.999997875562,0.025221805998893697,0.0012269632598473044,16
4,0.098174770424681035,0.0001009368,31699.999997859555,0.025552138858899728,0.0010747990883428931,16
4,0.098174770424681035,0.0001009368,31799.999997843548,0.024359445339409692,0.0014990831537872143,16
4,0.098174770424681035,0.0001009368,31899.999997827541,0.022711149657470786,0.0013848139150883889,16
4,0.098174770424681035,0.0001009368,31999.999997811534,0.022688095029599474,0.0012347202892319072,16
4,0.098174770424681035,0.0001009368,32099.999997795527,0.023188190872251879,0.0010096930900086835,16
4,0.098174770424681035,0.0001009368,32199.99999777952,0.022564395130005615,0.0014961109099119402,16
4,0.098174770424681035,0.0001009368,32299.999997763513,0.021811590540861143,0.0016548810699728931,16
4,0.098174770424681035,0.0001009368,32399.999997747505,0.022196139828532135,0.0014866487225679169,16
4,0.098174770424681035,0.0001009368,32499.999997731498,0.02182213242169127,0.0014591040446625978,16
4,0.098174770424681035,0.0001009368,32599.999997715491,0.022055666844638663,0.0016394473094219321,16
4,0.098174770424681035,0.0001009368,32699.999997699484,0.021467609622737881,0.0017452990501753626,16
4,0.098174770424681035,0.0001009368,32799.999997695115,0.022052419745608339,0.0014642755009112796,16
4,0.098174770424681035,0.0001009368,32899.999997715488,0.020682643520898474,0.0013735296891429077,16
4,0.098174770424681035,0.0001009368,32999.99999773586,0.021704834246612414,0.001284452789941464,16
4,0.098174770424681035,0.0001009368,33099.999997756233,0.022074700012084125,0.0011138611082129636,16
4,0.098174770424681035,0.0001009368,33199.999997776606,0.022786382737820073,0.0012936919830630206,16
4,0.098174770424681035,0.0001009368,33299.999997796978,0.023283032141427466,0.0014399604323201355,16
4,0.098174770424681035,0.0001009368,33399.999997817351,0.023877291950549211,0.0014621937904608282,16
4,0.098174770424681035,0.0001009368,33499.999997837724,0.024079837670142032,0.0011974488135634458,16
4,0.098174770424681035,0.0001009368,33599.999997858096,0.023556348668484158,0.0011673279216231325,16
4,0.098174770424681035,0.0001009368,33699.999997878469,0.022283501043266755,0.0010802601301956316,16
4,0.098174770424681035,0.0001009368,33799.999997898842,0.022017870676400632,0.0013004966027239553,16
4,0.098174770424681035,0.0001009368,33899.999997919214,0.021964589028830847,0.0015886076622022632,16
4,0.098174770424681035,0.0001009368,33999.999997939587,0.023389169743811191,0.0013463020199742574,16
4,0.098174770424681035,0.0001009368,34099.99999795996,0.02409699749554961,0.0014724428574724837,16
4,0.098174770424681035,0.0001009368,34199.999997980332,0.024438729156473334,0.0012761762966272583,16
4,0.098174770424681035,0.0001009368,34299.999998000705,0.024385443491732491,0.0012024863458948995,16
4,0.098174770424681035,0.0001009368,34399.999998021078,0.023598287436861366,0.0011270734937536557,16
4,0.098174770424681035,0.0001009368,34499.99999804145,0.023520479760721563,0.00092748950211816105,16
4,0.098174770424681035,0.0001009368,34599.999998061823,0.023845849766405344,0.00076977046226233683,16
4,0.098174770424681035,0.0001009368,34699.999998082196,0.022927593656454689,0.00096008473706827408,16
4,0.098174770424681035,0.0001009368,34799.999998102568,0.024811154385142812,0.00082554467788588598,16
4,0.098174770424681035,0.0001009368,34899.999998122941,0.025243088892846842,0.0010816838183616872,16
4,0.098174770424681035,0.0001009368,34999.999998143314,0.025134598831335002,0.0010123927353706662,16
4,0.098174770424681035,0.0001009368,35099.999998163687,0.026235121285963874,0.0013950548695123974,16
4,0.098174770424681035,0.0001009368,35199.999998184059,0.026377952013915146,0.0011000136918126679,16
4,0.098174770424681035,0.0001009368,35299.999998204432,0.025620824033923236,0.0013208927068041215,16
4,0.098174770424681035,0.0001009368,35399.999998224805,0.026126572796178121,0.0014449053777546086,16
4,0.098174770424681035,0.0001009368,35499.999998245177,0.026247273669244189,0.0011802660957580455,16
4,0.098174770424681035,0.0001009368,35599.99999826555,0.025868709185796621,0.0014324896890844541,16
4,0.098174770424681035,0.0001009368,35699.999998285923,0.025392284001591239,0.0014744040417257332,16
4,0.098174770424681035,0.0001009368,35799.999998306295,0.024831415455157491,0.001247003892545081,16
4,0.098174770424681035,0.0001009368,35899.999998326668,0.02359982780215375,0.00131434070162024,16
4,0.098174770424681035,0.0001009368,35999.999998347041,0.024088903953598934,0.001050792491227074,16
4,0.098174770424681035,0.0001009368,36099.999998367413,0.024162945949702693,0.0010536794382021884,16
4,0.098174770424681035,0.0001009368,36199.999998387786,0.023662761583409984,0.0012357634342135032,16
4,0.098174770424681035,0.0001009368,36299.999998408159,0.023954667686902568,0.001055752429220539,16
4,0.098174770424681035,0.0001009368,36399.999998428531,0.025065821095115858,0.0012798125146015243,16
4,0.098174770424681035,0.0001009368,36499.999998448904,0.025584818215457262,0.0013384919238427309,16
4,0.098174770424681035,0.0001009368,36599.999998469277,0.026020349132273971,0.0011086405351810032,16
4,0.098174770424681035,0.0001009368,36699.999998489649,0.024358242282074349,0.00083586275176566192,16
4,0.098174770424681035,0.0001009368,36799.999998510022,0.02439172717631256,0.00099899843114472742,16
4,0.098174770424681035,0.0001009368,36899.999998530395,0.023978518323715059,0.0012863055240164162,16
4,0.098174770424681035,0.0001009368,36999.999998550767,0.022748385514353552,0.0013314171756909359,16
4,0.098174770424681035,0.0001009368,37099.99999857114,0.022647588162732286,0.0011235597252043099,16
4,0.098174770424681035,0.0001009368,37199.999998591513,0.022851438775921312,0.0013633648135843687,16
4,0.098174770424681035,0.0001009368,37299.999998611886,0.024591438816643316,0.00129460818510087,16
4,0.098174770424681035,0.0001009368,37399.999998632258,0.02654687420202648,0.0013504310308781592,16
4,0.098174770424681035,0.0001009368,37499.999998652631,0.026164817858188562,0.0017768824341013402,16
4,0.098174770424681035,0.0001009368,37599.999998673004,0.025948778695033869,0.0018643190307242429,16
4,0.098174770424681035,0.0001009368,37699.999998693376,0.026043669947255273,0.0016208413916433528,16
4,0.098174770424681035,0.0001009368,37799.999998713749,0.024292139096035035,0.0015370725153905612,16
4,0.098174770424681035,0.0001009368,37899.999998734122,0.024143369510096439,0.0013232966623796596,16
4,0.098174770424681035,0.0001009368,37999.999998754494,0.024510651084258379,0.0011679252540235281,16
4,0.098174770424681035,0.0001009368,38099.999998774867,0.024277720899083751,0.00098989636654400618,16
4,0.098174770424681035,0.0001009368,38199.99999879524,0.024184603225098418,0.00073198360011781022,16
4,0.098174770424681035,0.0001009368,38299.999998815612,0.024555501157091562,0.0012673708203542874,16
4,0.098174770424681035,0.0001009368,38399.999998835985,0.024839425238395673,0.0012805700158488686,16
4,0.098174770424681035,0.0001009368,38499.999998856358,0.026207509597316485,0.0013345782901556223,16
4,0.098174770424681035,0.0001009368,38599.99999887673,0.025275782056959791,0.00099291758010490211,16
4,0.098174770424681035,0.0001009368,38699.999998897103,0.024809577381341884,0.001016487737064022,16
4,0.098174770424681035,0.0001009368,38799.999998917476,0.025472754561841657,0.0012594244654040919,16
4,0.098174770424681035,0.0001009368,38899.999998937848,0.026130772263473153,0.0014089580849281481,16
4,0.098174770424681035,0.0001009368,38999.999998958221,0.025692704102396432,0.001342744616032455,16
4,0.098174770424681035,0.0001009368,39099.999998978594,0.02468388497986047,0.0011722625246430747,16
4,0.098174770424681035,0.0001009368,39199.999998998966,0.023842131446474756,0.0014441777589286932,16
4,0.098174770424681035,0.0001009368,39299.999999019339,0.023641090826181835,0.001237116322832969,16
4,0.098174770424681035,0.0001009368,39399.999999039712,0.024319526685727084,0.0011668839181002586,16
4,0.098174770424681035,0.0001009368,39499.999999060085,0.024800461419660302,0.0011098296738405438,16
4,0.098174770424681035,0.0001009368,39599.999999080457,0.025174735802504001,0.0009659439004247721,16
4,0.098174770424681035,0.0001009368,39699.99999910083,0.024852980066684266,0.0012804775728126742,16
4,0.098174770424681035,0.0001009368,39799.999999121203,0.024045517619522772,0.0014712300890297829,16
4,0.098174770424681035,0.0001009368,39899.999999141575,0.023837628450696799,0.0011538337278565332,16
4,0.098174770424681035,0.0001009368,39999.999999161948,0.024175996891268918,0.0012543319564689624,16
4,0.098174770424681035,0.0001009368,40099.999999182321,0.024035897720597787,0.0013681671375952861,16
4,0.098174770424681035,0.0001009368,40199.999999202693,0.025313586056471941,0.0013830659661768412,16
4,0.098174770424681035,0.0001009368,40299.999999223066,0.027054645038262534,0.0015886268178515453,16
4,0.098174770424681035,0.0001009368,40399.999999243439,0.026450079989677532,0.0018795108032506462,16
4,0.098174770424681035,0.0001009368,40499.999999263811,0.026348324266695623,0.0016394277560341868,16
4,0.098174770424681035,0.0001009368,40599.999999284184,0.026518787798320221,0.0014640157350947743,16
4,0.098174770424681035,0.0001009368,40699.999999304557,0.025359317051592133,0.0014008691161500209,16
4,0.098174770424681035,0.0001009368,40799.999999324929,0.02439308750290195,0.0013882912819699082,16
4,0.098174770424681035,0.0001009368,40899.999999345302,0.023795444096282869,0.0014700974843366514,16
4,0.098174770424681035,0.0001009368,40999.999999365675,0.023735647132707684,0.0013675302411927008,16
4,0.098174770424681035,0.0001009368,41099.999999386047,0.023025265940328114,0.0013729469495375505,16
4,0.098174770424681035,0.0001009368,41199.99999940642,0.024575196382667065,0.0015436721169255767,16
4,0.098174770424681035,0.0001009368,41299.999999426793,0.025356854634897962,0.0016194883457941265,16
4,0.098174770424681035,0.0001009368,41399.999999447165,0.024283658501578907,0.0011556897322903892,16
4,0.098174770424681035,0.0001009368,41499.999999467538,0.022782795242929376,0.0017762877662883692,16
4,0.098174770424681035,0.0001009368,41599.999999487911,0.022021269842909783,0.0017197036818127564,16
4,0.098174770424681035,0.0001009368,41699.999999508284,0.022618456801439799,0.0016690700724464494,16
4,0.098174770424681035,0.0001009368,41799.999999528656,0.023678876094782777,0.0013505347471531,16
4,0.098174770424681035,0.0001009368,41899.999999549029,0.023539193440957645,0.0012207803455249291,16
4,0.098174770424681035,0.0001009368,41999.999999569402,0.022938915448884909,0.0012901959980585287,16
4,0.098174770424681035,0.0001009368,42099.999999589774,0.021536349330117256,0.0011147280276728032,16
4,0.098174770424681035,0.0001009368,42199.999999610147,0.022448111534913037,0.00095620378181849707,16
4,0.098174770424681035,0.0001009368,42299.99999963052,0.023182318083625066,0.00069776467485308284,16
4,0.098174770424681035,0.0001009368,42399.999999650892,0.023910268843613497,0.00081504926928295822,16
4,0.098174770424681035,0.0001009368,42499.999999671265,0.024078375155632638,0.0012751005577146136,16
4,0.098174770424681035,0.0001009368,42599.999999691638,0.024519702615297533,0.0010711175215378486,16
4,0.098174770424681035,0.0001009368,42699.99999971201,0.02330106983635857,0.0012127471649842144,16
4,0.098174770424681035,0.0001009368,42799.999999732383,0.023271421268379451,0.00098197100273044011,16
4,0.098174770424681035,0.0001009368,42899.999999752756,0.022327340960612247,0.0011619057050916647,16
4,0.098174770424681035,0.0001009368,42999.999999773128,0.021535046823151865,0.0011921623214310986,16
4,0.098174770424681035,0.0001009368,43099.999999793501,0.022870536695648765,0.00096830645875530994,16
4,0.098174770424681035,0.0001009368,43199.999999813874,0.022844295697876889,0.0010899969889093459,16
4,0.098174770424681035,0.0001009368,43299.999999834246,0.023524274689387864,0.0013109087690423992,16
4,0.098174770424681035,0.0001009368,43399.999999854619,0.024963329873513476,0.0011822107210357593,16
4,0.098174770424681035,0.0001009368,43499.999999874992,0.0266267223163381,0.00099281972048137924,16
4,0.098174770424681035,0.0001009368,43599.999999895364,0.027081223588891964,0.0011680617429538859,16
4,0.098174770424681035,0.0001009368,43699.999999915737,0.026090813094734891,0.0012166645266554266,16
4,0.098174770424681035,0.0001009368,43799.99999993611,0.02606517614895032,0.0013391238107868331,16
4,0.098174770424681035,0.0001009368,43899.999999956482,0.02466847442337634,0.0014962353130470235,16
4,0.098174770424681035,0.0001009368,43999.999999976855,0.024840645421335676,0.001431738341898489,16
4,0.098174770424681035,0.0001009368,44099.999999997228,0.024027482002152621,0.0014583658667463441,16
4,0.098174770424681035,0.0001009368,44200.000000017601,0.023398384652847222,0.0013922507652000457,16
4,0.098174770424681035,0.0001009368,44300.000000037973,0.021730338252747772,0.0017162487687093027,16
4,0.098174770424681035,0.0001009368,44400.000000058346,0.021392216226161664,0.001700141179156276,16
4,0.098174770424681035,0.0001009368,44500.000000078719,0.021857339980439639,0.001706515245501227,16
4,0.098174770424681035,0.0001009368,44600.000000099091,0.022869631189475003,0.0017642913013934196,16
4,0.098174770424681035,0.0001009368,44700.000000119464,0.023762127314420876,0.0019150864969096053,16
4,0.098174770424681035,0.0001009368,44800.000000139837,0.024162715392710667,0.0015765856126096873,16
4,0.098174770424681035,0.0001009368,44900.000000160209,0.025335254406877471,0.0014423589768585814,16
4,0.098174770424681035,0.0001009368,45000.000000180582,0.025966591141472928,0.0012676496934898329,16
4,0.098174770424681035,0.0001009368,45100.000000200955,0.024660831355674689,0.0012039118498986627,16
4,0.098174770424681035,0.0001009368,45200.000000221327,0.024844959837025074,0.0010165759114609471,16
4,0.098174770424681035,0.0001009368,45300.0000002417,0.024788494512528091,0.001030351652003651,16
4,0.098174770424681035,0.0001009368,45400.000000262073,0.024971707840739703,0.0013870940188447311,16
4,0.098174770424681035,0.0001009368,45500.000000282445,0.023691287933288278,0.001412424472551295,16
4,0.098174770424681035,0.0001009368,45600.000000302818,0.023606731961007939,0.0011370262590331168,16
4,0.098174770424681035,0.0001009368,45700.000000323191,0.023585994034286944,0.0012329949172809845,16
4,0.098174770424681035,0.0001009368,45800.000000343563,0.023165639981709975,0.0014576721075832803,16
4,0.098174770424681035,0.0001009368,45900.000000363936,0.023558941880210679,0.0013164612159948653,16
4,0.098174770424681035,0.0001009368,46000.000000384309,0.024172259053992392,0.0012673868718070013,16
4,0.098174770424681035,0.0001009368,46100.000000404681,0.024483652692684679,0.0010388664923994052,16
4,0.098174770424681035,0.0001009368,46200.000000425054,0.023285060570406965,0.0012898920848265173,16
4,0.098174770424681035,0.0001009368,46300.000000445427,0.023410599651618104,0.0012314112512904793,16
4,0.098174770424681035,0.0001009368,46400.0000004658,0.02330695488279309,0.0013065667889355197,16
4,0.098174770424681035,0.0001009368,46500.000000486172,0.023174773590507489,0.001224153889234072,16
4,0.098174770424681035,0.0001009368,46600.000000506545,0.023608717798693592,0.0013781964049313974,16
4,0.098174770424681035,0.0001009368,46700.000000526918,0.022713959396712956,0.0010908120006811902,16
4,0.098174770424681035,0.0001009368,46800.00000054729,0.022639907006459303,0.0011805056695269372,16
4,0.098174770424681035,0.0001009368,46900.000000567663,0.022833693220858518,0.0016220068190596429,16
4,0.098174770424681035,0.0001009368,47000.000000588036,0.02297757929417367,0.0017364596463647333,16
4,0.098174770424681035,0.0001009368,47100.000000608408,0.023901802530650093,0.0015708320882998699,16
4,0.098174770424681035,0.0001009368,47200.000000628781,0.024908266477775103,0.0012910333198095927,16
4,0.098174770424681035,0.0001009368,47300.000000649154,0.025625351140808959,0.001192683153460319,16
4,0.098174770424681035,0.0001009368,47400.000000669526,0.025666084951143513,0.0014794347589095521,16
4,0.098174770424681035,0.0001009368,47500.000000689899,0.027293478100987728,0.0011783753979417951,16
4,0.098174770424681035,0.0001009368,47600.000000710272,0.026761173210613092,0.00096416680742166774,16
4,0.098174770424681035,0.0001009368,47700.000000730644,0.026469755980593562,0.0014961570659067088,16
4,0.098174770424681035,0.0001009368,47800.000000751017,0.025541804785254852,0.0014357510255401077,16
4,0.098174770424681035,0.0001009368,47900.00000077139,0.025373605173609072,0.0011685554745522184,16
4,0.098174770424681035,0.0001009368,48000.000000791762,0.024739252504459235,0.00098550897427385664,16
4,0.098174770424681035,0.0001009368,48100.000000812135,0.023750123855137011,0.0013384384747702613,16
4,0.098174770424681035,0.0001009368,48200.000000832508,0.026149710151568101,0.0013388879410330412,16
4,0.098174770424681035,0.0001009368,48300.00000085288,0.027503561858574676,0.0013791257901260142,16
4,0.098174770424681035,0.0001009368,48400.000000873253,0.027425480956340252,0.0012162275485546803,16
4,0.098174770424681035,0.0001009368,48500.000000893626,0.026846641688783087,0.0014176388260724814,16
4,0.098174770424681035,0.0001009368,48600.000000913999,0.026462904690752253,0.0015165813812856278,16
4,0.098174770424681035,0.0001009368,48700.000000934371,0.025889907800342407,0.0015489970721878465,16
4,0.098174770424681035,0.0001009368,48800.000000954744,0.024024101106855975,0.0014099267072987982,16
4,0.098174770424681035,0.0001009368,48900.000000975117,0.025023604521118709,0.0016226059800092377,16
4,0.098174770424681035,0.0001009368,49000.000000995489,0.026334422388361173,0.0016023792889220459,16
4,0.098174770424681035,0.0001009368,49100.000001015862,0.025962173461621555,0.001640442551167092,16
4,0.098174770424681035,0.0001009368,49200.000001036235,0.024637154803333887,0.0013425718183706821,16
4,0.098174770424681035,0.0001009368,49300.000001056607,0.025563923410758128,0.0011370562295856489,16
4,0.098174770424681035,0.0001009368,49400.00000107698,0.024967180924499545,0.000828755564755419,16
4,0.098174770424681035,0.0001009368,49500.000001097353,0.02423064325839485,0.0008469147612493158,16
4,0.098174770424681035,0.0001009368,49600.000001117725,0.023367641267889427,0.0010487266543603129,16
4,0.098174770424681035,0.0001009368,49700.000001138098,0.024026575971513715,0.00098688807369448541,16
4,0.098174770424681035,0.0001009368,49800.000001158471,0.024405359861725959,0.00077330360468736,16
4,0.098174770424681035,0.0001009368,49900.000001178843,0.024727711339312029,0.00078707058966139345,16
4,0.098174770424681035,0.0001009368,50000.000001199216,0.023414615509747407,0.0010697932876789101,16
5,0.12271846303085129,0.00015367203999999999,100.00000000001425,0.0086446192347266575,0.00062926333248476197,16
5,0.12271846303085129,0.00015367203999999999,199.99999999996308,0.016945553698422988,0.0011905805828119826,16
5,0.12271846303085129,0.00015367203999999999,299.99999999987216,0.020897897171592347,0.0013451258691320304,16
5,0.12271846303085129,0.00015367203999999999,399.99999999978121,0.021990090527732455,0.0010022631148812605,16
5,0.12271846303085129,0.00015367203999999999,499.99999999969026,0.021685203035525406,0.0010695616464753625,16
5,0.12271846303085129,0.00015367203999999999,599.99999999959937,0.023551331643910458,0.0012397210293364964,16
5,0.12271846303085129,0.00015367203999999999,699.99999999950842,0.02360646644111546,0.0011260266372059458,16
5,0.12271846303085129,0.00015367203999999999,799.99999999941747,0.024080663296481765,0.0012394149276158419,16
5,0.12271846303085129,0.00015367203999999999,899.99999999932652,0.023936270185451924,0.0016580808674637431,16
5,0.12271846303085129,0.00015367203999999999,999.99999999923557,0.022773983022344232,0.0017616936403061795,16
5,0.12271846303085129,0.00015367203999999999,1099.9999999991446,0.022806921685720329,0.0017761992113481543,16
5,0.12271846303085129,0.00015367203999999999,1199.9999999990537,0.022813988670789834,0.0014481183719278357,16
5,0.12271846303085129,0.00015367203999999999,1299.9999999989627,0.022020425715220115,0.0011898115463429592,16
5,0.12271846303085129,0.00015367203999999999,1399.9999999988718,0.023853319830464546,0.001387505488224218,16
5,0.12271846303085129,0.00015367203999999999,1499.9999999987808,0.023873265335034543,0.0014987009418241171,16
5,0.12271846303085129,0.00015367203999999999,1599.9999999986899,0.024067735131552644,0.001350626280013078,16
5,0.12271846303085129,0.00015367203999999999,1699.9999999985989,0.024183892389260473,0.0014528664283144379,16
5,0.12271846303085129,0.00015367203999999999,1799.999999998508,0.023401844871118731,0.0015599538008353173,16
5,0.12271846303085129,0.00015367203999999999,1899.999999998417,0.023782072907770423,0.0019035687347799899,16
5,0.12271846303085129,0.00015367203999999999,1999.9999999983261,0.023934860379567161,0.0011635269468903884,16
5,0.12271846303085129,0.00015367203999999999,2099.9999999994175,0.024387965104875533,0.0011680039165316597,16
5,0.12271846303085129,0.00015367203999999999,2200.0000000016003,0.023600077496387064,0.0013378999104728684,16
5,0.12271846303085129,0.00015367203999999999,2300.000000003783,0.022854879043835798,0.0014286089165148369,16
5,0.12271846303085129,0.00015367203999999999,2400.0000000059658,0.023303482038918747,0.0012767779720775385,16
5,0.12271846303085129,0.00015367203999999999,2500.0000000081486,0.023923573795102664,0.0016557928534917791,16
5,0.12271846303085129,0.00015367203999999999,2600.0000000103314,0.024022340551394846,0.0017406695632546641,16
5,0.12271846303085129,0.00015367203999999999,2700.0000000125142,0.02413965353227733,0.0015644890904981412,16
5,0.12271846303085129,0.00015367203999999999,2800.000000014697,0.02429966723654467,0.0015745154843669483,16
5,0.12271846303085129,0.00015367203999999999,2900.0000000168798,0.021969841786181422,0.0011457909812795065,16
5,0.12271846303085129,0.00015367203999999999,3000.0000000190626,0.021560937006364873,0.0012181796742650908,16
5,0.12271846303085129,0.00015367203999999999,3100.0000000212453,0.022514350465628729,0.001266856048577918,16
5,0.12271846303085129,0.00015367203999999999,3200.0000000234281,0.023476240368017914,0.0012276528143600242,16
5,0.12271846303085129,0.00015367203999999999,3300.0000000256109,0.023877243364296002,0.0013127516039346592,16
5,0.12271846303085129,0.00015367203999999999,3400.0000000277937,0.024178046997340084,0.0013632903131879119,16
5,0.12271846303085129,0.00015367203999999999,3500.0000000299765,0.024662585561222763,0.0013451947581152306,16
5,0.12271846303085129,0.00015367203999999999,3600.0000000321593,0.024465831754917684,0.0010358871162789011,16
5,0.12271846303085129,0.00015367203999999999,3700.0000000343421,0.024342103242804055,0.00091736577478820924,16
5,0.12271846303085129,0.00015367203999999999,3800.0000000365249,0.023699333967516154,0.00098374096466930503,16
5,0.12271846303085129,0.00015367203999999999,3900.0000000387076,0.025305835074893965,0.0012703652389649094,16
5,0.12271846303085129,0.00015367203999999999,4000.0000000408904,0.027145814345567051,0.00085943227753732378,16
5,0.12271846303085129,0.00015367203999999999,4100.0000000430728,0.027349284929960086,0.001202801129995323,16
5,0.12271846303085129,0.00015367203999999999,4200.0000000452555,0.024893788458722137,0.0018790160545142389,16
5,0.12271846303085129,0.00015367203999999999,4300.0000000474383,0.024267318077593449,0.0013410451469368257,16
5,0.12271846303085129,0.00015367203999999999,4400.0000000496211,0.025295341344913621,0.0014929787172855166,16
5,0.12271846303085129,0.00015367203999999999,4500.0000000518039,0.024096391376408698,0.0013000607125774341,16
5,0.12271846303085129,0.00015367203999999999,4600.0000000539867,0.024518062012431945,0.0016231784129373446,16
5,0.12271846303085129,0.00015367203999999999,4700.0000000561695,0.025000001978204775,0.0013521936520505184,16
5,0.12271846303085129,0.00015367203999999999,4800.0000000583523,0.024318082257853264,0.00087383796263504625,16
5,0.12271846303085129,0.00015367203999999999,4900.0000000605351,0.024961448427602645,0.0012320923756715882,16
5,0.12271846303085129,0.00015367203999999999,5000.0000000627178,0.024971651321518937,0.00093274553727839594,16
5,0.12271846303085129,0.00015367203999999999,5100.0000000649006,0.026583429219359883,0.0012539684743259182,16
5,0.12271846303085129,0.00015367203999999999,5200.0000000670834,0.026858250983639687,0.0012347438605097504,16
5,0.12271846303085129,0.00015367203999999999,5300.0000000692662,0.026725589163288044,0.0011164889337667446,16
5,0.12271846303085129,0.00015367203999999999,5400.000000071449,0.025691775832182108,0.00093799710939594042,16
5,0.12271846303085129,0.00015367203999999999,5500.0000000736318,0.02455040023628479,0.00099426169041667888,16
5,0.12271846303085129,0.00015367203999999999,5600.0000000758146,0.024222464919555629,0.0012378475000486963,16
5,0.12271846303085129,0.00015367203999999999,5700.0000000779974,0.024684824458818998,0.0010918893286429485,16
5,0.12271846303085129,0.00015367203999999999,5800.0000000801801,0.024822255454147998,0.0012421990076534419,16
5,0.12271846303085129,0.00015367203999999999,5900.0000000823629,0.025185330461135112,0.00085023801504964709,16
5,0.12271846303085129,0.00015367203999999999,6000.0000000845457,0.025784675190018549,0.00082416705860595798,16
5,0.12271846303085129,0.00015367203999999999,6100.0000000867285,0.025756086621968186,0.0010427106424038116,16
5,0.12271846303085129,0.00015367203999999999,6200.0000000889113,0.024732375304138132,0.00091635710996267516,16
5,0.12271846303085129,0.00015367203999999999,6300.0000000910941,0.024448912982477696,0.0012288055193505172,16
5,0.12271846303085129,0.00015367203999999999,6400.0000000932769,0.025550967509750756,0.0009520114240664831,16
5,0.12271846303085129,0.00015367203999999999,6500.0000000954597,0.024405527604392421,0.0010435527947237171,16
5,0.12271846303085129,0.00015367203999999999,6600.0000000976424,0.02346734772440346,0.001368119020445132,16
5,0.12271846303085129,0.00015367203999999999,6700.0000000998252,0.023038517170605396,0.0012984970966516598,16
5,0.12271846303085129,0.00015367203999999999,6800.000000102008,0.022528473761041654,0.0014564904428308169,16
5,0.12271846303085129,0.00015367203999999999,6900.0000001041908,0.022810367248304035,0.0013449397180683503,16
5,0.12271846303085129,0.00015367203999999999,7000.0000001063736,0.02340582342442462,0.0018536074026178665,16
5,0.12271846303085129,0.00015367203999999999,7100.0000001085564,0.023609515075299056,0.0016377727133649394,16
5,0.12271846303085129,0.00015367203999999999,7200.0000001107392,0.024725012201228202,0.0013255603912852032,16
5,0.12271846303085129,0.00015367203999999999,7300.000000112922,0.026170624052228957,0.0016428735227917888,16
5,0.12271846303085129,0.00015367203999999999,7400.0000001151047,0.0260097362183704,0.0016181788462516346,16
5,0.12271846303085129,0.00015367203999999999,7500.0000001172875,0.023863454929484454,0.0014563089653983896,16
5,0.12271846303085129,0.00015367203999999999,7600.0000001194703,0.021863612616333499,0.0015696401562210369,16
5,0.12271846303085129,0.00015367203999999999,7700.0000001216531,0.022908233972344504,0.0014516207307686848,16
5,0.12271846303085129,0.00015367203999999999,7800.0000001238359,0.023656333805365012,0.0016077329893692943,16
5,0.12271846303085129,0.00015367203999999999,7900.0000001260187,0.024332195305037576,0.0015537723244470319,16
5,0.12271846303085129,0.00015367203999999999,8000.0000001282015,0.024152626136109384,0.0012820435465285612,16
5,0.12271846303085129,0.00015367203999999999,8100.0000001303843,0.023218252305791498,0.0012928193214751373,16
5,0.12271846303085129,0.00015367203999999999,8200.0000001325661,0.02382366513550456,0.0014340243926095305,16
5,0.12271846303085129,0.00015367203999999999,8300.0000001347489,0.024163783219539478,0.0015201606903675335,16
5,0.12271846303085129,0.00015367203999999999,8400.0000001369317,0.023750491140440356,0.0011026678848093611,16
5,0.12271846303085129,0.00015367203999999999,8500.0000001391145,0.026058040180266452,0.00094918744128533498,16
5,0.12271846303085129,0.00015367203999999999,8600.0000001412973,0.026874577307784617,0.0008371559599514609,16
5,0.12271846303085129,0.00015367203999999999,8700.0000001434801,0.025866709707823128,0.0011717209129694338,16
5,0.12271846303085129,0.00015367203999999999,8800.0000001456629,0.025045649970704478,0.0015950108257634476,16
5,0.12271846303085129,0.00015367203999999999,8900.0000001478456,0.025615592424163353,0.0013794747094956596,16
5,0.12271846303085129,0.00015367203999999999,9000.0000001500284,0.025283268914089947,0.0012340675216427907,16
5,0.12271846303085129,0.00015367203999999999,9100.0000001522112,0.022917652497104025,0.0011251852896040078,16
5,0.12271846303085129,0.00015367203999999999,9200.000000154394,0.022369213709995606,0.0013423318135853258,16
5,0.12271846303085129,0.00015367203999999999,9300.0000001565768,0.022710378303671321,0.0011858446845069187,16
5,0.12271846303085129,0.00015367203999999999,9400.0000001587596,0.021716698775317636,0.00099331612461509553,16
5,0.12271846303085129,0.00015367203999999999,9500.0000001609424,0.021535206500348954,0.0011754425512860321,16
5,0.12271846303085129,0.00015367203999999999,9600.0000001631252,0.022885482745947875,0.0015110869260075729,16
5,0.12271846303085129,0.00015367203999999999,9700.0000001653079,0.022476320283294337,0.0015133792416474549,16
5,0.12271846303085129,0.00015367203999999999,9800.0000001674907,0.023217866178831065,0.00078180300142669413,16
5,0.12271846303085129,0.00015367203999999999,9900.0000001696735,0.024079461595943152,0.0010920293006856912,16
5,0.12271846303085129,0.00015367203999999999,10000.000000171856,0.024431130477882174,0.0012396031644695232,16
5,0.12271846303085129,0.00015367203999999999,10100.000000174039,0.023440265160897547,0.0012728867263282853,16
5,0.12271846303085129,0.00015367203999999999,10200.000000176222,0.022895250456087365,0.0010889729041474137,16
5,0.12271846303085129,0.00015367203999999999,10300.000000178405,0.022837165358250176,0.0012794730303220449,16
5,0.12271846303085129,0.00015367203999999999,10400.000000180587,0.021981728417587536,0.0010873731465123563,16
5,0.12271846303085129,0.00015367203999999999,10500.00000018277,0.02090986969404653,0.00082502814591566031,16
5,0.12271846303085129,0.00015367203999999999,10600.000000184953,0.022266926695341478,0.0013102454682417245,16
5,0.12271846303085129,0.00015367203999999999,10700.000000187136,0.023338095233333463,0.0013324115383726474,16
5,0.12271846303085129,0.00015367203999999999,10800.000000189319,0.024533391377337573,0.0012928181203272048,16
5,0.12271846303085129,0.00015367203999999999,10900.000000191501,0.024439377443909383,0.00097038037013442698,16
5,0.12271846303085129,0.00015367203999999999,11000.000000193684,0.025029374760105281,0.00090699070783962859,16
5,0.12271846303085129,0.00015367203999999999,11100.000000195867,0.024024715011862593,0.0013259873215125744,16
5,0.12271846303085129,0.00015367203999999999,11200.00000019805,0.023412161901938126,0.0013659135323336011,16
5,0.12271846303085129,0.00015367203999999999,11300.000000200233,0.022366352477619984,0.0012946207744110746,16
5,0.12271846303085129,0.00015367203999999999,11400.000000202415,0.021079476150777744,0.0015743461207395624,16
5,0.12271846303085129,0.00015367203999999999,11500.000000204598,0.023005423580210838,0.0011569266630576777,16
5,0.12271846303085129,0.00015367203999999999,11600.000000206781,0.024981531959378741,0.0010075760481253521,16
5,0.12271846303085129,0.00015367203999999999,11700.000000208964,0.025921217228654463,0.0012373612284238855,16
5,0.12271846303085129,0.00015367203999999999,11800.000000211146,0.02732814180827137,0.0016289064802149037,16
5,0.12271846303085129,0.00015367203999999999,11900.000000213329,0.026548052675927594,0.0012765621524219873,16
5,0.12271846303085129,0.00015367203999999999,12000.000000215512,0.024073238854524004,0.0011202929644158722,16
5,0.12271846303085129,0.00015367203999999999,12100.000000217695,0.02542083472059355,0.0013478653406436317,16
5,0.12271846303085129,0.00015367203999999999,12200.000000219878,0.022668811675932023,0.0015212153183062974,16
5,0.12271846303085129,0.00015367203999999999,12300.00000022206,0.022068500748439846,0.0017032374071135714,16
5,0.12271846303085129,0.00015367203999999999,12400.000000224243,0.021702515657451467,0.0016391659328948321,16
5,0.12271846303085129,0.00015367203999999999,12500.000000226426,0.023113046013564561,0.0014130321794589436,16
5,0.12271846303085129,0.00015367203999999999,12600.000000228609,0.027689288430328293,0.0016473561009433103,16
5,0.12271846303085129,0.00015367203999999999,12700.000000230792,0.028676242900916443,0.0012841719542989224,16
5,0.12271846303085129,0.00015367203999999999,12800.000000232974,0.028050270100001967,0.0014358200801170222,16
5,0.12271846303085129,0.00015367203999999999,12900.000000235157,0.026901769439391963,0.0016368801706755128,16
5,0.12271846303085129,0.00015367203999999999,13000.00000023734,0.025323198759874488,0.001255555848708756,16
5,0.12271846303085129,0.00015367203999999999,13100.000000239523,0.023523352198574109,0.0010955253782191485,16
5,0.12271846303085129,0.00015367203999999999,13200.000000241705,0.022902467005490871,0.0010332244662066726,16
5,0.12271846303085129,0.00015367203999999999,13300.000000243888,0.024080709463478251,0.0011542364882126137,16
5,0.12271846303085129,0.00015367203999999999,13400.000000246071,0.023311421894319763,0.0013962017540688229,16
5,0.12271846303085129,0.00015367203999999999,13500.000000248254,0.024622747571843174,0.0013791165799963824,16
5,0.12271846303085129,0.00015367203999999999,13600.000000250437,0.026598237803943495,0.0013860251461627962,16
5,0.12271846303085129,0.00015367203999999999,13700.000000252619,0.025073966696920639,0.0012768934686056826,16
5,0.12271846303085129,0.00015367203999999999,13800.000000254802,0.025159460207508259,0.0015473832392955713,16
5,0.12271846303085129,0.00015367203999999999,13900.000000256985,0.024406587090616785,0.0016506683385901536,16
5,0.12271846303085129,0.00015367203999999999,14000.000000259168,0.022511466578556513,0.0014318456042441855,16
5,0.12271846303085129,0.00015367203999999999,14100.000000261351,0.023289363807444105,0.0008129196112211458,16
5,0.12271846303085129,0.00015367203999999999,14200.000000263533,0.023759485496349271,0.001055152711753319,16
5,0.12271846303085129,0.00015367203999999999,14300.000000265716,0.024177351199940231,0.0016230043022243945,16
5,0.12271846303085129,0.00015367203999999999,14400.000000267899,0.025604955076849126,0.0012413888666954231,16
5,0.12271846303085129,0.00015367203999999999,14500.000000270082,0.023955742010650025,0.0011869404290818159,16
5,0.12271846303085129,0.00015367203999999999,14600.000000272265,0.024566348420433978,0.0012241028608873173,16
5,0.12271846303085129,0.00015367203999999999,14700.000000274447,0.02462749940128011,0.0011049930087561118,16
5,0.12271846303085129,0.00015367203999999999,14800.00000027663,0.024568530115579214,0.0015612337460811563,16
5,0.12271846303085129,0.00015367203999999999,14900.000000278813,0.0252603621630955,0.001407409713335818,16
5,0.12271846303085129,0.00015367203999999999,15000.000000280996,0.023142050506524438,0.0012625469585409782,16
5,0.12271846303085129,0.00015367203999999999,15100.000000283178,0.024379516349152419,0.0012839997167589955,16
5,0.12271846303085129,0.00015367203999999999,15200.000000285361,0.024127677588743502,0.0014231309732958856,16
5,0.12271846303085129,0.00015367203999999999,15300.000000287544,0.025969277144792212,0.0010509677719967886,16
5,0.12271846303085129,0.00015367203999999999,15400.000000289727,0.026335145222838675,0.0011404117512076762,16
5,0.12271846303085129,0.00015367203999999999,15500.00000029191,0.025434417811893414,0.00081236677851192552,16
5,0.12271846303085129,0.00015367203999999999,15600.000000294092,0.025515094614352096,0.00095574469626775647,16
5,0.12271846303085129,0.00015367203999999999,15700.000000296275,0.024514468530064573,0.0012079461867309834,16
5,0.12271846303085129,0.00015367203999999999,15800.000000298458,0.025205938359262051,0.0012405224160702681,16
5,0.12271846303085129,0.00015367203999999999,15900.000000300641,0.024114341680020777,0.0014704664061481994,16
5,0.12271846303085129,0.00015367203999999999,16000.000000302824,0.023360972461254903,0.001792155192209786,16
5,0.12271846303085129,0.00015367203999999999,16100.000000305006,0.023570097367813649,0.0014782329734881962,16
5,0.12271846303085129,0.00015367203999999999,16200.000000307189,0.023229805782455523,0.0015661385390902689,16
5,0.12271846303085129,0.00015367203999999999,16300.000000309372,0.024148956577654031,0.0010141818657546488,16
5,0.12271846303085129,0.00015367203999999999,16400.000000308642,0.026325589323419451,0.00092277669563109953,16
5,0.12271846303085129,0.00015367203999999999,16500.000000292635,0.026194281373631126,0.0008932437814393201,16
5,0.12271846303085129,0.00015367203999999999,16600.000000276628,0.0268013101591211,0.0012314452408682007,16
5,0.12271846303085129,0.00015367203999999999,16700.000000260621,0.026681492545416491,0.0012815781946930388,16
5,0.12271846303085129,0.00015367203999999999,16800.000000244614,0.024428555061289395,0.0011324904650005935,16
5,0.12271846303085129,0.00015367203999999999,16900.000000228607,0.024160241215418304,0.0012537395596177784,16
5,0.12271846303085129,0.00015367203999999999,17000.0000002126,0.024728785739115595,0.0013808560621568586,16
5,0.12271846303085129,0.00015367203999999999,17100.000000196593,0.024970307048717701,0.0015717628829426036,16
5,0.12271846303085129,0.00015367203999999999,17200.000000180586,0.024524847838217768,0.0015662453749371438,16
5,0.12271846303085129,0.00015367203999999999,17300.000000164579,0.02316308335648317,0.0011158481282841277,16
5,0.12271846303085129,0.00015367203999999999,17400.000000148571,0.023986813111094213,0.0010980837866798501,16
5,0.12271846303085129,0.00015367203999999999,17500.000000132564,0.023693426028057924,0.0013938500234443217,16
5,0.12271846303085129,0.00015367203999999999,17600.000000116557,0.022748915263333329,0.0014823502286002426,16
5,0.12271846303085129,0.00015367203999999999,17700.00000010055,0.022416223468898891,0.001408468106058263,16
5,0.12271846303085129,0.00015367203999999999,17800.000000084543,0.024595415959577302,0.0014494774908869539,16
5,0.12271846303085129,0.00015367203999999999,17900.000000068536,0.024707753456098342,0.0013572940806533963,16
5,0.12271846303085129,0.00015367203999999999,18000.000000052529,0.0240266197865763,0.0010291335561154974,16
5,0.12271846303085129,0.00015367203999999999,18100.000000036522,0.023117084819242052,0.0013587939773770639,16
5,0.12271846303085129,0.00015367203999999999,18200.000000020515,0.023446356682181528,0.0011628342765305133,16
5,0.12271846303085129,0.00015367203999999999,18300.000000004507,0.023411480064846595,0.0011929533723233168,16
5,0.12271846303085129,0.00015367203999999999,18399.9999999885,0.023905501117062234,0.0012774929301534572,16
5,0.12271846303085129,0.00015367203999999999,18499.999999972493,0.023846705220320587,0.0012742439558700934,16
5,0.12271846303085129,0.00015367203999999999,18599.999999956486,0.024520487519833642,0.0011475349881199049,16
5,0.12271846303085129,0.00015367203999999999,18699.999999940479,0.023541099458367579,0.0007647044657837145,16
5,0.12271846303085129,0.00015367203999999999,18799.999999924472,0.023190143355646477,0.0012273191688049448,16
5,0.12271846303085129,0.00015367203999999999,18899.999999908465,0.022458776170139198,0.0012039695247393078,16
5,0.12271846303085129,0.00015367203999999999,18999.999999892458,0.022882231456617323,0.0011419428952704109,16
5,0.12271846303085129,0.00015367203999999999,19099.999999876451,0.022096408109436805,0.001034204196310892,16
5,0.12271846303085129,0.00015367203999999999,19199.999999860443,0.022368896078781574,0.0014748134658048105,16
5,0.12271846303085129,0.00015367203999999999,19299.999999844436,0.022576183010151837,0.0014712286450764569,16
5,0.12271846303085129,0.00015367203999999999,19399.999999828429,0.024692911287198291,0.0014134171326115035,16
5,0.12271846303085129,0.00015367203999999999,19499.999999812422,0.023260330997460697,0.0010460832848195383,16
5,0.12271846303085129,0.00015367203999999999,19599.999999796415,0.023441079198747834,0.00084325783228210774,16
5,0.12271846303085129,0.00015367203999999999,19699.999999780408,0.023720971764876194,0.00099384512628267977,16
5,0.12271846303085129,0.00015367203999999999,19799.999999764401,0.022937272938428961,0.00087624034405618569,16
5,0.12271846303085129,0.00015367203999999999,19899.999999748394,0.023572272677234999,0.00090404918481323978,16
5,0.12271846303085129,0.00015367203999999999,19999.999999732387,0.023849932858481738,0.00096142124828753307,16
5,0.12271846303085129,0.00015367203999999999,20099.99999971638,0.02428579235072921,0.0011296238940730261,16
5,0.12271846303085129,0.00015367203999999999,20199.999999700372,0.023934467587652167,0.0014512536421543512,16
5,0.12271846303085129,0.00015367203999999999,20299.999999684365,0.023991785303624946,0.00092489292393548397,16
5,0.12271846303085129,0.00015367203999999999,20399.999999668358,0.024050335437404678,0.0011571346017637662,16
5,0.12271846303085129,0.00015367203999999999,20499.999999652351,0.025036278011413459,0.00098682215187617574,16
5,0.12271846303085129,0.00015367203999999999,20599.999999636344,0.025355253092714247,0.00097693657314482335,16
5,0.12271846303085129,0.00015367203999999999,20699.999999620337,0.025443708410182841,0.0013068792390192306,16
5,0.12271846303085129,0.00015367203999999999,20799.99999960433,0.025147727386449728,0.0013087720621409093,16
5,0.12271846303085129,0.00015367203999999999,20899.999999588323,0.023618286653069358,0.00093721225213648659,16
5,0.12271846303085129,0.00015367203999999999,20999.999999572316,0.025107582780650641,0.00091028668901088389,16
5,0.12271846303085129,0.00015367203999999999,21099.999999556308,0.026991392678779841,0.001115161745594833,16
5,0.12271846303085129,0.00015367203999999999,21199.999999540301,0.026529967487334577,0.0013348939041322332,16
5,0.12271846303085129,0.00015367203999999999,21299.999999524294,0.023326999741181225,0.001206252176122066,16
5,0.12271846303085129,0.00015367203999999999,21399.999999508287,0.023173208812874865,0.0013684251066330502,16
5,0.12271846303085129,0.00015367203999999999,21499.99999949228,0.023008992135810293,0.0013686034003688691,16
5,0.12271846303085129,0.00015367203999999999,21599.999999476273,0.02298694243188831,0.0014793538842530285,16
5,0.12271846303085129,0.00015367203999999999,21699.999999460266,0.02337274409557381,0.0015671088424419261,16
5,0.12271846303085129,0.00015367203999999999,21799.999999444259,0.024849401454446533,0.0013652172607559266,16
5,0.12271846303085129,0.00015367203999999999,21899.999999428252,0.024499960327177325,0.0011420005670579065,16
5,0.12271846303085129,0.00015367203999999999,21999.999999412245,0.022643268080451449,0.0011944447876344139,16
5,0.12271846303085129,0.00015367203999999999,22099.999999396237,0.023516300379261907,0.00084870608260178334,16
5,0.12271846303085129,0.00015367203999999999,22199.99999938023,0.024396366018332998,0.0012384527889923436,16
5,0.12271846303085129,0.00015367203999999999,22299.999999364223,0.023147004081015332,0.000947283365184083,16
5,0.12271846303085129,0.00015367203999999999,22399.999999348216,0.022911985950710288,0.0011316149485210013,16
5,0.12271846303085129,0.00015367203999999999,22499.999999332209,0.024830369009768229,0.0010960712804693022,16
5,0.12271846303085129,0.00015367203999999999,22599.999999316202,0.025854344891357881,0.0013533239764560699,16
5,0.12271846303085129,0.00015367203999999999,22699.999999300195,0.026800753611603258,0.0014726131409612663,16
5,0.12271846303085129,0.00015367203999999999,22799.999999284188,0.024944506393727715,0.0015399397525432013,16
5,0.12271846303085129,0.00015367203999999999,22899.999999268181,0.024649493209721221,0.0010946330376493004,16
5,0.12271846303085129,0.00015367203999999999,22999.999999252173,0.023980018580553965,0.0011305817652990813,16
5,0.12271846303085129,0.00015367203999999999,23099.999999236166,0.023965555833156231,0.0010867310589484517,16
5,0.12271846303085129,0.00015367203999999999,23199.999999220159,0.024148164379269352,0.0011482211276475228,16
5,0.12271846303085129,0.00015367203999999999,23299.999999204152,0.024466325475330782,0.0013277523794071474,16
5,0.12271846303085129,0.00015367203999999999,23399.999999188145,0.02375932319952043,0.0015373417987998843,16
5,0.12271846303085129,0.00015367203999999999,23499.999999172138,0.024078252772114204,0.0013474352621741068,16
5,0.12271846303085129,0.00015367203999999999,23599.999999156131,0.025054687416530969,0.0015067202361953346,16
5,0.12271846303085129,0.00015367203999999999,23699.999999140124,0.025064612668862604,0.0015707994536114918,16
5,0.12271846303085129,0.00015367203999999999,23799.999999124117,0.024612814879667013,0.0016018646264741978,16
5,0.12271846303085129,0.00015367203999999999,23899.999999108109,0.023927262324906235,0.0012657587145395071,16
5,0.12271846303085129,0.00015367203999999999,23999.999999092102,0.022791941559731417,0.0014396774015504211,16
5,0.12271846303085129,0.00015367203999999999,24099.999999076095,0.022373506139897248,0.0011245665773392053,16
5,0.12271846303085129,0.00015367203999999999,24199.999999060088,0.022053826132548499,0.00095060546064421297,16
5,0.12271846303085129,0.00015367203999999999,24299.999999044081,0.022476832407291876,0.00081980838374401594,16
5,0.12271846303085129,0.00015367203999999999,24399.999999028074,0.02434936417384664,0.0011183342350686235,16
5,0.12271846303085129,0.00015367203999999999,24499.999999012067,0.024108747051192387,0.001054194594589025,16
5,0.12271846303085129,0.00015367203999999999,24599.99999899606,0.024374769592022137,0.0012180380011674206,16
5,0.12271846303085129,0.00015367203999999999,24699.999998980053,0.023689276930475345,0.0011908640899586918,16
5,0.12271846303085129,0.00015367203999999999,24799.999998964046,0.023753181933021911,0.001604446211318541,16
5,0.12271846303085129,0.00015367203999999999,24899.999998948038,0.024505345952041534,0.00121834922730234,16
5,0.12271846303085129,0.00015367203999999999,24999.999998932031,0.024160866923431362,0.0009196533950117272,16
5,0.12271846303085129,0.00015367203999999999,25099.999998916024,0.024444531911673398,0.0009238958676694905,16
5,0.12271846303085129,0.00015367203999999999,25199.999998900017,0.025061915039946495,0.0011101363320282045,16
5,0.12271846303085129,0.00015367203999999999,25299.99999888401,0.02557093924259498,0.0012851160456423666,16
5,0.12271846303085129,0.00015367203999999999,25399.999998868003,0.025042168044784575,0.001355291115654432,16
5,0.12271846303085129,0.00015367203999999999,25499.999998851996,0.024511061853201427,0.0010942362481937442,16
5,0.12271846303085129,0.00015367203999999999,25599.999998835989,0.024957736309866883,0.00098494281947979906,16
5,0.12271846303085129,0.00015367203999999999,25699.999998819982,0.024315693430212386,0.0011047223654809099,16
5,0.12271846303085129,0.00015367203999999999,25799.999998803974,0.02426831803712699,0.0014875834900181556,16
5,0.12271846303085129,0.00015367203999999999,25899.999998787967,0.02229826402701985,0.0012012880266405246,16
5,0.12271846303085129,0.00015367203999999999,25999.99999877196,0.023810305527290201,0.0011249882409173583,16
5,0.12271846303085129,0.00015367203999999999,26099.999998755953,0.023162483698129302,0.0011277522439343797,16
5,0.12271846303085129,0.00015367203999999999,26199.999998739946,0.024544397699713359,0.0013427030825988004,16
5,0.12271846303085129,0.00015367203999999999,26299.999998723939,0.025023551481084948,0.0012317489566336295,16
5,0.12271846303085129,0.00015367203999999999,26399.999998707932,0.025002776674642777,0.0012801564230223925,16
5,0.12271846303085129,0.00015367203999999999,26499.999998691925,0.024832870920695506,0.0010656168504224264,16
5,0.12271846303085129,0.00015367203999999999,26599.999998675918,0.023998111924799548,0.00097418979233301374,16
5,0.12271846303085129,0.00015367203999999999,26699.99999865991,0.022491172036736749,0.0010190292632966799,16
5,0.12271846303085129,0.00015367203999999999,26799.999998643903,0.024050696261193577,0.00088228533185893466,16
5,0.12271846303085129,0.00015367203999999999,26899.999998627896,0.025137365005354809,0.0011365308665337278,16
5,0.12271846303085129,0.00015367203999999999,26999.999998611889,0.024969778192784019,0.0013181663731676003,16
5,0.12271846303085129,0.00015367203999999999,27099.999998595882,0.024659998544548315,0.0013105466572445313,16
5,0.12271846303085129,0.00015367203999999999,27199.999998579875,0.025153954252585195,0.001381126923755928,16
5,0.12271846303085129,0.00015367203999999999,27299.999998563868,0.025109288632968851,0.0016371286155411786,16
5,0.12271846303085129,0.00015367203999999999,27399.999998547861,0.025876133568498987,0.001116965683374488,16
5,0.12271846303085129,0.00015367203999999999,27499.999998531854,0.025306868802414353,0.00092076641594976199,16
5,0.12271846303085129,0.00015367203999999999,27599.999998515847,0.025073079239843622,0.0010886015495895972,16
5,0.12271846303085129,0.00015367203999999999,27699.999998499839,0.02539828477043031,0.0014256936600589045,16
5,0.12271846303085129,0.00015367203999999999,27799.999998483832,0.024907913051631796,0.0014583280321238741,16
5,0.12271846303085129,0.00015367203999999999,27899.999998467825,0.024586962280383425,0.0011139444537191338,16
5,0.12271846303085129,0.00015367203999999999,27999.999998451818,0.023486791955702645,0.0012221188067603078,16
5,0.12271846303085129,0.00015367203999999999,28099.999998435811,0.024240886602298162,0.0015361496833384335,16
5,0.12271846303085129,0.00015367203999999999,28199.999998419804,0.024259717740994675,0.0014482171169436088,16
5,0.12271846303085129,0.00015367203999999999,28299.999998403797,0.024516311680141831,0.0013945522686059392,16
5,0.12271846303085129,0.00015367203999999999,28399.99999838779,0.024853307693837992,0.0012864505774853397,16
5,0.12271846303085129,0.00015367203999999999,28499.999998371783,0.024700843028574601,0.0010703946211292389,16
5,0.12271846303085129,0.00015367203999999999,28599.999998355775,0.02403417446389338,0.0013493363025745375,16
5,0.12271846303085129,0.00015367203999999999,28699.999998339768,0.02504775416176841,0.001419524453024436,16
5,0.12271846303085129,0.00015367203999999999,28799.999998323761,0.024359901592649578,0.001151639351820125,16
5,0.12271846303085129,0.00015367203999999999,28899.999998307754,0.023968590112494897,0.0012079258357817805,16
5,0.12271846303085129,0.00015367203999999999,28999.999998291747,0.024819309300082758,0.0010975218682217445,16
5,0.12271846303085129,0.00015367203999999999,29099.99999827574,0.024623623412362287,0.0009704569449274957,16
5,0.12271846303085129,0.00015367203999999999,29199.999998259733,0.023800900398400437,0.0013552143107499169,16
5,0.12271846303085129,0.00015367203999999999,29299.999998243726,0.022125313864548749,0.0015405022677497918,16
5,0.12271846303085129,0.00015367203999999999,29399.999998227719,0.022384752306087809,0.0015317561667223519,16
5,0.12271846303085129,0.00015367203999999999,29499.999998211711,0.02283775087880965,0.0016034833653851993,16
5,0.12271846303085129,0.00015367203999999999,29599.999998195704,0.022794753532189488,0.0016542091605179544,16
5,0.12271846303085129,0.00015367203999999999,29699.999998179697,0.023345325397016989,0.0012131327932516432,16
5,0.12271846303085129,0.00015367203999999999,29799.99999816369,0.025545139457701035,0.0014451150917467661,16
5,0.12271846303085129,0.00015367203999999999,29899.999998147683,0.024892802793126272,0.0011636429469217341,16
5,0.12271846303085129,0.00015367203999999999,29999.999998131676,0.025039761996941679,0.0010559960388060432,16
5,0.12271846303085129,0.00015367203999999999,30099.999998115669,0.023836064342944708,0.0013223700421817299,16
5,0.12271846303085129,0.00015367203999999999,30199.999998099662,0.024259295442779938,0.0016316827815702393,16
5,0.12271846303085129,0.00015367203999999999,30299.999998083655,0.02377639030530744,0.0015035491357266526,16
5,0.12271846303085129,0.00015367203999999999,30399.999998067648,0.025157780912103082,0.0016119919773755443,16
5,0.12271846303085129,0.00015367203999999999,30499.99999805164,0.026371046067901509,0.0014888604264484404,16
5,0.12271846303085129,0.00015367203999999999,30599.999998035633,0.025636970914856096,0.0011549435053927579,16
5,0.12271846303085129,0.00015367203999999999,30699.999998019626,0.023792341879276677,0.00096092616355353245,16
5,0.12271846303085129,0.00015367203999999999,30799.999998003619,0.022597740517707139,0.00069889802193560599,16
5,0.12271846303085129,0.00015367203999999999,30899.999997987612,0.022400220343146073,0.0011978982416445097,16
5,0.12271846303085129,0.00015367203999999999,30999.999997971605,0.022476305657546682,0.0012040070579988911,16
5,0.12271846303085129,0.00015367203999999999,31099.999997955598,0.022970823133729945,0.0012633094048142496,16
5,0.12271846303085129,0.00015367203999999999,31199.999997939591,0.022922424139570567,0.0012323909017757971,16
5,0.12271846303085129,0.00015367203999999999,31299.999997923584,0.023520378120933709,0.001607426692349069,16
5,0.12271846303085129,0.00015367203999999999,31399.999997907576,0.02412136066003949,0.0014166348971617034,16
5,0.12271846303085129,0.00015367203999999999,31499.999997891569,0.02523772167880646,0.001425293277599536,16
5,0.12271846303085129,0.00015367203999999999,31599.999997875562,0.024008817276141833,0.001740306172727414,16
5,0.12271846303085129,0.00015367203999999999,31699.999997859555,0.024401211915020642,0.0017079910834577445,16
5,0.12271846303085129,0.00015367203999999999,31799.999997843548,0.025876502459429677,0.0013778358671746622,16
5,0.12271846303085129,0.00015367203999999999,31899.999997827541,0.024242475270549461,0.0012784836795344625,16
5,0.12271846303085129,0.00015367203999999999,31999.999997811534,0.023736538874420426,0.0010469556325205897,16
5,0.12271846303085129,0.00015367203999999999,32099.999997795527,0.025403621937616503,0.0010330196874326341,16
5,0.12271846303085129,0.00015367203999999999,32199.99999777952,0.024787946039897465,0.0011056239832447903,16
5,0.12271846303085129,0.00015367203999999999,32299.999997763513,0.026014387409507175,0.0011312154834470206,16
5,0.12271846303085129,0.00015367203999999999,32399.999997747505,0.024907805858335682,0.001345334910862112,16
5,0.12271846303085129,0.00015367203999999999,32499.999997731498,0.023978865298784,0.0018637387409908815,16
5,0.12271846303085129,0.00015367203999999999,32599.999997715491,0.023539829343639677,0.0017008378782222512,16
5,0.12271846303085129,0.00015367203999999999,32699.999997699484,0.022927045228175999,0.0014587302450433989,16
5,0.12271846303085129,0.00015367203999999999,32799.999997695115,0.022574500369698807,0.00099867522192122996,16
5,0.12271846303085129,0.00015367203999999999,32899.999997715488,0.023107084494326153,0.00087698844818144062,16
5,0.12271846303085129,0.00015367203999999999,32999.99999773586,0.02341819268188728,0.0010488189093517759,16
5,0.12271846303085129,0.00015367203999999999,33099.999997756233,0.023799714690800028,0.0010260412371622802,16
5,0.12271846303085129,0.00015367203999999999,33199.999997776606,0.024414138773199336,0.001071195771685814,16
5,0.12271846303085129,0.00015367203999999999,33299.999997796978,0.025152227566540394,0.0013447726491989914,16
5,0.12271846303085129,0.00015367203999999999,33399.999997817351,0.025665768298046461,0.0013496657755769598,16
5,0.12271846303085129,0.00015367203999999999,33499.999997837724,0.025265751924189464,0.0012499041812272516,16
5,0.12271846303085129,0.00015367203999999999,33599.999997858096,0.023709735168911741,0.0012823780002933266,16
5,0.12271846303085129,0.00015367203999999999,33699.999997878469,0.022907261473365102,0.0010208075964615239,16
5,0.12271846303085129,0.00015367203999999999,33799.999997898842,0.023170534693633654,0.0012515167097123688,16
5,0.12271846303085129,0.00015367203999999999,33899.999997919214,0.024479699321997114,0.0016787521777563061,16
5,0.12271846303085129,0.00015367203999999999,33999.999997939587,0.024868337935830827,0.0012706541178817948,16
5,0.12271846303085129,0.00015367203999999999,34099.99999795996,0.025568926992625453,0.0013239297884583496,16
5,0.12271846303085129,0.00015367203999999999,34199.999997980332,0.026381023546914954,0.0014744970103789273,16
5,0.12271846303085129,0.00015367203999999999,34299.999998000705,0.02434916217718652,0.0013236598675710632,16
5,0.12271846303085129,0.00015367203999999999,34399.999998021078,0.023430929710297425,0.0011063215337065858,16
5,0.12271846303085129,0.00015367203999999999,34499.99999804145,0.023500275445318922,0.0011827548357829819,16
5,0.12271846303085129,0.00015367203999999999,34599.999998061823,0.023680952350881634,0.0013989785386234572,16
5,0.12271846303085129,0.00015367203999999999,34699.999998082196,0.022842464752368612,0.0016420295495648131,16
5,0.12271846303085129,0.00015367203999999999,34799.999998102568,0.022735741249921154,0.0013312408243958201,16
5,0.12271846303085129,0.00015367203999999999,34899.999998122941,0.023362615624395115,0.0014250322597056876,16
5,0.12271846303085129,0.00015367203999999999,34999.999998143314,0.022566820713007203,0.0015024791601900098,16
5,0.12271846303085129,0.00015367203999999999,35099.999998163687,0.022501797790868316,0.0014525980714755178,16
5,0.12271846303085129,0.00015367203999999999,35199.999998184059,0.023346402468761678,0.0013929921813949891,16
5,0.12271846303085129,0.00015367203999999999,35299.999998204432,0.023982695691598922,0.0017922822729192374,16
5,0.12271846303085129,0.00015367203999999999,35399.999998224805,0.022973052598592066,0.0014395896178870087,16
5,0.12271846303085129,0.00015367203999999999,35499.999998245177,0.023531102280483159,0.0017204184927794171,16
5,0.12271846303085129,0.00015367203999999999,35599.99999826555,0.02352081266608351,0.0013008730524271892,16
5,0.12271846303085129,0.00015367203999999999,35699.999998285923,0.023362339728947995,0.00095170791778620466,16
5,0.12271846303085129,0.00015367203999999999,35799.999998306295,0.023263542144403179,0.00081313468863784008,16
5,0.12271846303085129,0.00015367203999999999,35899.999998326668,0.021720520521042251,0.0012611518909887874,16
5,0.12271846303085129,0.00015367203999999999,35999.999998347041,0.023502488668251213,0.0016943312618643632,16
5,0.12271846303085129,0.00015367203999999999,36099.999998367413,0.025950136666612847,0.001685691041443545,16
5,0.12271846303085129,0.00015367203999999999,36199.999998387786,0.027320722209029927,0.0010106544036374992,16
5,0.12271846303085129,0.00015367203999999999,36299.999998408159,0.025074611663454718,0.0014782933543294068,16
5,0.12271846303085129,0.00015367203999999999,36399.999998428531,0.023090484023073954,0.0012574923618349238,16
5,0.12271846303085129,0.00015367203999999999,36499.999998448904,0.023452157299520254,0.0014356011707442105,16
5,0.12271846303085129,0.00015367203999999999,36599.999998469277,0.023337906411570755,0.0015230021466500572,16
5,0.12271846303085129,0.00015367203999999999,36699.999998489649,0.02193596485602449,0.0015058936061773261,16
5,0.12271846303085129,0.00015367203999999999,36799.999998510022,0.023111600883609862,0.0013121260626934583,16
5,0.12271846303085129,0.00015367203999999999,36899.999998530395,0.024402970334180304,0.0011332524582358162,16
5,0.12271846303085129,0.00015367203999999999,36999.999998550767,0.024462042965769787,0.0012741021424530986,16
5,0.12271846303085129,0.00015367203999999999,37099.99999857114,0.024878207975658061,0.0011501677629659089,16
5,0.12271846303085129,0.00015367203999999999,37199.999998591513,0.024955687630281786,0.00098643455741084362,16
5,0.12271846303085129,0.00015367203999999999,37299.999998611886,0.024924838181402273,0.0008699258313281603,16
5,0.12271846303085129,0.00015367203999999999,37399.999998632258,0.024541809079515694,0.0013198102361130126,16
5,0.12271846303085129,0.00015367203999999999,37499.999998652631,0.023123000602006717,0.0016870001230482419,16
5,0.12271846303085129,0.00015367203999999999,37599.999998673004,0.023851905586540021,0.0015738335599009253,16
5,0.12271846303085129,0.00015367203999999999,37699.999998693376,0.022628390135216472,0.0011517419359795525,16
5,0.12271846303085129,0.00015367203999999999,37799.999998713749,0.021983052204469618,0.00095470492379104573,16
5,0.12271846303085129,0.00015367203999999999,37899.999998734122,0.023644898896406273,0.0011440908629997192,16
5,0.12271846303085129,0.00015367203999999999,37999.999998754494,0.024184215195327066,0.00086751860475299872,16
5,0.12271846303085129,0.00015367203999999999,38099.999998774867,0.024591239455478794,0.0011395374592043331,16
5,0.12271846303085129,0.00015367203999999999,38199.99999879524,0.025645441361362615,0.0010998152932594782,16
5,0.12271846303085129,0.00015367203999999999,38299.999998815612,0.02537385993505736,0.00129231766362117,16
5,0.12271846303085129,0.00015367203999999999,38399.999998835985,0.023804117495169957,0.001259069541627894,16
5,0.12271846303085129,0.00015367203999999999,38499.999998856358,0.024552734351709665,0.00092568627488302379,16
5,0.12271846303085129,0.00015367203999999999,38599.99999887673,0.023920279079739589,0.0011168038213095321,16
5,0.12271846303085129,0.00015367203999999999,38699.999998897103,0.02373585287300015,0.0010210670415515101,16
5,0.12271846303085129,0.00015367203999999999,38799.999998917476,0.023323551749667021,0.0010387195121135048,16
5,0.12271846303085129,0.00015367203999999999,38899.999998937848,0.023890255800081542,0.0010101341356186571,16
5,0.12271846303085129,0.00015367203999999999,38999.999998958221,0.023626944327476362,0.001045188323427264,16
5,0.12271846303085129,0.00015367203999999999,39099.999998978594,0.023724468746561558,0.0007128405768325062,16
5,0.12271846303085129,0.00015367203999999999,39199.999998998966,0.023627153558170515,0.0012340292810391574,16
5,0.12271846303085129,0.00015367203999999999,39299.999999019339,0.023311350567624366,0.0010987296383288196,16
5,0.12271846303085129,0.00015367203999999999,39399.999999039712,0.024087846580277388,0.0011769330799418047,16
5,0.12271846303085129,0.00015367203999999999,39499.999999060085,0.024065185414101724,0.0013252096679373972,16
5,0.12271846303085129,0.00015367203999999999,39599.999999080457,0.024300418826407887,0.0015195953083468926,16
5,0.12271846303085129,0.00015367203999999999,39699.99999910083,0.023275783794594135,0.0016442599647589538,16
5,0.12271846303085129,0.00015367203999999999,39799.999999121203,0.023621925367408533,0.0011288695188943717,16
5,0.12271846303085129,0.00015367203999999999,39899.999999141575,0.024527375758263234,0.0011990069651788503,16
5,0.12271846303085129,0.00015367203999999999,39999.999999161948,0.024740214609021489,0.0015094952420039425,16
5,0.12271846303085129,0.00015367203999999999,40099.999999182321,0.023835568650792976,0.0016243765373720365,16
5,0.12271846303085129,0.00015367203999999999,40199.999999202693,0.022301868742952653,0.0010609122984729861,16
5,0.12271846303085129,0.00015367203999999999,40299.999999223066,0.022725954288896184,0.0012666227068576072,16
5,0.12271846303085129,0.00015367203999999999,40399.999999243439,0.023331422948358743,0.0011043979210910372,16
5,0.12271846303085129,0.00015367203999999999,40499.999999263811,0.023269912664137422,0.00080743592313339948,16
5,0.12271846303085129,0.00015367203999999999,40599.999999284184,0.02285455476991579,0.00097367164140374138,16
5,0.12271846303085129,0.00015367203999999999,40699.999999304557,0.023194368343865842,0.0011811750645756077,16
5,0.12271846303085129,0.00015367203999999999,40799.999999324929,0.024053584851165467,0.0012819036436238556,16
5,0.12271846303085129,0.00015367203999999999,40899.999999345302,0.024170531817796236,0.0010795143757706702,16
5,0.12271846303085129,0.00015367203999999999,40999.999999365675,0.024947260052214669,0.0014951767457553045,16
5,0.12271846303085129,0.00015367203999999999,41099.999999386047,0.024057311967625068,0.0013346259134171133,16
5,0.12271846303085129,0.00015367203999999999,41199.99999940642,0.025047170366767155,0.00094085886615647221,16
5,0.12271846303085129,0.00015367203999999999,41299.999999426793,0.024754496068419743,0.0010338896198128754,16
5,0.12271846303085129,0.00015367203999999999,41399.999999447165,0.024948629748098385,0.0012171477457034883,16
5,0.12271846303085129,0.00015367203999999999,41499.999999467538,0.024849643084941059,0.0015099106450897309,16
5,0.12271846303085129,0.00015367203999999999,41599.999999487911,0.025332487133462821,0.0015668896449892826,16
5,0.12271846303085129,0.00015367203999999999,41699.999999508284,0.024707032510113965,0.0011712756423286213,16
5,0.12271846303085129,0.00015367203999999999,41799.999999528656,0.024731139983972143,0.0011707331168945441,16
5,0.12271846303085129,0.00015367203999999999,41899.999999549029,0.02356803762037896,0.0013847659320371849,16
5,0.12271846303085129,0.00015367203999999999,41999.999999569402,0.023387824197784492,0.0017056794013783198,16
5,0.12271846303085129,0.00015367203999999999,42099.999999589774,0.022628568376206127,0.0012365698523286632,16
5,0.12271846303085129,0.00015367203999999999,42199.999999610147,0.022318619541395031,0.0011129007522582648,16
5,0.12271846303085129,0.00015367203999999999,42299.99999963052,0.02319189150198378,0.0011079810792144237,16
5,0.12271846303085129,0.00015367203999999999,42399.999999650892,0.025812916835596902,0.001223504301417387,16
5,0.12271846303085129,0.00015367203999999999,42499.999999671265,0.025521820302212356,0.0013336570620770081,16
5,0.12271846303085129,0.00015367203999999999,42599.999999691638,0.02349299034314583,0.0012339555061963207,16
5,0.12271846303085129,0.00015367203999999999,42699.99999971201,0.023349551999313441,0.001045566321077546,16
5,0.12271846303085129,0.00015367203999999999,42799.999999732383,0.023491462943463937,0.0009150029669001313,16
5,0.12271846303085129,0.00015367203999999999,42899.999999752756,0.02446866804704281,0.0010178575710347332,16
5,0.12271846303085129,0.00015367203999999999,42999.999999773128,0.024454471704488293,0.0009788177021228619,16
5,0.12271846303085129,0.00015367203999999999,43099.999999793501,0.023400503306057249,0.00099329249050789277,16
5,0.12271846303085129,0.00015367203999999999,43199.999999813874,0.023342190279888576,0.0013533904905948502,16
5,0.12271846303085129,0.00015367203999999999,43299.999999834246,0.023062841865484456,0.0011025964201618953,16
5,0.12271846303085129,0.00015367203999999999,43399.999999854619,0.023116262860524848,0.00098527050775142457,16
5,0.12271846303085129,0.00015367203999999999,43499.999999874992,0.024073615279799839,0.0011623498190384736,16
5,0.12271846303085129,0.00015367203999999999,43599.999999895364,0.024040700426419752,0.0011190764730724292,16
5,0.12271846303085129,0.00015367203999999999,43699.999999915737,0.023259872223248275,0.00097342663376946009,16
5,0.12271846303085129,0.00015367203999999999,43799.99999993611,0.022457488102289678,0.001610971457385023,16
5,0.12271846303085129,0.00015367203999999999,43899.999999956482,0.021815295442570833,0.0012701696216127578,16
5,0.12271846303085129,0.00015367203999999999,43999.999999976855,0.022385633205942501,0.0014770071530999854,16
5,0.12271846303085129,0.00015367203999999999,44099.999999997228,0.023108603485095414,0.001614628388685558,16
5,0.12271846303085129,0.00015367203999999999,44200.000000017601,0.02223384880441329,0.0013030574503469139,16
5,0.12271846303085129,0.00015367203999999999,44300.000000037973,0.021858662547395363,0.0013574436171098416,16
5,0.12271846303085129,0.00015367203999999999,44400.000000058346,0.023482421095575391,0.0012390538590509789,16
5,0.12271846303085129,0.00015367203999999999,44500.000000078719,0.024116535362000143,0.0010687015111261475,16
5,0.12271846303085129,0.00015367203999999999,44600.000000099091,0.024814100337754507,0.0011278480903207976,16
5,0.12271846303085129,0.00015367203999999999,44700.000000119464,0.025958601085441166,0.00090318337538382494,16
5,0.12271846303085129,0.00015367203999999999,44800.000000139837,0.026473496313133765,0.0013199330852865223,16
5,0.12271846303085129,0.00015367203999999999,44900.000000160209,0.027373142945510503,0.0014411805408318932,16
5,0.12271846303085129,0.00015367203999999999,45000.000000180582,0.027866120320342802,0.0013185551446075301,16
5,0.12271846303085129,0.00015367203999999999,45100.000000200955,0.026470950270575177,0.0012042663289546279,16
5,0.12271846303085129,0.00015367203999999999,45200.000000221327,0.026607988037356811,0.0012616110255366771,16
5,0.12271846303085129,0.00015367203999999999,45300.0000002417,0.024228650643620172,0.0016125945884435241,16
5,0.12271846303085129,0.00015367203999999999,45400.000000262073,0.023656705804636656,0.0018531230187367202,16
5,0.12271846303085129,0.00015367203999999999,45500.000000282445,0.0244401124382559,0.0015139383638277729,16
5,0.12271846303085129,0.00015367203999999999,45600.000000302818,0.023151195156624508,0.0014226305483962761,16
5,0.12271846303085129,0.00015367203999999999,45700.000000323191,0.022002845968348665,0.0011653228853887401,16
5,0.12271846303085129,0.00015367203999999999,45800.000000343563,0.022344810824124161,0.00097714303240228353,16
5,0.12271846303085129,0.00015367203999999999,45900.000000363936,0.0222278969586528,0.0015622778371376367,16
5,0.12271846303085129,0.00015367203999999999,46000.000000384309,0.022954719808351363,0.0013683880055098884,16
5,0.12271846303085129,0.00015367203999999999,46100.000000404681,0.024129683528559497,0.0012187657690589449,16
5,0.12271846303085129,0.00015367203999999999,46200.000000425054,0.02420624045898067,0.0015853029800732444,16
5,0.12271846303085129,0.00015367203999999999,46300.000000445427,0.024681078253256456,0.0010734311539918238,16
5,0.12271846303085129,0.00015367203999999999,46400.0000004658,0.024049584067935399,0.0013117831313837025,16
5,0.12271846303085129,0.00015367203999999999,46500.000000486172,0.024401329410416287,0.0014954507104208978,16
5,0.12271846303085129,0.00015367203999999999,46600.000000506545,0.022932366227406676,0.0014137747363471725,16
5,0.12271846303085129,0.00015367203999999999,46700.000000526918,0.024294912633907539,0.0013979772217568205,16
5,0.12271846303085129,0.00015367203999999999,46800.00000054729,0.025449086873951181,0.0013274680015813486,16
5,0.12271846303085129,0.00015367203999999999,46900.000000567663,0.024501927522461529,0.0011507924724811101,16
5,0.12271846303085129,0.00015367203999999999,47000.000000588036,0.023586257890406193,0.0013885129361940328,16
5,0.12271846303085129,0.00015367203999999999,47100.000000608408,0.024685771000638273,0.0015798983707597546,16
5,0.12271846303085129,0.00015367203999999999,47200.000000628781,0.022692699973155324,0.0012814029677121988,16
5,0.12271846303085129,0.00015367203999999999,47300.000000649154,0.02453469564245539,0.0011614665362738991,16
5,0.12271846303085129,0.00015367203999999999,47400.000000669526,0.024193529753282813,0.0010027482418845078,16
5,0.12271846303085129,0.00015367203999999999,47500.000000689899,0.023578972077146172,0.0015080909980415566,16
5,0.12271846303085129,0.00015367203999999999,47600.000000710272,0.02311743314252284,0.0014512423779985749,16
5,0.12271846303085129,0.00015367203999999999,47700.000000730644,0.023601833294541397,0.0010130348610174944,16
5,0.12271846303085129,0.00015367203999999999,47800.000000751017,0.024791279963501105,0.0015482296404472765,16
5,0.12271846303085129,0.00015367203999999999,47900.00000077139,0.024936671623946721,0.0012702988240124394,16
5,0.12271846303085129,0.00015367203999999999,48000.000000791762,0.023143858775565854,0.0015563258549338543,16
5,0.12271846303085129,0.00015367203999999999,48100.000000812135,0.02396995393728301,0.0016072021704419898,16
5,0.12271846303085129,0.00015367203999999999,48200.000000832508,0.023010648990924757,0.001450414252215645,16
5,0.12271846303085129,0.00015367203999999999,48300.00000085288,0.022166368614228885,0.0010215267426260202,16
5,0.12271846303085129,0.00015367203999999999,48400.000000873253,0.023890964721834471,0.0012211495290300805,16
5,0.12271846303085129,0.00015367203999999999,48500.000000893626,0.022814436732943585,0.0010453131615315409,16
5,0.12271846303085129,0.00015367203999999999,48600.000000913999,0.023431695471839511,0.0007254773104516469,16
5,0.12271846303085129,0.00015367203999999999,48700.000000934371,0.024287451335490807,0.0011382062155703601,16
5,0.12271846303085129,0.00015367203999999999,48800.000000954744,0.024039500843977286,0.001316916256678811,16
5,0.12271846303085129,0.00015367203999999999,48900.000000975117,0.023442782586531343,0.0015259140454175557,16
5,0.12271846303085129,0.00015367203999999999,49000.000000995489,0.02413099165296425,0.0013729952625184741,16
5,0.12271846303085129,0.00015367203999999999,49100.000001015862,0.024684572164557526,0.001862782644890154,16
5,0.12271846303085129,0.00015367203999999999,49200.000001036235,0.023523677706278598,0.0015415273756882459,16
5,0.12271846303085129,0.00015367203999999999,49300.000001056607,0.02376414838025211,0.0012896276079502232,16
5,0.12271846303085129,0.00015367203999999999,49400.00000107698,0.024937558403419591,0.0011257583156503033,16
5,0.12271846303085129,0.00015367203999999999,49500.000001097353,0.025757192663122364,0.0010870366438702067,16
5,0.12271846303085129,0.00015367203999999999,49600.000001117725,0.025293558926381236,0.00095696876238335815,16
5,0.12271846303085129,0.00015367203999999999,49700.000001138098,0.024594254545307736,0.00095380504107827626,16
5,0.12271846303085129,0.00015367203999999999,49800.000001158471,0.023747860612428572,0.0011016317253060208,16
5,0.12271846303085129,0.00015367203999999999,49900.000001178843,0.0239435224343965,0.0013407189125086026,16
5,0.12271846303085129,0.00015367203999999999,50000.000001199216,0.024371628957726113,0.0010636047394587725,16
6,0.14726215563702155,0.00021641624,100.00000000001425,0.0085051808863343733,0.0010514108506008125,16
6,0.14726215563702155,0.00021641624,199.99999999996308,0.019018085029884294,0.0013144121193446815,16
6,0.14726215563702155,0.00021641624,299.99999999987216,0.022152193737403677,0.0016444040158799774,16
6,0.14726215563702155,0.00021641624,399.99999999978121,0.02290369891144042,0.0013361613639638313,16
6,0.14726215563702155,0.00021641624,499.99999999969026,0.023433838276694548,0.0011446749501482936,16
6,0.14726215563702155,0.00021641624,599.99999999959937,0.022459053499030501,0.00099681804964907826,16
6,0.14726215563702155,0.00021641624,699.99999999950842,0.023856532185948926,0.001111027045913872,16
6,0.14726215563702155,0.00021641624,799.99999999941747,0.024769812590609213,0.00075507647710593845,16
6,0.14726215563702155,0.00021641624,899.99999999932652,0.024893137718522831,0.0010158181081566669,16
6,0.14726215563702155,0.00021641624,999.99999999923557,0.026576840869237839,0.0012563001312584899,16
6,0.14726215563702155,0.00021641624,1099.9999999991446,0.026856251079880027,0.0008688515207120745,16
6,0.14726215563702155,0.00021641624,1199.9999999990537,0.02487606750766809,0.0010257254049092011,16
6,0.14726215563702155,0.00021641624,1299.9999999989627,0.022847214186548642,0.0013807084935038801,16
6,0.14726215563702155,0.00021641624,1399.9999999988718,0.023423919483602999,0.0015751707135826614,16
6,0.14726215563702155,0.00021641624,1499.9999999987808,0.02564019396897697,0.0011798726198297155,16
6,0.14726215563702155,0.00021641624,1599.9999999986899,0.026554528855270574,0.00082447443762320282,16
6,0.14726215563702155,0.00021641624,1699.9999999985989,0.024470457708641657,0.0010341160211262183,16
6,0.14726215563702155,0.00021641624,1799.999999998508,0.023435305906576432,0.0017038275863872046,16
6,0.14726215563702155,0.00021641624,1899.999999998417,0.022735869427732234,0.0014104119745712491,16
6,0.14726215563702155,0.00021641624,1999.9999999983261,0.020055331808928697,0.0012894049419583061,16
6,0.14726215563702155,0.00021641624,2099.9999999994175,0.021781607540369945,0.0012705320567509316,16
6,0.14726215563702155,0.00021641624,2200.0000000016003,0.021865682610925509,0.0010356155510153127,16
6,0.14726215563702155,0.00021641624,2300.000000003783,0.02213386163445424,0.0010319453348468129,16
6,0.14726215563702155,0.00021641624,2400.0000000059658,0.023252289252348585,0.0012802161647643673,16
6,0.14726215563702155,0.00021641624,2500.0000000081486,0.024549328344911268,0.0012300532931897052,16
6,0.14726215563702155,0.00021641624,2600.0000000103314,0.023838134637599356,0.0012648136501970848,16
6,0.14726215563702155,0.00021641624,2700.0000000125142,0.025536123765163534,0.0010434972955133274,16
6,0.14726215563702155,0.00021641624,2800.000000014697,0.024879357383282528,0.0011507930899710796,16
6,0.14726215563702155,0.00021641624,2900.0000000168798,0.023818999730769775,0.001429592512547072,16
6,0.14726215563702155,0.00021641624,3000.0000000190626,0.025020160963834172,0.0012951315698229589,16
6,0.14726215563702155,0.00021641624,3100.0000000212453,0.025145642562881609,0.0012984383506903997,16
6,0.14726215563702155,0.00021641624,3200.0000000234281,0.024219918657261256,0.0010639026205012283,16
6,0.14726215563702155,0.00021641624,3300.0000000256109,0.024024128217388731,0.0011890197463188357,16
6,0.14726215563702155,0.00021641624,3400.0000000277937,0.023917887377619851,0.0013876470964076229,16
6,0.14726215563702155,0.00021641624,3500.0000000299765,0.022834750927466927,0.0014145156403108305,16
6,0.14726215563702155,0.00021641624,3600.0000000321593,0.023833552614163811,0.0010769405045473164,16
6,0.14726215563702155,0.00021641624,3700.0000000343421,0.025190161429149739,0.0008924413318926529,16
6,0.14726215563702155,0.00021641624,3800.0000000365249,0.025394741109573578,0.0010121753515484947,16
6,0.14726215563702155,0.00021641624,3900.0000000387076,0.026141191565057641,0.0015511604950422771,16
6,0.14726215563702155,0.00021641624,4000.0000000408904,0.024871536361139583,0.0011716179014006679,16
6,0.14726215563702155,0.00021641624,4100.0000000430728,0.023515535492267925,0.00091049712221239669,16
6,0.14726215563702155,0.00021641624,4200.0000000452555,0.024888982214259919,0.0011375417249135415,16
6,0.14726215563702155,0.00021641624,4300.0000000474383,0.023433541780118777,0.00092950971208730288,16
6,0.14726215563702155,0.00021641624,4400.0000000496211,0.022630663855435103,0.001125857047106768,16
6,0.14726215563702155,0.00021641624,4500.0000000518039,0.022545452439589077,0.00084447883277874133,16
6,0.14726215563702155,0.00021641624,4600.0000000539867,0.023225108409575736,0.00089302540581230648,16
6,0.14726215563702155,0.00021641624,4700.0000000561695,0.024076667352586838,0.001006628607089633,16
6,0.14726215563702155,0.00021641624,4800.0000000583523,0.023923423967680366,0.0012440698112835397,16
6,0.14726215563702155,0.00021641624,4900.0000000605351,0.024081644908018212,0.0010994614214319273,16
6,0.14726215563702155,0.00021641624,5000.0000000627178,0.023550638299965516,0.00078471279677872169,16
6,0.14726215563702155,0.00021641624,5100.0000000649006,0.024217268418534402,0.0014534278555098749,16
6,0.14726215563702155,0.00021641624,5200.0000000670834,0.02280385838270654,0.0013292160064615273,16
6,0.14726215563702155,0.00021641624,5300.0000000692662,0.024333457369933652,0.0011687537721949571,16
6,0.14726215563702155,0.00021641624,5400.000000071449,0.022869381896393638,0.00091903785766116175,16
6,0.14726215563702155,0.00021641624,5500.0000000736318,0.024829236381188717,0.001081061691028717,16
6,0.14726215563702155,0.00021641624,5600.0000000758146,0.025529691120225059,0.0010459463404476046,16
6,0.14726215563702155,0.00021641624,5700.0000000779974,0.027197820624275025,0.00094629675902288492,16
6,0.14726215563702155,0.00021641624,5800.0000000801801,0.025828374531118102,0.00064027581304338212,16
6,0.14726215563702155,0.00021641624,5900.0000000823629,0.025215702118103988,0.00076524121271434543,16
6,0.14726215563702155,0.00021641624,6000.0000000845457,0.026205826076846947,0.00080320989458445321,16
6,0.14726215563702155,0.00021641624,6100.0000000867285,0.025993219033960239,0.0011832403018869786,16
6,0.14726215563702155,0.00021641624,6200.0000000889113,0.024047228642307295,0.00084547302101283135,16
6,0.14726215563702155,0.00021641624,6300.0000000910941,0.023953802364554445,0.00099553691308501753,16
6,0.14726215563702155,0.00021641624,6400.0000000932769,0.023761804591118513,0.0011230214689401095,16
6,0.14726215563702155,0.00021641624,6500.0000000954597,0.022684006742269336,0.0015914382312242484,16
6,0.14726215563702155,0.00021641624,6600.0000000976424,0.022910685670178906,0.0016508195797253879,16
6,0.14726215563702155,0.00021641624,6700.0000000998252,0.023025052754116229,0.0014293874130481756,16
6,0.14726215563702155,0.00021641624,6800.000000102008,0.022512030929738733,0.0017576687860197079,16
6,0.14726215563702155,0.00021641624,6900.0000001041908,0.02255113285244971,0.0014440026288226747,16
6,0.14726215563702155,0.00021641624,7000.0000001063736,0.022184048561130008,0.0013070750416992408,16
6,0.14726215563702155,0.00021641624,7100.0000001085564,0.023950364459905914,0.0012125529664564749,16
6,0.14726215563702155,0.00021641624,7200.0000001107392,0.025309285730897316,0.0011998728767168441,16
6,0.14726215563702155,0.00021641624,7300.000000112922,0.024582502376616383,0.0013397367235767601,16
6,0.14726215563702155,0.00021641624,7400.0000001151047,0.024680827896315403,0.0011522340685748479,16
6,0.14726215563702155,0.00021641624,7500.0000001172875,0.024522091808905255,0.00080153139985104254,16
6,0.14726215563702155,0.00021641624,7600.0000001194703,0.024145245690175534,0.0013471679611838871,16
6,0.14726215563702155,0.00021641624,7700.0000001216531,0.023543105233817224,0.0011755230010204666,16
6,0.14726215563702155,0.00021641624,7800.0000001238359,0.021910319213445783,0.0012542362678200488,16
6,0.14726215563702155,0.00021641624,7900.0000001260187,0.022279267731747432,0.0015793099710623519,16
6,0.14726215563702155,0.00021641624,8000.0000001282015,0.022411248664443703,0.0013642048023124586,16
6,0.14726215563702155,0.00021641624,8100.0000001303843,0.022210244457206912,0.0014303071926848358,16
6,0.14726215563702155,0.00021641624,8200.0000001325661,0.024048611046414394,0.0017743279104763241,16
6,0.14726215563702155,0.00021641624,8300.0000001347489,0.024049141385485195,0.0013080692131510645,16
6,0.14726215563702155,0.00021641624,8400.0000001369317,0.024681676282783522,0.00098040718705253208,16
6,0.14726215563702155,0.00021641624,8500.0000001391145,0.024833333925203829,0.0012106072921506958,16
6,0.14726215563702155,0.00021641624,8600.0000001412973,0.02424610786423205,0.0015119879585424861,16
6,0.14726215563702155,0.00021641624,8700.0000001434801,0.02413301919405255,0.0013970470142893817,16
6,0.14726215563702155,0.00021641624,8800.0000001456629,0.027064592089089453,0.00092611184859011709,16
6,0.14726215563702155,0.00021641624,8900.0000001478456,0.027137481956125142,0.00097315873630789151,16
6,0.14726215563702155,0.00021641624,9000.0000001500284,0.027605552295598263,0.00094901296596025791,16
6,0.14726215563702155,0.00021641624,9100.0000001522112,0.02585404071552538,0.0011468252866138607,16
6,0.14726215563702155,0.00021641624,9200.000000154394,0.024793552323454728,0.0011242470210904884,16
6,0.14726215563702155,0.00021641624,9300.0000001565768,0.023672294161953319,0.0013697115109196705,16
6,0.14726215563702155,0.00021641624,9400.0000001587596,0.02452671723928301,0.0013550219308739884,16
6,0.14726215563702155,0.00021641624,9500.0000001609424,0.025449913770417939,0.00089882279542021046,16
6,0.14726215563702155,0.00021641624,9600.0000001631252,0.023987790158668559,0.00083128957061261285,16
6,0.14726215563702155,0.00021641624,9700.0000001653079,0.024014261704754368,0.00083782252067280522,16
6,0.14726215563702155,0.00021641624,9800.0000001674907,0.024495531019028311,0.0010435095044771154,16
6,0.14726215563702155,0.00021641624,9900.0000001696735,0.023828737060580626,0.0014070281423367473,16
6,0.14726215563702155,0.00021641624,10000.000000171856,0.023138768806176737,0.0010377357141866164,16
6,0.14726215563702155,0.00021641624,10100.000000174039,0.022538998829534126,0.0010484052793104672,16
6,0.14726215563702155,0.00021641624,10200.000000176222,0.022894158516292517,0.00146025223821142,16
6,0.14726215563702155,0.00021641624,10300.000000178405,0.024700323890228703,0.0016057354369384785,16
6,0.14726215563702155,0.00021641624,10400.000000180587,0.022872286034259785,0.0014318245174832606,16
6,0.14726215563702155,0.00021641624,10500.00000018277,0.023901731342559407,0.0013519299343633571,16
6,0.14726215563702155,0.00021641624,10600.000000184953,0.023898563253342119,0.0011662379443982218,16
6,0.14726215563702155,0.00021641624,10700.000000187136,0.023367375658180676,0.0011157730936998465,16
6,0.14726215563702155,0.00021641624,10800.000000189319,0.025381699923718949,0.0010044162462370101,16
6,0.14726215563702155,0.00021641624,10900.000000191501,0.025745696195804878,0.0012552653813648195,16
6,0.14726215563702155,0.00021641624,11000.000000193684,0.024171781409129397,0.0011296588292281824,16
6,0.14726215563702155,0.00021641624,11100.000000195867,0.024031126161324932,0.0010612429534200103,16
6,0.14726215563702155,0.00021641624,11200.00000019805,0.023374572036814263,0.0010657695024933571,16
6,0.14726215563702155,0.00021641624,11300.000000200233,0.023086581515896265,0.0015100314758990342,16
6,0.14726215563702155,0.00021641624,11400.000000202415,0.02296029072695498,0.0012479348790945268,16
6,0.14726215563702155,0.00021641624,11500.000000204598,0.024704959252527491,0.00079733536174532384,16
6,0.14726215563702155,0.00021641624,11600.000000206781,0.025330811915499366,0.00082651411165663531,16
6,0.14726215563702155,0.00021641624,11700.000000208964,0.024280978331559594,0.0012266722298985928,16
6,0.14726215563702155,0.00021641624,11800.000000211146,0.024570796624609967,0.0014793139978360452,16
6,0.14726215563702155,0.00021641624,11900.000000213329,0.023771543865795716,0.0013908384725110443,16
6,0.14726215563702155,0.00021641624,12000.000000215512,0.023915107999329558,0.00097905747474538295,16
6,0.14726215563702155,0.00021641624,12100.000000217695,0.023632326205118251,0.0012032645282809579,16
6,0.14726215563702155,0.00021641624,12200.000000219878,0.025217583318362154,0.0013943154239174334,16
6,0.14726215563702155,0.00021641624,12300.00000022206,0.024808660837799184,0.0015569378973113812,16
6,0.14726215563702155,0.00021641624,12400.000000224243,0.023237410794329217,0.0014804648285369616,16
6,0.14726215563702155,0.00021641624,12500.000000226426,0.022380302961550858,0.0013944916232561831,16
6,0.14726215563702155,0.00021641624,12600.000000228609,0.024541618354078927,0.0014467787417738918,16
6,0.14726215563702155,0.00021641624,12700.000000230792,0.024919469303712694,0.0011056549776448125,16
6,0.14726215563702155,0.00021641624,12800.000000232974,0.0246956257213659,0.0011981096790045337,16
6,0.14726215563702155,0.00021641624,12900.000000235157,0.024085898132023647,0.0014229318596295376,16
6,0.14726215563702155,0.00021641624,13000.00000023734,0.023366763273727675,0.0014803198399268086,16
6,0.14726215563702155,0.00021641624,13100.000000239523,0.022164497485773649,0.0012704593698508149,16
6,0.14726215563702155,0.00021641624,13200.000000241705,0.023142792702803328,0.0009528965399204063,16
6,0.14726215563702155,0.00021641624,13300.000000243888,0.023037772481831385,0.00088652742675732286,16
6,0.14726215563702155,0.00021641624,13400.000000246071,0.024414964393350145,0.0009949410124513421,16
6,0.14726215563702155,0.00021641624,13500.000000248254,0.023805325030244899,0.0012599925804923189,16
6,0.14726215563702155,0.00021641624,13600.000000250437,0.025662392060522579,0.0012394617220434045,16
6,0.14726215563702155,0.00021641624,13700.000000252619,0.025945660526288959,0.0011749949754479374,16
6,0.14726215563702155,0.00021641624,13800.000000254802,0.024386516538567896,0.0010612852239749147,16
6,0.14726215563702155,0.00021641624,13900.000000256985,0.024232263141004233,0.00070490896550254539,16
6,0.14726215563702155,0.00021641624,14000.000000259168,0.023327452527785907,0.0010891906259302526,16
6,0.14726215563702155,0.00021641624,14100.000000261351,0.024261455081975705,0.0013242468837975135,16
6,0.14726215563702155,0.00021641624,14200.000000263533,0.022378798064163596,0.0010117447431148606,16
6,0.14726215563702155,0.00021641624,14300.000000265716,0.02201943760738536,0.0010029950242749382,16
6,0.14726215563702155,0.00021641624,14400.000000267899,0.023598104358966032,0.0010947147766625135,16
6,0.14726215563702155,0.00021641624,14500.000000270082,0.02337811346496619,0.0010669686068308128,16
6,0.14726215563702155,0.00021641624,14600.000000272265,0.023924368145147167,0.0012339890586674997,16
6,0.14726215563702155,0.00021641624,14700.000000274447,0.024019016402802525,0.00089518090542001672,16
6,0.14726215563702155,0.00021641624,14800.00000027663,0.023750776788935037,0.00087313718868711255,16
6,0.14726215563702155,0.00021641624,14900.000000278813,0.02271260895601504,0.0015016671122787084,16
6,0.14726215563702155,0.00021641624,15000.000000280996,0.022970100424973855,0.0011727260658139318,16
6,0.14726215563702155,0.00021641624,15100.000000283178,0.025183568812609303,0.0013157762505509707,16
6,0.14726215563702155,0.00021641624,15200.000000285361,0.0254956255623063,0.001266980542402388,16
6,0.14726215563702155,0.00021641624,15300.000000287544,0.02560577627615522,0.0012865677405651055,16
6,0.14726215563702155,0.00021641624,15400.000000289727,0.023677293293301309,0.0016219091262418622,16
6,0.14726215563702155,0.00021641624,15500.00000029191,0.023996789504252384,0.0013887911442365829,16
6,0.14726215563702155,0.00021641624,15600.000000294092,0.023859199403612155,0.0016030818765759259,16
6,0.14726215563702155,0.00021641624,15700.000000296275,0.025222482224573357,0.0010643033562127316,16
6,0.14726215563702155,0.00021641624,15800.000000298458,0.024942933736499921,0.0013594642572246317,16
6,0.14726215563702155,0.00021641624,15900.000000300641,0.024200969985218014,0.0010924414959424702,16
6,0.14726215563702155,0.00021641624,16000.000000302824,0.024785294469927967,0.0012186464779750028,16
6,0.14726215563702155,0.00021641624,16100.000000305006,0.026104970299904082,0.0011405861310221917,16
6,0.14726215563702155,0.00021641624,16200.000000307189,0.023651919001812266,0.0010495038221234739,16
6,0.14726215563702155,0.00021641624,16300.000000309372,0.021472405086049046,0.0011730202473988209,16
6,0.14726215563702155,0.00021641624,16400.000000308642,0.024156673093794746,0.00099114964884655936,16
6,0.14726215563702155,0.00021641624,16500.000000292635,0.02567346921046236,0.0010896489096645016,16
6,0.14726215563702155,0.00021641624,16600.000000276628,0.025435453879050662,0.0010530674125166888,16
6,0.14726215563702155,0.00021641624,16700.000000260621,0.024259698358437512,0.0010372353917672437,16
6,0.14726215563702155,0.00021641624,16800.000000244614,0.0242070857739786,0.00067135795184205757,16
6,0.14726215563702155,0.00021641624,16900.000000228607,0.023564400425529815,0.0013379352872080047,16
6,0.14726215563702155,0.00021641624,17000.0000002126,0.022960612488354445,0.0013986875139176355,16
6,0.14726215563702155,0.00021641624,17100.000000196593,0.021594309135757581,0.0011020422754820147,16
6,0.14726215563702155,0.00021641624,17200.000000180586,0.021043665879866065,0.0012718676804040925,16
6,0.14726215563702155,0.00021641624,17300.000000164579,0.023487124608291977,0.0011207907967924655,16
6,0.14726215563702155,0.00021641624,17400.000000148571,0.023440982018297651,0.0010300001080918108,16
6,0.14726215563702155,0.00021641624,17500.000000132564,0.022289945064499019,0.0010966140570601406,16
6,0.14726215563702155,0.00021641624,17600.000000116557,0.0228643255596469,0.0011447675461051237,16
6,0.14726215563702155,0.00021641624,17700.00000010055,0.022461842904785798,0.001172651905981089,16
6,0.14726215563702155,0.00021641624,17800.000000084543,0.022354981087324782,0.0011367136098892961,16
6,0.14726215563702155,0.00021641624,17900.000000068536,0.020292729766107409,0.00094089472819907196,16
6,0.14726215563702155,0.00021641624,18000.000000052529,0.022454093751782749,0.0013002178808830187,16
6,0.14726215563702155,0.00021641624,18100.000000036522,0.022525981231795913,0.0012464533148335867,16
6,0.14726215563702155,0.00021641624,18200.000000020515,0.022890314320081748,0.0012951511761653009,16
6,0.14726215563702155,0.00021641624,18300.000000004507,0.023090912492058337,0.0014176276303945895,16
6,0.14726215563702155,0.00021641624,18399.9999999885,0.023697652914988796,0.001123365751528429,16
6,0.14726215563702155,0.00021641624,18499.999999972493,0.023624325652026937,0.001137652743005595,16
6,0.14726215563702155,0.00021641624,18599.999999956486,0.022168150568411881,0.00098416946292769337,16
6,0.14726215563702155,0.00021641624,18699.999999940479,0.023700883574771382,0.0012364548715001291,16
6,0.14726215563702155,0.00021641624,18799.999999924472,0.024420791413437046,0.0013177204800023895,16
6,0.14726215563702155,0.00021641624,18899.999999908465,0.023590902862721034,0.001353956367371571,16
6,0.14726215563702155,0.00021641624,18999.999999892458,0.021608395579110505,0.0017981114095510953,16
6,0.14726215563702155,0.00021641624,19099.999999876451,0.024880532745696956,0.0018449997473624978,16
6,0.14726215563702155,0.00021641624,19199.999999860443,0.023867051878404766,0.0012976733182352357,16
6,0.14726215563702155,0.00021641624,19299.999999844436,0.024365284538490455,0.00088979916805709714,16
6,0.14726215563702155,0.00021641624,19399.999999828429,0.024329040783483809,0.0010311953734391005,16
6,0.14726215563702155,0.00021641624,19499.999999812422,0.023619288336798012,0.0013574353930752509,16
6,0.14726215563702155,0.00021641624,19599.999999796415,0.023558780815991196,0.0014610359401712534,16
6,0.14726215563702155,0.00021641624,19699.999999780408,0.026097186407709392,0.0012069247157263042,16
6,0.14726215563702155,0.00021641624,19799.999999764401,0.024917523906702287,0.0016092639198744473,16
6,0.14726215563702155,0.00021641624,19899.999999748394,0.024192231563455437,0.001277300039617753,16
6,0.14726215563702155,0.00021641624,19999.999999732387,0.024688394076649023,0.001148310752349412,16
6,0.14726215563702155,0.00021641624,20099.99999971638,0.023994721097547914,0.0010435548040922307,16
6,0.14726215563702155,0.00021641624,20199.999999700372,0.02229689334285585,0.00098700697314573469,16
6,0.14726215563702155,0.00021641624,20299.999999684365,0.024742302877142509,0.001067166024222797,16
6,0.14726215563702155,0.00021641624,20399.999999668358,0.025154646331988929,0.0013566693359542551,16
6,0.14726215563702155,0.00021641624,20499.999999652351,0.024814294842419059,0.0013514514999534244,16
6,0.14726215563702155,0.00021641624,20599.999999636344,0.026254109990230055,0.001464969386404977,16
6,0.14726215563702155,0.00021641624,20699.999999620337,0.024055561123755342,0.0013519012198977293,16
6,0.14726215563702155,0.00021641624,20799.99999960433,0.022589115385991516,0.001240967311621049,16
6,0.14726215563702155,0.00021641624,20899.999999588323,0.023056163934135076,0.0014872029293132711,16
6,0.14726215563702155,0.00021641624,20999.999999572316,0.023353165099629251,0.0013418637036793084,16
6,0.14726215563702155,0.00021641624,21099.999999556308,0.024271826412359782,0.0013576808813601064,16
6,0.14726215563702155,0.00021641624,21199.999999540301,0.024471289669106087,0.0011204435061737382,16
6,0.14726215563702155,0.00021641624,21299.999999524294,0.022722290470661006,0.0012888118126692279,16
6,0.14726215563702155,0.00021641624,21399.999999508287,0.02363938285550762,0.0013324944198202214,16
6,0.14726215563702155,0.00021641624,21499.99999949228,0.023682113455339514,0.0012370996037747199,16
6,0.14726215563702155,0.00021641624,21599.999999476273,0.025495662236623803,0.0011095602088439429,16
6,0.14726215563702155,0.00021641624,21699.999999460266,0.026209925281220993,0.0010614314336775306,16
6,0.14726215563702155,0.00021641624,21799.999999444259,0.026464675793791172,0.0014128427268537483,16
6,0.14726215563702155,0.00021641624,21899.999999428252,0.025635833246842411,0.0013412735972967243,16
6,0.14726215563702155,0.00021641624,21999.999999412245,0.02603815383446283,0.00098280085307271277,16
6,0.14726215563702155,0.00021641624,22099.999999396237,0.022701588056522212,0.0014762714598131259,16
6,0.14726215563702155,0.00021641624,22199.99999938023,0.023418723198787329,0.00097080514330618879,16
6,0.14726215563702155,0.00021641624,22299.999999364223,0.023735303268968208,0.0009237333436789316,16
6,0.14726215563702155,0.00021641624,22399.999999348216,0.024436087207144165,0.0010332829965284771,16
6,0.14726215563702155,0.00021641624,22499.999999332209,0.025335118767363017,0.00099917390486946051,16
6,0.14726215563702155,0.00021641624,22599.999999316202,0.025196220499824461,0.0011901440625096047,16
6,0.14726215563702155,0.00021641624,22699.999999300195,0.024257572798109649,0.00087213049819905247,16
6,0.14726215563702155,0.00021641624,22799.999999284188,0.024609890153084707,0.0012183997420133136,16
6,0.14726215563702155,0.00021641624,22899.999999268181,0.02501840949998679,0.001006232901602057,16
6,0.14726215563702155,0.00021641624,22999.999999252173,0.025400210260668504,0.0010195798171115885,16
6,0.14726215563702155,0.00021641624,23099.999999236166,0.02812667193411509,0.0012487051653606027,16
6,0.14726215563702155,0.00021641624,23199.999999220159,0.026930341959883041,0.001031567664779309,16
6,0.14726215563702155,0.00021641624,23299.999999204152,0.024544117110406986,0.0017219105315734076,16
6,0.14726215563702155,0.00021641624,23399.999999188145,0.023589207260280669,0.0015249337096086978,16
6,0.14726215563702155,0.00021641624,23499.999999172138,0.023370250281445938,0.0010577535751985973,16
6,0.14726215563702155,0.00021641624,23599.999999156131,0.021519896750947655,0.0011789462485479886,16
6,0.14726215563702155,0.00021641624,23699.999999140124,0.02099231312369711,0.0013400601718126146,16
6,0.14726215563702155,0.00021641624,23799.999999124117,0.021060155963212517,0.00085866248777522814,16
6,0.14726215563702155,0.00021641624,23899.999999108109,0.022305436094305225,0.00095296341043182354,16
6,0.14726215563702155,0.00021641624,23999.999999092102,0.022633739633121968,0.001451434656685415,16
6,0.14726215563702155,0.00021641624,24099.999999076095,0.022201778650179596,0.0013895023694663021,16
6,0.14726215563702155,0.00021641624,24199.999999060088,0.024045543757550254,0.0011329589682944981,16
6,0.14726215563702155,0.00021641624,24299.999999044081,0.024830623605449749,0.0013415457563134047,16
6,0.14726215563702155,0.00021641624,24399.999999028074,0.024783631285669436,0.00083865842909984652,16
6,0.14726215563702155,0.00021641624,24499.999999012067,0.023775732641781663,0.0011480858885176491,16
6,0.14726215563702155,0.00021641624,24599.99999899606,0.023233860586454966,0.0015975750123334157,16
6,0.14726215563702155,0.00021641624,24699.999998980053,0.022734626969966452,0.0017153545687714012,16
6,0.14726215563702155,0.00021641624,24799.999998964046,0.02438155617502584,0.001271068060730208,16
6,0.14726215563702155,0.00021641624,24899.999998948038,0.02663896446739477,0.0012411872349705087,16
6,0.14726215563702155,0.00021641624,24999.999998932031,0.024889511309016538,0.0011680595319315124,16
6,0.14726215563702155,0.00021641624,25099.999998916024,0.024852712525110343,0.0011286814334973627,16
6,0.14726215563702155,0.00021641624,25199.999998900017,0.02577163563660784,0.0012586530933561282,16
6,0.14726215563702155,0.00021641624,25299.99999888401,0.025356946751336977,0.0015754026519663592,16
6,0.14726215563702155,0.00021641624,25399.999998868003,0.025042364296021073,0.0013843095426119072,16
6,0.14726215563702155,0.00021641624,25499.999998851996,0.023496707045523372,0.0011013136912760651,16
6,0.14726215563702155,0.00021641624,25599.999998835989,0.022831522833925533,0.001154005882496727,16
6,0.14726215563702155,0.00021641624,25699.999998819982,0.024044055787385464,0.0010778019119518116,16
6,0.14726215563702155,0.00021641624,25799.999998803974,0.025266381156617404,0.001158121684779039,16
6,0.14726215563702155,0.00021641624,25899.999998787967,0.025510330496862618,0.0010373440064506253,16
6,0.14726215563702155,0.00021641624,25999.99999877196,0.025053038172407845,0.001149170269539482,16
6,0.14726215563702155,0.00021641624,26099.999998755953,0.025428736576952965,0.0011430268967635975,16
6,0.14726215563702155,0.00021641624,26199.999998739946,0.026187864187522756,0.0013416063369297586,16
6,0.14726215563702155,0.00021641624,26299.999998723939,0.026643694878762128,0.0011270182842253824,16
6,0.14726215563702155,0.00021641624,26399.999998707932,0.024020275510962946,0.0012392094731893293,16
6,0.14726215563702155,0.00021641624,26499.999998691925,0.022405220430368473,0.0012198678834989735,16
6,0.14726215563702155,0.00021641624,26599.999998675918,0.023322144862073957,0.001503655559532024,16
6,0.14726215563702155,0.00021641624,26699.99999865991,0.023680455104799939,0.0011620320059472402,16
6,0.14726215563702155,0.00021641624,26799.999998643903,0.0227230831819734,0.001218077830970642,16
6,0.14726215563702155,0.00021641624,26899.999998627896,0.021254517864194356,0.0010171585238845492,16
6,0.14726215563702155,0.00021641624,26999.999998611889,0.022457646009529,0.00099633968176057112,16
6,0.14726215563702155,0.00021641624,27099.999998595882,0.023651434801007142,0.0012590755031645054,16
6,0.14726215563702155,0.00021641624,27199.999998579875,0.025180067944548367,0.00075117764503083528,16
6,0.14726215563702155,0.00021641624,27299.999998563868,0.025660429172842319,0.00090612874708832726,16
6,0.14726215563702155,0.00021641624,27399.999998547861,0.024034413760569372,0.0011065746664115392,16
6,0.14726215563702155,0.00021641624,27499.999998531854,0.024464348793958035,0.0011298312118875335,16
6,0.14726215563702155,0.00021641624,27599.999998515847,0.025008195328477544,0.0012549346837156979,16
6,0.14726215563702155,0.00021641624,27699.999998499839,0.023324907614780656,0.0014445655196838364,16
6,0.14726215563702155,0.00021641624,27799.999998483832,0.020958429062488768,0.0013898187762235992,16
6,0.14726215563702155,0.00021641624,27899.999998467825,0.023383665013790852,0.0011864624919245086,16
6,0.14726215563702155,0.00021641624,27999.999998451818,0.022627348436615759,0.00093283739228001517,16
6,0.14726215563702155,0.00021641624,28099.999998435811,0.0228446211481587,0.0013545446925671428,16
6,0.14726215563702155,0.00021641624,28199.999998419804,0.022742892511381733,0.00089382919896747808,16
6,0.14726215563702155,0.00021641624,28299.999998403797,0.02405668123003344,0.0012572872845153715,16
6,0.14726215563702155,0.00021641624,28399.99999838779,0.026414989258536366,0.0011616291317030471,16
6,0.14726215563702155,0.00021641624,28499.999998371783,0.023371047600856679,0.0011511547892566344,16
6,0.14726215563702155,0.00021641624,28599.999998355775,0.024240934093539123,0.00088351558907482481,16
6,0.14726215563702155,0.00021641624,28699.999998339768,0.024496134444790894,0.001270675269029067,16
6,0.14726215563702155,0.00021641624,28799.999998323761,0.023453705382285698,0.0011468012699698384,16
6,0.14726215563702155,0.00021641624,28899.999998307754,0.023778367325487163,0.000773230501363377,16
6,0.14726215563702155,0.00021641624,28999.999998291747,0.025122467185023808,0.00097361940049747406,16
6,0.14726215563702155,0.00021641624,29099.99999827574,0.025507238748383305,0.0011659413944182465,16
6,0.14726215563702155,0.00021641624,29199.999998259733,0.024974352303573109,0.0011353518082596063,16
6,0.14726215563702155,0.00021641624,29299.999998243726,0.025138655633007614,0.00095404368377139661,16
6,0.14726215563702155,0.00021641624,29399.999998227719,0.026164387548260636,0.0011222616248689975,16
6,0.14726215563702155,0.00021641624,29499.999998211711,0.025386794740842645,0.0010484361841911363,16
6,0.14726215563702155,0.00021641624,29599.999998195704,0.025266641881857534,0.0010746893751071296,16
6,0.14726215563702155,0.00021641624,29699.999998179697,0.024589880529850734,0.0014067974783378296,16
6,0.14726215563702155,0.00021641624,29799.99999816369,0.024181545322773394,0.00099864006758323032,16
6,0.14726215563702155,0.00021641624,29899.999998147683,0.02670197993206784,0.0011730722840951396,16
6,0.14726215563702155,0.00021641624,29999.999998131676,0.026559684400358823,0.00098959779592720331,16
6,0.14726215563702155,0.00021641624,30099.999998115669,0.025161211954210345,0.00089277082455876283,16
6,0.14726215563702155,0.00021641624,30199.999998099662,0.025123229452989865,0.00086263459565290215,16
6,0.14726215563702155,0.00021641624,30299.999998083655,0.025858467930162228,0.0011577208735480504,16
6,0.14726215563702155,0.00021641624,30399.999998067648,0.025125987694184802,0.0010333276870756335,16
6,0.14726215563702155,0.00021641624,30499.99999805164,0.02363240321257672,0.0011856037677948812,16
6,0.14726215563702155,0.00021641624,30599.999998035633,0.024739225633200121,0.0012022465729531289,16
6,0.14726215563702155,0.00021641624,30699.999998019626,0.02495851076528946,0.00087219106224204119,16
6,0.14726215563702155,0.00021641624,30799.999998003619,0.025364781443785959,0.001216763374126348,16
6,0.14726215563702155,0.00021641624,30899.999997987612,0.024373689582289804,0.001347048762016512,16
6,0.14726215563702155,0.00021641624,30999.999997971605,0.024543757495608221,0.0012305967156252438,16
6,0.14726215563702155,0.00021641624,31099.999997955598,0.024876802034120651,0.00087063819733424939,16
6,0.14726215563702155,0.00021641624,31199.999997939591,0.023673392104927395,0.0013323653321937129,16
6,0.14726215563702155,0.00021641624,31299.999997923584,0.023353867063461393,0.001204748072646735,16
6,0.14726215563702155,0.00021641624,31399.999997907576,0.021222160590633539,0.00096832919972949789,16
6,0.14726215563702155,0.00021641624,31499.999997891569,0.022046806355284689,0.001236124703927047,16
6,0.14726215563702155,0.00021641624,31599.999997875562,0.021654688685759024,0.0012714845688907267,16
6,0.14726215563702155,0.00021641624,31699.999997859555,0.022267949354132635,0.0014996859222299,16
6,0.14726215563702155,0.00021641624,31799.999997843548,0.023572196314917852,0.0012096367149006979,16
6,0.14726215563702155,0.00021641624,31899.999997827541,0.023928607527079981,0.0012064785974923264,16
6,0.14726215563702155,0.00021641624,31999.999997811534,0.023755505256892011,0.0011286239348201486,16
6,0.14726215563702155,0.00021641624,32099.999997795527,0.024076900326296113,0.0010230512775273306,16
6,0.14726215563702155,0.00021641624,32199.99999777952,0.025213806342702857,0.0011429606647366847,16
6,0.14726215563702155,0.00021641624,32299.999997763513,0.023787363677564573,0.0010951279150566895,16
6,0.14726215563702155,0.00021641624,32399.999997747505,0.023172753070665471,0.0010018058740615867,16
6,0.14726215563702155,0.00021641624,32499.999997731498,0.023591745524146505,0.0011193547427319455,16
6,0.14726215563702155,0.00021641624,32599.999997715491,0.024178949304354679,0.0011820736906452698,16
6,0.14726215563702155,0.00021641624,32699.999997699484,0.023791903522701382,0.00095631931277201116,16
6,0.14726215563702155,0.00021641624,32799.999997695115,0.023494138594221323,0.0010408019553264471,16
6,0.14726215563702155,0.00021641624,32899.999997715488,0.022919902321322506,0.0013388610220377273,16
6,0.14726215563702155,0.00021641624,32999.99999773586,0.024144412578620811,0.0013127395033547106,16
6,0.14726215563702155,0.00021641624,33099.999997756233,0.02316067981967285,0.0012619123150616686,16
6,0.14726215563702155,0.00021641624,33199.999997776606,0.025968321158023625,0.000938845002069583,16
6,0.14726215563702155,0.00021641624,33299.999997796978,0.025616913034787362,0.0011831489871779598,16
6,0.14726215563702155,0.00021641624,33399.999997817351,0.025416344590023475,0.0008435150024832009,16
6,0.14726215563702155,0.00021641624,33499.999997837724,0.024972084204951339,0.001258296628163453,16
6,0.14726215563702155,0.00021641624,33599.999997858096,0.025580957973677678,0.00095654073305679915,16
6,0.14726215563702155,0.00021641624,33699.999997878469,0.025255948637163444,0.0011109368307557596,16
6,0.14726215563702155,0.00021641624,33799.999997898842,0.023627623444186518,0.0012778544016639217,16
6,0.14726215563702155,0.00021641624,33899.999997919214,0.022635549422997118,0.0014379964979765851,16
6,0.14726215563702155,0.00021641624,33999.999997939587,0.022732848477090312,0.0017385432392191026,16
6,0.14726215563702155,0.00021641624,34099.99999795996,0.02259307080008054,0.0010712217079121072,16
6,0.14726215563702155,0.00021641624,34199.999997980332,0.022474851338575363,0.00091995151221450249,16
6,0.14726215563702155,0.00021641624,34299.999998000705,0.024714884069716451,0.0010348448156408674,16
6,0.14726215563702155,0.00021641624,34399.999998021078,0.02509685242460153,0.0010683076501366905,16
6,0.14726215563702155,0.00021641624,34499.99999804145,0.025407741425850325,0.0012558633884564437,16
6,0.14726215563702155,0.00021641624,34599.999998061823,0.025177695992503416,0.0013887411461622281,16
6,0.14726215563702155,0.00021641624,34699.999998082196,0.022845942340601985,0.0010528901867264296,16
6,0.14726215563702155,0.00021641624,34799.999998102568,0.023578496000778708,0.0010180137540931303,16
6,0.14726215563702155,0.00021641624,34899.999998122941,0.024041017265205911,0.00095170553755136644,16
6,0.14726215563702155,0.00021641624,34999.999998143314,0.022653773302850105,0.001050708091030144,16
6,0.14726215563702155,0.00021641624,35099.999998163687,0.022477153236745248,0.0015008608301278713,16
6,0.14726215563702155,0.00021641624,35199.999998184059,0.021874719138073765,0.0013169492902348704,16
6,0.14726215563702155,0.00021641624,35299.999998204432,0.022539586363606506,0.0011375403894346861,16
6,0.14726215563702155,0.00021641624,35399.999998224805,0.022413870725086764,0.0012751610338571084,16
6,0.14726215563702155,0.00021641624,35499.999998245177,0.024413445911763584,0.0015812003205450075,16
6,0.14726215563702155,0.00021641624,35599.99999826555,0.025758018729750431,0.0014150486784732799,16
6,0.14726215563702155,0.00021641624,35699.999998285923,0.026200992177118632,0.001075296631275468,16
6,0.14726215563702155,0.00021641624,35799.999998306295,0.025225493762313235,0.0014325998817958058,16
6,0.14726215563702155,0.00021641624,35899.999998326668,0.024560833176338996,0.0012942640270354195,16
6,0.14726215563702155,0.00021641624,35999.999998347041,0.025352893776727215,0.0010828617003642159,16
6,0.14726215563702155,0.00021641624,36099.999998367413,0.025000136537903582,0.0011080607189661415,16
6,0.14726215563702155,0.00021641624,36199.999998387786,0.024723151891389489,0.0011071595152425256,16
6,0.14726215563702155,0.00021641624,36299.999998408159,0.024303689912587762,0.0011028132961454205,16
6,0.14726215563702155,0.00021641624,36399.999998428531,0.023464918445776733,0.0012661401852036177,16
6,0.14726215563702155,0.00021641624,36499.999998448904,0.024896655913826331,0.00099945344219956275,16
6,0.14726215563702155,0.00021641624,36599.999998469277,0.025618008377184632,0.0010114228275156895,16
6,0.14726215563702155,0.00021641624,36699.999998489649,0.02337426045843553,0.0011633871491185473,16
6,0.14726215563702155,0.00021641624,36799.999998510022,0.023723527579268232,0.0011656053014969731,16
6,0.14726215563702155,0.00021641624,36899.999998530395,0.024305531436038377,0.0011500384175709485,16
6,0.14726215563702155,0.00021641624,36999.999998550767,0.024689569797444414,0.0010128522031883414,16
6,0.14726215563702155,0.00021641624,37099.99999857114,0.024055082858046951,0.00093985939041156118,16
6,0.14726215563702155,0.00021641624,37199.999998591513,0.024702972876713063,0.0013508316516581767,16
6,0.14726215563702155,0.00021641624,37299.999998611886,0.024381836510896034,0.0010504601437576753,16
6,0.14726215563702155,0.00021641624,37399.999998632258,0.023823901850601185,0.0010924821680804728,16
6,0.14726215563702155,0.00021641624,37499.999998652631,0.024003297319812204,0.001011167700774421,16
6,0.14726215563702155,0.00021641624,37599.999998673004,0.023716658345191197,0.001082062937530018,16
6,0.14726215563702155,0.00021641624,37699.999998693376,0.025396231941195287,0.0012069757317811078,16
6,0.14726215563702155,0.00021641624,37799.999998713749,0.024701859764387522,0.0012789963873540162,16
6,0.14726215563702155,0.00021641624,37899.999998734122,0.023873181539240961,0.0013051488960022317,16
6,0.14726215563702155,0.00021641624,37999.999998754494,0.024011441300551585,0.0011949887530305272,16
6,0.14726215563702155,0.00021641624,38099.999998774867,0.024072181512344103,0.0010463847327968931,16
6,0.14726215563702155,0.00021641624,38199.99999879524,0.024418780577809693,0.0011923226159035714,16
6,0.14726215563702155,0.00021641624,38299.999998815612,0.024032969607463307,0.00085531330012516573,16
6,0.14726215563702155,0.00021641624,38399.999998835985,0.022919192977699444,0.0010172944853063424,16
6,0.14726215563702155,0.00021641624,38499.999998856358,0.023320585522531793,0.0013342028963631983,16
6,0.14726215563702155,0.00021641624,38599.99999887673,0.023256301395673883,0.0015885567767533772,16
6,0.14726215563702155,0.00021641624,38699.999998897103,0.02469006438645064,0.0017051230734948725,16
6,0.14726215563702155,0.00021641624,38799.999998917476,0.026905288725774027,0.0014585282359725537,16
6,0.14726215563702155,0.00021641624,38899.999998937848,0.026703072483112725,0.0012248906858179983,16
6,0.14726215563702155,0.00021641624,38999.999998958221,0.024959727399885886,0.0010936091936792145,16
6,0.14726215563702155,0.00021641624,39099.999998978594,0.026543890822381986,0.0013674224226088566,16
6,0.14726215563702155,0.00021641624,39199.999998998966,0.026317643756524775,0.0014374768716950263,16
6,0.14726215563702155,0.00021641624,39299.999999019339,0.026913137201053514,0.0011186441728158723,16
6,0.14726215563702155,0.00021641624,39399.999999039712,0.026751403707819612,0.0013815344391058368,16
6,0.14726215563702155,0.00021641624,39499.999999060085,0.025355056412129161,0.00088623691350039522,16
6,0.14726215563702155,0.00021641624,39599.999999080457,0.025232949825079835,0.00086111668810014955,16
6,0.14726215563702155,0.00021641624,39699.99999910083,0.026555211089433532,0.0011482779711449323,16
6,0.14726215563702155,0.00021641624,39799.999999121203,0.027045882843452305,0.0010746686575595818,16
6,0.14726215563702155,0.00021641624,39899.999999141575,0.024951622762076776,0.00096372313945232262,16
6,0.14726215563702155,0.00021641624,39999.999999161948,0.02415678413150402,0.0012188810062072762,16
6,0.14726215563702155,0.00021641624,40099.999999182321,0.026207744203070048,0.0013275841640171999,16
6,0.14726215563702155,0.00021641624,40199.999999202693,0.026109748813265523,0.0012651666639201559,16
6,0.14726215563702155,0.00021641624,40299.999999223066,0.025045945296106407,0.0013608243075179378,16
6,0.14726215563702155,0.00021641624,40399.999999243439,0.025169035101981509,0.0013277845442473809,16
6,0.14726215563702155,0.00021641624,40499.999999263811,0.024483349164739494,0.0012709949351270174,16
6,0.14726215563702155,0.00021641624,40599.999999284184,0.024682997303104977,0.00082847931722443543,16
6,0.14726215563702155,0.00021641624,40699.999999304557,0.025043777052229547,0.00074568126947849344,16
6,0.14726215563702155,0.00021641624,40799.999999324929,0.023771097078656246,0.0014338652444228777,16
6,0.14726215563702155,0.00021641624,40899.999999345302,0.024341165188736653,0.0014682975262956738,16
6,0.14726215563702155,0.00021641624,40999.999999365675,0.023886699098335271,0.001267286053055601,16
6,0.14726215563702155,0.00021641624,41099.999999386047,0.02307243350936666,0.0012071169914599101,16
6,0.14726215563702155,0.00021641624,41199.99999940642,0.023132752753443009,0.0011420716660816286,16
6,0.14726215563702155,0.00021641624,41299.999999426793,0.022391395156613151,0.00096413329713428489,16
6,0.14726215563702155,0.00021641624,41399.999999447165,0.022961729963760402,0.0014242819799437938,16
6,0.14726215563702155,0.00021641624,41499.999999467538,0.02297564122533087,0.0016192293935282575,16
6,0.14726215563702155,0.00021641624,41599.999999487911,0.022563356103114492,0.0011903177888163482,16
6,0.14726215563702155,0.00021641624,41699.999999508284,0.022882517827198686,0.0010839084581815784,16
6,0.14726215563702155,0.00021641624,41799.999999528656,0.024011292527635883,0.00094413279715655266,16
6,0.14726215563702155,0.00021641624,41899.999999549029,0.023075926976332397,0.0013630914246653783,16
6,0.14726215563702155,0.00021641624,41999.999999569402,0.022603911585335316,0.0012036245129462045,16
6,0.14726215563702155,0.00021641624,42099.999999589774,0.022454465028376742,0.00095374358703111735,16
6,0.14726215563702155,0.00021641624,42199.999999610147,0.023213734077057187,0.001121718884574154,16
6,0.14726215563702155,0.00021641624,42299.99999963052,0.023479219057081637,0.0013274311463912045,16
6,0.14726215563702155,0.00021641624,42399.999999650892,0.023679988931479476,0.0013638477800282899,16
6,0.14726215563702155,0.00021641624,42499.999999671265,0.024067895910540503,0.0012946385038522144,16
6,0.14726215563702155,0.00021641624,42599.999999691638,0.024357141987998772,0.0010420264085399718,16
6,0.14726215563702155,0.00021641624,42699.99999971201,0.025092201085279618,0.0010292798776886073,16
6,0.14726215563702155,0.00021641624,42799.999999732383,0.023487740583188112,0.0011192011254488301,16
6,0.14726215563702155,0.00021641624,42899.999999752756,0.023158796873552712,0.0013108233631297184,16
6,0.14726215563702155,0.00021641624,42999.999999773128,0.024633520221334124,0.0015325374317750385,16
6,0.14726215563702155,0.00021641624,43099.999999793501,0.023130873182758603,0.001203186110201711,16
6,0.14726215563702155,0.00021641624,43199.999999813874,0.024526911394054822,0.0010578183556451324,16
6,0.14726215563702155,0.00021641624,43299.999999834246,0.02549348165633742,0.0013371090229239236,16
6,0.14726215563702155,0.00021641624,43399.999999854619,0.025832956271876428,0.0012358561015549971,16
6,0.14726215563702155,0.00021641624,43499.999999874992,0.025790484357485516,0.00098897942928891829,16
6,0.14726215563702155,0.00021641624,43599.999999895364,0.024189034824065026,0.00099530908635096478,16
6,0.14726215563702155,0.00021641624,43699.999999915737,0.023736993168193565,0.001326727629082927,16
6,0.14726215563702155,0.00021641624,43799.99999993611,0.025813420487977679,0.0011671725055408973,16
6,0.14726215563702155,0.00021641624,43899.999999956482,0.024686647238114694,0.0011961049228044111,16
6,0.14726215563702155,0.00021641624,43999.999999976855,0.023180806769358069,0.00152740703969786,16
6,0.14726215563702155,0.00021641624,44099.999999997228,0.023063965209053419,0.0016840072814601167,16
6,0.14726215563702155,0.00021641624,44200.000000017601,0.02222682665768113,0.0016820043214058984,16
6,0.14726215563702155,0.00021641624,44300.000000037973,0.022736297029741528,0.0010070494578433111,16
6,0.14726215563702155,0.00021641624,44400.000000058346,0.023354110792362708,0.001237499584945863,16
6,0.14726215563702155,0.00021641624,44500.000000078719,0.02493678551868737,0.0012784573908352652,16
6,0.14726215563702155,0.00021641624,44600.000000099091,0.025022470040800358,0.0012274049595294651,16
6,0.14726215563702155,0.00021641624,44700.000000119464,0.024870509610111589,0.0015760818624327732,16
6,0.14726215563702155,0.00021641624,44800.000000139837,0.02464303704212931,0.0014961557330265311,16
6,0.14726215563702155,0.00021641624,44900.000000160209,0.022484147985442713,0.0011781753377197168,16
6,0.14726215563702155,0.00021641624,45000.000000180582,0.022399551362435374,0.0017794273486449912,16
6,0.14726215563702155,0.00021641624,45100.000000200955,0.022865798625477031,0.0014060779051231823,16
6,0.14726215563702155,0.00021641624,45200.000000221327,0.024871689693709509,0.0010483766050565478,16
6,0.14726215563702155,0.00021641624,45300.0000002417,0.024966546895842573,0.0011184534546210677,16
6,0.14726215563702155,0.00021641624,45400.000000262073,0.023336629049614418,0.0010078973881358373,16
6,0.14726215563702155,0.00021641624,45500.000000282445,0.025053130252167041,0.0013936492112082901,16
6,0.14726215563702155,0.00021641624,45600.000000302818,0.025858127210811155,0.0015486632220865248,16
6,0.14726215563702155,0.00021641624,45700.000000323191,0.025778098579830388,0.0013659563197641065,16
6,0.14726215563702155,0.00021641624,45800.000000343563,0.024661136970060501,0.0010415300392044801,16
6,0.14726215563702155,0.00021641624,45900.000000363936,0.024333782960213338,0.0014480256876492977,16
6,0.14726215563702155,0.00021641624,46000.000000384309,0.022865160233791086,0.0012728136386477864,16
6,0.14726215563702155,0.00021641624,46100.000000404681,0.023500834555974896,0.0012033686032388682,16
6,0.14726215563702155,0.00021641624,46200.000000425054,0.024625343218563932,0.00084404377337469235,16
6,0.14726215563702155,0.00021641624,46300.000000445427,0.024184283689825482,0.0014287534964336551,16
6,0.14726215563702155,0.00021641624,46400.0000004658,0.025011527155781661,0.0016392626937628905,16
6,0.14726215563702155,0.00021641624,46500.000000486172,0.027157175254708198,0.0012002109821213549,16
6,0.14726215563702155,0.00021641624,46600.000000506545,0.025573521649784204,0.00093625030936843074,16
6,0.14726215563702155,0.00021641624,46700.000000526918,0.024384881634197518,0.00093978015782674286,16
6,0.14726215563702155,0.00021641624,46800.00000054729,0.025384310869697065,0.001037402029235819,16
6,0.14726215563702155,0.00021641624,46900.000000567663,0.025222339597317862,0.0015516260086898869,16
6,0.14726215563702155,0.00021641624,47000.000000588036,0.022877550128340949,0.0010706180775428378,16
6,0.14726215563702155,0.00021641624,47100.000000608408,0.023946872877575923,0.0013116755025159776,16
6,0.14726215563702155,0.00021641624,47200.000000628781,0.023054695550692783,0.0016087565491378099,16
6,0.14726215563702155,0.00021641624,47300.000000649154,0.02438611751334125,0.0012246637105444128,16
6,0.14726215563702155,0.00021641624,47400.000000669526,0.023149108817595767,0.0010752085821666103,16
6,0.14726215563702155,0.00021641624,47500.000000689899,0.023136220701507212,0.0014487702138203723,16
6,0.14726215563702155,0.00021641624,47600.000000710272,0.023988486863333804,0.00089678145362416723,16
6,0.14726215563702155,0.00021641624,47700.000000730644,0.023693427636391255,0.0011947679266288652,16
6,0.14726215563702155,0.00021641624,47800.000000751017,0.025121798098251737,0.0011695129595668766,16
6,0.14726215563702155,0.00021641624,47900.00000077139,0.022702986241018498,0.0015313345166619585,16
6,0.14726215563702155,0.00021641624,48000.000000791762,0.02291193216851704,0.0011172422148237986,16
6,0.14726215563702155,0.00021641624,48100.000000812135,0.023578279648817604,0.0013039074382501616,16
6,0.14726215563702155,0.00021641624,48200.000000832508,0.024258855609956827,0.0014397922777741074,16
6,0.14726215563702155,0.00021641624,48300.00000085288,0.024258589864972174,0.001451842177613346,16
6,0.14726215563702155,0.00021641624,48400.000000873253,0.022588473686227611,0.0016345377280061642,16
6,0.14726215563702155,0.00021641624,48500.000000893626,0.022568336321499141,0.0013293427092257442,16
6,0.14726215563702155,0.00021641624,48600.000000913999,0.022535265447579569,0.00090796239866606956,16
6,0.14726215563702155,0.00021641624,48700.000000934371,0.021936335021622413,0.0010601497095943622,16
6,0.14726215563702155,0.00021641624,48800.000000954744,0.023768254113400521,0.0014932445877309014,16
6,0.14726215563702155,0.00021641624,48900.000000975117,0.024439809261219171,0.0010783525291691576,16
6,0.14726215563702155,0.00021641624,49000.000000995489,0.023215434579348444,0.0013910399794030471,16
6,0.14726215563702155,0.00021641624,49100.000001015862,0.022086342735216841,0.0012920627451869604,16
6,0.14726215563702155,0.00021641624,49200.000001036235,0.023840417882124258,0.0012272940858635546,16
6,0.14726215563702155,0.00021641624,49300.000001056607,0.024358433385491273,0.0011327301709489819,16
6,0.14726215563702155,0.00021641624,49400.00000107698,0.022033317100096164,0.001273416669434233,16
6,0.14726215563702155,0.00021641624,49500.000001097353,0.023277118697642207,0.0012423205286723011,16
6,0.14726215563702155,0.00021641624,49600.000001117725,0.023247795123616185,0.0015505309750709921,16
6,0.14726215563702155,0.00021641624,49700.000001138098,0.023918052971258184,0.0015300841591792979,16
6,0.14726215563702155,0.00021641624,49800.000001158471,0.025870433342439297,0.0012758527865273307,16
6,0.14726215563702155,0.00021641624,49900.000001178843,0.024755917279650239,0.0012521072007705425,16
6,0.14726215563702155,0.00021641624,50000.000001199216,0.022677649246531151,0.001393547312720051,16
8,0.19634954084936207,0.00037066350999999999,100.00000000001425,0.012607966897408703,0.00079910896614733724,16
8,0.19634954084936207,0.00037066350999999999,199.99999999996308,0.023038377337680441,0.0012333032209740954,16
8,0.19634954084936207,0.00037066350999999999,299.99999999987216,0.024537186312091352,0.0010671962037082077,16
8,0.19634954084936207,0.00037066350999999999,399.99999999978121,0.02483525097787154,0.00099993725298637036,16
8,0.19634954084936207,0.00037066350999999999,499.99999999969026,0.024981538788087915,0.0011632162753884563,16
8,0.19634954084936207,0.00037066350999999999,599.99999999959937,0.025017241152690491,0.00152235037197681,16
8,0.19634954084936207,0.00037066350999999999,699.99999999950842,0.023235265681078872,0.00094224128705099541,16
8,0.19634954084936207,0.00037066350999999999,799.99999999941747,0.023601482894694156,0.0014955510718224667,16
8,0.19634954084936207,0.00037066350999999999,899.99999999932652,0.023674251966333177,0.0012342290044812217,16
8,0.19634954084936207,0.00037066350999999999,999.99999999923557,0.023807203030706891,0.00089973086790579016,16
8,0.19634954084936207,0.00037066350999999999,1099.9999999991446,0.022897717640067098,0.0010506009059685669,16
8,0.19634954084936207,0.00037066350999999999,1199.9999999990537,0.023534078289997644,0.00079222837204142563,16
8,0.19634954084936207,0.00037066350999999999,1299.9999999989627,0.024436928227017821,0.0012485915827170253,16
8,0.19634954084936207,0.00037066350999999999,1399.9999999988718,0.025592733063121858,0.00087562914982332275,16
8,0.19634954084936207,0.00037066350999999999,1499.9999999987808,0.024417443413856234,0.00098672279515789785,16
8,0.19634954084936207,0.00037066350999999999,1599.9999999986899,0.0248159724350096,0.0010064652818000466,16
8,0.19634954084936207,0.00037066350999999999,1699.9999999985989,0.024685449113988588,0.00083369570378023089,16
8,0.19634954084936207,0.00037066350999999999,1799.999999998508,0.023990919499225521,0.00085998969426472093,16
8,0.19634954084936207,0.00037066350999999999,1899.999999998417,0.025948567210834037,0.0012146489436328264,16
8,0.19634954084936207,0.00037066350999999999,1999.9999999983261,0.024304746353070311,0.00090804857211705843,16
8,0.19634954084936207,0.00037066350999999999,2099.9999999994175,0.024896024906322364,0.0011436541976706678,16
8,0.19634954084936207,0.00037066350999999999,2200.0000000016003,0.024418356868133748,0.00087244294925446309,16
8,0.19634954084936207,0.00037066350999999999,2300.000000003783,0.023991207651091206,0.0011288010031166771,16
8,0.19634954084936207,0.00037066350999999999,2400.0000000059658,0.023719317937908064,0.0012893590500313321,16
8,0.19634954084936207,0.00037066350999999999,2500.0000000081486,0.023603261916344775,0.00091037607962563038,16
8,0.19634954084936207,0.00037066350999999999,2600.0000000103314,0.025468943616741981,0.0012543563696524893,16
8,0.19634954084936207,0.00037066350999999999,2700.0000000125142,0.022648931339159017,0.0013880655827803858,16
8,0.19634954084936207,0.00037066350999999999,2800.000000014697,0.022979735301365278,0.0010858292507836278,16
8,0.19634954084936207,0.00037066350999999999,2900.0000000168798,0.024484956757512596,0.00089803287267447034,16
8,0.19634954084936207,0.00037066350999999999,3000.0000000190626,0.02120332109289234,0.0013906346206873079,16
8,0.19634954084936207,0.00037066350999999999,3100.0000000212453,0.021605811100603185,0.00082053516720874181,16
8,0.19634954084936207,0.00037066350999999999,3200.0000000234281,0.023722142339356239,0.00083843092490915256,16
8,0.19634954084936207,0.00037066350999999999,3300.0000000256109,0.024336049747151006,0.00092412376243495306,16
8,0.19634954084936207,0.00037066350999999999,3400.0000000277937,0.025061209547413671,0.0013895727797743965,16
8,0.19634954084936207,0.00037066350999999999,3500.0000000299765,0.02457752599351401,0.00088592477342353448,16
8,0.19634954084936207,0.00037066350999999999,3600.0000000321593,0.024005197843675989,0.0010977529221903389,16
8,0.19634954084936207,0.00037066350999999999,3700.0000000343421,0.02619652802318807,0.0013567379682482656,16
8,0.19634954084936207,0.00037066350999999999,3800.0000000365249,0.024535499829616343,0.0011505789528882579,16
8,0.19634954084936207,0.00037066350999999999,3900.0000000387076,0.025164536643612071,0.0010826216942303381,16
8,0.19634954084936207,0.00037066350999999999,4000.0000000408904,0.023841482165443701,0.0012069386524580328,16
8,0.19634954084936207,0.00037066350999999999,4100.0000000430728,0.022139070762002735,0.00063946001178694155,16
8,0.19634954084936207,0.00037066350999999999,4200.0000000452555,0.022936444454844895,0.0011977629974370861,16
8,0.19634954084936207,0.00037066350999999999,4300.0000000474383,0.023387441701604089,0.0011488506263890061,16
8,0.19634954084936207,0.00037066350999999999,4400.0000000496211,0.02275187700652755,0.001034414480541186,16
8,0.19634954084936207,0.00037066350999999999,4500.0000000518039,0.023983335051131583,0.0014403297379954696,16
8,0.19634954084936207,0.00037066350999999999,4600.0000000539867,0.024132173147798162,0.0011939705686495247,16
8,0.19634954084936207,0.00037066350999999999,4700.0000000561695,0.022244971255830002,0.0012346331914691445,16
8,0.19634954084936207,0.00037066350999999999,4800.0000000583523,0.025902679675588219,0.0008841679267650982,16
8,0.19634954084936207,0.00037066350999999999,4900.0000000605351,0.023326386790366225,0.0012016637966077428,16
8,0.19634954084936207,0.00037066350999999999,5000.0000000627178,0.023181201974266773,0.0012822600334002653,16
8,0.19634954084936207,0.00037066350999999999,5100.0000000649006,0.023975613262702485,0.0010400824069298909,16
8,0.19634954084936207,0.00037066350999999999,5200.0000000670834,0.023320499587425946,0.00092480743158342019,16
8,0.19634954084936207,0.00037066350999999999,5300.0000000692662,0.026320077355251544,0.0010287089761084796,16
8,0.19634954084936207,0.00037066350999999999,5400.000000071449,0.023629599578598046,0.001089070274621011,16
8,0.19634954084936207,0.00037066350999999999,5500.0000000736318,0.023609408005070186,0.00091247227059186912,16
8,0.19634954084936207,0.00037066350999999999,5600.0000000758146,0.023397474081705231,0.00086986746826443902,16
8,0.19634954084936207,0.00037066350999999999,5700.0000000779974,0.022605875753543947,0.00091371787490325291,16
8,0.19634954084936207,0.00037066350999999999,5800.0000000801801,0.023887042016319502,0.0010348332446268129,16
8,0.19634954084936207,0.00037066350999999999,5900.0000000823629,0.024140687735735945,0.0011543766921420443,16
8,0.19634954084936207,0.00037066350999999999,6000.0000000845457,0.026101248309710286,0.00088326686579106803,16
8,0.19634954084936207,0.00037066350999999999,6100.0000000867285,0.024241520336281516,0.0012483654134612353,16
8,0.19634954084936207,0.00037066350999999999,6200.0000000889113,0.024256574384142884,0.0011621599767824941,16
8,0.19634954084936207,0.00037066350999999999,6300.0000000910941,0.023823510596314615,0.0010262407858373363,16
8,0.19634954084936207,0.00037066350999999999,6400.0000000932769,0.024368618773859513,0.00090578685882054637,16
8,0.19634954084936207,0.00037066350999999999,6500.0000000954597,0.025686532266227649,0.0013336509314652719,16
8,0.19634954084936207,0.00037066350999999999,6600.0000000976424,0.023588378977468703,0.0011751799030558271,16
8,0.19634954084936207,0.00037066350999999999,6700.0000000998252,0.023684225120430554,0.0010242114495745995,16
8,0.19634954084936207,0.00037066350999999999,6800.000000102008,0.022785552945893545,0.00091593825112647664,16
8,0.19634954084936207,0.00037066350999999999,6900.0000001041908,0.024027911172122655,0.00092263164724724889,16
8,0.19634954084936207,0.00037066350999999999,7000.0000001063736,0.023336259919138281,0.00086798692968347447,16
8,0.19634954084936207,0.00037066350999999999,7100.0000001085564,0.024139012742139514,0.0012267564394183813,16
8,0.19634954084936207,0.00037066350999999999,7200.0000001107392,0.02579472837588858,0.0009096388306381371,16
8,0.19634954084936207,0.00037066350999999999,7300.000000112922,0.024815238479481399,0.00074473419901931507,16
8,0.19634954084936207,0.00037066350999999999,7400.0000001151047,0.023920156913612593,0.0012545684904726616,16
8,0.19634954084936207,0.00037066350999999999,7500.0000001172875,0.024550714515750294,0.0010887729043760669,16
8,0.19634954084936207,0.00037066350999999999,7600.0000001194703,0.02328543462557708,0.0011397297427102075,16
8,0.19634954084936207,0.00037066350999999999,7700.0000001216531,0.022837819243651063,0.0008484349412666457,16
8,0.19634954084936207,0.00037066350999999999,7800.0000001238359,0.024329851652903845,0.00094408971086402179,16
8,0.19634954084936207,0.00037066350999999999,7900.0000001260187,0.023307011648312722,0.00088763584507222412,16
8,0.19634954084936207,0.00037066350999999999,8000.0000001282015,0.023419031407731793,0.0011983096608101866,16
8,0.19634954084936207,0.00037066350999999999,8100.0000001303843,0.022879772064040207,0.0010258614408403756,16
8,0.19634954084936207,0.00037066350999999999,8200.0000001325661,0.0239172208855521,0.0011745063212863533,16
8,0.19634954084936207,0.00037066350999999999,8300.0000001347489,0.023941486322600732,0.00092747749438604633,16
8,0.19634954084936207,0.00037066350999999999,8400.0000001369317,0.022995074585269573,0.001315995635440788,16
8,0.19634954084936207,0.00037066350999999999,8500.0000001391145,0.023589536004890607,0.0010122430170603452,16
8,0.19634954084936207,0.00037066350999999999,8600.0000001412973,0.024738411631212189,0.00092368941666447766,16
8,0.19634954084936207,0.00037066350999999999,8700.0000001434801,0.025078666251071927,0.0015343871847827908,16
8,0.19634954084936207,0.00037066350999999999,8800.0000001456629,0.024679037828682391,0.0011869503620218693,16
8,0.19634954084936207,0.00037066350999999999,8900.0000001478456,0.025717345830522747,0.0010438542327514443,16
8,0.19634954084936207,0.00037066350999999999,9000.0000001500284,0.025560464883499983,0.0014059302707895426,16
8,0.19634954084936207,0.00037066350999999999,9100.0000001522112,0.025146254503804234,0.00079227516431200676,16
8,0.19634954084936207,0.00037066350999999999,9200.000000154394,0.023152677233705,0.0011377262316636899,16
8,0.19634954084936207,0.00037066350999999999,9300.0000001565768,0.023254966203940953,0.00095246930846122515,16
8,0.19634954084936207,0.00037066350999999999,9400.0000001587596,0.023760647748627,0.00081191609156629544,16
8,0.19634954084936207,0.00037066350999999999,9500.0000001609424,0.022266929190179217,0.0016168990815627294,16
8,0.19634954084936207,0.00037066350999999999,9600.0000001631252,0.023160799108408486,0.0015959247256556205,16
8,0.19634954084936207,0.00037066350999999999,9700.0000001653079,0.024587082242322051,0.00097141943676199642,16
8,0.19634954084936207,0.00037066350999999999,9800.0000001674907,0.024107603841576349,0.0012182532492158067,16
8,0.19634954084936207,0.00037066350999999999,9900.0000001696735,0.023085913564893149,0.0009541801665333919,16
8,0.19634954084936207,0.00037066350999999999,10000.000000171856,0.022330532811925929,0.0013146543298911675,16
8,0.19634954084936207,0.00037066350999999999,10100.000000174039,0.023127525750125756,0.0011035046477650479,16
8,0.19634954084936207,0.00037066350999999999,10200.000000176222,0.024395090276441832,0.0014315969074319452,16
8,0.19634954084936207,0.00037066350999999999,10300.000000178405,0.023095778260439705,0.00086759596427795369,16
8,0.19634954084936207,0.00037066350999999999,10400.000000180587,0.024184177104990025,0.00075907217997842297,16
8,0.19634954084936207,0.00037066350999999999,10500.00000018277,0.024833462579666166,0.00092657185331729188,16
8,0.19634954084936207,0.00037066350999999999,10600.000000184953,0.02361451445144588,0.0012555856247411232,16
8,0.19634954084936207,0.00037066350999999999,10700.000000187136,0.024537258804281543,0.00090420084851526095,16
8,0.19634954084936207,0.00037066350999999999,10800.000000189319,0.023761866094602884,0.0010322103242242722,16
8,0.19634954084936207,0.00037066350999999999,10900.000000191501,0.024195895708787586,0.00082956001349812939,16
8,0.19634954084936207,0.00037066350999999999,11000.000000193684,0.025606182007545452,0.0013283687859661024,16
8,0.19634954084936207,0.00037066350999999999,11100.000000195867,0.024794318499692797,0.0012442427084412657,16
8,0.19634954084936207,0.00037066350999999999,11200.00000019805,0.023254791252267488,0.00094952068309471103,16
8,0.19634954084936207,0.00037066350999999999,11300.000000200233,0.023718430059711873,0.001126651804460766,16
8,0.19634954084936207,0.00037066350999999999,11400.000000202415,0.023366254403373417,0.00081213437695788608,16
8,0.19634954084936207,0.00037066350999999999,11500.000000204598,0.024203169472143092,0.00099457008752250331,16
8,0.19634954084936207,0.00037066350999999999,11600.000000206781,0.024220658303682543,0.00082892407993082192,16
8,0.19634954084936207,0.00037066350999999999,11700.000000208964,0.023810673619423489,0.00094325730009563061,16
8,0.19634954084936207,0.00037066350999999999,11800.000000211146,0.023790030115411556,0.0010163004790875712,16
8,0.19634954084936207,0.00037066350999999999,11900.000000213329,0.022481207919945255,0.0012642963160937701,16
8,0.19634954084936207,0.00037066350999999999,12000.000000215512,0.023510640119218943,0.0010988088396409873,16
8,0.19634954084936207,0.00037066350999999999,12100.000000217695,0.025519817054492223,0.0011623060443657469,16
8,0.19634954084936207,0.00037066350999999999,12200.000000219878,0.025084884435998989,0.0010749107233696022,16
8,0.19634954084936207,0.00037066350999999999,12300.00000022206,0.024304972734081526,0.00096425473137519814,16
8,0.19634954084936207,0.00037066350999999999,12400.000000224243,0.023657445615303148,0.0010472727149191477,16
8,0.19634954084936207,0.00037066350999999999,12500.000000226426,0.025028066224601957,0.0011062682297984885,16
8,0.19634954084936207,0.00037066350999999999,12600.000000228609,0.025763264769947877,0.0016366305025760101,16
8,0.19634954084936207,0.00037066350999999999,12700.000000230792,0.025416787764275629,0.0011916259508046013,16
8,0.19634954084936207,0.00037066350999999999,12800.000000232974,0.025178226044489303,0.0014149819826338404,16
8,0.19634954084936207,0.00037066350999999999,12900.000000235157,0.025470267478495821,0.0014181807866143323,16
8,0.19634954084936207,0.00037066350999999999,13000.00000023734,0.025211207757838354,0.00088590866089779193,16
8,0.19634954084936207,0.00037066350999999999,13100.000000239523,0.024744805898003382,0.0010452455344002478,16
8,0.19634954084936207,0.00037066350999999999,13200.000000241705,0.024747815541830635,0.0013827866260942578,16
8,0.19634954084936207,0.00037066350999999999,13300.000000243888,0.025082588723675359,0.0012286961006612617,16
8,0.19634954084936207,0.00037066350999999999,13400.000000246071,0.025643084977118879,0.0010199215538506104,16
8,0.19634954084936207,0.00037066350999999999,13500.000000248254,0.02267990029293869,0.0010100105184815008,16
8,0.19634954084936207,0.00037066350999999999,13600.000000250437,0.02323344065634244,0.0008245846010736989,16
8,0.19634954084936207,0.00037066350999999999,13700.000000252619,0.02372306866844363,0.0015632684936450494,16
8,0.19634954084936207,0.00037066350999999999,13800.000000254802,0.021770355339133657,0.00093089755185439224,16
8,0.19634954084936207,0.00037066350999999999,13900.000000256985,0.021971656256497437,0.0012986981463825827,16
8,0.19634954084936207,0.00037066350999999999,14000.000000259168,0.022091617223508594,0.0013234816245412547,16
8,0.19634954084936207,0.00037066350999999999,14100.000000261351,0.02104423857880627,0.0012406039732159218,16
8,0.19634954084936207,0.00037066350999999999,14200.000000263533,0.023554734147316361,0.0010497640651149086,16
8,0.19634954084936207,0.00037066350999999999,14300.000000265716,0.023936610939063994,0.00097935169236298297,16
8,0.19634954084936207,0.00037066350999999999,14400.000000267899,0.023349737321563133,0.0010223337764772526,16
8,0.19634954084936207,0.00037066350999999999,14500.000000270082,0.025398320403475224,0.001355520257014119,16
8,0.19634954084936207,0.00037066350999999999,14600.000000272265,0.025805109930462877,0.0008457913268793318,16
8,0.19634954084936207,0.00037066350999999999,14700.000000274447,0.026816924322234009,0.0010061774908437595,16
8,0.19634954084936207,0.00037066350999999999,14800.00000027663,0.026801771539575431,0.0011909773980597978,16
8,0.19634954084936207,0.00037066350999999999,14900.000000278813,0.023337977959428859,0.0014455248515264181,16
8,0.19634954084936207,0.00037066350999999999,15000.000000280996,0.022382272957201223,0.00095418393916328755,16
8,0.19634954084936207,0.00037066350999999999,15100.000000283178,0.023220986074037827,0.00153310472345888,16
8,0.19634954084936207,0.00037066350999999999,15200.000000285361,0.023321653641658779,0.0010825780901326017,16
8,0.19634954084936207,0.00037066350999999999,15300.000000287544,0.025788149302199651,0.00095842591330163652,16
8,0.19634954084936207,0.00037066350999999999,15400.000000289727,0.024412212275347577,0.0010267844820249692,16
8,0.19634954084936207,0.00037066350999999999,15500.00000029191,0.023570040444112119,0.00089727083898209249,16
8,0.19634954084936207,0.00037066350999999999,15600.000000294092,0.02460308358235359,0.00085417094919167406,16
8,0.19634954084936207,0.00037066350999999999,15700.000000296275,0.023630179417053615,0.0012196770591023196,16
8,0.19634954084936207,0.00037066350999999999,15800.000000298458,0.024240047705962605,0.0010979151991101722,16
8,0.19634954084936207,0.00037066350999999999,15900.000000300641,0.024601401740106978,0.000829080522329259,16
8,0.19634954084936207,0.00037066350999999999,16000.000000302824,0.024669393505680776,0.0010155991633897263,16
8,0.19634954084936207,0.00037066350999999999,16100.000000305006,0.025231335478511304,0.0010071205410344633,16
8,0.19634954084936207,0.00037066350999999999,16200.000000307189,0.024629660980744733,0.0015172323321742244,16
8,0.19634954084936207,0.00037066350999999999,16300.000000309372,0.024411291110962557,0.00094177743865032134,16
8,0.19634954084936207,0.00037066350999999999,16400.000000308642,0.024819825599136414,0.0011433626576708609,16
8,0.19634954084936207,0.00037066350999999999,16500.000000292635,0.024127094508464442,0.00088522110743598887,16
8,0.19634954084936207,0.00037066350999999999,16600.000000276628,0.023460888321844228,0.0011255262027037743,16
8,0.19634954084936207,0.00037066350999999999,16700.000000260621,0.024632160470933719,0.00088831732100424869,16
8,0.19634954084936207,0.00037066350999999999,16800.000000244614,0.024247437598681088,0.0011430309149676387,16
8,0.19634954084936207,0.00037066350999999999,16900.000000228607,0.022653491387088373,0.001190367715945062,16
8,0.19634954084936207,0.00037066350999999999,17000.0000002126,0.024409887694356782,0.0010736456240974788,16
8,0.19634954084936207,0.00037066350999999999,17100.000000196593,0.024069257611092413,0.0011499388729076315,16
8,0.19634954084936207,0.00037066350999999999,17200.000000180586,0.023985062011622961,0.0011263110455167725,16
8,0.19634954084936207,0.00037066350999999999,17300.000000164579,0.02472107900579066,0.0012382764436609595,16
8,0.19634954084936207,0.00037066350999999999,17400.000000148571,0.025251104030040238,0.00092615384200431987,16
8,0.19634954084936207,0.00037066350999999999,17500.000000132564,0.024152571322896606,0.0011799039062280006,16
8,0.19634954084936207,0.00037066350999999999,17600.000000116557,0.025384992774528655,0.00077292031760495391,16
8,0.19634954084936207,0.00037066350999999999,17700.00000010055,0.025720873661174294,0.00090509025229267319,16
8,0.19634954084936207,0.00037066350999999999,17800.000000084543,0.025397327035865409,0.0009437816300611405,16
8,0.19634954084936207,0.00037066350999999999,17900.000000068536,0.025402556643155199,0.0011334113296931068,16
8,0.19634954084936207,0.00037066350999999999,18000.000000052529,0.023523951062021837,0.00089945611509055935,16
8,0.19634954084936207,0.00037066350999999999,18100.000000036522,0.026360995260370203,0.0010176761468214037,16
8,0.19634954084936207,0.00037066350999999999,18200.000000020515,0.025074201006114238,0.00084894577633438213,16
8,0.19634954084936207,0.00037066350999999999,18300.000000004507,0.023396101608754855,0.0011587257379580102,16
8,0.19634954084936207,0.00037066350999999999,18399.9999999885,0.025526602485740849,0.0015523929103521533,16
8,0.19634954084936207,0.00037066350999999999,18499.999999972493,0.024325868766407372,0.0011121705499331145,16
8,0.19634954084936207,0.00037066350999999999,18599.999999956486,0.024759905233699232,0.0012722131186711741,16
8,0.19634954084936207,0.00037066350999999999,18699.999999940479,0.023042975883233074,0.0012308070365037323,16
8,0.19634954084936207,0.00037066350999999999,18799.999999924472,0.024941595578586474,0.00087448107403518443,16
8,0.19634954084936207,0.00037066350999999999,18899.999999908465,0.023554991267863677,0.001043588384613508,16
8,0.19634954084936207,0.00037066350999999999,18999.999999892458,0.02335799697441495,0.0011424046698626654,16
8,0.19634954084936207,0.00037066350999999999,19099.999999876451,0.02467619330728223,0.00078403686355628453,16
8,0.19634954084936207,0.00037066350999999999,19199.999999860443,0.024397298797968522,0.0012029346304844606,16
8,0.19634954084936207,0.00037066350999999999,19299.999999844436,0.025317082948019216,0.0011302767381652292,16
8,0.19634954084936207,0.00037066350999999999,19399.999999828429,0.025744853593431052,0.00091730435691367339,16
8,0.19634954084936207,0.00037066350999999999,19499.999999812422,0.024000719033786665,0.0015007979092636686,16
8,0.19634954084936207,0.00037066350999999999,19599.999999796415,0.022236878614289232,0.00089621505463847301,16
8,0.19634954084936207,0.00037066350999999999,19699.999999780408,0.023393175192813972,0.0011021687863954398,16
8,0.19634954084936207,0.00037066350999999999,19799.999999764401,0.024000709711429761,0.0011331388155832781,16
8,0.19634954084936207,0.00037066350999999999,19899.999999748394,0.025429345563746833,0.0016631903164149862,16
8,0.19634954084936207,0.00037066350999999999,19999.999999732387,0.023976499960769313,0.0014862434535994518,16
8,0.19634954084936207,0.00037066350999999999,20099.99999971638,0.022499548692596467,0.0014136837082820465,16
8,0.19634954084936207,0.00037066350999999999,20199.999999700372,0.024204407749250416,0.0008328239291336781,16
8,0.19634954084936207,0.00037066350999999999,20299.999999684365,0.024794395364985934,0.00095370867550914108,16
8,0.19634954084936207,0.00037066350999999999,20399.999999668358,0.025519135221773775,0.0010300168658130184,16
8,0.19634954084936207,0.00037066350999999999,20499.999999652351,0.023471659277468811,0.0010063530227476466,16
8,0.19634954084936207,0.00037066350999999999,20599.999999636344,0.025737048503363648,0.00097464324138477033,16
8,0.19634954084936207,0.00037066350999999999,20699.999999620337,0.025126163824138514,0.0012517557657735431,16
8,0.19634954084936207,0.00037066350999999999,20799.99999960433,0.02321681152728795,0.0013570445219262851,16
8,0.19634954084936207,0.00037066350999999999,20899.999999588323,0.023730578625051527,0.0013175056757915252,16
8,0.19634954084936207,0.00037066350999999999,20999.999999572316,0.023163890027286072,0.0011177900887662468,16
8,0.19634954084936207,0.00037066350999999999,21099.999999556308,0.024104767814814024,0.0014421305190951577,16
8,0.19634954084936207,0.00037066350999999999,21199.999999540301,0.023825006314756668,0.0011394869039765001,16
8,0.19634954084936207,0.00037066350999999999,21299.999999524294,0.023535441146297218,0.0014592847586896171,16
8,0.19634954084936207,0.00037066350999999999,21399.999999508287,0.021978592746240113,0.0010821612376557671,16
8,0.19634954084936207,0.00037066350999999999,21499.99999949228,0.02206052747399544,0.00097312696243473742,16
8,0.19634954084936207,0.00037066350999999999,21599.999999476273,0.023993753505713224,0.0014671077298538749,16
8,0.19634954084936207,0.00037066350999999999,21699.999999460266,0.022402374811405015,0.00082542227958241551,16
8,0.19634954084936207,0.00037066350999999999,21799.999999444259,0.023622673622603722,0.001072985971902115,16
8,0.19634954084936207,0.00037066350999999999,21899.999999428252,0.026341877886211153,0.00095094604479232766,16
8,0.19634954084936207,0.00037066350999999999,21999.999999412245,0.026628998116338055,0.0010408516531443175,16
8,0.19634954084936207,0.00037066350999999999,22099.999999396237,0.024450664602412589,0.0011628090071765203,16
8,0.19634954084936207,0.00037066350999999999,22199.99999938023,0.022505939822409077,0.0010960836929044925,16
8,0.19634954084936207,0.00037066350999999999,22299.999999364223,0.021919496276619672,0.00119547452226436,16
8,0.19634954084936207,0.00037066350999999999,22399.999999348216,0.024255106275142851,0.0011228775456912407,16
8,0.19634954084936207,0.00037066350999999999,22499.999999332209,0.023553374101624183,0.00075734032344065253,16
8,0.19634954084936207,0.00037066350999999999,22599.999999316202,0.023437890284944102,0.0012062153415288996,16
8,0.19634954084936207,0.00037066350999999999,22699.999999300195,0.023327797117230122,0.0010290493992166354,16
8,0.19634954084936207,0.00037066350999999999,22799.999999284188,0.024951266112724992,0.00070715630188195402,16
8,0.19634954084936207,0.00037066350999999999,22899.999999268181,0.023397753163812721,0.00060909055092478036,16
8,0.19634954084936207,0.00037066350999999999,22999.999999252173,0.023122442582452527,0.00088160941107803478,16
8,0.19634954084936207,0.00037066350999999999,23099.999999236166,0.024416663359995733,0.0012267327062621572,16
8,0.19634954084936207,0.00037066350999999999,23199.999999220159,0.024571329958064204,0.0012573380461986983,16
8,0.19634954084936207,0.00037066350999999999,23299.999999204152,0.024869223138064046,0.00091795709339524462,16
8,0.19634954084936207,0.00037066350999999999,23399.999999188145,0.022489447996994656,0.0013254946222359234,16
8,0.19634954084936207,0.00037066350999999999,23499.999999172138,0.021481007895050697,0.0013155270922841282,16
8,0.19634954084936207,0.00037066350999999999,23599.999999156131,0.022814725929398021,0.0012116831180813672,16
8,0.19634954084936207,0.00037066350999999999,23699.999999140124,0.023440085430885167,0.0008979148474779913,16
8,0.19634954084936207,0.00037066350999999999,23799.999999124117,0.025193658826918385,0.00076257607518105371,16
8,0.19634954084936207,0.00037066350999999999,23899.999999108109,0.026177360103214194,0.00114788141681866,16
8,0.19634954084936207,0.00037066350999999999,23999.999999092102,0.025657056054300204,0.0010210142261949486,16
8,0.19634954084936207,0.00037066350999999999,24099.999999076095,0.023004843793064837,0.0011877569754367057,16
8,0.19634954084936207,0.00037066350999999999,24199.999999060088,0.02202534604477599,0.0012533096271196418,16
8,0.19634954084936207,0.00037066350999999999,24299.999999044081,0.023279576891903356,0.0008817262363172713,16
8,0.19634954084936207,0.00037066350999999999,24399.999999028074,0.022339673276144605,0.00075005397772443579,16
8,0.19634954084936207,0.00037066350999999999,24499.999999012067,0.023851089153065282,0.0011937308182651636,16
8,0.19634954084936207,0.00037066350999999999,24599.99999899606,0.024205677797313727,0.00095500519369551349,16
8,0.19634954084936207,0.00037066350999999999,24699.999998980053,0.024627483391816071,0.00092094477812467584,16
8,0.19634954084936207,0.00037066350999999999,24799.999998964046,0.025576484978337019,0.0011058629864531596,16
8,0.19634954084936207,0.00037066350999999999,24899.999998948038,0.023725518855879976,0.0011595582644515991,16
8,0.19634954084936207,0.00037066350999999999,24999.999998932031,0.023242817449080008,0.00089831022143146142,16
8,0.19634954084936207,0.00037066350999999999,25099.999998916024,0.02409052817699938,0.00092767116402520079,16
8,0.19634954084936207,0.00037066350999999999,25199.999998900017,0.023297173443334249,0.00086096537314337058,16
8,0.19634954084936207,0.00037066350999999999,25299.99999888401,0.023035076213803751,0.00092342048866252211,16
8,0.19634954084936207,0.00037066350999999999,25399.999998868003,0.024405134401484913,0.0012683351466862027,16
8,0.19634954084936207,0.00037066350999999999,25499.999998851996,0.024782738347514977,0.0011511130242887592,16
8,0.19634954084936207,0.00037066350999999999,25599.999998835989,0.025324102407290917,0.0010182574948632826,16
8,0.19634954084936207,0.00037066350999999999,25699.999998819982,0.024064235528940346,0.00095410759471682,16
8,0.19634954084936207,0.00037066350999999999,25799.999998803974,0.024004168060789286,0.00077706409818054654,16
8,0.19634954084936207,0.00037066350999999999,25899.999998787967,0.023652811656945896,0.0010615787738959704,16
8,0.19634954084936207,0.00037066350999999999,25999.99999877196,0.023009814006339956,0.00091958850457358294,16
8,0.19634954084936207,0.00037066350999999999,26099.999998755953,0.022903570319904962,0.0010903496274622065,16
8,0.19634954084936207,0.00037066350999999999,26199.999998739946,0.023665596623168916,0.0011191612274641164,16
8,0.19634954084936207,0.00037066350999999999,26299.999998723939,0.024868744285467488,0.00078564796266950368,16
8,0.19634954084936207,0.00037066350999999999,26399.999998707932,0.025653742894794947,0.0010654026431127981,16
8,0.19634954084936207,0.00037066350999999999,26499.999998691925,0.026139026543376225,0.0015527238085369414,16
8,0.19634954084936207,0.00037066350999999999,26599.999998675918,0.024734518140367305,0.0012245615173334268,16
8,0.19634954084936207,0.00037066350999999999,26699.99999865991,0.024787587264176635,0.001362841867003643,16
8,0.19634954084936207,0.00037066350999999999,26799.999998643903,0.025435602126917468,0.0016085895338893356,16
8,0.19634954084936207,0.00037066350999999999,26899.999998627896,0.02692598741840457,0.0010552955314842591,16
8,0.19634954084936207,0.00037066350999999999,26999.999998611889,0.026478282092486677,0.0013274678027479785,16
8,0.19634954084936207,0.00037066350999999999,27099.999998595882,0.02601279228891859,0.0010499889275789446,16
8,0.19634954084936207,0.00037066350999999999,27199.999998579875,0.024145078014814206,0.0013012010511799139,16
8,0.19634954084936207,0.00037066350999999999,27299.999998563868,0.024809977890439781,0.001060124093233689,16
8,0.19634954084936207,0.00037066350999999999,27399.999998547861,0.023841835751392097,0.00094480097399456228,16
8,0.19634954084936207,0.00037066350999999999,27499.999998531854,0.024599727075461656,0.0014180431350975433,16
8,0.19634954084936207,0.00037066350999999999,27599.999998515847,0.025815433615905773,0.0012176089169976287,16
8,0.19634954084936207,0.00037066350999999999,27699.999998499839,0.025597605390364285,0.0012313741607665335,16
8,0.19634954084936207,0.00037066350999999999,27799.999998483832,0.024929293853114171,0.0013909266279666752,16
8,0.19634954084936207,0.00037066350999999999,27899.999998467825,0.02438556630258841,0.0012692443753026374,16
8,0.19634954084936207,0.00037066350999999999,27999.999998451818,0.02480043936641254,0.0011485013543908037,16
8,0.19634954084936207,0.00037066350999999999,28099.999998435811,0.024839659772362868,0.00092609499936700259,16
8,0.19634954084936207,0.00037066350999999999,28199.999998419804,0.024737553801016613,0.0010914250651430648,16
8,0.19634954084936207,0.00037066350999999999,28299.999998403797,0.024659961763397003,0.0014933264236558737,16
8,0.19634954084936207,0.00037066350999999999,28399.99999838779,0.02288222218861212,0.0010443483607135021,16
8,0.19634954084936207,0.00037066350999999999,28499.999998371783,0.023934183363558174,0.00063107837670215697,16
8,0.19634954084936207,0.00037066350999999999,28599.999998355775,0.024783756433406991,0.00084340997178998555,16
8,0.19634954084936207,0.00037066350999999999,28699.999998339768,0.023395934802069269,0.0011813300051203091,16
8,0.19634954084936207,0.00037066350999999999,28799.999998323761,0.023582090581425158,0.00085762297866364009,16
8,0.19634954084936207,0.00037066350999999999,28899.999998307754,0.023735307167342786,0.0013119518632327576,16
8,0.19634954084936207,0.00037066350999999999,28999.999998291747,0.022802356499822807,0.0013215398374567869,16
8,0.19634954084936207,0.00037066350999999999,29099.99999827574,0.024103105926075074,0.00089909236595139461,16
8,0.19634954084936207,0.00037066350999999999,29199.999998259733,0.023957435108042754,0.0011288193301894321,16
8,0.19634954084936207,0.00037066350999999999,29299.999998243726,0.025507492318809642,0.0014414372355245281,16
8,0.19634954084936207,0.00037066350999999999,29399.999998227719,0.025718573915829469,0.001449343440420092,16
8,0.19634954084936207,0.00037066350999999999,29499.999998211711,0.024818311225709294,0.0012349639497513769,16
8,0.19634954084936207,0.00037066350999999999,29599.999998195704,0.023962553179121687,0.0012736553475124804,16
8,0.19634954084936207,0.00037066350999999999,29699.999998179697,0.02181525319357604,0.0011679725658181137,16
8,0.19634954084936207,0.00037066350999999999,29799.99999816369,0.023246505905951127,0.00143400555381417,16
8,0.19634954084936207,0.00037066350999999999,29899.999998147683,0.025768740533864361,0.00084018408033287664,16
8,0.19634954084936207,0.00037066350999999999,29999.999998131676,0.024229022942018629,0.0013416570134609242,16
8,0.19634954084936207,0.00037066350999999999,30099.999998115669,0.024776536133651182,0.0011951742229671526,16
8,0.19634954084936207,0.00037066350999999999,30199.999998099662,0.024518404055645843,0.0011326860701759553,16
8,0.19634954084936207,0.00037066350999999999,30299.999998083655,0.023591310975369203,0.00091168285493529609,16
8,0.19634954084936207,0.00037066350999999999,30399.999998067648,0.02254157396985661,0.00082803119550839692,16
8,0.19634954084936207,0.00037066350999999999,30499.99999805164,0.026138023120987161,0.00094589088328772759,16
8,0.19634954084936207,0.00037066350999999999,30599.999998035633,0.025664251991349821,0.00093748102663710278,16
8,0.19634954084936207,0.00037066350999999999,30699.999998019626,0.024836445042758691,0.0013646197706502629,16
8,0.19634954084936207,0.00037066350999999999,30799.999998003619,0.025151435540947242,0.0011139028486821074,16
8,0.19634954084936207,0.00037066350999999999,30899.999997987612,0.022742909422111664,0.0010785469904780755,16
8,0.19634954084936207,0.00037066350999999999,30999.999997971605,0.024988999458954532,0.0014625704488768578,16
8,0.19634954084936207,0.00037066350999999999,31099.999997955598,0.026698965511335604,0.0013468540092312865,16
8,0.19634954084936207,0.00037066350999999999,31199.999997939591,0.024180009872077354,0.00088170565407761877,16
8,0.19634954084936207,0.00037066350999999999,31299.999997923584,0.023239765810118211,0.0011041622523455354,16
8,0.19634954084936207,0.00037066350999999999,31399.999997907576,0.022748265870791269,0.0011504367189276255,16
8,0.19634954084936207,0.00037066350999999999,31499.999997891569,0.025468208449723431,0.00142909725371725,16
8,0.19634954084936207,0.00037066350999999999,31599.999997875562,0.023920068880619094,0.0010287398601943477,16
8,0.19634954084936207,0.00037066350999999999,31699.999997859555,0.023052776918686575,0.00094355773691465823,16
8,0.19634954084936207,0.00037066350999999999,31799.999997843548,0.021970398913008529,0.0010732229058249038,16
8,0.19634954084936207,0.00037066350999999999,31899.999997827541,0.02424326573089601,0.0012547000554392338,16
8,0.19634954084936207,0.00037066350999999999,31999.999997811534,0.023772121104040193,0.0010092606627665017,16
8,0.19634954084936207,0.00037066350999999999,32099.999997795527,0.024753036606375216,0.00068476206678076581,16
8,0.19634954084936207,0.00037066350999999999,32199.99999777952,0.023598100163764173,0.0010132920000919371,16
8,0.19634954084936207,0.00037066350999999999,32299.999997763513,0.023892587565139307,0.0011529341740917599,16
8,0.19634954084936207,0.00037066350999999999,32399.999997747505,0.023729685432430904,0.00094728404068349396,16
8,0.19634954084936207,0.00037066350999999999,32499.999997731498,0.022815844849553204,0.0009994301803731738,16
8,0.19634954084936207,0.00037066350999999999,32599.999997715491,0.024144299256934433,0.00084606414468521758,16
8,0.19634954084936207,0.00037066350999999999,32699.999997699484,0.023879281619530537,0.0011088438449496118,16
8,0.19634954084936207,0.00037066350999999999,32799.999997695115,0.022974644612747674,0.001103441266301986,16
8,0.19634954084936207,0.00037066350999999999,32899.999997715488,0.023395579844245305,0.00086011692084528313,16
8,0.19634954084936207,0.00037066350999999999,32999.99999773586,0.024405769304975164,0.00092848369327762673,16
8,0.19634954084936207,0.00037066350999999999,33099.999997756233,0.02397599614525453,0.00092240366587486493,16
8,0.19634954084936207,0.00037066350999999999,33199.999997776606,0.02375866682021463,0.0010924431080550274,16
8,0.19634954084936207,0.00037066350999999999,33299.999997796978,0.024372349303762506,0.00081916151863012712,16
8,0.19634954084936207,0.00037066350999999999,33399.999997817351,0.025357503696410384,0.001219985541394634,16
8,0.19634954084936207,0.00037066350999999999,33499.999997837724,0.022400200170311781,0.001163248617073978,16
8,0.19634954084936207,0.00037066350999999999,33599.999997858096,0.024983449557715177,0.00062075393524456803,16
8,0.19634954084936207,0.00037066350999999999,33699.999997878469,0.02467265164526385,0.00089190761276287717,16
8,0.19634954084936207,0.00037066350999999999,33799.999997898842,0.024809557024283151,0.0011667728342522668,16
8,0.19634954084936207,0.00037066350999999999,33899.999997919214,0.025659468497651525,0.0014485258167370244,16
8,0.19634954084936207,0.00037066350999999999,33999.999997939587,0.024116162399095777,0.0013017623388763906,16
8,0.19634954084936207,0.00037066350999999999,34099.99999795996,0.024831098638756384,0.0013987861354987424,16
8,0.19634954084936207,0.00037066350999999999,34199.999997980332,0.025069222925894193,0.0010841206515519526,16
8,0.19634954084936207,0.00037066350999999999,34299.999998000705,0.025465838642474793,0.00087687719117652716,16
8,0.19634954084936207,0.00037066350999999999,34399.999998021078,0.025130286419656415,0.00097396997474837879,16
8,0.19634954084936207,0.00037066350999999999,34499.99999804145,0.024266893619287612,0.0016074451871133859,16
8,0.19634954084936207,0.00037066350999999999,34599.999998061823,0.021648799080480615,0.0015139211797955338,16
8,0.19634954084936207,0.00037066350999999999,34699.999998082196,0.022557540578642753,0.0015564074627418302,16
8,0.19634954084936207,0.00037066350999999999,34799.999998102568,0.022698026808695169,0.0012239442616941028,16
8,0.19634954084936207,0.00037066350999999999,34899.999998122941,0.021874431335512885,0.0013084140082777335,16
8,0.19634954084936207,0.00037066350999999999,34999.999998143314,0.024389342733977918,0.0012081342604776957,16
8,0.19634954084936207,0.00037066350999999999,35099.999998163687,0.02451573989093871,0.0010764477520675694,16
8,0.19634954084936207,0.00037066350999999999,35199.999998184059,0.022693492145029547,0.0010145602542482957,16
8,0.19634954084936207,0.00037066350999999999,35299.999998204432,0.023455765157473826,0.00081471862778164468,16
8,0.19634954084936207,0.00037066350999999999,35399.999998224805,0.022362087309242884,0.0010849055720335865,16
8,0.19634954084936207,0.00037066350999999999,35499.999998245177,0.023030274734921294,0.0012962535538480788,16
8,0.19634954084936207,0.00037066350999999999,35599.99999826555,0.024272763271956238,0.0014751434391696303,16
8,0.19634954084936207,0.00037066350999999999,35699.999998285923,0.021809377716224886,0.00077282985505386706,16
8,0.19634954084936207,0.00037066350999999999,35799.999998306295,0.023564850460518011,0.0010700801764860939,16
8,0.19634954084936207,0.00037066350999999999,35899.999998326668,0.023780065558730096,0.0011478549318343647,16
8,0.19634954084936207,0.00037066350999999999,35999.999998347041,0.023882714066979758,0.0010331568847985661,16
8,0.19634954084936207,0.00037066350999999999,36099.999998367413,0.022894892789079337,0.0011139913154035862,16
8,0.19634954084936207,0.00037066350999999999,36199.999998387786,0.025860635664177973,0.0010143393505618011,16
8,0.19634954084936207,0.00037066350999999999,36299.999998408159,0.026852201882097408,0.00086856202322143164,16
8,0.19634954084936207,0.00037066350999999999,36399.999998428531,0.024697799470692165,0.0011151638100049318,16
8,0.19634954084936207,0.00037066350999999999,36499.999998448904,0.024596031529227003,0.0012781510537254028,16
8,0.19634954084936207,0.00037066350999999999,36599.999998469277,0.023418314355841557,0.0010263412730486079,16
8,0.19634954084936207,0.00037066350999999999,36699.999998489649,0.023166954520025488,0.00075133970128736483,16
8,0.19634954084936207,0.00037066350999999999,36799.999998510022,0.024038248534528444,0.0013600467664518908,16
8,0.19634954084936207,0.00037066350999999999,36899.999998530395,0.024962762846639137,0.00093351238917577933,16
8,0.19634954084936207,0.00037066350999999999,36999.999998550767,0.02299490983746642,0.0010459802259263371,16
8,0.19634954084936207,0.00037066350999999999,37099.99999857114,0.023608468045212931,0.00090381794481056703,16
8,0.19634954084936207,0.00037066350999999999,37199.999998591513,0.023879658373515199,0.00071706488882061737,16
8,0.19634954084936207,0.00037066350999999999,37299.999998611886,0.023220007097756849,0.00084012289150547318,16
8,0.19634954084936207,0.00037066350999999999,37399.999998632258,0.023008312529553279,0.00092338127606828295,16
8,0.19634954084936207,0.00037066350999999999,37499.999998652631,0.021536609015627262,0.0013595434687023007,16
8,0.19634954084936207,0.00037066350999999999,37599.999998673004,0.023396826786074455,0.001221102626834146,16
8,0.19634954084936207,0.00037066350999999999,37699.999998693376,0.024500702442510524,0.001121724741379399,16
8,0.19634954084936207,0.00037066350999999999,37799.999998713749,0.02225703239104667,0.001511572374459635,16
8,0.19634954084936207,0.00037066350999999999,37899.999998734122,0.023743251403390484,0.00070130488430648463,16
8,0.19634954084936207,0.00037066350999999999,37999.999998754494,0.023635809709131882,0.00094558342191888075,16
8,0.19634954084936207,0.00037066350999999999,38099.999998774867,0.024287294389811372,0.0012213224546161648,16
8,0.19634954084936207,0.00037066350999999999,38199.99999879524,0.025357873920019106,0.0012095213868079421,16
8,0.19634954084936207,0.00037066350999999999,38299.999998815612,0.024948585122326557,0.00084713354224148297,16
8,0.19634954084936207,0.00037066350999999999,38399.999998835985,0.023540809416300428,0.0010510704445377179,16
8,0.19634954084936207,0.00037066350999999999,38499.999998856358,0.025202844882008711,0.0011214004514907396,16
8,0.19634954084936207,0.00037066350999999999,38599.99999887673,0.024257357669053001,0.0013351212453698085,16
8,0.19634954084936207,0.00037066350999999999,38699.999998897103,0.022149824086512719,0.00085414992522309845,16
8,0.19634954084936207,0.00037066350999999999,38799.999998917476,0.023324895696845722,0.0010433661595408718,16
8,0.19634954084936207,0.00037066350999999999,38899.999998937848,0.023112466597979546,0.0011657409229458668,16
8,0.19634954084936207,0.00037066350999999999,38999.999998958221,0.023531921576459044,0.0012013165318838935,16
8,0.19634954084936207,0.00037066350999999999,39099.999998978594,0.022733628484809695,0.0011774796287490244,16
8,0.19634954084936207,0.00037066350999999999,39199.999998998966,0.022689777738206747,0.0011201075387664858,16
8,0.19634954084936207,0.00037066350999999999,39299.999999019339,0.02461795633425988,0.0011382948213794293,16
8,0.19634954084936207,0.00037066350999999999,39399.999999039712,0.02432795890417129,0.00095562923377229552,16
8,0.19634954084936207,0.00037066350999999999,39499.999999060085,0.02364717379854182,0.00096154039941805157,16
8,0.19634954084936207,0.00037066350999999999,39599.999999080457,0.025710864992952529,0.0012043653593610405,16
8,0.19634954084936207,0.00037066350999999999,39699.99999910083,0.024182934294981556,0.00098588716288701048,16
8,0.19634954084936207,0.00037066350999999999,39799.999999121203,0.023943765295409355,0.0012542452315521216,16
8,0.19634954084936207,0.00037066350999999999,39899.999999141575,0.022393977915520967,0.00096082224802623427,16
8,0.19634954084936207,0.00037066350999999999,39999.999999161948,0.022997655489526432,0.0011196251999039323,16
8,0.19634954084936207,0.00037066350999999999,40099.999999182321,0.024417292837217015,0.0010405758437740189,16
8,0.19634954084936207,0.00037066350999999999,40199.999999202693,0.023659092359566557,0.00090913636894940071,16
8,0.19634954084936207,0.00037066350999999999,40299.999999223066,0.024745236227878518,0.00095198610980125342,16
8,0.19634954084936207,0.00037066350999999999,40399.999999243439,0.023864481619191455,0.00083120104377259725,16
8,0.19634954084936207,0.00037066350999999999,40499.999999263811,0.023539936832888367,0.0012061468272099485,16
8,0.19634954084936207,0.00037066350999999999,40599.999999284184,0.022503396977670561,0.00097609885587134765,16
8,0.19634954084936207,0.00037066350999999999,40699.999999304557,0.022756799016638282,0.0011685763020746961,16
8,0.19634954084936207,0.00037066350999999999,40799.999999324929,0.021583433256142794,0.00084926484619634527,16
8,0.19634954084936207,0.00037066350999999999,40899.999999345302,0.023108126933755961,0.0011211383928513869,16
8,0.19634954084936207,0.00037066350999999999,40999.999999365675,0.022991469032625715,0.0010167351591088428,16
8,0.19634954084936207,0.00037066350999999999,41099.999999386047,0.022855625375453211,0.0011337190346155297,16
8,0.19634954084936207,0.00037066350999999999,41199.99999940642,0.02397742758497582,0.00094408088116393481,16
8,0.19634954084936207,0.00037066350999999999,41299.999999426793,0.024805166812714389,0.001130736594506399,16
8,0.19634954084936207,0.00037066350999999999,41399.999999447165,0.024159018786849663,0.0008304036502764932,16
8,0.19634954084936207,0.00037066350999999999,41499.999999467538,0.023073835494433266,0.00080897687484480097,16
8,0.19634954084936207,0.00037066350999999999,41599.999999487911,0.023479832447518324,0.0014400083959026553,16
8,0.19634954084936207,0.00037066350999999999,41699.999999508284,0.022964375377900394,0.0012765152933926381,16
8,0.19634954084936207,0.00037066350999999999,41799.999999528656,0.024655542739145577,0.00065942828241727315,16
8,0.19634954084936207,0.00037066350999999999,41899.999999549029,0.022975740608427955,0.0009577884357845276,16
8,0.19634954084936207,0.00037066350999999999,41999.999999569402,0.024101227397652945,0.0012486272227352987,16
8,0.19634954084936207,0.00037066350999999999,42099.999999589774,0.02471586712521158,0.0012590902172701949,16
8,0.19634954084936207,0.00037066350999999999,42199.999999610147,0.024441645945187673,0.0012402672552175901,16
8,0.19634954084936207,0.00037066350999999999,42299.99999963052,0.022422953772527711,0.00068398663893915119,16
8,0.19634954084936207,0.00037066350999999999,42399.999999650892,0.023543566861574036,0.0009698795471609126,16
8,0.19634954084936207,0.00037066350999999999,42499.999999671265,0.024003946461437577,0.0011098875857720391,16
8,0.19634954084936207,0.00037066350999999999,42599.999999691638,0.023011984626126299,0.0009716964048389785,16
8,0.19634954084936207,0.00037066350999999999,42699.99999971201,0.024534419604340042,0.0012144180524726802,16
8,0.19634954084936207,0.00037066350999999999,42799.999999732383,0.023891526238351474,0.0010646330725121308,16
8,0.19634954084936207,0.00037066350999999999,42899.999999752756,0.021245163845995261,0.00075431245514548763,16
8,0.19634954084936207,0.00037066350999999999,42999.999999773128,0.023021766623376697,0.0010860037151813706,16
8,0.19634954084936207,0.00037066350999999999,43099.999999793501,0.02491039005967903,0.0011674174708237656,16
8,0.19634954084936207,0.00037066350999999999,43199.999999813874,0.024374868932364492,0.0011967874170805877,16
8,0.19634954084936207,0.00037066350999999999,43299.999999834246,0.024516022162605663,0.0010353168138750961,16
8,0.19634954084936207,0.00037066350999999999,43399.999999854619,0.0244805403488541,0.0011108273708997035,16
8,0.19634954084936207,0.00037066350999999999,43499.999999874992,0.023864580353023922,0.00093463825938974526,16
8,0.19634954084936207,0.00037066350999999999,43599.999999895364,0.023358938180531311,0.0009878505852103116,16
8,0.19634954084936207,0.00037066350999999999,43699.999999915737,0.022570593968865175,0.0012790523809725126,16
8,0.19634954084936207,0.00037066350999999999,43799.99999993611,0.02346775727855269,0.00116663140976035,16
8,0.19634954084936207,0.00037066350999999999,43899.999999956482,0.023095303703019866,0.00083805582667317738,16
8,0.19634954084936207,0.00037066350999999999,43999.999999976855,0.023697507621648947,0.00092056003121749989,16
8,0.19634954084936207,0.00037066350999999999,44099.999999997228,0.02438751550299563,0.00089042193839618277,16
8,0.19634954084936207,0.00037066350999999999,44200.000000017601,0.025305911915556856,0.0010571796270159096,16
8,0.19634954084936207,0.00037066350999999999,44300.000000037973,0.024380636513249745,0.0010160559841865676,16
8,0.19634954084936207,0.00037066350999999999,44400.000000058346,0.023525876368747659,0.00089547898626372261,16
8,0.19634954084936207,0.00037066350999999999,44500.000000078719,0.023866235025425848,0.0011553075696366811,16
8,0.19634954084936207,0.00037066350999999999,44600.000000099091,0.02432078925989261,0.0010979610645750518,16
8,0.19634954084936207,0.00037066350999999999,44700.000000119464,0.024349165103244474,0.00090506199017889621,16
8,0.19634954084936207,0.00037066350999999999,44800.000000139837,0.023870956715519323,0.00078266285074881097,16
8,0.19634954084936207,0.00037066350999999999,44900.000000160209,0.024622560196401265,0.0010232449671463942,16
8,0.19634954084936207,0.00037066350999999999,45000.000000180582,0.025441920533900739,0.0011261293136752993,16
8,0.19634954084936207,0.00037066350999999999,45100.000000200955,0.024996062104224701,0.00097461720472584511,16
8,0.19634954084936207,0.00037066350999999999,45200.000000221327,0.025019585187178599,0.0011459713037135484,16
8,0.19634954084936207,0.00037066350999999999,45300.0000002417,0.02434158330629433,0.0010459081214168138,16
8,0.19634954084936207,0.00037066350999999999,45400.000000262073,0.023344217362012861,0.0013210957411322478,16
8,0.19634954084936207,0.00037066350999999999,45500.000000282445,0.02309725808411096,0.0014565524740730359,16
8,0.19634954084936207,0.00037066350999999999,45600.000000302818,0.024147089066187778,0.0012000112498489919,16
8,0.19634954084936207,0.00037066350999999999,45700.000000323191,0.024821323814732368,0.0012514106005870284,16
8,0.19634954084936207,0.00037066350999999999,45800.000000343563,0.024391694714469316,0.0012893035553120072,16
8,0.19634954084936207,0.00037066350999999999,45900.000000363936,0.023726291419434938,0.0014765668161960039,16
8,0.19634954084936207,0.00037066350999999999,46000.000000384309,0.02309715978461617,0.0012761831216938227,16
8,0.19634954084936207,0.00037066350999999999,46100.000000404681,0.024888808537444757,0.0011507058432629527,16
8,0.19634954084936207,0.00037066350999999999,46200.000000425054,0.026547287867361099,0.00070680410821928651,16
8,0.19634954084936207,0.00037066350999999999,46300.000000445427,0.025749195657693874,0.00075304222566932436,16
8,0.19634954084936207,0.00037066350999999999,46400.0000004658,0.023322872588614145,0.00099972617374832718,16
8,0.19634954084936207,0.00037066350999999999,46500.000000486172,0.023628371496330614,0.0014843201483245878,16
8,0.19634954084936207,0.00037066350999999999,46600.000000506545,0.024129535101136568,0.00099598837463130379,16
8,0.19634954084936207,0.00037066350999999999,46700.000000526918,0.023429988234937166,0.00098455244332825678,16
8,0.19634954084936207,0.00037066350999999999,46800.00000054729,0.025207001330021364,0.0011762454191171581,16
8,0.19634954084936207,0.00037066350999999999,46900.000000567663,0.025004490696137808,0.0010226266963001209,16
8,0.19634954084936207,0.00037066350999999999,47000.000000588036,0.026112663808269237,0.00075747475148730604,16
8,0.19634954084936207,0.00037066350999999999,47100.000000608408,0.025690200366347209,0.00080629286684322883,16
8,0.19634954084936207,0.00037066350999999999,47200.000000628781,0.025253848997401733,0.0011355446748650723,16
8,0.19634954084936207,0.00037066350999999999,47300.000000649154,0.024744512872130527,0.00095323027410922816,16
8,0.19634954084936207,0.00037066350999999999,47400.000000669526,0.026834151441823134,0.0012415922111547533,16
8,0.19634954084936207,0.00037066350999999999,47500.000000689899,0.024639058051956431,0.0012108208452527582,16
8,0.19634954084936207,0.00037066350999999999,47600.000000710272,0.024244987328420103,0.00085907113780597571,16
8,0.19634954084936207,0.00037066350999999999,47700.000000730644,0.025887114514066691,0.0012373669036233644,16
8,0.19634954084936207,0.00037066350999999999,47800.000000751017,0.026885370865424429,0.0011094216735284244,16
8,0.19634954084936207,0.00037066350999999999,47900.00000077139,0.025205067143944167,0.0011714846589119929,16
8,0.19634954084936207,0.00037066350999999999,48000.000000791762,0.025943957655094281,0.0011283843918879683,16
8,0.19634954084936207,0.00037066350999999999,48100.000000812135,0.023835425428326461,0.0012096136868938745,16
8,0.19634954084936207,0.00037066350999999999,48200.000000832508,0.023901554792858316,0.001030740581117873,16
8,0.19634954084936207,0.00037066350999999999,48300.00000085288,0.024098112179479419,0.0013386971626297545,16
8,0.19634954084936207,0.00037066350999999999,48400.000000873253,0.023708428402849452,0.00092184603093842991,16
8,0.19634954084936207,0.00037066350999999999,48500.000000893626,0.023824528854982249,0.0010621264985587356,16
8,0.19634954084936207,0.00037066350999999999,48600.000000913999,0.023999472035319859,0.00080496609272310833,16
8,0.19634954084936207,0.00037066350999999999,48700.000000934371,0.024576386067747862,0.0010721823431975649,16
8,0.19634954084936207,0.00037066350999999999,48800.000000954744,0.025544195158699351,0.00079928507677999095,16
8,0.19634954084936207,0.00037066350999999999,48900.000000975117,0.024369875919611574,0.0013172538493060354,16
8,0.19634954084936207,0.00037066350999999999,49000.000000995489,0.024115832046244012,0.00090059244710693305,16
8,0.19634954084936207,0.00037066350999999999,49100.000001015862,0.026342749112439695,0.00095078709268012586,16
8,0.19634954084936207,0.00037066350999999999,49200.000001036235,0.024260140574484283,0.0013255841927078164,16
8,0.19634954084936207,0.00037066350999999999,49300.000001056607,0.023558187663515383,0.00094567608379325912,16
8,0.19634954084936207,0.00037066350999999999,49400.00000107698,0.024058365404700469,0.0012434423781016739,16
8,0.19634954084936207,0.00037066350999999999,49500.000001097353,0.024434599311532353,0.0012657198252229525,16
8,0.19634954084936207,0.00037066350999999999,49600.000001117725,0.023973777386901353,0.001028620234047567,16
8,0.19634954084936207,0.00037066350999999999,49700.000001138098,0.024195250472675532,0.0015234709967877407,16
8,0.19634954084936207,0.00037066350999999999,49800.000001158471,0.022941444005919583,0.00112103246769074,16
8,0.19634954084936207,0.00037066350999999999,49900.000001178843,0.022619947143000058,0.0012757600604421774,16
8,0.19634954084936207,0.00037066350999999999,50000.000001199216,0.023316754162736923,0.0012055224422954894,16
10,0.24543692606170259,0.00056150852000000004,100.00000000001425,0.015768227517377904,0.00085016343780087316,16
10,0.24543692606170259,0.00056150852000000004,199.99999999996308,0.023528001539787367,0.00062945465341650883,16
10,0.24543692606170259,0.00056150852000000004,299.99999999987216,0.024063567401669598,0.0009886575885020136,16
10,0.24543692606170259,0.00056150852000000004,399.99999999978121,0.024389894932571862,0.00068804481428799105,16
10,0.24543692606170259,0.00056150852000000004,499.99999999969026,0.023978263919539139,0.0010292166613884754,16
10,0.24543692606170259,0.00056150852000000004,599.99999999959937,0.025359984410902522,0.0010116603000005641,16
10,0.24543692606170259,0.00056150852000000004,699.99999999950842,0.027290527133205737,0.0011421394676000578,16
10,0.24543692606170259,0.00056150852000000004,799.99999999941747,0.022428622017055807,0.00090222140062248476,16
10,0.24543692606170259,0.00056150852000000004,899.99999999932652,0.023525827661724237,0.0009786884473658487,16
10,0.24543692606170259,0.00056150852000000004,999.99999999923557,0.025141678161243193,0.0011301955906486366,16
10,0.24543692606170259,0.00056150852000000004,1099.9999999991446,0.023942684919628573,0.0011419585797233798,16
10,0.24543692606170259,0.00056150852000000004,1199.9999999990537,0.024719006972484681,0.0013517604897750296,16
10,0.24543692606170259,0.00056150852000000004,1299.9999999989627,0.025112692935527335,0.0011051652879629453,16
10,0.24543692606170259,0.00056150852000000004,1399.9999999988718,0.02350442813835522,0.0010566526454579093,16
10,0.24543692606170259,0.00056150852000000004,1499.9999999987808,0.024873072357071584,0.00091194099476598906,16
10,0.24543692606170259,0.00056150852000000004,1599.9999999986899,0.024535131004831373,0.0012122359653152224,16
10,0.24543692606170259,0.00056150852000000004,1699.9999999985989,0.024525520634681507,0.0013968667865725097,16
10,0.24543692606170259,0.00056150852000000004,1799.999999998508,0.023809404098639627,0.0010742937113731857,16
10,0.24543692606170259,0.00056150852000000004,1899.999999998417,0.024578232842772045,0.00092622254092827514,16
10,0.24543692606170259,0.00056150852000000004,1999.9999999983261,0.022296372832697236,0.0010037196633995737,16
10,0.24543692606170259,0.00056150852000000004,2099.9999999994175,0.023409601997882584,0.00093363818562512929,16
10,0.24543692606170259,0.00056150852000000004,2200.0000000016003,0.024062330819352801,0.0010108072260150592,16
10,0.24543692606170259,0.00056150852000000004,2300.000000003783,0.024359416352783228,0.00081939255223907224,16
10,0.24543692606170259,0.00056150852000000004,2400.0000000059658,0.026247757789031899,0.0012410967689295716,16
10,0.24543692606170259,0.00056150852000000004,2500.0000000081486,0.025633085718138889,0.00084287271991889678,16
10,0.24543692606170259,0.00056150852000000004,2600.0000000103314,0.023418046707905323,0.00085646205450759733,16
10,0.24543692606170259,0.00056150852000000004,2700.0000000125142,0.023809151272398497,0.0010182646871921659,16
10,0.24543692606170259,0.00056150852000000004,2800.000000014697,0.025447123912539709,0.00097514799976322012,16
10,0.24543692606170259,0.00056150852000000004,2900.0000000168798,0.023729662197860695,0.0012720023155237197,16
10,0.24543692606170259,0.00056150852000000004,3000.0000000190626,0.023578319381483664,0.00090696996238466381,16
10,0.24543692606170259,0.00056150852000000004,3100.0000000212453,0.023474910753978919,0.0010715661270818083,16
10,0.24543692606170259,0.00056150852000000004,3200.0000000234281,0.023862059921932976,0.00079228959059375365,16
10,0.24543692606170259,0.00056150852000000004,3300.0000000256109,0.023062710298569631,0.0011274134523395131,16
10,0.24543692606170259,0.00056150852000000004,3400.0000000277937,0.024096668960794619,0.00092545340805790714,16
10,0.24543692606170259,0.00056150852000000004,3500.0000000299765,0.024350630403244339,0.00086762287024974506,16
10,0.24543692606170259,0.00056150852000000004,3600.0000000321593,0.02524833571277085,0.0012579394161927144,16
10,0.24543692606170259,0.00056150852000000004,3700.0000000343421,0.025991667936667212,0.00085882588577783716,16
10,0.24543692606170259,0.00056150852000000004,3800.0000000365249,0.025679128009523867,0.0010381067983749937,16
10,0.24543692606170259,0.00056150852000000004,3900.0000000387076,0.024695952330032959,0.0010945194038183049,16
10,0.24543692606170259,0.00056150852000000004,4000.0000000408904,0.021748671473889161,0.001171206819439153,16
10,0.24543692606170259,0.00056150852000000004,4100.0000000430728,0.022375719199662161,0.001104996000360402,16
10,0.24543692606170259,0.00056150852000000004,4200.0000000452555,0.023133162512931345,0.0011590230921458935,16
10,0.24543692606170259,0.00056150852000000004,4300.0000000474383,0.023758939093902375,0.0010602447543742086,16
10,0.24543692606170259,0.00056150852000000004,4400.0000000496211,0.025582517973822692,0.00094890104991263993,16
10,0.24543692606170259,0.00056150852000000004,4500.0000000518039,0.02576952296137637,0.0012213548866947626,16
10,0.24543692606170259,0.00056150852000000004,4600.0000000539867,0.025218224234899105,0.0007806907064098976,16
10,0.24543692606170259,0.00056150852000000004,4700.0000000561695,0.025723910389158465,0.0010180626344949012,16
10,0.24543692606170259,0.00056150852000000004,4800.0000000583523,0.02637238032296995,0.0010871064846653285,16
10,0.24543692606170259,0.00056150852000000004,4900.0000000605351,0.024799467846769476,0.00092401170107963182,16
10,0.24543692606170259,0.00056150852000000004,5000.0000000627178,0.023381145168725914,0.00099898055027554476,16
10,0.24543692606170259,0.00056150852000000004,5100.0000000649006,0.022412372691290476,0.0008059361680556029,16
10,0.24543692606170259,0.00056150852000000004,5200.0000000670834,0.023745887446766329,0.0015171201803349981,16
10,0.24543692606170259,0.00056150852000000004,5300.0000000692662,0.0243534621058486,0.0011091585674431925,16
10,0.24543692606170259,0.00056150852000000004,5400.000000071449,0.025472045151191103,0.0010058370034953094,16
10,0.24543692606170259,0.00056150852000000004,5500.0000000736318,0.02497233781130296,0.0010639277800654843,16
10,0.24543692606170259,0.00056150852000000004,5600.0000000758146,0.024414168141044724,0.0011126251776825602,16
10,0.24543692606170259,0.00056150852000000004,5700.0000000779974,0.023671142189260769,0.0012790276521596154,16
10,0.24543692606170259,0.00056150852000000004,5800.0000000801801,0.023413475892700663,0.0012623966562681501,16
10,0.24543692606170259,0.00056150852000000004,5900.0000000823629,0.024453925967571951,0.0010136837325589022,16
10,0.24543692606170259,0.00056150852000000004,6000.0000000845457,0.024481620018922168,0.00077036717909234251,16
10,0.24543692606170259,0.00056150852000000004,6100.0000000867285,0.024850263087429651,0.0012698909049098479,16
10,0.24543692606170259,0.00056150852000000004,6200.0000000889113,0.024261255677833077,0.00091011342701330107,16
10,0.24543692606170259,0.00056150852000000004,6300.0000000910941,0.025027911402036866,0.0010328213771532914,16
10,0.24543692606170259,0.00056150852000000004,6400.0000000932769,0.023843877253748286,0.00070294761152281708,16
10,0.24543692606170259,0.00056150852000000004,6500.0000000954597,0.022976923401149298,0.0012303019264232366,16
10,0.24543692606170259,0.00056150852000000004,6600.0000000976424,0.024361558450000743,0.0012625986117234093,16
10,0.24543692606170259,0.00056150852000000004,6700.0000000998252,0.025066925634207725,0.0010152537488041468,16
10,0.24543692606170259,0.00056150852000000004,6800.000000102008,0.026535236017910163,0.00078649601730064109,16
10,0.24543692606170259,0.00056150852000000004,6900.0000001041908,0.021788184902056775,0.0010443140485501905,16
10,0.24543692606170259,0.00056150852000000004,7000.0000001063736,0.023729955152494792,0.00084993533361107704,16
10,0.24543692606170259,0.00056150852000000004,7100.0000001085564,0.023746463110201722,0.0012278708230812974,16
10,0.24543692606170259,0.00056150852000000004,7200.0000001107392,0.024263928240021909,0.0016198441613202595,16
10,0.24543692606170259,0.00056150852000000004,7300.000000112922,0.024798505559259859,0.0013707941729521032,16
10,0.24543692606170259,0.00056150852000000004,7400.0000001151047,0.024039287117214436,0.00079306662613455343,16
10,0.24543692606170259,0.00056150852000000004,7500.0000001172875,0.025743656461509092,0.0014288320642155022,16
10,0.24543692606170259,0.00056150852000000004,7600.0000001194703,0.024935194437759357,0.00099170278481783649,16
10,0.24543692606170259,0.00056150852000000004,7700.0000001216531,0.024266185781653953,0.00092062409526282865,16
10,0.24543692606170259,0.00056150852000000004,7800.0000001238359,0.024070195716847632,0.00095444855920821759,16
10,0.24543692606170259,0.00056150852000000004,7900.0000001260187,0.023833241961292134,0.00092134816710470865,16
10,0.24543692606170259,0.00056150852000000004,8000.0000001282015,0.022855751828494624,0.00085065848599601883,16
10,0.24543692606170259,0.00056150852000000004,8100.0000001303843,0.023804850327647963,0.0008685524543899447,16
10,0.24543692606170259,0.00056150852000000004,8200.0000001325661,0.024236319840677215,0.00098037522619728043,16
10,0.24543692606170259,0.00056150852000000004,8300.0000001347489,0.024513556649673428,0.00099001076895000755,16
10,0.24543692606170259,0.00056150852000000004,8400.0000001369317,0.023702460229873174,0.00098933047938019707,16
10,0.24543692606170259,0.00056150852000000004,8500.0000001391145,0.023829545486303259,0.00067222501740926992,16
10,0.24543692606170259,0.00056150852000000004,8600.0000001412973,0.023384667818478391,0.0008351117187526901,16
10,0.24543692606170259,0.00056150852000000004,8700.0000001434801,0.025773803219027173,0.00096611130954545293,16
10,0.24543692606170259,0.00056150852000000004,8800.0000001456629,0.02456873043901751,0.00055606670165565775,16
10,0.24543692606170259,0.00056150852000000004,8900.0000001478456,0.023603762025658292,0.0010331538484007518,16
10,0.24543692606170259,0.00056150852000000004,9000.0000001500284,0.024999730199005758,0.00095306185823057922,16
10,0.24543692606170259,0.00056150852000000004,9100.0000001522112,0.02456370193910485,0.001080209439695559,16
10,0.24543692606170259,0.00056150852000000004,9200.000000154394,0.024751918209949191,0.00073127694235317997,16
10,0.24543692606170259,0.00056150852000000004,9300.0000001565768,0.025722173771896964,0.00094679061231133996,16
10,0.24543692606170259,0.00056150852000000004,9400.0000001587596,0.023918445628748244,0.0011598884296889155,16
10,0.24543692606170259,0.00056150852000000004,9500.0000001609424,0.025311000241772182,0.0009339259197147623,16
10,0.24543692606170259,0.00056150852000000004,9600.0000001631252,0.024153781965391054,0.0011005472806261622,16
10,0.24543692606170259,0.00056150852000000004,9700.0000001653079,0.023222027822719066,0.00065188622543980058,16
10,0.24543692606170259,0.00056150852000000004,9800.0000001674907,0.024948849530067995,0.0009910866181692794,16
10,0.24543692606170259,0.00056150852000000004,9900.0000001696735,0.024817586696946062,0.0010005037297252371,16
10,0.24543692606170259,0.00056150852000000004,10000.000000171856,0.025051512802682183,0.001159941504049081,16
10,0.24543692606170259,0.00056150852000000004,10100.000000174039,0.023895309987995009,0.0010653859456999186,16
10,0.24543692606170259,0.00056150852000000004,10200.000000176222,0.024307666221545475,0.00079410294669419903,16
10,0.24543692606170259,0.00056150852000000004,10300.000000178405,0.024088941760838714,0.0012938435126554338,16
10,0.24543692606170259,0.00056150852000000004,10400.000000180587,0.023882178128734596,0.0010665481442058379,16
10,0.24543692606170259,0.00056150852000000004,10500.00000018277,0.023880864157055891,0.001083965181393756,16
10,0.24543692606170259,0.00056150852000000004,10600.000000184953,0.022892364007145637,0.0010009816939844315,16
10,0.24543692606170259,0.00056150852000000004,10700.000000187136,0.023576594851030652,0.0010530353036625074,16
10,0.24543692606170259,0.00056150852000000004,10800.000000189319,0.023570290073908609,0.00081725066827575564,16
10,0.24543692606170259,0.00056150852000000004,10900.000000191501,0.025292133306257573,0.0010832038982680862,16
10,0.24543692606170259,0.00056150852000000004,11000.000000193684,0.025197459904302562,0.00081088791393400816,16
10,0.24543692606170259,0.00056150852000000004,11100.000000195867,0.025025014888620176,0.0012793112358796767,16
10,0.24543692606170259,0.00056150852000000004,11200.00000019805,0.026510296369029865,0.00082701428980315819,16
10,0.24543692606170259,0.00056150852000000004,11300.000000200233,0.025738852389959245,0.0010686470642781607,16
10,0.24543692606170259,0.00056150852000000004,11400.000000202415,0.025406087916743928,0.0010971863770962238,16
10,0.24543692606170259,0.00056150852000000004,11500.000000204598,0.024957924875201893,0.00146505229613374,16
10,0.24543692606170259,0.00056150852000000004,11600.000000206781,0.02391204770720921,0.00086509744890777033,16
10,0.24543692606170259,0.00056150852000000004,11700.000000208964,0.024335291171243247,0.0010826376192673579,16
10,0.24543692606170259,0.00056150852000000004,11800.000000211146,0.02409513981093208,0.0010845954530445726,16
10,0.24543692606170259,0.00056150852000000004,11900.000000213329,0.023882833169440908,0.0010009349321688319,16
10,0.24543692606170259,0.00056150852000000004,12000.000000215512,0.024214832504622637,0.00089888591453146888,16
10,0.24543692606170259,0.00056150852000000004,12100.000000217695,0.024191114664051886,0.00099616708000087469,16
10,0.24543692606170259,0.00056150852000000004,12200.000000219878,0.023141380312951085,0.0011379137836039293,16
10,0.24543692606170259,0.00056150852000000004,12300.00000022206,0.022929881594394051,0.00099194053288773716,16
10,0.24543692606170259,0.00056150852000000004,12400.000000224243,0.021880108467105999,0.00098129595301250905,16
10,0.24543692606170259,0.00056150852000000004,12500.000000226426,0.024004620942515403,0.0011390527459606001,16
10,0.24543692606170259,0.00056150852000000004,12600.000000228609,0.024876395474004488,0.000885594421315676,16
10,0.24543692606170259,0.00056150852000000004,12700.000000230792,0.02305335497430647,0.001167076843784807,16
10,0.24543692606170259,0.00056150852000000004,12800.000000232974,0.023284795416939508,0.001295994161297541,16
10,0.24543692606170259,0.00056150852000000004,12900.000000235157,0.025837398764833715,0.0012211723939719659,16
10,0.24543692606170259,0.00056150852000000004,13000.00000023734,0.025556618789456521,0.00093833243471342352,16
10,0.24543692606170259,0.00056150852000000004,13100.000000239523,0.02532423052277645,0.0012346574040129087,16
10,0.24543692606170259,0.00056150852000000004,13200.000000241705,0.023405256986386961,0.0010830551517021722,16
10,0.24543692606170259,0.00056150852000000004,13300.000000243888,0.02287610117302092,0.0009203239692983495,16
10,0.24543692606170259,0.00056150852000000004,13400.000000246071,0.024335541269892978,0.00080602178796360677,16
10,0.24543692606170259,0.00056150852000000004,13500.000000248254,0.024759020132127225,0.0011050694537529985,16
10,0.24543692606170259,0.00056150852000000004,13600.000000250437,0.024703298340545216,0.0010073438449098163,16
10,0.24543692606170259,0.00056150852000000004,13700.000000252619,0.024949945941082369,0.0008152864226672221,16
10,0.24543692606170259,0.00056150852000000004,13800.000000254802,0.023178027177523753,0.0012532214955613043,16
10,0.24543692606170259,0.00056150852000000004,13900.000000256985,0.024516597790649696,0.00093891583580051974,16
10,0.24543692606170259,0.00056150852000000004,14000.000000259168,0.024481285518257307,0.00094065010336421607,16
10,0.24543692606170259,0.00056150852000000004,14100.000000261351,0.023848324010095207,0.0007656729280242486,16
10,0.24543692606170259,0.00056150852000000004,14200.000000263533,0.024106677462781105,0.00082355461085957548,16
10,0.24543692606170259,0.00056150852000000004,14300.000000265716,0.023171023484164759,0.0012451628268980463,16
10,0.24543692606170259,0.00056150852000000004,14400.000000267899,0.023670074705801906,0.0010828265608709739,16
10,0.24543692606170259,0.00056150852000000004,14500.000000270082,0.023872584943515161,0.0010673747425938396,16
10,0.24543692606170259,0.00056150852000000004,14600.000000272265,0.022283802544046744,0.00086896322952657238,16
10,0.24543692606170259,0.00056150852000000004,14700.000000274447,0.023610491974500512,0.00080795906622865832,16
10,0.24543692606170259,0.00056150852000000004,14800.00000027663,0.022825059016650214,0.00085492828549444495,16
10,0.24543692606170259,0.00056150852000000004,14900.000000278813,0.023856648219131974,0.0010627229761388827,16
10,0.24543692606170259,0.00056150852000000004,15000.000000280996,0.024973277491958573,0.00087316489793052589,16
10,0.24543692606170259,0.00056150852000000004,15100.000000283178,0.023527944561438391,0.0010992114309226228,16
10,0.24543692606170259,0.00056150852000000004,15200.000000285361,0.023591741882465427,0.0010775307829835926,16
10,0.24543692606170259,0.00056150852000000004,15300.000000287544,0.024239063114831972,0.00074994505624939763,16
10,0.24543692606170259,0.00056150852000000004,15400.000000289727,0.025522495004175028,0.001221041457234042,16
10,0.24543692606170259,0.00056150852000000004,15500.00000029191,0.023207821174351252,0.0015330369351452136,16
10,0.24543692606170259,0.00056150852000000004,15600.000000294092,0.021934199290491282,0.0010993158085546861,16
10,0.24543692606170259,0.00056150852000000004,15700.000000296275,0.023202350540230132,0.00074911740166537695,16
10,0.24543692606170259,0.00056150852000000004,15800.000000298458,0.025472192833201124,0.0014968550201242717,16
10,0.24543692606170259,0.00056150852000000004,15900.000000300641,0.02648604417163929,0.00094890882548857663,16
10,0.24543692606170259,0.00056150852000000004,16000.000000302824,0.023825788373276403,0.0012040886553061733,16
10,0.24543692606170259,0.00056150852000000004,16100.000000305006,0.023477619155303123,0.0011112159946740079,16
10,0.24543692606170259,0.00056150852000000004,16200.000000307189,0.026497331578875877,0.0010783795414096783,16
10,0.24543692606170259,0.00056150852000000004,16300.000000309372,0.024899412159636078,0.0012001834380678464,16
10,0.24543692606170259,0.00056150852000000004,16400.000000308642,0.024541246794600662,0.00095217913827571872,16
10,0.24543692606170259,0.00056150852000000004,16500.000000292635,0.023682409474295472,0.00095580582925904858,16
10,0.24543692606170259,0.00056150852000000004,16600.000000276628,0.023674339012040461,0.00084118753940114253,16
10,0.24543692606170259,0.00056150852000000004,16700.000000260621,0.024365838444711338,0.00068694119030018993,16
10,0.24543692606170259,0.00056150852000000004,16800.000000244614,0.025311108678711797,0.00066042561942713433,16
10,0.24543692606170259,0.00056150852000000004,16900.000000228607,0.024794215608331043,0.0012273794199492607,16
10,0.24543692606170259,0.00056150852000000004,17000.0000002126,0.024451636785262621,0.00092535257248546469,16
10,0.24543692606170259,0.00056150852000000004,17100.000000196593,0.026244849238301397,0.0011256011392431131,16
10,0.24543692606170259,0.00056150852000000004,17200.000000180586,0.025556972694207945,0.00090671554268815255,16
10,0.24543692606170259,0.00056150852000000004,17300.000000164579,0.022716898997585114,0.001112183141455137,16
10,0.24543692606170259,0.00056150852000000004,17400.000000148571,0.023303807639554086,0.00098546633632844291,16
10,0.24543692606170259,0.00056150852000000004,17500.000000132564,0.026435359935019779,0.00086613284516294335,16
10,0.24543692606170259,0.00056150852000000004,17600.000000116557,0.024297721295624141,0.0013142081136358883,16
10,0.24543692606170259,0.00056150852000000004,17700.00000010055,0.023241945268800818,0.0014745308896087228,16
10,0.24543692606170259,0.00056150852000000004,17800.000000084543,0.024089425250146002,0.001165143009371772,16
10,0.24543692606170259,0.00056150852000000004,17900.000000068536,0.023423594533272484,0.0012835428429358612,16
10,0.24543692606170259,0.00056150852000000004,18000.000000052529,0.02518847712060969,0.00083754504193856284,16
10,0.24543692606170259,0.00056150852000000004,18100.000000036522,0.02464445636387181,0.0009852297356348278,16
10,0.24543692606170259,0.00056150852000000004,18200.000000020515,0.024596442479369141,0.00097357448432601392,16
10,0.24543692606170259,0.00056150852000000004,18300.000000004507,0.025229953918255429,0.0012277256394501322,16
10,0.24543692606170259,0.00056150852000000004,18399.9999999885,0.023434950477845835,0.0011931696914960403,16
10,0.24543692606170259,0.00056150852000000004,18499.999999972493,0.024645908364010056,0.00095633945690546209,16
10,0.24543692606170259,0.00056150852000000004,18599.999999956486,0.023668795539268071,0.0012683460576585659,16
10,0.24543692606170259,0.00056150852000000004,18699.999999940479,0.024585587184974538,0.0010741961865339128,16
10,0.24543692606170259,0.00056150852000000004,18799.999999924472,0.022266785620258529,0.00086083406648287866,16
10,0.24543692606170259,0.00056150852000000004,18899.999999908465,0.023190879562346563,0.00082674733191011069,16
10,0.24543692606170259,0.00056150852000000004,18999.999999892458,0.023009723627811524,0.00092549080786195263,16
10,0.24543692606170259,0.00056150852000000004,19099.999999876451,0.02540790026550185,0.0010785606212477855,16
10,0.24543692606170259,0.00056150852000000004,19199.999999860443,0.022120898434207691,0.00079372469607344866,16
10,0.24543692606170259,0.00056150852000000004,19299.999999844436,0.023929322676551974,0.00099989165300274209,16
10,0.24543692606170259,0.00056150852000000004,19399.999999828429,0.026314172831603956,0.00083668303715495604,16
10,0.24543692606170259,0.00056150852000000004,19499.999999812422,0.02512587846229546,0.0012397546668303523,16
10,0.24543692606170259,0.00056150852000000004,19599.999999796415,0.023228591621783506,0.0013362412903305167,16
10,0.24543692606170259,0.00056150852000000004,19699.999999780408,0.02474645717766541,0.00062586858081304156,16
10,0.24543692606170259,0.00056150852000000004,19799.999999764401,0.023415984760650412,0.001095762061477118,16
10,0.24543692606170259,0.00056150852000000004,19899.999999748394,0.024739042883321776,0.00088788373338141236,16
10,0.24543692606170259,0.00056150852000000004,19999.999999732387,0.024760181868920702,0.00093779400626353606,16
10,0.24543692606170259,0.00056150852000000004,20099.99999971638,0.02518617379434844,0.00078136831321946269,16
10,0.24543692606170259,0.00056150852000000004,20199.999999700372,0.025060581485094255,0.0011356164440316163,16
10,0.24543692606170259,0.00056150852000000004,20299.999999684365,0.024651483588319117,0.0013679633700455635,16
10,0.24543692606170259,0.00056150852000000004,20399.999999668358,0.023163308265424842,0.00099937190127164497,16
10,0.24543692606170259,0.00056150852000000004,20499.999999652351,0.023868500778670743,0.00081406284100937754,16
10,0.24543692606170259,0.00056150852000000004,20599.999999636344,0.023897010525821237,0.0009650385111519633,16
10,0.24543692606170259,0.00056150852000000004,20699.999999620337,0.022901042740251364,0.0009245531533094302,16
10,0.24543692606170259,0.00056150852000000004,20799.99999960433,0.025612483580708081,0.00088725112341540629,16
10,0.24543692606170259,0.00056150852000000004,20899.999999588323,0.024197751966400838,0.0013250508769027953,16
10,0.24543692606170259,0.00056150852000000004,20999.999999572316,0.02553769357940364,0.0011871345800859706,16
10,0.24543692606170259,0.00056150852000000004,21099.999999556308,0.02450674199271656,0.00065700327477263062,16
10,0.24543692606170259,0.00056150852000000004,21199.999999540301,0.024162695172751984,0.00071957140646111294,16
10,0.24543692606170259,0.00056150852000000004,21299.999999524294,0.023374420868997003,0.00093352604608770912,16
10,0.24543692606170259,0.00056150852000000004,21399.999999508287,0.024400528209859024,0.0012579460166912005,16
10,0.24543692606170259,0.00056150852000000004,21499.99999949228,0.02254002972381865,0.00075140126624699045,16
10,0.24543692606170259,0.00056150852000000004,21599.999999476273,0.025166740875590725,0.0014016841312650778,16
10,0.24543692606170259,0.00056150852000000004,21699.999999460266,0.024230540195364712,0.0011043882100133591,16
10,0.24543692606170259,0.00056150852000000004,21799.999999444259,0.025814938855459685,0.00083039874739891759,16
10,0.24543692606170259,0.00056150852000000004,21899.999999428252,0.026635827962917566,0.00083093580870800615,16
10,0.24543692606170259,0.00056150852000000004,21999.999999412245,0.024843016306824724,0.00056596450182659803,16
10,0.24543692606170259,0.00056150852000000004,22099.999999396237,0.023729915920774766,0.0012301796803893272,16
10,0.24543692606170259,0.00056150852000000004,22199.99999938023,0.025274655211560814,0.0013230597708707983,16
10,0.24543692606170259,0.00056150852000000004,22299.999999364223,0.024711649656873506,0.00097729308934626168,16
10,0.24543692606170259,0.00056150852000000004,22399.999999348216,0.022974287297270534,0.0012052301397453525,16
10,0.24543692606170259,0.00056150852000000004,22499.999999332209,0.023536426400411273,0.00085564785991878837,16
10,0.24543692606170259,0.00056150852000000004,22599.999999316202,0.02463641414050138,0.001058468220659393,16
10,0.24543692606170259,0.00056150852000000004,22699.999999300195,0.022937218113004261,0.0010768755655614518,16
10,0.24543692606170259,0.00056150852000000004,22799.999999284188,0.025975072941026082,0.0011171683717392732,16
10,0.24543692606170259,0.00056150852000000004,22899.999999268181,0.024145551231682234,0.00083579768411801711,16
10,0.24543692606170259,0.00056150852000000004,22999.999999252173,0.022706673466372462,0.00087474412479936127,16
10,0.24543692606170259,0.00056150852000000004,23099.999999236166,0.024573710220989527,0.0012534046031856243,16
10,0.24543692606170259,0.00056150852000000004,23199.999999220159,0.023502515332988458,0.00089914164089435961,16
10,0.24543692606170259,0.00056150852000000004,23299.999999204152,0.024235506099291992,0.0011308035025303829,16
10,0.24543692606170259,0.00056150852000000004,23399.999999188145,0.024076910771783238,0.00093932674427730741,16
10,0.24543692606170259,0.00056150852000000004,23499.999999172138,0.023991786739148573,0.0010588613750498511,16
10,0.24543692606170259,0.00056150852000000004,23599.999999156131,0.023898462494454209,0.0011518789814050632,16
10,0.24543692606170259,0.00056150852000000004,23699.999999140124,0.024510072234058069,0.0013171804547481277,16
10,0.24543692606170259,0.00056150852000000004,23799.999999124117,0.023386899318270381,0.0010204819548546139,16
10,0.24543692606170259,0.00056150852000000004,23899.999999108109,0.023960343156235686,0.0012162434098826199,16
10,0.24543692606170259,0.00056150852000000004,23999.999999092102,0.024709402074758725,0.00087461004372845028,16
10,0.24543692606170259,0.00056150852000000004,24099.999999076095,0.022163195304160586,0.0012504947914569256,16
10,0.24543692606170259,0.00056150852000000004,24199.999999060088,0.024804303444474249,0.00099805832252156308,16
10,0.24543692606170259,0.00056150852000000004,24299.999999044081,0.0256721843660698,0.0011387270504365794,16
10,0.24543692606170259,0.00056150852000000004,24399.999999028074,0.025080464088585483,0.0009587833927058939,16
10,0.24543692606170259,0.00056150852000000004,24499.999999012067,0.025416964054862275,0.00083219724247052132,16
10,0.24543692606170259,0.00056150852000000004,24599.99999899606,0.024438408633963956,0.00095599431233337167,16
10,0.24543692606170259,0.00056150852000000004,24699.999998980053,0.025050512213941521,0.0010526647696529991,16
10,0.24543692606170259,0.00056150852000000004,24799.999998964046,0.025951069467285301,0.00088598199579502889,16
10,0.24543692606170259,0.00056150852000000004,24899.999998948038,0.025760774445067122,0.0010079544068737835,16
10,0.24543692606170259,0.00056150852000000004,24999.999998932031,0.026907539411215462,0.00082952227435140245,16
10,0.24543692606170259,0.00056150852000000004,25099.999998916024,0.025716544387299888,0.00094829703926774278,16
10,0.24543692606170259,0.00056150852000000004,25199.999998900017,0.022487551810141622,0.0012410770791109723,16
10,0.24543692606170259,0.00056150852000000004,25299.99999888401,0.02444395715344904,0.00092689363134624474,16
10,0.24543692606170259,0.00056150852000000004,25399.999998868003,0.024654369853876743,0.0010328204126600232,16
10,0.24543692606170259,0.00056150852000000004,25499.999998851996,0.024811788328586725,0.00095457378527178728,16
10,0.24543692606170259,0.00056150852000000004,25599.999998835989,0.023864426113385993,0.00090437241646069207,16
10,0.24543692606170259,0.00056150852000000004,25699.999998819982,0.025615665650155744,0.00054110024899369641,16
10,0.24543692606170259,0.00056150852000000004,25799.999998803974,0.025347238551785022,0.0011055359608797418,16
10,0.24543692606170259,0.00056150852000000004,25899.999998787967,0.023077786466907634,0.0011398505604067527,16
10,0.24543692606170259,0.00056150852000000004,25999.99999877196,0.022036135435552037,0.001022925875898479,16
10,0.24543692606170259,0.00056150852000000004,26099.999998755953,0.022648623318869032,0.00094131004288784507,16
10,0.24543692606170259,0.00056150852000000004,26199.999998739946,0.023301691394294836,0.0010123556770478017,16
10,0.24543692606170259,0.00056150852000000004,26299.999998723939,0.021353369517269221,0.00075796744908475269,16
10,0.24543692606170259,0.00056150852000000004,26399.999998707932,0.022564285412154158,0.00087732260431039788,16
10,0.24543692606170259,0.00056150852000000004,26499.999998691925,0.024559885731049301,0.00087464939591808209,16
10,0.24543692606170259,0.00056150852000000004,26599.999998675918,0.024467959806529931,0.00096974690577079556,16
10,0.24543692606170259,0.00056150852000000004,26699.99999865991,0.024046348414840945,0.0011712090744776351,16
10,0.24543692606170259,0.00056150852000000004,26799.999998643903,0.021982303281472132,0.0011323677051725699,16
10,0.24543692606170259,0.00056150852000000004,26899.999998627896,0.024495890728023564,0.00082086864110199743,16
10,0.24543692606170259,0.00056150852000000004,26999.999998611889,0.024313101364389616,0.0013599533275953171,16
10,0.24543692606170259,0.00056150852000000004,27099.999998595882,0.02326555222146702,0.0012675352908944678,16
10,0.24543692606170259,0.00056150852000000004,27199.999998579875,0.02546088422637818,0.00083533220937580493,16
10,0.24543692606170259,0.00056150852000000004,27299.999998563868,0.023752308484211615,0.0010723176496473281,16
10,0.24543692606170259,0.00056150852000000004,27399.999998547861,0.024976015281964692,0.00099139815798388953,16
10,0.24543692606170259,0.00056150852000000004,27499.999998531854,0.024463350130674282,0.00069403331805335843,16
10,0.24543692606170259,0.00056150852000000004,27599.999998515847,0.024714383463560235,0.00095765903022324082,16
10,0.24543692606170259,0.00056150852000000004,27699.999998499839,0.024949436601380399,0.0013989526955879125,16
10,0.24543692606170259,0.00056150852000000004,27799.999998483832,0.026557726736976258,0.0011323978185511631,16
10,0.24543692606170259,0.00056150852000000004,27899.999998467825,0.024128967981900611,0.0010188389881802416,16
10,0.24543692606170259,0.00056150852000000004,27999.999998451818,0.024598789774137788,0.0010069201080501458,16
10,0.24543692606170259,0.00056150852000000004,28099.999998435811,0.023947193578614454,0.00075565639459218852,16
10,0.24543692606170259,0.00056150852000000004,28199.999998419804,0.025931382466906579,0.0010247903989771658,16
10,0.24543692606170259,0.00056150852000000004,28299.999998403797,0.024022155411546481,0.00086410871571595627,16
10,0.24543692606170259,0.00056150852000000004,28399.99999838779,0.024940721485138418,0.0011692981063382052,16
10,0.24543692606170259,0.00056150852000000004,28499.999998371783,0.023919580680150591,0.00098932762863456164,16
10,0.24543692606170259,0.00056150852000000004,28599.999998355775,0.02242747571563793,0.0011851876078889901,16
10,0.24543692606170259,0.00056150852000000004,28699.999998339768,0.02368696414261327,0.0010821591238650737,16
10,0.24543692606170259,0.00056150852000000004,28799.999998323761,0.0249366247432419,0.0012753818520090607,16
10,0.24543692606170259,0.00056150852000000004,28899.999998307754,0.024080122657367854,0.0010218530069100314,16
10,0.24543692606170259,0.00056150852000000004,28999.999998291747,0.024119176849891569,0.00086187010636926424,16
10,0.24543692606170259,0.00056150852000000004,29099.99999827574,0.024274573305111527,0.00098090550558937247,16
10,0.24543692606170259,0.00056150852000000004,29199.999998259733,0.025348053977506044,0.00097610071280755987,16
10,0.24543692606170259,0.00056150852000000004,29299.999998243726,0.026135855563584307,0.00094639874861393223,16
10,0.24543692606170259,0.00056150852000000004,29399.999998227719,0.024230627414818174,0.0013272696631897152,16
10,0.24543692606170259,0.00056150852000000004,29499.999998211711,0.025019382582477677,0.00065724825334079607,16
10,0.24543692606170259,0.00056150852000000004,29599.999998195704,0.024339437944034748,0.0012330132180310019,16
10,0.24543692606170259,0.00056150852000000004,29699.999998179697,0.022838976733629328,0.0010009808195862891,16
10,0.24543692606170259,0.00056150852000000004,29799.99999816369,0.023777015651193927,0.00087056803203103457,16
10,0.24543692606170259,0.00056150852000000004,29899.999998147683,0.023968268700087721,0.00097984818511379643,16
10,0.24543692606170259,0.00056150852000000004,29999.999998131676,0.023829102005601083,0.001111241419071707,16
10,0.24543692606170259,0.00056150852000000004,30099.999998115669,0.023128481658940325,0.0010600524906135911,16
10,0.24543692606170259,0.00056150852000000004,30199.999998099662,0.024200229322616406,0.0011063089568305623,16
10,0.24543692606170259,0.00056150852000000004,30299.999998083655,0.023936072568827609,0.00092876694104723507,16
10,0.24543692606170259,0.00056150852000000004,30399.999998067648,0.023168768373819707,0.00087777984350665068,16
10,0.24543692606170259,0.00056150852000000004,30499.99999805164,0.024419254379004624,0.0010966841154214323,16
10,0.24543692606170259,0.00056150852000000004,30599.999998035633,0.025045458638635606,0.00082454535253071815,16
10,0.24543692606170259,0.00056150852000000004,30699.999998019626,0.023251140563636762,0.00079984729559156849,16
10,0.24543692606170259,0.00056150852000000004,30799.999998003619,0.024358612677498021,0.00097619719782194236,16
10,0.24543692606170259,0.00056150852000000004,30899.999997987612,0.025089402759567336,0.00087272958719223661,16
10,0.24543692606170259,0.00056150852000000004,30999.999997971605,0.026791376888557435,0.00093227990745706592,16
10,0.24543692606170259,0.00056150852000000004,31099.999997955598,0.024629510281839222,0.0006665775953757575,16
10,0.24543692606170259,0.00056150852000000004,31199.999997939591,0.024508518555846952,0.0010241971237778783,16
10,0.24543692606170259,0.00056150852000000004,31299.999997923584,0.024300047917489923,0.00084616770990766563,16
10,0.24543692606170259,0.00056150852000000004,31399.999997907576,0.023121669811751316,0.00090168784650388931,16
10,0.24543692606170259,0.00056150852000000004,31499.999997891569,0.024009526199679457,0.0011082626403562587,16
10,0.24543692606170259,0.00056150852000000004,31599.999997875562,0.02466708732238557,0.0010270885475389228,16
10,0.24543692606170259,0.00056150852000000004,31699.999997859555,0.024833319576720036,0.00089543380098498185,16
10,0.24543692606170259,0.00056150852000000004,31799.999997843548,0.022888285026995314,0.00098026657683737738,16
10,0.24543692606170259,0.00056150852000000004,31899.999997827541,0.022968963324795942,0.00092204495787780692,16
10,0.24543692606170259,0.00056150852000000004,31999.999997811534,0.023774879764381737,0.0011052509333162592,16
10,0.24543692606170259,0.00056150852000000004,32099.999997795527,0.025154204102506815,0.00096876028499267241,16
10,0.24543692606170259,0.00056150852000000004,32199.99999777952,0.02337609472059925,0.00078248663051688565,16
10,0.24543692606170259,0.00056150852000000004,32299.999997763513,0.024630035866477967,0.0011145884121901038,16
10,0.24543692606170259,0.00056150852000000004,32399.999997747505,0.025693722512240322,0.0010160038957636823,16
10,0.24543692606170259,0.00056150852000000004,32499.999997731498,0.02431428028578982,0.00089492304108233767,16
10,0.24543692606170259,0.00056150852000000004,32599.999997715491,0.022618716753456281,0.00081861992371791133,16
10,0.24543692606170259,0.00056150852000000004,32699.999997699484,0.022787176645928761,0.00063091871918564372,16
10,0.24543692606170259,0.00056150852000000004,32799.999997695115,0.022674231646259455,0.0011650185949458561,16
10,0.24543692606170259,0.00056150852000000004,32899.999997715488,0.0235764788200843,0.0010261386750845625,16
10,0.24543692606170259,0.00056150852000000004,32999.99999773586,0.024935804617454291,0.0012437463080884243,16
10,0.24543692606170259,0.00056150852000000004,33099.999997756233,0.023361296786141163,0.00071482947931502902,16
10,0.24543692606170259,0.00056150852000000004,33199.999997776606,0.022260174800347577,0.001201724691805325,16
10,0.24543692606170259,0.00056150852000000004,33299.999997796978,0.024502426020147922,0.00093809332092023546,16
10,0.24543692606170259,0.00056150852000000004,33399.999997817351,0.024021273575907449,0.0012193012589074123,16
10,0.24543692606170259,0.00056150852000000004,33499.999997837724,0.023918177314187369,0.00088241936621014539,16
10,0.24543692606170259,0.00056150852000000004,33599.999997858096,0.023653500472687536,0.00096046520259803056,16
10,0.24543692606170259,0.00056150852000000004,33699.999997878469,0.023518037296670399,0.00095568790144395929,16
10,0.24543692606170259,0.00056150852000000004,33799.999997898842,0.02348566748606145,0.0011542353218499039,16
10,0.24543692606170259,0.00056150852000000004,33899.999997919214,0.024203081152054298,0.00080129255682056383,16
10,0.24543692606170259,0.00056150852000000004,33999.999997939587,0.024248645738007234,0.0013204423227346975,16
10,0.24543692606170259,0.00056150852000000004,34099.99999795996,0.023784495626915966,0.00097053254376078713,16
10,0.24543692606170259,0.00056150852000000004,34199.999997980332,0.025106302906688492,0.0010088451836713862,16
10,0.24543692606170259,0.00056150852000000004,34299.999998000705,0.024235341270195925,0.00085350325925056094,16
10,0.24543692606170259,0.00056150852000000004,34399.999998021078,0.023478762304407392,0.0011010164677545588,16
10,0.24543692606170259,0.00056150852000000004,34499.99999804145,0.022915265678270978,0.0013357557854304892,16
10,0.24543692606170259,0.00056150852000000004,34599.999998061823,0.025083298912324976,0.00094814314806055647,16
10,0.24543692606170259,0.00056150852000000004,34699.999998082196,0.02611251148158469,0.00097802920277724253,16
10,0.24543692606170259,0.00056150852000000004,34799.999998102568,0.023352779528516762,0.0012465538080812272,16
10,0.24543692606170259,0.00056150852000000004,34899.999998122941,0.024211619282757012,0.00094633706479161392,16
10,0.24543692606170259,0.00056150852000000004,34999.999998143314,0.025379707113842961,0.00084881787260771154,16
10,0.24543692606170259,0.00056150852000000004,35099.999998163687,0.023348848591622475,0.0009958874586356802,16
10,0.24543692606170259,0.00056150852000000004,35199.999998184059,0.023077476170980014,0.00098402796856853826,16
10,0.24543692606170259,0.00056150852000000004,35299.999998204432,0.023928586967928649,0.0010580255060836405,16
10,0.24543692606170259,0.00056150852000000004,35399.999998224805,0.025471568745697899,0.00055296877530408746,16
10,0.24543692606170259,0.00056150852000000004,35499.999998245177,0.024111340565283388,0.00095796239288814988,16
10,0.24543692606170259,0.00056150852000000004,35599.99999826555,0.023768123323635947,0.00099883124432596521,16
10,0.24543692606170259,0.00056150852000000004,35699.999998285923,0.024366035843518714,0.0012278212925639867,16
10,0.24543692606170259,0.00056150852000000004,35799.999998306295,0.023865266214069775,0.0010048376428611957,16
10,0.24543692606170259,0.00056150852000000004,35899.999998326668,0.022940568454572728,0.00077479327149129501,16
10,0.24543692606170259,0.00056150852000000004,35999.999998347041,0.02441426153792042,0.0012055567783839057,16
10,0.24543692606170259,0.00056150852000000004,36099.999998367413,0.022644880783514239,0.00091023061738631443,16
10,0.24543692606170259,0.00056150852000000004,36199.999998387786,0.024670569310529848,0.00072997962848157132,16
10,0.24543692606170259,0.00056150852000000004,36299.999998408159,0.023833129278138351,0.0013443525877787376,16
10,0.24543692606170259,0.00056150852000000004,36399.999998428531,0.024127713510379848,0.0014037690368129342,16
10,0.24543692606170259,0.00056150852000000004,36499.999998448904,0.022833920655906174,0.0013404303883409496,16
10,0.24543692606170259,0.00056150852000000004,36599.999998469277,0.023424899926879798,0.0011318082270942121,16
10,0.24543692606170259,0.00056150852000000004,36699.999998489649,0.022330631969137441,0.0010000002926884683,16
10,0.24543692606170259,0.00056150852000000004,36799.999998510022,0.02363333001469986,0.00068207158223606526,16
10,0.24543692606170259,0.00056150852000000004,36899.999998530395,0.024438728016077087,0.00080866225224683445,16
10,0.24543692606170259,0.00056150852000000004,36999.999998550767,0.024876174023677255,0.00093806910834535952,16
10,0.24543692606170259,0.00056150852000000004,37099.99999857114,0.02471267348072571,0.00083565517606914649,16
10,0.24543692606170259,0.00056150852000000004,37199.999998591513,0.023981204944037604,0.00089827842265961799,16
10,0.24543692606170259,0.00056150852000000004,37299.999998611886,0.024298550141370528,0.0010531939578683047,16
10,0.24543692606170259,0.00056150852000000004,37399.999998632258,0.023902734065549863,0.00099485948385037194,16
10,0.24543692606170259,0.00056150852000000004,37499.999998652631,0.022594727864328153,0.00094714838073831987,16
10,0.24543692606170259,0.00056150852000000004,37599.999998673004,0.021932571293339413,0.00097510531184369018,16
10,0.24543692606170259,0.00056150852000000004,37699.999998693376,0.022800599656476087,0.0012571618803304807,16
10,0.24543692606170259,0.00056150852000000004,37799.999998713749,0.025943924409265212,0.00087962291077273407,16
10,0.24543692606170259,0.00056150852000000004,37899.999998734122,0.025056630204169799,0.00079670943048527443,16
10,0.24543692606170259,0.00056150852000000004,37999.999998754494,0.023055258185223144,0.0006072289980687982,16
10,0.24543692606170259,0.00056150852000000004,38099.999998774867,0.024114871676587345,0.00080240163909695407,16
10,0.24543692606170259,0.00056150852000000004,38199.99999879524,0.022668730781965598,0.00080052666532533137,16
10,0.24543692606170259,0.00056150852000000004,38299.999998815612,0.024811129717040515,0.00091136879036285727,16
10,0.24543692606170259,0.00056150852000000004,38399.999998835985,0.024234254851354272,0.0010594464815819754,16
10,0.24543692606170259,0.00056150852000000004,38499.999998856358,0.02507529523065866,0.00072072934864201058,16
10,0.24543692606170259,0.00056150852000000004,38599.99999887673,0.025450035113553936,0.0010170399756283229,16
10,0.24543692606170259,0.00056150852000000004,38699.999998897103,0.024400068821369896,0.00088830123676692072,16
10,0.24543692606170259,0.00056150852000000004,38799.999998917476,0.025302117227723214,0.0012410455267563049,16
10,0.24543692606170259,0.00056150852000000004,38899.999998937848,0.022724909021955602,0.0009548195505343954,16
10,0.24543692606170259,0.00056150852000000004,38999.999998958221,0.020999836854951912,0.0010761377025662842,16
10,0.24543692606170259,0.00056150852000000004,39099.999998978594,0.025968555147346615,0.00089305713420472649,16
10,0.24543692606170259,0.00056150852000000004,39199.999998998966,0.025328798465406123,0.00067804663807222144,16
10,0.24543692606170259,0.00056150852000000004,39299.999999019339,0.024760819138078226,0.0010491118482635542,16
10,0.24543692606170259,0.00056150852000000004,39399.999999039712,0.025503331798635322,0.001010068380644468,16
10,0.24543692606170259,0.00056150852000000004,39499.999999060085,0.024589329818010347,0.0010679484785606993,16
10,0.24543692606170259,0.00056150852000000004,39599.999999080457,0.02443731630302421,0.0011476674982688509,16
10,0.24543692606170259,0.00056150852000000004,39699.99999910083,0.025424900265233245,0.0010560277347743537,16
10,0.24543692606170259,0.00056150852000000004,39799.999999121203,0.023953743638832677,0.0011545480405301613,16
10,0.24543692606170259,0.00056150852000000004,39899.999999141575,0.025685993842253441,0.0010151671550148904,16
10,0.24543692606170259,0.00056150852000000004,39999.999999161948,0.024287707533776431,0.0010915061504034043,16
10,0.24543692606170259,0.00056150852000000004,40099.999999182321,0.023291110129945194,0.0012014188910473625,16
10,0.24543692606170259,0.00056150852000000004,40199.999999202693,0.023939049979308652,0.00086068219925126185,16
10,0.24543692606170259,0.00056150852000000004,40299.999999223066,0.026114377185996771,0.0012423828595590075,16
10,0.24543692606170259,0.00056150852000000004,40399.999999243439,0.025363975127606801,0.00077648511238424193,16
10,0.24543692606170259,0.00056150852000000004,40499.999999263811,0.025029300544956178,0.0012974738613146617,16
10,0.24543692606170259,0.00056150852000000004,40599.999999284184,0.024270045560542321,0.00090801695502626975,16
10,0.24543692606170259,0.00056150852000000004,40699.999999304557,0.023940138029714047,0.0010639791682582665,16
10,0.24543692606170259,0.00056150852000000004,40799.999999324929,0.024613285870596552,0.0011545926591907292,16
10,0.24543692606170259,0.00056150852000000004,40899.999999345302,0.022355310743236202,0.00081576447690122908,16
10,0.24543692606170259,0.00056150852000000004,40999.999999365675,0.02375824678934263,0.0011839586472606638,16
10,0.24543692606170259,0.00056150852000000004,41099.999999386047,0.023423428098270721,0.00099809654883403678,16
10,0.24543692606170259,0.00056150852000000004,41199.99999940642,0.023343082957129203,0.00075562333506286089,16
10,0.24543692606170259,0.00056150852000000004,41299.999999426793,0.022341804507928588,0.00089654854681304899,16
10,0.24543692606170259,0.00056150852000000004,41399.999999447165,0.024264085321046638,0.0010375362665379256,16
10,0.24543692606170259,0.00056150852000000004,41499.999999467538,0.025130031825799551,0.00094391134894479328,16
10,0.24543692606170259,0.00056150852000000004,41599.999999487911,0.023102387660450762,0.0012450128254479201,16
10,0.24543692606170259,0.00056150852000000004,41699.999999508284,0.025340136331653104,0.00071907023994720364,16
10,0.24543692606170259,0.00056150852000000004,41799.999999528656,0.023457879693784999,0.00093071058863178834,16
10,0.24543692606170259,0.00056150852000000004,41899.999999549029,0.023373439232736375,0.0010156453300363174,16
10,0.24543692606170259,0.00056150852000000004,41999.999999569402,0.0238286499165461,0.00093970986886053793,16
10,0.24543692606170259,0.00056150852000000004,42099.999999589774,0.02617254753372885,0.00095970409738561034,16
10,0.24543692606170259,0.00056150852000000004,42199.999999610147,0.026688097893596982,0.0010553960918091912,16
10,0.24543692606170259,0.00056150852000000004,42299.99999963052,0.023848152000522743,0.0010414671008368531,16
10,0.24543692606170259,0.00056150852000000004,42399.999999650892,0.024126837537768429,0.00083837225949513609,16
10,0.24543692606170259,0.00056150852000000004,42499.999999671265,0.024858747378379679,0.00088277219764592533,16
10,0.24543692606170259,0.00056150852000000004,42599.999999691638,0.024951184841184231,0.0010198702450389331,16
10,0.24543692606170259,0.00056150852000000004,42699.99999971201,0.02230464087896326,0.0010415667070879831,16
10,0.24543692606170259,0.00056150852000000004,42799.999999732383,0.024732490688832737,0.0010673176394712554,16
10,0.24543692606170259,0.00056150852000000004,42899.999999752756,0.024556755549564577,0.00092226626649258184,16
10,0.24543692606170259,0.00056150852000000004,42999.999999773128,0.025120584779836173,0.0011968009168842365,16
10,0.24543692606170259,0.00056150852000000004,43099.999999793501,0.0238926754563323,0.0010417832805696536,16
10,0.24543692606170259,0.00056150852000000004,43199.999999813874,0.023025707970176477,0.00099816269530235251,16
10,0.24543692606170259,0.00056150852000000004,43299.999999834246,0.023327409594346985,0.0010645950122754821,16
10,0.24543692606170259,0.00056150852000000004,43399.999999854619,0.024412196653155235,0.001182371485327111,16
10,0.24543692606170259,0.00056150852000000004,43499.999999874992,0.025724349657212865,0.00087516132285732514,16
10,0.24543692606170259,0.00056150852000000004,43599.999999895364,0.024076569690220165,0.0010534919869726485,16
10,0.24543692606170259,0.00056150852000000004,43699.999999915737,0.024249228794039478,0.0011331270837875674,16
10,0.24543692606170259,0.00056150852000000004,43799.99999993611,0.026727561064371873,0.0011902576729494938,16
10,0.24543692606170259,0.00056150852000000004,43899.999999956482,0.026277229682576318,0.00066244502689449412,16
10,0.24543692606170259,0.00056150852000000004,43999.999999976855,0.024585311891448358,0.0011188773000392505,16
10,0.24543692606170259,0.00056150852000000004,44099.999999997228,0.022964951857302993,0.00091979705576916747,16
10,0.24543692606170259,0.00056150852000000004,44200.000000017601,0.02327325161220287,0.00090809877390111851,16
10,0.24543692606170259,0.00056150852000000004,44300.000000037973,0.023692930728951251,0.0010664894645985861,16
10,0.24543692606170259,0.00056150852000000004,44400.000000058346,0.023945713149339146,0.0010904175299814478,16
10,0.24543692606170259,0.00056150852000000004,44500.000000078719,0.024352142517259343,0.00095259590523968387,16
10,0.24543692606170259,0.00056150852000000004,44600.000000099091,0.026105182860284067,0.001038818758014762,16
10,0.24543692606170259,0.00056150852000000004,44700.000000119464,0.02532292794613078,0.00072831877645804092,16
10,0.24543692606170259,0.00056150852000000004,44800.000000139837,0.024146160531271027,0.0011057154813885544,16
10,0.24543692606170259,0.00056150852000000004,44900.000000160209,0.024279575919981908,0.0011941190405435126,16
10,0.24543692606170259,0.00056150852000000004,45000.000000180582,0.024169351965993201,0.0011134984092579083,16
10,0.24543692606170259,0.00056150852000000004,45100.000000200955,0.024314085968358368,0.0012118579399816669,16
10,0.24543692606170259,0.00056150852000000004,45200.000000221327,0.024284791105395435,0.0011099431855064344,16
10,0.24543692606170259,0.00056150852000000004,45300.0000002417,0.023712102512030146,0.00096821870691660996,16
10,0.24543692606170259,0.00056150852000000004,45400.000000262073,0.025421028964761221,0.00092768394514446248,16
10,0.24543692606170259,0.00056150852000000004,45500.000000282445,0.024789076485487015,0.00093553083842063485,16
10,0.24543692606170259,0.00056150852000000004,45600.000000302818,0.024012302967962761,0.0010196619339129269,16
10,0.24543692606170259,0.00056150852000000004,45700.000000323191,0.024405915815841426,0.0010040931669485823,16
10,0.24543692606170259,0.00056150852000000004,45800.000000343563,0.024270181401395412,0.0007079419499481822,16
10,0.24543692606170259,0.00056150852000000004,45900.000000363936,0.025212055556652572,0.00078943168952333041,16
10,0.24543692606170259,0.00056150852000000004,46000.000000384309,0.024666364469046752,0.00073741717998014936,16
10,0.24543692606170259,0.00056150852000000004,46100.000000404681,0.024366748671069943,0.0011492012060098037,16
10,0.24543692606170259,0.00056150852000000004,46200.000000425054,0.023763905422576326,0.00066833661398444375,16
10,0.24543692606170259,0.00056150852000000004,46300.000000445427,0.023196380836989931,0.00093059668963648226,16
10,0.24543692606170259,0.00056150852000000004,46400.0000004658,0.023335005330430755,0.0010846877593804843,16
10,0.24543692606170259,0.00056150852000000004,46500.000000486172,0.023020878583505468,0.00077868282613404328,16
10,0.24543692606170259,0.00056150852000000004,46600.000000506545,0.023598423448095738,0.00085457922934310956,16
10,0.24543692606170259,0.00056150852000000004,46700.000000526918,0.025078214446390263,0.0009028653243815805,16
10,0.24543692606170259,0.00056150852000000004,46800.00000054729,0.022907467730771913,0.00078827664116706494,16
10,0.24543692606170259,0.00056150852000000004,46900.000000567663,0.02292663901543622,0.001119670409992952,16
10,0.24543692606170259,0.00056150852000000004,47000.000000588036,0.021644405666457006,0.0011473824589054119,16
10,0.24543692606170259,0.00056150852000000004,47100.000000608408,0.025223628758143931,0.00071922015025247964,16
10,0.24543692606170259,0.00056150852000000004,47200.000000628781,0.024667399400574844,0.00097353580886298786,16
10,0.24543692606170259,0.00056150852000000004,47300.000000649154,0.024573440932931047,0.0010976531633985263,16
10,0.24543692606170259,0.00056150852000000004,47400.000000669526,0.025659633513565025,0.0011023824320844971,16
10,0.24543692606170259,0.00056150852000000004,47500.000000689899,0.02363750541495252,0.00087614000484874681,16
10,0.24543692606170259,0.00056150852000000004,47600.000000710272,0.024184548368987493,0.00084524916613545604,16
10,0.24543692606170259,0.00056150852000000004,47700.000000730644,0.02404621286206389,0.001057413693952907,16
10,0.24543692606170259,0.00056150852000000004,47800.000000751017,0.024312975159553836,0.00078033397218010706,16
10,0.24543692606170259,0.00056150852000000004,47900.00000077139,0.025023520824025269,0.0010977226146687629,16
10,0.24543692606170259,0.00056150852000000004,48000.000000791762,0.022595063325034886,0.00076453239510858588,16
10,0.24543692606170259,0.00056150852000000004,48100.000000812135,0.023658701821223781,0.0009972224425295515,16
10,0.24543692606170259,0.00056150852000000004,48200.000000832508,0.024653234917115109,0.00095064353892836118,16
10,0.24543692606170259,0.00056150852000000004,48300.00000085288,0.0235551084638418,0.00083237720141064698,16
10,0.24543692606170259,0.00056150852000000004,48400.000000873253,0.025223251313738749,0.00097102187146044555,16
10,0.24543692606170259,0.00056150852000000004,48500.000000893626,0.025305975719901005,0.00064985207806173614,16
10,0.24543692606170259,0.00056150852000000004,48600.000000913999,0.024703096663719813,0.00097790247360088627,16
10,0.24543692606170259,0.00056150852000000004,48700.000000934371,0.025366774312666589,0.0014783662519278402,16
10,0.24543692606170259,0.00056150852000000004,48800.000000954744,0.024014435182171535,0.00096655123448580258,16
10,0.24543692606170259,0.00056150852000000004,48900.000000975117,0.023370269137368116,0.0011673515610440351,16
10,0.24543692606170259,0.00056150852000000004,49000.000000995489,0.024862515256270073,0.00099598630518105179,16
10,0.24543692606170259,0.00056150852000000004,49100.000001015862,0.022590525420873284,0.00089960081867329655,16
10,0.24543692606170259,0.00056150852000000004,49200.000001036235,0.024027776068757143,0.00079988299667393134,16
10,0.24543692606170259,0.00056150852000000004,49300.000001056607,0.024055966619106903,0.00082723734139253271,16
10,0.24543692606170259,0.00056150852000000004,49400.00000107698,0.023920270061873711,0.00078610707879384263,16
10,0.24543692606170259,0.00056150852000000004,49500.000001097353,0.026054180435609291,0.00088802487215194328,16
10,0.24543692606170259,0.00056150852000000004,49600.000001117725,0.024368054804284365,0.0011477515989717837,16
10,0.24543692606170259,0.00056150852000000004,49700.000001138098,0.023934065081201258,0.00088988877066063462,16
10,0.24543692606170259,0.00056150852000000004,49800.000001158471,0.025383614736263955,0.0011474362890353607,16
10,0.24543692606170259,0.00056150852000000004,49900.000001178843,0.024955091034793236,0.0010694395887579154,16
10,0.24543692606170259,0.00056150852000000004,50000.000001199216,0.023900566261360265,0.0011725628431598766,16
12,0.2945243112740431,0.00078719295000000003,100.00000000001425,0.017449947980507322,0.00074896769603475328,16
12,0.2945243112740431,0.00078719295000000003,199.99999999996308,0.024393269212651929,0.0011183367799594934,16
12,0.2945243112740431,0.00078719295000000003,299.99999999987216,0.02395611589734771,0.00074977265204805271,16
12,0.2945243112740431,0.00078719295000000003,399.99999999978121,0.024231539266727241,0.00088033508821844838,16
12,0.2945243112740431,0.00078719295000000003,499.99999999969026,0.025440466645496429,0.001144374003604456,16
12,0.2945243112740431,0.00078719295000000003,599.99999999959937,0.023771436752763834,0.00071023839679342144,16
12,0.2945243112740431,0.00078719295000000003,699.99999999950842,0.024686489658199032,0.00059488317731026558,16
12,0.2945243112740431,0.00078719295000000003,799.99999999941747,0.024262683935843448,0.00085994805486010433,16
12,0.2945243112740431,0.00078719295000000003,899.99999999932652,0.024732773053154123,0.0010531542182249489,16
12,0.2945243112740431,0.00078719295000000003,999.99999999923557,0.024922860923467446,0.0011037851003164493,16
12,0.2945243112740431,0.00078719295000000003,1099.9999999991446,0.025101761256673193,0.001092050591109731,16
12,0.2945243112740431,0.00078719295000000003,1199.9999999990537,0.024556443261097544,0.0011078631057266184,16
12,0.2945243112740431,0.00078719295000000003,1299.9999999989627,0.024309624625696392,0.00086288605340062018,16
12,0.2945243112740431,0.00078719295000000003,1399.9999999988718,0.026655141346781139,0.00094245240848732576,16
12,0.2945243112740431,0.00078719295000000003,1499.9999999987808,0.024754764064365067,0.0012335857253311757,16
12,0.2945243112740431,0.00078719295000000003,1599.9999999986899,0.024318436821412551,0.00093603671122488574,16
12,0.2945243112740431,0.00078719295000000003,1699.9999999985989,0.023229921683773209,0.0010866488767935991,16
12,0.2945243112740431,0.00078719295000000003,1799.999999998508,0.023096917809719064,0.0010542035699022596,16
12,0.2945243112740431,0.00078719295000000003,1899.999999998417,0.024579099873291925,0.0010465763523269643,16
12,0.2945243112740431,0.00078719295000000003,1999.9999999983261,0.026638066804559424,0.00091097436315992135,16
12,0.2945243112740431,0.00078719295000000003,2099.9999999994175,0.02367471726403338,0.00090030427913581938,16
12,0.2945243112740431,0.00078719295000000003,2200.0000000016003,0.023672735901324637,0.00059613865524705168,16
12,0.2945243112740431,0.00078719295000000003,2300.000000003783,0.022555413029966952,0.00081812393392841011,16
12,0.2945243112740431,0.00078719295000000003,2400.0000000059658,0.025127665760673178,0.00092192136172518369,16
12,0.2945243112740431,0.00078719295000000003,2500.0000000081486,0.025078056586951492,0.00083447577318618825,16
12,0.2945243112740431,0.00078719295000000003,2600.0000000103314,0.024891460898748202,0.0010670617363774586,16
12,0.2945243112740431,0.00078719295000000003,2700.0000000125142,0.023605095377033161,0.00072990914899291137,16
12,0.2945243112740431,0.00078719295000000003,2800.000000014697,0.023936208497855826,0.00090412222613210766,16
12,0.2945243112740431,0.00078719295000000003,2900.0000000168798,0.023841132971264493,0.00089610263273581803,16
12,0.2945243112740431,0.00078719295000000003,3000.0000000190626,0.025346469882610159,0.00082420032396134969,16
12,0.2945243112740431,0.00078719295000000003,3100.0000000212453,0.023315652692497479,0.00087424874242060546,16
12,0.2945243112740431,0.00078719295000000003,3200.0000000234281,0.024704486420189093,0.00095909890066832966,16
12,0.2945243112740431,0.00078719295000000003,3300.0000000256109,0.024607449192790773,0.0010225209939671281,16
12,0.2945243112740431,0.00078719295000000003,3400.0000000277937,0.025502820138455663,0.00091144677878920023,16
12,0.2945243112740431,0.00078719295000000003,3500.0000000299765,0.02541468420381977,0.00073541773847423829,16
12,0.2945243112740431,0.00078719295000000003,3600.0000000321593,0.024482967096683558,0.00096911073417129811,16
12,0.2945243112740431,0.00078719295000000003,3700.0000000343421,0.023809785550538767,0.00079757719794641994,16
12,0.2945243112740431,0.00078719295000000003,3800.0000000365249,0.023479348871288712,0.0008137114729033114,16
12,0.2945243112740431,0.00078719295000000003,3900.0000000387076,0.024727594956862203,0.00099931010181763483,16
12,0.2945243112740431,0.00078719295000000003,4000.0000000408904,0.025282719335217779,0.00076865406594386551,16
12,0.2945243112740431,0.00078719295000000003,4100.0000000430728,0.024008524056056801,0.0011878874194780678,16
12,0.2945243112740431,0.00078719295000000003,4200.0000000452555,0.023141713283302945,0.001319505869703329,16
12,0.2945243112740431,0.00078719295000000003,4300.0000000474383,0.024471683425132923,0.0010723345398630417,16
12,0.2945243112740431,0.00078719295000000003,4400.0000000496211,0.024293144809171528,0.00080725775555445876,16
12,0.2945243112740431,0.00078719295000000003,4500.0000000518039,0.025827905355672389,0.00081627584294050254,16
12,0.2945243112740431,0.00078719295000000003,4600.0000000539867,0.023083909799320106,0.0011510251564566041,16
12,0.2945243112740431,0.00078719295000000003,4700.0000000561695,0.02322901946458376,0.001046837358903024,16
12,0.2945243112740431,0.00078719295000000003,4800.0000000583523,0.024179294526076357,0.00078094058240681975,16
12,0.2945243112740431,0.00078719295000000003,4900.0000000605351,0.024704533609362513,0.0013866267509357393,16
12,0.2945243112740431,0.00078719295000000003,5000.0000000627178,0.024492124190902246,0.00079883956670368525,16
12,0.2945243112740431,0.00078719295000000003,5100.0000000649006,0.025090794378601646,0.0011867056676743938,16
12,0.2945243112740431,0.00078719295000000003,5200.0000000670834,0.023279313662926442,0.00060778203162627686,16
12,0.2945243112740431,0.00078719295000000003,5300.0000000692662,0.025183213451546831,0.00072668231176349261,16
12,0.2945243112740431,0.00078719295000000003,5400.000000071449,0.024685089635263027,0.00088388249756088258,16
12,0.2945243112740431,0.00078719295000000003,5500.0000000736318,0.025417862644666993,0.00099668815688238048,16
12,0.2945243112740431,0.00078719295000000003,5600.0000000758146,0.025831380371323254,0.0010947171116935566,16
12,0.2945243112740431,0.00078719295000000003,5700.0000000779974,0.02502065858297171,0.00086958005245819242,16
12,0.2945243112740431,0.00078719295000000003,5800.0000000801801,0.02695512579435725,0.00074657644759108799,16
12,0.2945243112740431,0.00078719295000000003,5900.0000000823629,0.024924129736462814,0.00086442672877353572,16
12,0.2945243112740431,0.00078719295000000003,6000.0000000845457,0.02384623413732416,0.00096234403661067647,16
12,0.2945243112740431,0.00078719295000000003,6100.0000000867285,0.023395274704320134,0.00062499585778076692,16
12,0.2945243112740431,0.00078719295000000003,6200.0000000889113,0.023979534996173359,0.00078264401778431567,16
12,0.2945243112740431,0.00078719295000000003,6300.0000000910941,0.022765578134703819,0.00082544587332691042,16
12,0.2945243112740431,0.00078719295000000003,6400.0000000932769,0.024532879597533572,0.0010973283481350198,16
12,0.2945243112740431,0.00078719295000000003,6500.0000000954597,0.024609557168956128,0.00095212758227705393,16
12,0.2945243112740431,0.00078719295000000003,6600.0000000976424,0.024910331393106815,0.00072717458611707396,16
12,0.2945243112740431,0.00078719295000000003,6700.0000000998252,0.022975454427091039,0.00087139085023070517,16
12,0.2945243112740431,0.00078719295000000003,6800.000000102008,0.023888316329698969,0.00084735426022837762,16
12,0.2945243112740431,0.00078719295000000003,6900.0000001041908,0.024633095752355314,0.00078135507040479675,16
12,0.2945243112740431,0.00078719295000000003,7000.0000001063736,0.024633767658970657,0.00096904214500735458,16
12,0.2945243112740431,0.00078719295000000003,7100.0000001085564,0.024939827949511606,0.00085082085068224921,16
12,0.2945243112740431,0.00078719295000000003,7200.0000001107392,0.023974395686135554,0.00077906829791202963,16
12,0.2945243112740431,0.00078719295000000003,7300.000000112922,0.024461555753743335,0.00067297525703575187,16
12,0.2945243112740431,0.00078719295000000003,7400.0000001151047,0.023908331859994896,0.00076298316214206178,16
12,0.2945243112740431,0.00078719295000000003,7500.0000001172875,0.02444229648710464,0.00093626212482103468,16
12,0.2945243112740431,0.00078719295000000003,7600.0000001194703,0.024141093443820427,0.0010104409513254844,16
12,0.2945243112740431,0.00078719295000000003,7700.0000001216531,0.02496124590882497,0.00083956243794969189,16
12,0.2945243112740431,0.00078719295000000003,7800.0000001238359,0.024853469869064497,0.0010928762814794866,16
12,0.2945243112740431,0.00078719295000000003,7900.0000001260187,0.025173122971089874,0.00071619946923363756,16
12,0.2945243112740431,0.00078719295000000003,8000.0000001282015,0.023129199443960507,0.00081477831452930196,16
12,0.2945243112740431,0.00078719295000000003,8100.0000001303843,0.024044465034880405,0.0011042671426402717,16
12,0.2945243112740431,0.00078719295000000003,8200.0000001325661,0.02427491347711036,0.00085729689247839892,16
12,0.2945243112740431,0.00078719295000000003,8300.0000001347489,0.025049528512377163,0.00092670546841669866,16
12,0.2945243112740431,0.00078719295000000003,8400.0000001369317,0.023831106296182517,0.0010349794557153531,16
12,0.2945243112740431,0.00078719295000000003,8500.0000001391145,0.024230407839426572,0.00084706854167063725,16
12,0.2945243112740431,0.00078719295000000003,8600.0000001412973,0.022960282424805994,0.0011969606649423429,16
12,0.2945243112740431,0.00078719295000000003,8700.0000001434801,0.02446180797460145,0.0011899803043457051,16
12,0.2945243112740431,0.00078719295000000003,8800.0000001456629,0.025101599132194615,0.00082801374026411764,16
12,0.2945243112740431,0.00078719295000000003,8900.0000001478456,0.024609600142936797,0.00078511082415497007,16
12,0.2945243112740431,0.00078719295000000003,9000.0000001500284,0.024069117263346464,0.00067049065890303948,16
12,0.2945243112740431,0.00078719295000000003,9100.0000001522112,0.025614639687000115,0.0010188826428335854,16
12,0.2945243112740431,0.00078719295000000003,9200.000000154394,0.024895544065836574,0.0006634232096991142,16
12,0.2945243112740431,0.00078719295000000003,9300.0000001565768,0.023994889568216438,0.00073034993397566453,16
12,0.2945243112740431,0.00078719295000000003,9400.0000001587596,0.023530470974299802,0.00067706163166682926,16
12,0.2945243112740431,0.00078719295000000003,9500.0000001609424,0.024024108917541059,0.00074080838061015724,16
12,0.2945243112740431,0.00078719295000000003,9600.0000001631252,0.023578589409179215,0.00064648555762985616,16
12,0.2945243112740431,0.00078719295000000003,9700.0000001653079,0.023554819014733271,0.00082284553890647966,16
12,0.2945243112740431,0.00078719295000000003,9800.0000001674907,0.024887478468986785,0.00071680214901778075,16
12,0.2945243112740431,0.00078719295000000003,9900.0000001696735,0.025121097111520687,0.00070471870380073157,16
12,0.2945243112740431,0.00078719295000000003,10000.000000171856,0.023848004762569406,0.00082225151577863852,16
12,0.2945243112740431,0.00078719295000000003,10100.000000174039,0.023448084589186419,0.0010172071514180762,16
12,0.2945243112740431,0.00078719295000000003,10200.000000176222,0.024268629283752709,0.00092303170149398979,16
12,0.2945243112740431,0.00078719295000000003,10300.000000178405,0.022980077653768503,0.00083525863100552687,16
12,0.2945243112740431,0.00078719295000000003,10400.000000180587,0.025434619192287664,0.00072831420611148214,16
12,0.2945243112740431,0.00078719295000000003,10500.00000018277,0.024478786615771769,0.0011819407359050481,16
12,0.2945243112740431,0.00078719295000000003,10600.000000184953,0.025336936372804139,0.00051671711556201501,16
12,0.2945243112740431,0.00078719295000000003,10700.000000187136,0.023819810506439439,0.0011011600349770802,16
12,0.2945243112740431,0.00078719295000000003,10800.000000189319,0.025219319931937708,0.00062019413375784434,16
12,0.2945243112740431,0.00078719295000000003,10900.000000191501,0.025707731812024862,0.001159013833094144,16
12,0.2945243112740431,0.00078719295000000003,11000.000000193684,0.023501618920495512,0.00088700716136331202,16
12,0.2945243112740431,0.00078719295000000003,11100.000000195867,0.02390583127656817,0.00055217153649620408,16
12,0.2945243112740431,0.00078719295000000003,11200.00000019805,0.024648347040698952,0.00087322889141732741,16
12,0.2945243112740431,0.00078719295000000003,11300.000000200233,0.024043122983479253,0.00089508323098023285,16
12,0.2945243112740431,0.00078719295000000003,11400.000000202415,0.025015956985989182,0.0011733415792236762,16
12,0.2945243112740431,0.00078719295000000003,11500.000000204598,0.025259763558159676,0.0010504737851306672,16
12,0.2945243112740431,0.00078719295000000003,11600.000000206781,0.024224985530582391,0.0011306542016845504,16
12,0.2945243112740431,0.00078719295000000003,11700.000000208964,0.023944980848574861,0.0010760685949227796,16
12,0.2945243112740431,0.00078719295000000003,11800.000000211146,0.024020652878797601,0.001199360038010092,16
12,0.2945243112740431,0.00078719295000000003,11900.000000213329,0.024586061581208549,0.00069531586229795185,16
12,0.2945243112740431,0.00078719295000000003,12000.000000215512,0.024009597671346503,0.00091966821044595396,16
12,0.2945243112740431,0.00078719295000000003,12100.000000217695,0.025111094388972924,0.0010609224671702675,16
12,0.2945243112740431,0.00078719295000000003,12200.000000219878,0.0249182770819402,0.00079345701154460069,16
12,0.2945243112740431,0.00078719295000000003,12300.00000022206,0.021718238660491357,0.0009977246800409287,16
12,0.2945243112740431,0.00078719295000000003,12400.000000224243,0.024627453711315282,0.00081893122003151835,16
12,0.2945243112740431,0.00078719295000000003,12500.000000226426,0.024941258808414184,0.00090273219795883905,16
12,0.2945243112740431,0.00078719295000000003,12600.000000228609,0.026338049923090485,0.00074950638234438569,16
12,0.2945243112740431,0.00078719295000000003,12700.000000230792,0.024785837138629089,0.00069622856684367976,16
12,0.2945243112740431,0.00078719295000000003,12800.000000232974,0.023821734007377946,0.00098866462272332494,16
12,0.2945243112740431,0.00078719295000000003,12900.000000235157,0.02393710879354715,0.00080803510018959449,16
12,0.2945243112740431,0.00078719295000000003,13000.00000023734,0.025562182711559168,0.0010193788094168487,16
12,0.2945243112740431,0.00078719295000000003,13100.000000239523,0.025713339776317831,0.00079125484185715736,16
12,0.2945243112740431,0.00078719295000000003,13200.000000241705,0.024249489354916515,0.00071996817116206735,16
12,0.2945243112740431,0.00078719295000000003,13300.000000243888,0.024097532601763842,0.00073972524900344264,16
12,0.2945243112740431,0.00078719295000000003,13400.000000246071,0.023879346691915777,0.0010227403107688981,16
12,0.2945243112740431,0.00078719295000000003,13500.000000248254,0.023780362925096377,0.0010737870237815426,16
12,0.2945243112740431,0.00078719295000000003,13600.000000250437,0.023638565345094835,0.001022708639120333,16
12,0.2945243112740431,0.00078719295000000003,13700.000000252619,0.023833724235844105,0.00089357862899339926,16
12,0.2945243112740431,0.00078719295000000003,13800.000000254802,0.02392353513175078,0.0011269965156679961,16
12,0.2945243112740431,0.00078719295000000003,13900.000000256985,0.022337577304481486,0.00065966329135174297,16
12,0.2945243112740431,0.00078719295000000003,14000.000000259168,0.021471080581508737,0.00069403332662667638,16
12,0.2945243112740431,0.00078719295000000003,14100.000000261351,0.0231154352798227,0.0010268125237667765,16
12,0.2945243112740431,0.00078719295000000003,14200.000000263533,0.025649265458570537,0.00075377581636822154,16
12,0.2945243112740431,0.00078719295000000003,14300.000000265716,0.023429366750720635,0.0010888410560274434,16
12,0.2945243112740431,0.00078719295000000003,14400.000000267899,0.023628465681820792,0.00094398905261136167,16
12,0.2945243112740431,0.00078719295000000003,14500.000000270082,0.025054980606054076,0.00066096179048851997,16
12,0.2945243112740431,0.00078719295000000003,14600.000000272265,0.02590961478680227,0.0012363912306787496,16
12,0.2945243112740431,0.00078719295000000003,14700.000000274447,0.025905686153997055,0.00079556016587540896,16
12,0.2945243112740431,0.00078719295000000003,14800.00000027663,0.023822017252902814,0.00084709712302986667,16
12,0.2945243112740431,0.00078719295000000003,14900.000000278813,0.024697774183244942,0.0011092255572952808,16
12,0.2945243112740431,0.00078719295000000003,15000.000000280996,0.02346953048673758,0.00096235319245434087,16
12,0.2945243112740431,0.00078719295000000003,15100.000000283178,0.024854762927165399,0.00093491717941536392,16
12,0.2945243112740431,0.00078719295000000003,15200.000000285361,0.02496402038363018,0.00092437960281541653,16
12,0.2945243112740431,0.00078719295000000003,15300.000000287544,0.023690013626347834,0.0008186064887298187,16
12,0.2945243112740431,0.00078719295000000003,15400.000000289727,0.025296303986312291,0.00093376586177957828,16
12,0.2945243112740431,0.00078719295000000003,15500.00000029191,0.025342009087706216,0.00060790352774805513,16
12,0.2945243112740431,0.00078719295000000003,15600.000000294092,0.023578628564454879,0.0010548809913721359,16
12,0.2945243112740431,0.00078719295000000003,15700.000000296275,0.023746302400985977,0.0013396820512742947,16
12,0.2945243112740431,0.00078719295000000003,15800.000000298458,0.024724471099160872,0.00080943625744821397,16
12,0.2945243112740431,0.00078719295000000003,15900.000000300641,0.025311440660647822,0.0010014215438155958,16
12,0.2945243112740431,0.00078719295000000003,16000.000000302824,0.025274404904579519,0.0010995268325983162,16
12,0.2945243112740431,0.00078719295000000003,16100.000000305006,0.025191649458601056,0.0012075182745181683,16
12,0.2945243112740431,0.00078719295000000003,16200.000000307189,0.025276059169173255,0.00091846396988856714,16
12,0.2945243112740431,0.00078719295000000003,16300.000000309372,0.025051075350779523,0.0011117926860591259,16
12,0.2945243112740431,0.00078719295000000003,16400.000000308642,0.024386513531901508,0.00095052325903056576,16
12,0.2945243112740431,0.00078719295000000003,16500.000000292635,0.024878326552299851,0.0011093224132282887,16
12,0.2945243112740431,0.00078719295000000003,16600.000000276628,0.024567071130422155,0.00065054670113947753,16
12,0.2945243112740431,0.00078719295000000003,16700.000000260621,0.024959759090267077,0.0010806506380337838,16
12,0.2945243112740431,0.00078719295000000003,16800.000000244614,0.024924737096582265,0.0010643637413764596,16
12,0.2945243112740431,0.00078719295000000003,16900.000000228607,0.024751753864025203,0.00078955213629467336,16
12,0.2945243112740431,0.00078719295000000003,17000.0000002126,0.025923296276648397,0.0013691369274722173,16
12,0.2945243112740431,0.00078719295000000003,17100.000000196593,0.023968892091889408,0.00084423003885560229,16
12,0.2945243112740431,0.00078719295000000003,17200.000000180586,0.022678805884496021,0.00081836843398643987,16
12,0.2945243112740431,0.00078719295000000003,17300.000000164579,0.02265865373013733,0.00080107285158484962,16
12,0.2945243112740431,0.00078719295000000003,17400.000000148571,0.023119794760544488,0.00074694008635889234,16
12,0.2945243112740431,0.00078719295000000003,17500.000000132564,0.024468215042770494,0.00084169872726009242,16
12,0.2945243112740431,0.00078719295000000003,17600.000000116557,0.024104224521250783,0.0010999024875528141,16
12,0.2945243112740431,0.00078719295000000003,17700.00000010055,0.024742661454071297,0.001026402881354268,16
12,0.2945243112740431,0.00078719295000000003,17800.000000084543,0.022716905739823837,0.00093829894546360927,16
12,0.2945243112740431,0.00078719295000000003,17900.000000068536,0.025581956567231386,0.00089313162367483316,16
12,0.2945243112740431,0.00078719295000000003,18000.000000052529,0.02485756407408965,0.00079281391233629675,16
12,0.2945243112740431,0.00078719295000000003,18100.000000036522,0.024576966054857447,0.0010516119587773913,16
12,0.2945243112740431,0.00078719295000000003,18200.000000020515,0.023891064504380034,0.00093854393909617725,16
12,0.2945243112740431,0.00078719295000000003,18300.000000004507,0.024280332149475892,0.00099980500914031056,16
12,0.2945243112740431,0.00078719295000000003,18399.9999999885,0.024745474085580799,0.00077855738705420079,16
12,0.2945243112740431,0.00078719295000000003,18499.999999972493,0.024339293245509503,0.00082920961545924219,16
12,0.2945243112740431,0.00078719295000000003,18599.999999956486,0.024923912406613572,0.0013240294448321165,16
12,0.2945243112740431,0.00078719295000000003,18699.999999940479,0.024462670484119816,0.00092648549632438101,16
12,0.2945243112740431,0.00078719295000000003,18799.999999924472,0.024744455942380745,0.0010119942333540587,16
12,0.2945243112740431,0.00078719295000000003,18899.999999908465,0.024778936852066728,0.0010616920716430686,16
12,0.2945243112740431,0.00078719295000000003,18999.999999892458,0.024111027024417083,0.00093782301722177127,16
12,0.2945243112740431,0.00078719295000000003,19099.999999876451,0.024990550743304748,0.00091954941627579744,16
12,0.2945243112740431,0.00078719295000000003,19199.999999860443,0.024678929187030921,0.00089615957109941418,16
12,0.2945243112740431,0.00078719295000000003,19299.999999844436,0.023974411191407675,0.0007878154530927598,16
12,0.2945243112740431,0.00078719295000000003,19399.999999828429,0.025852241795614267,0.00086913079249866302,16
12,0.2945243112740431,0.00078719295000000003,19499.999999812422,0.026038897353450857,0.00059390727713984847,16
12,0.2945243112740431,0.00078719295000000003,19599.999999796415,0.02436109727717806,0.00088359869971989908,16
12,0.2945243112740431,0.00078719295000000003,19699.999999780408,0.024396736100776414,0.00073461713515750727,16
12,0.2945243112740431,0.00078719295000000003,19799.999999764401,0.023809771418676393,0.00098328894193153594,16
12,0.2945243112740431,0.00078719295000000003,19899.999999748394,0.022718342350877042,0.0011422841723914754,16
12,0.2945243112740431,0.00078719295000000003,19999.999999732387,0.024166139751640271,0.00090345849912244671,16
12,0.2945243112740431,0.00078719295000000003,20099.99999971638,0.025429240565828608,0.00086791184710054126,16
12,0.2945243112740431,0.00078719295000000003,20199.999999700372,0.025398466532937862,0.00065573116580229225,16
12,0.2945243112740431,0.00078719295000000003,20299.999999684365,0.024329989790296311,0.0011725295050938023,16
12,0.2945243112740431,0.00078719295000000003,20399.999999668358,0.023264602471980516,0.00090044914745236683,16
12,0.2945243112740431,0.00078719295000000003,20499.999999652351,0.023854255070707823,0.00082555425627972557,16
12,0.2945243112740431,0.00078719295000000003,20599.999999636344,0.024596667540089212,0.00080119399156818646,16
12,0.2945243112740431,0.00078719295000000003,20699.999999620337,0.025058432304364994,0.0012710953641046749,16
12,0.2945243112740431,0.00078719295000000003,20799.99999960433,0.024713170031723793,0.0012135287906550817,16
12,0.2945243112740431,0.00078719295000000003,20899.999999588323,0.024504186592242412,0.0011884757244371128,16
12,0.2945243112740431,0.00078719295000000003,20999.999999572316,0.023815061111705154,0.00091498359888041831,16
12,0.2945243112740431,0.00078719295000000003,21099.999999556308,0.024635124129977416,0.00077540259563486328,16
12,0.2945243112740431,0.00078719295000000003,21199.999999540301,0.024696964317655942,0.00092941448311808952,16
12,0.2945243112740431,0.00078719295000000003,21299.999999524294,0.025271545180340995,0.00088403192607802836,16
12,0.2945243112740431,0.00078719295000000003,21399.999999508287,0.026050481966157186,0.0010085276877451156,16
12,0.2945243112740431,0.00078719295000000003,21499.99999949228,0.024495638430251074,0.00063460122155017441,16
12,0.2945243112740431,0.00078719295000000003,21599.999999476273,0.025638619372314424,0.00081371497452335654,16
12,0.2945243112740431,0.00078719295000000003,21699.999999460266,0.024368598877268458,0.0011144969693285334,16
12,0.2945243112740431,0.00078719295000000003,21799.999999444259,0.024871523396915892,0.00091073775719424568,16
12,0.2945243112740431,0.00078719295000000003,21899.999999428252,0.023910818414864275,0.00099225513368332813,16
12,0.2945243112740431,0.00078719295000000003,21999.999999412245,0.024219598794848488,0.00072311506520431577,16
12,0.2945243112740431,0.00078719295000000003,22099.999999396237,0.024520998537733551,0.00071113312580941787,16
12,0.2945243112740431,0.00078719295000000003,22199.99999938023,0.024552277498094445,0.00079289279402110007,16
12,0.2945243112740431,0.00078719295000000003,22299.999999364223,0.02365041057936678,0.00081207939896252215,16
12,0.2945243112740431,0.00078719295000000003,22399.999999348216,0.025277039107296222,0.0010843400361469292,16
12,0.2945243112740431,0.00078719295000000003,22499.999999332209,0.025195932273580079,0.0011001149647044681,16
12,0.2945243112740431,0.00078719295000000003,22599.999999316202,0.025515443085066661,0.00094017658185451176,16
12,0.2945243112740431,0.00078719295000000003,22699.999999300195,0.023949034864945019,0.00090855802661610782,16
12,0.2945243112740431,0.00078719295000000003,22799.999999284188,0.023519877620845994,0.00090978415060902586,16
12,0.2945243112740431,0.00078719295000000003,22899.999999268181,0.024151485833201099,0.00066873551991080706,16
12,0.2945243112740431,0.00078719295000000003,22999.999999252173,0.025634469405521512,0.0014048413775738251,16
12,0.2945243112740431,0.00078719295000000003,23099.999999236166,0.024668468225855129,0.0010722931920989489,16
12,0.2945243112740431,0.00078719295000000003,23199.999999220159,0.026114213261467054,0.00090039261651748081,16
12,0.2945243112740431,0.00078719295000000003,23299.999999204152,0.026005540079748216,0.0010605878756216479,16
12,0.2945243112740431,0.00078719295000000003,23399.999999188145,0.025737082549838745,0.00083081645831924286,16
12,0.2945243112740431,0.00078719295000000003,23499.999999172138,0.02396139623553678,0.0007741553604682232,16
12,0.2945243112740431,0.00078719295000000003,23599.999999156131,0.025978898890052664,0.0010004218984755024,16
12,0.2945243112740431,0.00078719295000000003,23699.999999140124,0.023025623654277887,0.00061654897775149811,16
12,0.2945243112740431,0.00078719295000000003,23799.999999124117,0.022243070461132705,0.00082889506876178572,16
12,0.2945243112740431,0.00078719295000000003,23899.999999108109,0.025892016153893329,0.00077651996570021254,16
12,0.2945243112740431,0.00078719295000000003,23999.999999092102,0.025050558907670228,0.00091470159221211276,16
12,0.2945243112740431,0.00078719295000000003,24099.999999076095,0.024533610768135868,0.00099643345821092723,16
12,0.2945243112740431,0.00078719295000000003,24199.999999060088,0.025435661415483257,0.00093198027756465779,16
12,0.2945243112740431,0.00078719295000000003,24299.999999044081,0.023879140237658983,0.00066192230128802058,16
12,0.2945243112740431,0.00078719295000000003,24399.999999028074,0.024057866925123628,0.0011869233864466701,16
12,0.2945243112740431,0.00078719295000000003,24499.999999012067,0.02313427606443761,0.00086149944609439639,16
12,0.2945243112740431,0.00078719295000000003,24599.99999899606,0.023782375702315749,0.00080277390598963618,16
12,0.2945243112740431,0.00078719295000000003,24699.999998980053,0.024397447835577901,0.0011766445965900663,16
12,0.2945243112740431,0.00078719295000000003,24799.999998964046,0.023956831997257681,0.001049975069765048,16
12,0.2945243112740431,0.00078719295000000003,24899.999998948038,0.023993125628189341,0.00088899350773285362,16
12,0.2945243112740431,0.00078719295000000003,24999.999998932031,0.023365639415557072,0.0010639832514856579,16
12,0.2945243112740431,0.00078719295000000003,25099.999998916024,0.024446285608315823,0.001045445766607713,16
12,0.2945243112740431,0.00078719295000000003,25199.999998900017,0.025894155564601205,0.00073521661499582403,16
12,0.2945243112740431,0.00078719295000000003,25299.99999888401,0.025343126154653894,0.00078051050008249559,16
12,0.2945243112740431,0.00078719295000000003,25399.999998868003,0.025170890391628137,0.0010482689028229156,16
12,0.2945243112740431,0.00078719295000000003,25499.999998851996,0.02434652906364421,0.00061975264382123103,16
12,0.2945243112740431,0.00078719295000000003,25599.999998835989,0.025356714852076516,0.00084827482842898946,16
12,0.2945243112740431,0.00078719295000000003,25699.999998819982,0.025115176883407486,0.00096901551993936136,16
12,0.2945243112740431,0.00078719295000000003,25799.999998803974,0.023723111937084089,0.0006437934416077414,16
12,0.2945243112740431,0.00078719295000000003,25899.999998787967,0.023039728643813741,0.00076284597448964713,16
12,0.2945243112740431,0.00078719295000000003,25999.99999877196,0.024561560168595835,0.00099442570243134416,16
12,0.2945243112740431,0.00078719295000000003,26099.999998755953,0.024757341083430147,0.00081093240834853228,16
12,0.2945243112740431,0.00078719295000000003,26199.999998739946,0.024470419137849933,0.00070824544699774116,16
12,0.2945243112740431,0.00078719295000000003,26299.999998723939,0.023248001124485294,0.00084357278192299934,16
12,0.2945243112740431,0.00078719295000000003,26399.999998707932,0.024685019452217703,0.00089239593239460861,16
12,0.2945243112740431,0.00078719295000000003,26499.999998691925,0.02494468616294062,0.00079546281350381307,16
12,0.2945243112740431,0.00078719295000000003,26599.999998675918,0.025201496458307691,0.00079584715000607172,16
12,0.2945243112740431,0.00078719295000000003,26699.99999865991,0.026222492532121805,0.00096316099507701809,16
12,0.2945243112740431,0.00078719295000000003,26799.999998643903,0.02522232864706099,0.0008571311311708549,16
12,0.2945243112740431,0.00078719295000000003,26899.999998627896,0.024912007281219107,0.00098173393614326126,16
12,0.2945243112740431,0.00078719295000000003,26999.999998611889,0.023588031099333488,0.0010338932238629505,16
12,0.2945243112740431,0.00078719295000000003,27099.999998595882,0.023835331564476734,0.00067385908184088147,16
12,0.2945243112740431,0.00078719295000000003,27199.999998579875,0.025505031161640782,0.00096092785707615667,16
12,0.2945243112740431,0.00078719295000000003,27299.999998563868,0.024481303124181043,0.00083919731480185849,16
12,0.2945243112740431,0.00078719295000000003,27399.999998547861,0.025860337007905538,0.00097921653660434471,16
12,0.2945243112740431,0.00078719295000000003,27499.999998531854,0.024745820330285283,0.00095506036853264134,16
12,0.2945243112740431,0.00078719295000000003,27599.999998515847,0.023857074285465636,0.0011260759890466688,16
12,0.2945243112740431,0.00078719295000000003,27699.999998499839,0.023225909614199441,0.00084288543308710516,16
12,0.2945243112740431,0.00078719295000000003,27799.999998483832,0.025657400857284355,0.001073304913832404,16
12,0.2945243112740431,0.00078719295000000003,27899.999998467825,0.023807145808157914,0.0011552475697048524,16
12,0.2945243112740431,0.00078719295000000003,27999.999998451818,0.023079177134178328,0.00062067894439274548,16
12,0.2945243112740431,0.00078719295000000003,28099.999998435811,0.02261778551274303,0.0012332264287227388,16
12,0.2945243112740431,0.00078719295000000003,28199.999998419804,0.023395828424269859,0.00080165077971226209,16
12,0.2945243112740431,0.00078719295000000003,28299.999998403797,0.023585107911020847,0.00072632585334509771,16
12,0.2945243112740431,0.00078719295000000003,28399.99999838779,0.023636924471426905,0.00098717147139118001,16
12,0.2945243112740431,0.00078719295000000003,28499.999998371783,0.024358473114141514,0.00066036047498743049,16
12,0.2945243112740431,0.00078719295000000003,28599.999998355775,0.024284068034780421,0.00068842096827433368,16
12,0.2945243112740431,0.00078719295000000003,28699.999998339768,0.025479315393681052,0.000670999759195281,16
12,0.2945243112740431,0.00078719295000000003,28799.999998323761,0.024595829382012234,0.0011004600697929125,16
12,0.2945243112740431,0.00078719295000000003,28899.999998307754,0.025271965439385612,0.00080480935136063771,16
12,0.2945243112740431,0.00078719295000000003,28999.999998291747,0.023976743618244728,0.0007559482580626627,16
12,0.2945243112740431,0.00078719295000000003,29099.99999827574,0.025988441873339398,0.00050617426913550563,16
12,0.2945243112740431,0.00078719295000000003,29199.999998259733,0.024281476006662969,0.00092823879232406547,16
12,0.2945243112740431,0.00078719295000000003,29299.999998243726,0.02396067993842145,0.00082163882903884676,16
12,0.2945243112740431,0.00078719295000000003,29399.999998227719,0.023531117598877535,0.0010550681692991705,16
12,0.2945243112740431,0.00078719295000000003,29499.999998211711,0.023824683723101227,0.00095276935855217776,16
12,0.2945243112740431,0.00078719295000000003,29599.999998195704,0.026179532707646062,0.0010940134655582877,16
12,0.2945243112740431,0.00078719295000000003,29699.999998179697,0.023193292562932136,0.00092281056123445142,16
12,0.2945243112740431,0.00078719295000000003,29799.99999816369,0.025439381704861017,0.0009221428586784668,16
12,0.2945243112740431,0.00078719295000000003,29899.999998147683,0.025048698580502536,0.00082364104068935202,16
12,0.2945243112740431,0.00078719295000000003,29999.999998131676,0.023965095989660488,0.00093521211575549584,16
12,0.2945243112740431,0.00078719295000000003,30099.999998115669,0.026107084163932103,0.00088475623670604051,16
12,0.2945243112740431,0.00078719295000000003,30199.999998099662,0.027059075876478593,0.0010421093787462883,16
12,0.2945243112740431,0.00078719295000000003,30299.999998083655,0.024367865841074171,0.0010818884631773338,16
12,0.2945243112740431,0.00078719295000000003,30399.999998067648,0.022163948851120933,0.00097909072267968016,16
12,0.2945243112740431,0.00078719295000000003,30499.99999805164,0.024143443475836975,0.0011553746138879173,16
12,0.2945243112740431,0.00078719295000000003,30599.999998035633,0.023454487983765277,0.00061905093072185571,16
12,0.2945243112740431,0.00078719295000000003,30699.999998019626,0.024765290536435284,0.0010042006200648892,16
12,0.2945243112740431,0.00078719295000000003,30799.999998003619,0.024814111671510514,0.00074840056304612587,16
12,0.2945243112740431,0.00078719295000000003,30899.999997987612,0.024705978058829667,0.00094811252374883605,16
12,0.2945243112740431,0.00078719295000000003,30999.999997971605,0.024978226472556955,0.00063669204172543496,16
12,0.2945243112740431,0.00078719295000000003,31099.999997955598,0.024500837235394739,0.00078469043185317952,16
12,0.2945243112740431,0.00078719295000000003,31199.999997939591,0.024298604320254252,0.0011585517744791482,16
12,0.2945243112740431,0.00078719295000000003,31299.999997923584,0.02654144053653628,0.0010979708923780024,16
12,0.2945243112740431,0.00078719295000000003,31399.999997907576,0.025039121419602916,0.0011073798922095215,16
12,0.2945243112740431,0.00078719295000000003,31499.999997891569,0.02567705894998679,0.00088837542121115727,16
12,0.2945243112740431,0.00078719295000000003,31599.999997875562,0.023962265164709565,0.00090290797251371029,16
12,0.2945243112740431,0.00078719295000000003,31699.999997859555,0.022526964701997821,0.00075993942263888304,16
12,0.2945243112740431,0.00078719295000000003,31799.999997843548,0.023992806472275481,0.00079783330406885317,16
12,0.2945243112740431,0.00078719295000000003,31899.999997827541,0.024045587703179855,0.00091655440964628996,16
12,0.2945243112740431,0.00078719295000000003,31999.999997811534,0.024298322626504741,0.0011889929717838878,16
12,0.2945243112740431,0.00078719295000000003,32099.999997795527,0.023841284079621373,0.00079083306500804442,16
12,0.2945243112740431,0.00078719295000000003,32199.99999777952,0.02416127083063644,0.0010234004720586986,16
12,0.2945243112740431,0.00078719295000000003,32299.999997763513,0.024926429174347346,0.0011173308455761605,16
12,0.2945243112740431,0.00078719295000000003,32399.999997747505,0.025927409053841808,0.00072046037254586246,16
12,0.2945243112740431,0.00078719295000000003,32499.999997731498,0.024152362493821557,0.0011013788430921136,16
12,0.2945243112740431,0.00078719295000000003,32599.999997715491,0.023360513606366446,0.00079075688297185111,16
12,0.2945243112740431,0.00078719295000000003,32699.999997699484,0.023525910189856222,0.00084808578148036268,16
12,0.2945243112740431,0.00078719295000000003,32799.999997695115,0.025752978962946035,0.00101179058319367,16
12,0.2945243112740431,0.00078719295000000003,32899.999997715488,0.025444453036791336,0.00082384744798248634,16
12,0.2945243112740431,0.00078719295000000003,32999.99999773586,0.026845361488751905,0.00058054617667347742,16
12,0.2945243112740431,0.00078719295000000003,33099.999997756233,0.025144189641334413,0.00064148040554636227,16
12,0.2945243112740431,0.00078719295000000003,33199.999997776606,0.025189691391321625,0.0010139230465573505,16
12,0.2945243112740431,0.00078719295000000003,33299.999997796978,0.02565860750529203,0.0011943692877038122,16
12,0.2945243112740431,0.00078719295000000003,33399.999997817351,0.024957979387957442,0.00081675301787732617,16
12,0.2945243112740431,0.00078719295000000003,33499.999997837724,0.024208911768699767,0.0008511095499420426,16
12,0.2945243112740431,0.00078719295000000003,33599.999997858096,0.024147185856616168,0.00060640131817825166,16
12,0.2945243112740431,0.00078719295000000003,33699.999997878469,0.024252473658684003,0.0012291787446749259,16
12,0.2945243112740431,0.00078719295000000003,33799.999997898842,0.023833428596265804,0.0010893434672632392,16
12,0.2945243112740431,0.00078719295000000003,33899.999997919214,0.023479517279889742,0.00083599161897251421,16
12,0.2945243112740431,0.00078719295000000003,33999.999997939587,0.025932491942774007,0.00085194228567322873,16
12,0.2945243112740431,0.00078719295000000003,34099.99999795996,0.024465184434289019,0.00095966846566396811,16
12,0.2945243112740431,0.00078719295000000003,34199.999997980332,0.022565526317913955,0.0011038945917299641,16
12,0.2945243112740431,0.00078719295000000003,34299.999998000705,0.024178341401957026,0.00090324088387276017,16
12,0.2945243112740431,0.00078719295000000003,34399.999998021078,0.023644364678768012,0.00084517652029160797,16
12,0.2945243112740431,0.00078719295000000003,34499.99999804145,0.023899058363566088,0.00101295244218992,16
12,0.2945243112740431,0.00078719295000000003,34599.999998061823,0.02289508153305064,0.00098654458767868393,16
12,0.2945243112740431,0.00078719295000000003,34699.999998082196,0.023809660582582933,0.0007353813558767956,16
12,0.2945243112740431,0.00078719295000000003,34799.999998102568,0.022984659435144682,0.0009371931909592378,16
12,0.2945243112740431,0.00078719295000000003,34899.999998122941,0.022840988612878935,0.00099897199173132421,16
12,0.2945243112740431,0.00078719295000000003,34999.999998143314,0.023678431406321407,0.0013778495444671508,16
12,0.2945243112740431,0.00078719295000000003,35099.999998163687,0.023099470800912823,0.00091728190241081615,16
12,0.2945243112740431,0.00078719295000000003,35199.999998184059,0.024350853887673031,0.00070331377815611106,16
12,0.2945243112740431,0.00078719295000000003,35299.999998204432,0.023667093344180764,0.0011283788433920374,16
12,0.2945243112740431,0.00078719295000000003,35399.999998224805,0.025830110524033969,0.00083677973984594086,16
12,0.2945243112740431,0.00078719295000000003,35499.999998245177,0.025040027837754081,0.00076672464395174814,16
12,0.2945243112740431,0.00078719295000000003,35599.99999826555,0.025941813021613185,0.00069163676350363339,16
12,0.2945243112740431,0.00078719295000000003,35699.999998285923,0.025427106058904182,0.00077105281706326572,16
12,0.2945243112740431,0.00078719295000000003,35799.999998306295,0.023825580020282965,0.0009272636329894896,16
12,0.2945243112740431,0.00078719295000000003,35899.999998326668,0.023479010169857151,0.00082204391194668186,16
12,0.2945243112740431,0.00078719295000000003,35999.999998347041,0.025413754828468655,0.0011343433189060521,16
12,0.2945243112740431,0.00078719295000000003,36099.999998367413,0.022772785028436656,0.00097023126078486799,16
12,0.2945243112740431,0.00078719295000000003,36199.999998387786,0.023237423260681626,0.00092648237057689009,16
12,0.2945243112740431,0.00078719295000000003,36299.999998408159,0.024754476352356735,0.00089176757019834038,16
12,0.2945243112740431,0.00078719295000000003,36399.999998428531,0.024533860419624774,0.00089634479850982465,16
12,0.2945243112740431,0.00078719295000000003,36499.999998448904,0.024626990182215772,0.00090855013245380383,16
12,0.2945243112740431,0.00078719295000000003,36599.999998469277,0.024563584993612098,0.0011208794517008911,16
12,0.2945243112740431,0.00078719295000000003,36699.999998489649,0.025109745818884838,0.00090936261611943893,16
12,0.2945243112740431,0.00078719295000000003,36799.999998510022,0.022693284753431766,0.00079632630239035666,16
12,0.2945243112740431,0.00078719295000000003,36899.999998530395,0.024731990087575931,0.0009203092824384419,16
12,0.2945243112740431,0.00078719295000000003,36999.999998550767,0.024633557703144741,0.00078513872581436651,16
12,0.2945243112740431,0.00078719295000000003,37099.99999857114,0.024124698317385701,0.00073042860053408772,16
12,0.2945243112740431,0.00078719295000000003,37199.999998591513,0.024934900121548201,0.00092434279533615846,16
12,0.2945243112740431,0.00078719295000000003,37299.999998611886,0.023776329744949837,0.00082127254849824732,16
12,0.2945243112740431,0.00078719295000000003,37399.999998632258,0.025335613031533984,0.0011463136228745912,16
12,0.2945243112740431,0.00078719295000000003,37499.999998652631,0.023622501056531971,0.000879770517953355,16
12,0.2945243112740431,0.00078719295000000003,37599.999998673004,0.024351182137852083,0.00095545069629821141,16
12,0.2945243112740431,0.00078719295000000003,37699.999998693376,0.025027262149659443,0.00091689781741747742,16
12,0.2945243112740431,0.00078719295000000003,37799.999998713749,0.023588110974287296,0.0008627793392878098,16
12,0.2945243112740431,0.00078719295000000003,37899.999998734122,0.024872173682521283,0.00075505832546009558,16
12,0.2945243112740431,0.00078719295000000003,37999.999998754494,0.024436270445103072,0.00089243639183764992,16
12,0.2945243112740431,0.00078719295000000003,38099.999998774867,0.025323215716934043,0.00080241658632286821,16
12,0.2945243112740431,0.00078719295000000003,38199.99999879524,0.023432393547175353,0.00065518541018566611,16
12,0.2945243112740431,0.00078719295000000003,38299.999998815612,0.023855238174294142,0.00087269116019320742,16
12,0.2945243112740431,0.00078719295000000003,38399.999998835985,0.024277257175915914,0.00066160029740496527,16
12,0.2945243112740431,0.00078719295000000003,38499.999998856358,0.02581163593036458,0.0012607297893017417,16
12,0.2945243112740431,0.00078719295000000003,38599.99999887673,0.024421161072659178,0.00097465306942563768,16
12,0.2945243112740431,0.00078719295000000003,38699.999998897103,0.025157794199796548,0.00077662943207105291,16
12,0.2945243112740431,0.00078719295000000003,38799.999998917476,0.026246398616286172,0.00097712385157044989,16
12,0.2945243112740431,0.00078719295000000003,38899.999998937848,0.024502228885723436,0.0011470104037217411,16
12,0.2945243112740431,0.00078719295000000003,38999.999998958221,0.024216693375451584,0.0013067938649568825,16
12,0.2945243112740431,0.00078719295000000003,39099.999998978594,0.023621008842799458,0.00087125282210825049,16
12,0.2945243112740431,0.00078719295000000003,39199.999998998966,0.024994018442799432,0.00096752512139835968,16
12,0.2945243112740431,0.00078719295000000003,39299.999999019339,0.024210844183435522,0.00076324524877742809,16
12,0.2945243112740431,0.00078719295000000003,39399.999999039712,0.023007394899969131,0.00099217550370770064,16
12,0.2945243112740431,0.00078719295000000003,39499.999999060085,0.023202111453172872,0.00076821529773498753,16
12,0.2945243112740431,0.00078719295000000003,39599.999999080457,0.024835094564369033,0.00098697192775188064,16
12,0.2945243112740431,0.00078719295000000003,39699.99999910083,0.024346038607284015,0.00084170388447019659,16
12,0.2945243112740431,0.00078719295000000003,39799.999999121203,0.025118947351760963,0.00092735606399857212,16
12,0.2945243112740431,0.00078719295000000003,39899.999999141575,0.025432557921921381,0.0008218219714877,16
12,0.2945243112740431,0.00078719295000000003,39999.999999161948,0.023800231961017704,0.0009963045403279349,16
12,0.2945243112740431,0.00078719295000000003,40099.999999182321,0.024964588771764541,0.0010186643258896662,16
12,0.2945243112740431,0.00078719295000000003,40199.999999202693,0.024901802397067366,0.0010013722987235044,16
12,0.2945243112740431,0.00078719295000000003,40299.999999223066,0.024496758658872995,0.00089793931975487378,16
12,0.2945243112740431,0.00078719295000000003,40399.999999243439,0.024605314881997239,0.00081323187616299608,16
12,0.2945243112740431,0.00078719295000000003,40499.999999263811,0.023626021591662546,0.0010273933705153614,16
12,0.2945243112740431,0.00078719295000000003,40599.999999284184,0.024344208823296371,0.0012281050024115564,16
12,0.2945243112740431,0.00078719295000000003,40699.999999304557,0.022943547624008395,0.00071865759147522116,16
12,0.2945243112740431,0.00078719295000000003,40799.999999324929,0.025363068931281488,0.0011247770463567366,16
12,0.2945243112740431,0.00078719295000000003,40899.999999345302,0.024984097652584917,0.0010800045367445538,16
12,0.2945243112740431,0.00078719295000000003,40999.999999365675,0.024715890670243889,0.00093418520238309805,16
12,0.2945243112740431,0.00078719295000000003,41099.999999386047,0.025653360428765995,0.0010561496828882624,16
12,0.2945243112740431,0.00078719295000000003,41199.99999940642,0.025221998688204107,0.00084268927318205357,16
12,0.2945243112740431,0.00078719295000000003,41299.999999426793,0.024416195160050315,0.00087612669250442519,16
12,0.2945243112740431,0.00078719295000000003,41399.999999447165,0.024949419932016804,0.00088068652492680373,16
12,0.2945243112740431,0.00078719295000000003,41499.999999467538,0.024737447465220413,0.0012639805959927279,16
12,0.2945243112740431,0.00078719295000000003,41599.999999487911,0.023814726178307075,0.00097088301174676683,16
12,0.2945243112740431,0.00078719295000000003,41699.999999508284,0.02372354312151588,0.00091538893683773895,16
12,0.2945243112740431,0.00078719295000000003,41799.999999528656,0.024397397304248065,0.00074653357636649399,16
12,0.2945243112740431,0.00078719295000000003,41899.999999549029,0.023665406901689841,0.00059495580969534288,16
12,0.2945243112740431,0.00078719295000000003,41999.999999569402,0.024354173160987452,0.00078742042706563399,16
12,0.2945243112740431,0.00078719295000000003,42099.999999589774,0.02545174945958803,0.00062202171859101249,16
12,0.2945243112740431,0.00078719295000000003,42199.999999610147,0.023826550652134928,0.0011282314205637459,16
12,0.2945243112740431,0.00078719295000000003,42299.99999963052,0.023651281617347121,0.00085797694773000416,16
12,0.2945243112740431,0.00078719295000000003,42399.999999650892,0.023849499153160723,0.0010297603783943716,16
12,0.2945243112740431,0.00078719295000000003,42499.999999671265,0.023739161384334399,0.00081667642550086817,16
12,0.2945243112740431,0.00078719295000000003,42599.999999691638,0.024580297834674979,0.00081584517200311243,16
12,0.2945243112740431,0.00078719295000000003,42699.99999971201,0.024329423626133894,0.00086991733691431036,16
12,0.2945243112740431,0.00078719295000000003,42799.999999732383,0.024180167203234397,0.00076976581130861475,16
12,0.2945243112740431,0.00078719295000000003,42899.999999752756,0.025300971576231554,0.00097262476031783848,16
12,0.2945243112740431,0.00078719295000000003,42999.999999773128,0.025573809110788954,0.0006896168355635515,16
12,0.2945243112740431,0.00078719295000000003,43099.999999793501,0.022610256476077058,0.0010773993982015118,16
12,0.2945243112740431,0.00078719295000000003,43199.999999813874,0.025605853245682538,0.00064555397696257897,16
12,0.2945243112740431,0.00078719295000000003,43299.999999834246,0.025545842271904821,0.0012487996036203834,16
12,0.2945243112740431,0.00078719295000000003,43399.999999854619,0.024579123810669925,0.0010996396901672403,16
12,0.2945243112740431,0.00078719295000000003,43499.999999874992,0.022835232646973236,0.00086814830856257687,16
12,0.2945243112740431,0.00078719295000000003,43599.999999895364,0.024180156158733535,0.0011574254899685379,16
12,0.2945243112740431,0.00078719295000000003,43699.999999915737,0.023449341586837927,0.0012045081127897202,16
12,0.2945243112740431,0.00078719295000000003,43799.99999993611,0.02400620756696965,0.00111407243210124,16
12,0.2945243112740431,0.00078719295000000003,43899.999999956482,0.023651646841859907,0.0011016797388108198,16
12,0.2945243112740431,0.00078719295000000003,43999.999999976855,0.023346038826241935,0.0009384796833302744,16
12,0.2945243112740431,0.00078719295000000003,44099.999999997228,0.024131232772500368,0.0010846136685418357,16
12,0.2945243112740431,0.00078719295000000003,44200.000000017601,0.023459301893128122,0.0010392770140782788,16
12,0.2945243112740431,0.00078719295000000003,44300.000000037973,0.02406815048790403,0.00081304163973436457,16
12,0.2945243112740431,0.00078719295000000003,44400.000000058346,0.024449968499653425,0.00092900019332150694,16
12,0.2945243112740431,0.00078719295000000003,44500.000000078719,0.024410531331716404,0.00079207755388502755,16
12,0.2945243112740431,0.00078719295000000003,44600.000000099091,0.025112578951336242,0.00067110415685682728,16
12,0.2945243112740431,0.00078719295000000003,44700.000000119464,0.025020921182753435,0.0012089017613392729,16
12,0.2945243112740431,0.00078719295000000003,44800.000000139837,0.024928488412513026,0.0011578512364418402,16
12,0.2945243112740431,0.00078719295000000003,44900.000000160209,0.025965808818913416,0.001392970435599385,16
12,0.2945243112740431,0.00078719295000000003,45000.000000180582,0.024828075238083069,0.00091906261962440019,16
12,0.2945243112740431,0.00078719295000000003,45100.000000200955,0.025659505867725908,0.00084820325075923571,16
12,0.2945243112740431,0.00078719295000000003,45200.000000221327,0.023742127268610011,0.0011157996972024496,16
12,0.2945243112740431,0.00078719295000000003,45300.0000002417,0.023116466937704173,0.00073043913015552995,16
12,0.2945243112740431,0.00078719295000000003,45400.000000262073,0.023549708505980736,0.00075847548589998495,16
12,0.2945243112740431,0.00078719295000000003,45500.000000282445,0.025540881094824962,0.0010201033101271662,16
12,0.2945243112740431,0.00078719295000000003,45600.000000302818,0.025337288997783852,0.00079183245244992173,16
12,0.2945243112740431,0.00078719295000000003,45700.000000323191,0.024713156644726404,0.00081149679620457394,16
12,0.2945243112740431,0.00078719295000000003,45800.000000343563,0.024476878685855751,0.00066486143491881666,16
12,0.2945243112740431,0.00078719295000000003,45900.000000363936,0.024473414741591055,0.00082660243075177503,16
12,0.2945243112740431,0.00078719295000000003,46000.000000384309,0.026195262160716257,0.0007785737550687925,16
12,0.2945243112740431,0.00078719295000000003,46100.000000404681,0.02472972541872126,0.00092182294847925042,16
12,0.2945243112740431,0.00078719295000000003,46200.000000425054,0.025993041726727072,0.00080648630658546505,16
12,0.2945243112740431,0.00078719295000000003,46300.000000445427,0.022732406320013252,0.00085802461233807368,16
12,0.2945243112740431,0.00078719295000000003,46400.0000004658,0.023608056728599981,0.0012116257912546079,16
12,0.2945243112740431,0.00078719295000000003,46500.000000486172,0.024190974537308618,0.0011105448498199978,16
12,0.2945243112740431,0.00078719295000000003,46600.000000506545,0.022450914259747504,0.00079510062015644538,16
12,0.2945243112740431,0.00078719295000000003,46700.000000526918,0.02220040977054864,0.00097789819926919755,16
12,0.2945243112740431,0.00078719295000000003,46800.00000054729,0.024205589322955596,0.0012125708514291419,16
12,0.2945243112740431,0.00078719295000000003,46900.000000567663,0.025611356772220401,0.00090502441669376482,16
12,0.2945243112740431,0.00078719295000000003,47000.000000588036,0.026000980736646938,0.0010888069116194588,16
12,0.2945243112740431,0.00078719295000000003,47100.000000608408,0.024224821464434887,0.0012847409369157563,16
12,0.2945243112740431,0.00078719295000000003,47200.000000628781,0.025965326003837653,0.0011864918732255988,16
12,0.2945243112740431,0.00078719295000000003,47300.000000649154,0.02560555977633127,0.00081574019716902407,16
12,0.2945243112740431,0.00078719295000000003,47400.000000669526,0.025262863550621399,0.00088346298627293388,16
12,0.2945243112740431,0.00078719295000000003,47500.000000689899,0.02509191776287412,0.0011972813952744626,16
12,0.2945243112740431,0.00078719295000000003,47600.000000710272,0.025010646670553454,0.00081703316137482821,16
12,0.2945243112740431,0.00078719295000000003,47700.000000730644,0.024098452078140358,0.00067229952276175956,16
12,0.2945243112740431,0.00078719295000000003,47800.000000751017,0.023248672230524157,0.0006959725946683778,16
12,0.2945243112740431,0.00078719295000000003,47900.00000077139,0.024245021872603956,0.00086332019284263021,16
12,0.2945243112740431,0.00078719295000000003,48000.000000791762,0.025789729632168083,0.0010060877722719329,16
12,0.2945243112740431,0.00078719295000000003,48100.000000812135,0.025241481541142828,0.00077297333411769135,16
12,0.2945243112740431,0.00078719295000000003,48200.000000832508,0.024285581339536254,0.00070718955140535887,16
12,0.2945243112740431,0.00078719295000000003,48300.00000085288,0.024056857681812226,0.00088863894099601556,16
12,0.2945243112740431,0.00078719295000000003,48400.000000873253,0.025508122363130218,0.00084762791563652428,16
12,0.2945243112740431,0.00078719295000000003,48500.000000893626,0.024116628800080402,0.0012220033604026055,16
12,0.2945243112740431,0.00078719295000000003,48600.000000913999,0.026387843477795492,0.0015604499146897775,16
12,0.2945243112740431,0.00078719295000000003,48700.000000934371,0.025888725646146873,0.0010402192582736024,16
12,0.2945243112740431,0.00078719295000000003,48800.000000954744,0.024399497498161886,0.0009380460187073215,16
12,0.2945243112740431,0.00078719295000000003,48900.000000975117,0.024315926147499962,0.00075898853015548379,16
12,0.2945243112740431,0.00078719295000000003,49000.000000995489,0.024793671804544459,0.00075320539980086121,16
12,0.2945243112740431,0.00078719295000000003,49100.000001015862,0.025902205652627516,0.00099349051993422315,16
12,0.2945243112740431,0.00078719295000000003,49200.000001036235,0.023721541024204533,0.00052589143659297988,16
12,0.2945243112740431,0.00078719295000000003,49300.000001056607,0.023650416692339794,0.00062410721495609182,16
12,0.2945243112740431,0.00078719295000000003,49400.00000107698,0.023327626130955945,0.00083042959993961344,16
12,0.2945243112740431,0.00078719295000000003,49500.000001097353,0.022013569073030183,0.0010995463532083008,16
12,0.2945243112740431,0.00078719295000000003,49600.000001117725,0.023061364119725227,0.00085831837822103604,16
12,0.2945243112740431,0.00078719295000000003,49700.000001138098,0.023553964873044245,0.00083476706852602441,16
12,0.2945243112740431,0.00078719295000000003,49800.000001158471,0.024314535441777835,0.00083338411191197649,16
12,0.2945243112740431,0.00078719295000000003,49900.000001178843,0.026202757796809112,0.0010145630856448157,16
12,0.2945243112740431,0.00078719295000000003,50000.000001199216,0.024392093226256274,0.0010548005876272915,16
16,0.39269908169872414,0.0013372873,100.00000000001425,0.022007274145427438,0.00072751122190480835,16
16,0.39269908169872414,0.0013372873,199.99999999996308,0.025511629276651973,0.0005108215158069699,16
16,0.39269908169872414,0.0013372873,299.99999999987216,0.023907788642541169,0.00086832213737322644,16
16,0.39269908169872414,0.0013372873,399.99999999978121,0.023552310948197239,0.00085400973912329336,16
16,0.39269908169872414,0.0013372873,499.99999999969026,0.024417611208044938,0.00090649322018552278,16
16,0.39269908169872414,0.0013372873,599.99999999959937,0.025213182412643698,0.00074396896577237691,16
16,0.39269908169872414,0.0013372873,699.99999999950842,0.023867965881007164,0.00094548151981904607,16
16,0.39269908169872414,0.0013372873,799.99999999941747,0.024970319423784349,0.0006375900813512396,16
16,0.39269908169872414,0.0013372873,899.99999999932652,0.024883742779484731,0.00059430604951848617,16
16,0.39269908169872414,0.0013372873,999.99999999923557,0.024609216702896133,0.00085272686983590106,16
16,0.39269908169872414,0.0013372873,1099.9999999991446,0.024109986376317269,0.0010333429383856362,16
16,0.39269908169872414,0.0013372873,1199.9999999990537,0.023975243560354225,0.00075370325097894888,16
16,0.39269908169872414,0.0013372873,1299.9999999989627,0.023674305534361197,0.00058045865514507139,16
16,0.39269908169872414,0.0013372873,1399.9999999988718,0.024291285292858324,0.0006976948405492474,16
16,0.39269908169872414,0.0013372873,1499.9999999987808,0.025760982262417072,0.00076131116936654062,16
16,0.39269908169872414,0.0013372873,1599.9999999986899,0.02473402399370395,0.00082375331397694274,16
16,0.39269908169872414,0.0013372873,1699.9999999985989,0.024333047122387038,0.00052750514340349464,16
16,0.39269908169872414,0.0013372873,1799.999999998508,0.02413262427753686,0.00071409576630338683,16
16,0.39269908169872414,0.0013372873,1899.999999998417,0.023489727103108204,0.00080031518277647441,16
16,0.39269908169872414,0.0013372873,1999.9999999983261,0.024830793275507256,0.00061283234834283624,16
16,0.39269908169872414,0.0013372873,2099.9999999994175,0.024629052933363631,0.00065760773360257077,16
16,0.39269908169872414,0.0013372873,2200.0000000016003,0.02542685405669852,0.0008894974112168293,16
16,0.39269908169872414,0.0013372873,2300.000000003783,0.024020216478297735,0.00076890573216197467,16
16,0.39269908169872414,0.0013372873,2400.0000000059658,0.024510836883880442,0.00076802727034343786,16
16,0.39269908169872414,0.0013372873,2500.0000000081486,0.024545757111294988,0.00053017616285299285,16
16,0.39269908169872414,0.0013372873,2600.0000000103314,0.024205063598547343,0.00052323472412983782,16
16,0.39269908169872414,0.0013372873,2700.0000000125142,0.024675488103128702,0.00076577266310982157,16
16,0.39269908169872414,0.0013372873,2800.000000014697,0.025901759230479611,0.00064151916898610691,16
16,0.39269908169872414,0.0013372873,2900.0000000168798,0.026026964727940648,0.00083093799916063305,16
16,0.39269908169872414,0.0013372873,3000.0000000190626,0.025910594892377743,0.00084511787311168738,16
16,0.39269908169872414,0.0013372873,3100.0000000212453,0.024714990535448862,0.00085497172688105377,16
16,0.39269908169872414,0.0013372873,3200.0000000234281,0.024367883140250061,0.00073669061236614078,16
16,0.39269908169872414,0.0013372873,3300.0000000256109,0.024839857969760688,0.00074764834136322302,16
16,0.39269908169872414,0.0013372873,3400.0000000277937,0.023992996012307144,0.00095504877941697715,16
16,0.39269908169872414,0.0013372873,3500.0000000299765,0.025027051286941361,0.00069189788745021219,16
16,0.39269908169872414,0.0013372873,3600.0000000321593,0.025626701282966263,0.00084780218747037043,16
16,0.39269908169872414,0.0013372873,3700.0000000343421,0.024372997246756088,0.00069273465015868728,16
16,0.39269908169872414,0.0013372873,3800.0000000365249,0.02374695633167672,0.00078413043192270904,16
16,0.39269908169872414,0.0013372873,3900.0000000387076,0.024184228426706172,0.00079432427425079623,16
16,0.39269908169872414,0.0013372873,4000.0000000408904,0.022963445330555322,0.0008220499636814422,16
16,0.39269908169872414,0.0013372873,4100.0000000430728,0.024273944413664834,0.00062421000752537847,16
16,0.39269908169872414,0.0013372873,4200.0000000452555,0.02508822165874032,0.00061106528253931664,16
16,0.39269908169872414,0.0013372873,4300.0000000474383,0.024666901482826738,0.00083316787346928085,16
16,0.39269908169872414,0.0013372873,4400.0000000496211,0.023706237602392526,0.00075254823458268262,16
16,0.39269908169872414,0.0013372873,4500.0000000518039,0.02502691664198093,0.00076132819439189573,16
16,0.39269908169872414,0.0013372873,4600.0000000539867,0.023724536901352625,0.00061111814292427909,16
16,0.39269908169872414,0.0013372873,4700.0000000561695,0.024165159089509964,0.00062852723658943157,16
16,0.39269908169872414,0.0013372873,4800.0000000583523,0.025029063168971678,0.00056083730920824474,16
16,0.39269908169872414,0.0013372873,4900.0000000605351,0.024074902925048731,0.00073917815800855833,16
16,0.39269908169872414,0.0013372873,5000.0000000627178,0.025660437502314667,0.00071480817892919507,16
16,0.39269908169872414,0.0013372873,5100.0000000649006,0.024178666104207817,0.00050350261467017692,16
16,0.39269908169872414,0.0013372873,5200.0000000670834,0.023863580554988523,0.0010743960028456205,16
16,0.39269908169872414,0.0013372873,5300.0000000692662,0.023617045599230987,0.00079099170166249406,16
16,0.39269908169872414,0.0013372873,5400.000000071449,0.02446833942249577,0.00057288242606035305,16
16,0.39269908169872414,0.0013372873,5500.0000000736318,0.024778185631065548,0.00060528972278541264,16
16,0.39269908169872414,0.0013372873,5600.0000000758146,0.023509368584169056,0.00071238166904657237,16
16,0.39269908169872414,0.0013372873,5700.0000000779974,0.025103929536928426,0.00048941163316176275,16
16,0.39269908169872414,0.0013372873,5800.0000000801801,0.025194918526725792,0.00072414163340575057,16
16,0.39269908169872414,0.0013372873,5900.0000000823629,0.024193555485073365,0.0007442840220698993,16
16,0.39269908169872414,0.0013372873,6000.0000000845457,0.024178523375227346,0.00067961682146821698,16
16,0.39269908169872414,0.0013372873,6100.0000000867285,0.023211702768826441,0.00071776516967569351,16
16,0.39269908169872414,0.0013372873,6200.0000000889113,0.023912269160572788,0.00070758155787810264,16
16,0.39269908169872414,0.0013372873,6300.0000000910941,0.024423448980410403,0.00053361440809904454,16
16,0.39269908169872414,0.0013372873,6400.0000000932769,0.025036845309382497,0.0010966714801723496,16
16,0.39269908169872414,0.0013372873,6500.0000000954597,0.024433592091988702,0.00073925820224494433,16
16,0.39269908169872414,0.0013372873,6600.0000000976424,0.024098112164553293,0.00067919063336316311,16
16,0.39269908169872414,0.0013372873,6700.0000000998252,0.024516804817821071,0.00077765125893558974,16
16,0.39269908169872414,0.0013372873,6800.000000102008,0.023110450213391271,0.00075877366806039197,16
16,0.39269908169872414,0.0013372873,6900.0000001041908,0.02397201245716523,0.00085761310498840991,16
16,0.39269908169872414,0.0013372873,7000.0000001063736,0.024438298335303872,0.00073805939799192208,16
16,0.39269908169872414,0.0013372873,7100.0000001085564,0.025230558381388497,0.00093828396920539632,16
16,0.39269908169872414,0.0013372873,7200.0000001107392,0.0241269499999366,0.00064479160670570382,16
16,0.39269908169872414,0.0013372873,7300.000000112922,0.024961610725517128,0.00085047024671299572,16
16,0.39269908169872414,0.0013372873,7400.0000001151047,0.02523915787561113,0.0004782172732010034,16
16,0.39269908169872414,0.0013372873,7500.0000001172875,0.024967565652970106,0.0006700841453046683,16
16,0.39269908169872414,0.0013372873,7600.0000001194703,0.024279270537224559,0.00079231068905495769,16
16,0.39269908169872414,0.0013372873,7700.0000001216531,0.024933771707987024,0.0006826855410728181,16
16,0.39269908169872414,0.0013372873,7800.0000001238359,0.025218889210082699,0.00088016636384646992,16
16,0.39269908169872414,0.0013372873,7900.0000001260187,0.025385831713804225,0.00099593070984484752,16
16,0.39269908169872414,0.0013372873,8000.0000001282015,0.026571219930710106,0.00061275313657654213,16
16,0.39269908169872414,0.0013372873,8100.0000001303843,0.025284054610502572,0.00080384489334535587,16
16,0.39269908169872414,0.0013372873,8200.0000001325661,0.024398220589441716,0.00072068543797955528,16
16,0.39269908169872414,0.0013372873,8300.0000001347489,0.02406391347451781,0.00095343974715037232,16
16,0.39269908169872414,0.0013372873,8400.0000001369317,0.024671439388185064,0.00050941915375041333,16
16,0.39269908169872414,0.0013372873,8500.0000001391145,0.02480565560805419,0.00080100833561406787,16
16,0.39269908169872414,0.0013372873,8600.0000001412973,0.024370723103326105,0.0007609924147583706,16
16,0.39269908169872414,0.0013372873,8700.0000001434801,0.023706673229268373,0.00043926318233625169,16
16,0.39269908169872414,0.0013372873,8800.0000001456629,0.02394282545520993,0.00074526205901770447,16
16,0.39269908169872414,0.0013372873,8900.0000001478456,0.024829271202301377,0.0010115009963475516,16
16,0.39269908169872414,0.0013372873,9000.0000001500284,0.026620051072808754,0.00096527480724163933,16
16,0.39269908169872414,0.0013372873,9100.0000001522112,0.024459750435855021,0.00087045280026293835,16
16,0.39269908169872414,0.0013372873,9200.000000154394,0.023872613746649521,0.00085397943138271583,16
16,0.39269908169872414,0.0013372873,9300.0000001565768,0.024335893888190817,0.00091722323660806994,16
16,0.39269908169872414,0.0013372873,9400.0000001587596,0.024782849121579065,0.00045095434941244114,16
16,0.39269908169872414,0.0013372873,9500.0000001609424,0.023728915859439845,0.00076186791758037328,16
16,0.39269908169872414,0.0013372873,9600.0000001631252,0.024271648684377652,0.0008522386038262961,16
16,0.39269908169872414,0.0013372873,9700.0000001653079,0.023632009378739906,0.00062817442235305792,16
16,0.39269908169872414,0.0013372873,9800.0000001674907,0.024037325690463528,0.0006039186472069451,16
16,0.39269908169872414,0.0013372873,9900.0000001696735,0.024154046613507806,0.00093516889253728649,16
16,0.39269908169872414,0.0013372873,10000.000000171856,0.023736929218078903,0.00092131922568071541,16
16,0.39269908169872414,0.0013372873,10100.000000174039,0.022366119527403968,0.00075753119464497818,16
16,0.39269908169872414,0.0013372873,10200.000000176222,0.025157830694612474,0.00092813072943320144,16
16,0.39269908169872414,0.0013372873,10300.000000178405,0.024854108695146798,0.00085268328837488367,16
16,0.39269908169872414,0.0013372873,10400.000000180587,0.023711196153690085,0.00092820518699382546,16
16,0.39269908169872414,0.0013372873,10500.00000018277,0.023603153491023991,0.00076081701739510684,16
16,0.39269908169872414,0.0013372873,10600.000000184953,0.024677694301713151,0.0006991134922947911,16
16,0.39269908169872414,0.0013372873,10700.000000187136,0.026537127440189372,0.00070891451146299982,16
16,0.39269908169872414,0.0013372873,10800.000000189319,0.024717171342863477,0.00092870094756395598,16
16,0.39269908169872414,0.0013372873,10900.000000191501,0.024923977534958723,0.00062881700790972045,16
16,0.39269908169872414,0.0013372873,11000.000000193684,0.025832442125276113,0.0006630747821954699,16
16,0.39269908169872414,0.0013372873,11100.000000195867,0.024630115556984199,0.00092799299334215581,16
16,0.39269908169872414,0.0013372873,11200.00000019805,0.024434402031509532,0.00062937885080612086,16
16,0.39269908169872414,0.0013372873,11300.000000200233,0.024368841471906988,0.00079848922778985424,16
16,0.39269908169872414,0.0013372873,11400.000000202415,0.02519956091305468,0.00062369860005177509,16
16,0.39269908169872414,0.0013372873,11500.000000204598,0.026036454601207352,0.00083937680363190795,16
16,0.39269908169872414,0.0013372873,11600.000000206781,0.02484283982559056,0.00062063002491617519,16
16,0.39269908169872414,0.0013372873,11700.000000208964,0.023909372856820283,0.00058576020445949084,16
16,0.39269908169872414,0.0013372873,11800.000000211146,0.023848227361679523,0.00081359755840041954,16
16,0.39269908169872414,0.0013372873,11900.000000213329,0.026599501956757428,0.00070236586091140883,16
16,0.39269908169872414,0.0013372873,12000.000000215512,0.024739488653593898,0.00061891302159091505,16
16,0.39269908169872414,0.0013372873,12100.000000217695,0.024478294747525491,0.00065236897071349858,16
16,0.39269908169872414,0.0013372873,12200.000000219878,0.024372570389496348,0.00080286522301925437,16
16,0.39269908169872414,0.0013372873,12300.00000022206,0.024567770623578018,0.0010486466400041656,16
16,0.39269908169872414,0.0013372873,12400.000000224243,0.024060061320995189,0.00073911443694905238,16
16,0.39269908169872414,0.0013372873,12500.000000226426,0.024199572239723816,0.0008493438124934084,16
16,0.39269908169872414,0.0013372873,12600.000000228609,0.025644874765989839,0.00073487353095410071,16
16,0.39269908169872414,0.0013372873,12700.000000230792,0.025112544300512792,0.0007547325276994457,16
16,0.39269908169872414,0.0013372873,12800.000000232974,0.024907986832569812,0.00059128936045088208,16
16,0.39269908169872414,0.0013372873,12900.000000235157,0.024189901426714164,0.00066727742146129271,16
16,0.39269908169872414,0.0013372873,13000.00000023734,0.023633782728136224,0.00063500595754523712,16
16,0.39269908169872414,0.0013372873,13100.000000239523,0.025708811047171001,0.00074311297294997036,16
16,0.39269908169872414,0.0013372873,13200.000000241705,0.024564923721977543,0.00070619563393629859,16
16,0.39269908169872414,0.0013372873,13300.000000243888,0.024928982962816655,0.00078191200118893811,16
16,0.39269908169872414,0.0013372873,13400.000000246071,0.024202632390361297,0.00088494087227879842,16
16,0.39269908169872414,0.0013372873,13500.000000248254,0.023104287765604081,0.00071132789083186768,16
16,0.39269908169872414,0.0013372873,13600.000000250437,0.024540058503001675,0.00062926905149091712,16
16,0.39269908169872414,0.0013372873,13700.000000252619,0.02445663430403882,0.00075721711059520652,16
16,0.39269908169872414,0.0013372873,13800.000000254802,0.02400784457845169,0.00084457848939503059,16
16,0.39269908169872414,0.0013372873,13900.000000256985,0.02407677373055753,0.00096419897102563413,16
16,0.39269908169872414,0.0013372873,14000.000000259168,0.022452918650201881,0.00061500594203659496,16
16,0.39269908169872414,0.0013372873,14100.000000261351,0.022485058298736049,0.00082471433192511461,16
16,0.39269908169872414,0.0013372873,14200.000000263533,0.023462852230550578,0.00065302085964956359,16
16,0.39269908169872414,0.0013372873,14300.000000265716,0.024007215145261919,0.00090314389094976353,16
16,0.39269908169872414,0.0013372873,14400.000000267899,0.024657402134848173,0.00054626735478727673,16
16,0.39269908169872414,0.0013372873,14500.000000270082,0.024050667437927331,0.00069653475496791637,16
16,0.39269908169872414,0.0013372873,14600.000000272265,0.024709142270191071,0.00068346306708436848,16
16,0.39269908169872414,0.0013372873,14700.000000274447,0.025151804715753789,0.00064460567298165849,16
16,0.39269908169872414,0.0013372873,14800.00000027663,0.024690858593032966,0.00071150230902040912,16
16,0.39269908169872414,0.0013372873,14900.000000278813,0.025723377419726152,0.00080367253438889334,16
16,0.39269908169872414,0.0013372873,15000.000000280996,0.023704522625797267,0.00086689517462646066,16
16,0.39269908169872414,0.0013372873,15100.000000283178,0.024146224412796735,0.00081335867680347137,16
16,0.39269908169872414,0.0013372873,15200.000000285361,0.025179403842490393,0.00076447496843903623,16
16,0.39269908169872414,0.0013372873,15300.000000287544,0.025451721561322891,0.00070048908349262817,16
16,0.39269908169872414,0.0013372873,15400.000000289727,0.024969949789768416,0.00059983895767248656,16
16,0.39269908169872414,0.0013372873,15500.00000029191,0.024143726236723607,0.000853995881202493,16
16,0.39269908169872414,0.0013372873,15600.000000294092,0.023031977860762141,0.00084156216222937069,16
16,0.39269908169872414,0.0013372873,15700.000000296275,0.025204188737045635,0.00078610844267359005,16
16,0.39269908169872414,0.0013372873,15800.000000298458,0.024647398219483564,0.00058824183920477033,16
16,0.39269908169872414,0.0013372873,15900.000000300641,0.024760016118379032,0.00061964345230244703,16
16,0.39269908169872414,0.0013372873,16000.000000302824,0.023837247785829862,0.00066017528781203022,16
16,0.39269908169872414,0.0013372873,16100.000000305006,0.024061866780758626,0.00068244506715635855,16
16,0.39269908169872414,0.0013372873,16200.000000307189,0.024820782453305532,0.00076291869804002955,16
16,0.39269908169872414,0.0013372873,16300.000000309372,0.023831991249498075,0.00090328720079852496,16
16,0.39269908169872414,0.0013372873,16400.000000308642,0.024454106917551861,0.00089564621407846757,16
16,0.39269908169872414,0.0013372873,16500.000000292635,0.024382773800052032,0.00063480319807344629,16
16,0.39269908169872414,0.0013372873,16600.000000276628,0.02397419076610326,0.00076089281439141194,16
16,0.39269908169872414,0.0013372873,16700.000000260621,0.025540170453530648,0.00083788675171105032,16
16,0.39269908169872414,0.0013372873,16800.000000244614,0.024850459454037067,0.00041839385465851917,16
16,0.39269908169872414,0.0013372873,16900.000000228607,0.025152734094193597,0.00081274931098509714,16
16,0.39269908169872414,0.0013372873,17000.0000002126,0.024013605247360761,0.00085134432132147049,16
16,0.39269908169872414,0.0013372873,17100.000000196593,0.024041082571096717,0.00083499223707659415,16
16,0.39269908169872414,0.0013372873,17200.000000180586,0.02362305824751549,0.00087868128232716997,16
16,0.39269908169872414,0.0013372873,17300.000000164579,0.024417167846568631,0.00059194039577867969,16
16,0.39269908169872414,0.0013372873,17400.000000148571,0.025260798991884135,0.00063926906124419725,16
16,0.39269908169872414,0.0013372873,17500.000000132564,0.025853093670819317,0.00085039644446834387,16
16,0.39269908169872414,0.0013372873,17600.000000116557,0.024568796488677047,0.00084988772218036262,16
16,0.39269908169872414,0.0013372873,17700.00000010055,0.023793155481100055,0.00068435118363965679,16
16,0.39269908169872414,0.0013372873,17800.000000084543,0.02391985426714574,0.00099828029289599179,16
16,0.39269908169872414,0.0013372873,17900.000000068536,0.024316594957970568,0.00054374379966209637,16
16,0.39269908169872414,0.0013372873,18000.000000052529,0.025840956349764202,0.00084839594252303743,16
16,0.39269908169872414,0.0013372873,18100.000000036522,0.0260746262462365,0.00048568222177969029,16
16,0.39269908169872414,0.0013372873,18200.000000020515,0.025441631872178957,0.00081668358073007244,16
16,0.39269908169872414,0.0013372873,18300.000000004507,0.024035986451727651,0.00080005143457856386,16
16,0.39269908169872414,0.0013372873,18399.9999999885,0.026379716073503555,0.00089281554222284934,16
16,0.39269908169872414,0.0013372873,18499.999999972493,0.023381164471452977,0.00064363045903947892,16
16,0.39269908169872414,0.0013372873,18599.999999956486,0.023725091942885874,0.0006716780295637888,16
16,0.39269908169872414,0.0013372873,18699.999999940479,0.023283000714615469,0.0009552938440205317,16
16,0.39269908169872414,0.0013372873,18799.999999924472,0.0241629151508309,0.00090353637437476668,16
16,0.39269908169872414,0.0013372873,18899.999999908465,0.024548420678172981,0.00080080792784039182,16
16,0.39269908169872414,0.0013372873,18999.999999892458,0.024064985170691923,0.00077682122003065865,16
16,0.39269908169872414,0.0013372873,19099.999999876451,0.025213993711830994,0.00088082725936773512,16
16,0.39269908169872414,0.0013372873,19199.999999860443,0.024316598720550933,0.00059999213932776703,16
16,0.39269908169872414,0.0013372873,19299.999999844436,0.024303237975054962,0.00058572444967900294,16
16,0.39269908169872414,0.0013372873,19399.999999828429,0.024383809244633282,0.00080047896421885252,16
16,0.39269908169872414,0.0013372873,19499.999999812422,0.023662075357833885,0.00083417232243077186,16
16,0.39269908169872414,0.0013372873,19599.999999796415,0.02378680442234447,0.00069739069477513108,16
16,0.39269908169872414,0.0013372873,19699.999999780408,0.024946573598889344,0.00065896874669123696,16
16,0.39269908169872414,0.0013372873,19799.999999764401,0.024921872459163975,0.00060858345210294817,16
16,0.39269908169872414,0.0013372873,19899.999999748394,0.025590868335365436,0.00075179365247482737,16
16,0.39269908169872414,0.0013372873,19999.999999732387,0.024907483608132802,0.00060825794445809318,16
16,0.39269908169872414,0.0013372873,20099.99999971638,0.023907561780334843,0.00076335534122008719,16
16,0.39269908169872414,0.0013372873,20199.999999700372,0.02431328244682519,0.00055556169974032503,16
16,0.39269908169872414,0.0013372873,20299.999999684365,0.024509598493452849,0.00068302224830171755,16
16,0.39269908169872414,0.0013372873,20399.999999668358,0.023147998656158863,0.00075412076168771252,16
16,0.39269908169872414,0.0013372873,20499.999999652351,0.023936479240034145,0.00080557464559273431,16
16,0.39269908169872414,0.0013372873,20599.999999636344,0.023537979025987105,0.00063076284199284935,16
16,0.39269908169872414,0.0013372873,20699.999999620337,0.025099250578732326,0.00096073319829406852,16
16,0.39269908169872414,0.0013372873,20799.99999960433,0.02517539783792401,0.00067487222276500195,16
16,0.39269908169872414,0.0013372873,20899.999999588323,0.022891443485104409,0.00067049794073878563,16
16,0.39269908169872414,0.0013372873,20999.999999572316,0.022712231083292463,0.00075791640456267305,16
16,0.39269908169872414,0.0013372873,21099.999999556308,0.024642212562098826,0.00081622035795990888,16
16,0.39269908169872414,0.0013372873,21199.999999540301,0.025503674669355783,0.00074417638615399597,16
16,0.39269908169872414,0.0013372873,21299.999999524294,0.024924311934693126,0.00069286254536870509,16
16,0.39269908169872414,0.0013372873,21399.999999508287,0.024462661461485992,0.00089114050041407737,16
16,0.39269908169872414,0.0013372873,21499.99999949228,0.024276889544620532,0.00081302110385530557,16
16,0.39269908169872414,0.0013372873,21599.999999476273,0.02260424760005314,0.00067729874493638981,16
16,0.39269908169872414,0.0013372873,21699.999999460266,0.025538058317173148,0.00053205980777791301,16
16,0.39269908169872414,0.0013372873,21799.999999444259,0.025256146811238021,0.00072858942055817973,16
16,0.39269908169872414,0.0013372873,21899.999999428252,0.023371166412186353,0.00065089135380765148,16
16,0.39269908169872414,0.0013372873,21999.999999412245,0.024371064165517677,0.00058797723914147371,16
16,0.39269908169872414,0.0013372873,22099.999999396237,0.023571847698901752,0.0007502835765503523,16
16,0.39269908169872414,0.0013372873,22199.99999938023,0.024880117212533734,0.00062160117655433111,16
16,0.39269908169872414,0.0013372873,22299.999999364223,0.024443977164507108,0.00087910296975468138,16
16,0.39269908169872414,0.0013372873,22399.999999348216,0.024154933045808628,0.00060300339569087141,16
16,0.39269908169872414,0.0013372873,22499.999999332209,0.025449319694525421,0.00076430768525418389,16
16,0.39269908169872414,0.0013372873,22599.999999316202,0.024975589211157417,0.00082865934525252084,16
16,0.39269908169872414,0.0013372873,22699.999999300195,0.022742627290518857,0.00067578844707147606,16
16,0.39269908169872414,0.0013372873,22799.999999284188,0.025170444399323609,0.00077469590480967613,16
16,0.39269908169872414,0.0013372873,22899.999999268181,0.023658720686308175,0.00069922838375505831,16
16,0.39269908169872414,0.0013372873,22999.999999252173,0.023706815641519521,0.00076203654530591534,16
16,0.39269908169872414,0.0013372873,23099.999999236166,0.025969952624778393,0.0006143116819981656,16
16,0.39269908169872414,0.0013372873,23199.999999220159,0.024375259089653802,0.0007950891554339807,16
16,0.39269908169872414,0.0013372873,23299.999999204152,0.02434486044972491,0.00056402478722779174,16
16,0.39269908169872414,0.0013372873,23399.999999188145,0.024912132113949912,0.00086425613851924207,16
16,0.39269908169872414,0.0013372873,23499.999999172138,0.023712098545156216,0.00082880308046834198,16
16,0.39269908169872414,0.0013372873,23599.999999156131,0.023995976009919658,0.00078289520949979417,16
16,0.39269908169872414,0.0013372873,23699.999999140124,0.023582768935432465,0.00054648447547405333,16
16,0.39269908169872414,0.0013372873,23799.999999124117,0.023909072206366927,0.00064029970749689309,16
16,0.39269908169872414,0.0013372873,23899.999999108109,0.024226388086937216,0.00083636706767515516,16
16,0.39269908169872414,0.0013372873,23999.999999092102,0.0249245229663159,0.00073467000252388592,16
16,0.39269908169872414,0.0013372873,24099.999999076095,0.024541424093453928,0.00067310065931632781,16
16,0.39269908169872414,0.0013372873,24199.999999060088,0.02437706387803959,0.00073756827512913516,16
16,0.39269908169872414,0.0013372873,24299.999999044081,0.025242714910663034,0.00052567809574652368,16
16,0.39269908169872414,0.0013372873,24399.999999028074,0.023068784724586826,0.0006439618237597996,16
16,0.39269908169872414,0.0013372873,24499.999999012067,0.024603435546737201,0.00064559626383559174,16
16,0.39269908169872414,0.0013372873,24599.99999899606,0.023867928086365484,0.00063375422912986378,16
16,0.39269908169872414,0.0013372873,24699.999998980053,0.02446051712411294,0.00080842054176194804,16
16,0.39269908169872414,0.0013372873,24799.999998964046,0.023770289310749062,0.00059736125374226388,16
16,0.39269908169872414,0.0013372873,24899.999998948038,0.023967165594736044,0.00065021539586428525,16
16,0.39269908169872414,0.0013372873,24999.999998932031,0.025426238773341176,0.00064307980937618496,16
16,0.39269908169872414,0.0013372873,25099.999998916024,0.025158996524158907,0.00066958900269797081,16
16,0.39269908169872414,0.0013372873,25199.999998900017,0.024930596315934406,0.00056895339926467468,16
16,0.39269908169872414,0.0013372873,25299.99999888401,0.024406313202604071,0.00075815681321459718,16
16,0.39269908169872414,0.0013372873,25399.999998868003,0.024274386078607331,0.00076042221369262964,16
16,0.39269908169872414,0.0013372873,25499.999998851996,0.025587265449563603,0.00090214064914321841,16
16,0.39269908169872414,0.0013372873,25599.999998835989,0.025282179803648448,0.00080097714152771178,16
16,0.39269908169872414,0.0013372873,25699.999998819982,0.024320318231697197,0.00047036308551192302,16
16,0.39269908169872414,0.0013372873,25799.999998803974,0.025480143839337697,0.0009351903677258113,16
16,0.39269908169872414,0.0013372873,25899.999998787967,0.024190190272265634,0.00090519832439305795,16
16,0.39269908169872414,0.0013372873,25999.99999877196,0.02372776434680101,0.00060407349219648062,16
16,0.39269908169872414,0.0013372873,26099.999998755953,0.024351613251152444,0.0010538873998174336,16
16,0.39269908169872414,0.0013372873,26199.999998739946,0.02367491396748413,0.00090357655284564352,16
16,0.39269908169872414,0.0013372873,26299.999998723939,0.025064689030133085,0.0005391853891482649,16
16,0.39269908169872414,0.0013372873,26399.999998707932,0.025469106061089174,0.00065105027470964351,16
16,0.39269908169872414,0.0013372873,26499.999998691925,0.024046165992913305,0.00073343150688147277,16
16,0.39269908169872414,0.0013372873,26599.999998675918,0.025301650660656476,0.00072684180551740851,16
16,0.39269908169872414,0.0013372873,26699.99999865991,0.024628313848389982,0.00069719092778694925,16
16,0.39269908169872414,0.0013372873,26799.999998643903,0.024339566393116071,0.00070480821589150153,16
16,0.39269908169872414,0.0013372873,26899.999998627896,0.023789692123297793,0.00061827919418925626,16
16,0.39269908169872414,0.0013372873,26999.999998611889,0.024923293960444161,0.00085779710729554071,16
16,0.39269908169872414,0.0013372873,27099.999998595882,0.024171763688907565,0.0007157125154853628,16
16,0.39269908169872414,0.0013372873,27199.999998579875,0.024185487190443784,0.00083371901008355348,16
16,0.39269908169872414,0.0013372873,27299.999998563868,0.023140854630575945,0.00054276487747059753,16
16,0.39269908169872414,0.0013372873,27399.999998547861,0.024296064465369228,0.00080984984918267423,16
16,0.39269908169872414,0.0013372873,27499.999998531854,0.024241046908945209,0.00067248656277850481,16
16,0.39269908169872414,0.0013372873,27599.999998515847,0.025134939238811719,0.00059859721591008351,16
16,0.39269908169872414,0.0013372873,27699.999998499839,0.023936247483699637,0.00073281073342096651,16
16,0.39269908169872414,0.0013372873,27799.999998483832,0.023270844459053218,0.00053678635928273446,16
16,0.39269908169872414,0.0013372873,27899.999998467825,0.025011739560920739,0.00087801659936970178,16
16,0.39269908169872414,0.0013372873,27999.999998451818,0.023623203347665694,0.00058173110899124901,16
16,0.39269908169872414,0.0013372873,28099.999998435811,0.023764156090178658,0.00067706562880074901,16
16,0.39269908169872414,0.0013372873,28199.999998419804,0.025705169426933568,0.00056147205840654027,16
16,0.39269908169872414,0.0013372873,28299.999998403797,0.024750838471222114,0.0011205448503989691,16
16,0.39269908169872414,0.0013372873,28399.99999838779,0.025437279687889152,0.00072059032936576005,16
16,0.39269908169872414,0.0013372873,28499.999998371783,0.023904416051331642,0.00094076689575386214,16
16,0.39269908169872414,0.0013372873,28599.999998355775,0.025301973897171388,0.00096916989956954221,16
16,0.39269908169872414,0.0013372873,28699.999998339768,0.024187945548034256,0.00080644796029970191,16
16,0.39269908169872414,0.0013372873,28799.999998323761,0.023726309326218626,0.00079801870239277356,16
16,0.39269908169872414,0.0013372873,28899.999998307754,0.024956102132401469,0.00084421040051484554,16
16,0.39269908169872414,0.0013372873,28999.999998291747,0.025773939739052568,0.0008279894034146745,16
16,0.39269908169872414,0.0013372873,29099.99999827574,0.02566768691967419,0.00086587360115169371,16
16,0.39269908169872414,0.0013372873,29199.999998259733,0.025403010431434732,0.00079324764521280003,16
16,0.39269908169872414,0.0013372873,29299.999998243726,0.024912242436965201,0.00080357855417648334,16
16,0.39269908169872414,0.0013372873,29399.999998227719,0.024906096950845558,0.00060144986378489582,16
16,0.39269908169872414,0.0013372873,29499.999998211711,0.024048230378375324,0.00072550717624145136,16
16,0.39269908169872414,0.0013372873,29599.999998195704,0.024289036696430902,0.0009699342099160047,16
16,0.39269908169872414,0.0013372873,29699.999998179697,0.024983141852703544,0.0010147881737609676,16
16,0.39269908169872414,0.0013372873,29799.99999816369,0.023468866455232051,0.00048227807026228562,16
16,0.39269908169872414,0.0013372873,29899.999998147683,0.02492237347797352,0.00086105129255097048,16
16,0.39269908169872414,0.0013372873,29999.999998131676,0.02366433502031362,0.00077659689388671611,16
16,0.39269908169872414,0.0013372873,30099.999998115669,0.025738188367623566,0.00083666922945494578,16
16,0.39269908169872414,0.0013372873,30199.999998099662,0.025149097742933123,0.00069659146238484817,16
16,0.39269908169872414,0.0013372873,30299.999998083655,0.023155987779130124,0.00070374692642497525,16
16,0.39269908169872414,0.0013372873,30399.999998067648,0.024332512833354289,0.00075662607075034562,16
16,0.39269908169872414,0.0013372873,30499.99999805164,0.02556249034216216,0.00085455313995834979,16
16,0.39269908169872414,0.0013372873,30599.999998035633,0.025549459128785507,0.0007395646605881462,16
16,0.39269908169872414,0.0013372873,30699.999998019626,0.023731913283194531,0.00082423062813623499,16
16,0.39269908169872414,0.0013372873,30799.999998003619,0.023311276578112085,0.0007252323759074559,16
16,0.39269908169872414,0.0013372873,30899.999997987612,0.024730683127043851,0.0006607617672648923,16
16,0.39269908169872414,0.0013372873,30999.999997971605,0.024029907917262446,0.00083111207821795908,16
16,0.39269908169872414,0.0013372873,31099.999997955598,0.024020312276099662,0.000590382978277312,16
16,0.39269908169872414,0.0013372873,31199.999997939591,0.02578357776413303,0.00053746270744751187,16
16,0.39269908169872414,0.0013372873,31299.999997923584,0.024936831272056158,0.0008562840917145844,16
16,0.39269908169872414,0.0013372873,31399.999997907576,0.024744528931699806,0.00073180142356677705,16
16,0.39269908169872414,0.0013372873,31499.999997891569,0.024456167275283686,0.00094047302217888692,16
16,0.39269908169872414,0.0013372873,31599.999997875562,0.024847233772678428,0.00084645336023949367,16
16,0.39269908169872414,0.0013372873,31699.999997859555,0.026283332110020208,0.00090771302399582582,16
16,0.39269908169872414,0.0013372873,31799.999997843548,0.02495393958229038,0.00054079367866138742,16
16,0.39269908169872414,0.0013372873,31899.999997827541,0.023901616995368968,0.00083853983717453468,16
16,0.39269908169872414,0.0013372873,31999.999997811534,0.025310262486593571,0.00074970147136746207,16
16,0.39269908169872414,0.0013372873,32099.999997795527,0.024337058345981797,0.00080671163802815515,16
16,0.39269908169872414,0.0013372873,32199.99999777952,0.025194267928099871,0.00073149219666437308,16
16,0.39269908169872414,0.0013372873,32299.999997763513,0.024206440728690458,0.00078851475471263443,16
16,0.39269908169872414,0.0013372873,32399.999997747505,0.024889958936343225,0.00058643385960988189,16
16,0.39269908169872414,0.0013372873,32499.999997731498,0.024731475060661923,0.00077881893921597108,16
16,0.39269908169872414,0.0013372873,32599.999997715491,0.024578153019701784,0.0008640579322413889,16
16,0.39269908169872414,0.0013372873,32699.999997699484,0.025191356555254771,0.00093771360449488791,16
16,0.39269908169872414,0.0013372873,32799.999997695115,0.024801154603727459,0.00081731240989575508,16
16,0.39269908169872414,0.0013372873,32899.999997715488,0.025399875510762931,0.00082749415370191688,16
16,0.39269908169872414,0.0013372873,32999.99999773586,0.023481668661356557,0.0010220738975355772,16
16,0.39269908169872414,0.0013372873,33099.999997756233,0.023858977745418942,0.00079927461503970394,16
16,0.39269908169872414,0.0013372873,33199.999997776606,0.024455701959985966,0.00063863384155561111,16
16,0.39269908169872414,0.0013372873,33299.999997796978,0.025112680131762613,0.00080944982165226788,16
16,0.39269908169872414,0.0013372873,33399.999997817351,0.024925697961875274,0.00087353513780486153,16
16,0.39269908169872414,0.0013372873,33499.999997837724,0.023898564668161922,0.00079967246896578978,16
16,0.39269908169872414,0.0013372873,33599.999997858096,0.026357504267119927,0.00096205510871147522,16
16,0.39269908169872414,0.0013372873,33699.999997878469,0.023703515337965015,0.00055456239872225127,16
16,0.39269908169872414,0.0013372873,33799.999997898842,0.025283343671887681,0.0006791289995274211,16
16,0.39269908169872414,0.0013372873,33899.999997919214,0.024786720947754148,0.00061948486606510852,16
16,0.39269908169872414,0.0013372873,33999.999997939587,0.024960374439319619,0.0009956658030017202,16
16,0.39269908169872414,0.0013372873,34099.99999795996,0.025367009555502893,0.00062376128726647712,16
16,0.39269908169872414,0.0013372873,34199.999997980332,0.024506241852022388,0.00084717420387967564,16
16,0.39269908169872414,0.0013372873,34299.999998000705,0.024214183431178884,0.00056945384963491162,16
16,0.39269908169872414,0.0013372873,34399.999998021078,0.025634535581103127,0.00071395820767992143,16
16,0.39269908169872414,0.0013372873,34499.99999804145,0.024663092258468869,0.00070519249002174344,16
16,0.39269908169872414,0.0013372873,34599.999998061823,0.025153824762707534,0.00083738609815627756,16
16,0.39269908169872414,0.0013372873,34699.999998082196,0.023799036651748172,0.00072039942226472626,16
16,0.39269908169872414,0.0013372873,34799.999998102568,0.023500986939155009,0.00096579793246530496,16
16,0.39269908169872414,0.0013372873,34899.999998122941,0.025130039398766603,0.0010306975888312901,16
16,0.39269908169872414,0.0013372873,34999.999998143314,0.023495644771868458,0.00064673326165944924,16
16,0.39269908169872414,0.0013372873,35099.999998163687,0.024257270766991905,0.00064779892491546843,16
16,0.39269908169872414,0.0013372873,35199.999998184059,0.023918175052276926,0.00070755940317392227,16
16,0.39269908169872414,0.0013372873,35299.999998204432,0.024170220434539882,0.00099692564669773991,16
16,0.39269908169872414,0.0013372873,35399.999998224805,0.025601990565166342,0.00074341310365330399,16
16,0.39269908169872414,0.0013372873,35499.999998245177,0.02396120075531134,0.00083549035672686543,16
16,0.39269908169872414,0.0013372873,35599.99999826555,0.024694800339923689,0.00080894183988650082,16
16,0.39269908169872414,0.0013372873,35699.999998285923,0.025280846609386478,0.00065996746378769642,16
16,0.39269908169872414,0.0013372873,35799.999998306295,0.025152129491838111,0.0007389511223045164,16
16,0.39269908169872414,0.0013372873,35899.999998326668,0.024556401072424603,0.00063635258497250096,16
16,0.39269908169872414,0.0013372873,35999.999998347041,0.023975026732920131,0.00092408062638070715,16
16,0.39269908169872414,0.0013372873,36099.999998367413,0.024331989248291438,0.0007826350908620805,16
16,0.39269908169872414,0.0013372873,36199.999998387786,0.024320766371511669,0.00069509951142492879,16
16,0.39269908169872414,0.0013372873,36299.999998408159,0.026384238267713672,0.00063329053490286951,16
16,0.39269908169872414,0.0013372873,36399.999998428531,0.024225729266885813,0.00064972130290424262,16
16,0.39269908169872414,0.0013372873,36499.999998448904,0.024582656597310116,0.00062006701074866202,16
16,0.39269908169872414,0.0013372873,36599.999998469277,0.024383102963603541,0.00072942036274050337,16
16,0.39269908169872414,0.0013372873,36699.999998489649,0.024380932134914379,0.000771044938694029,16
16,0.39269908169872414,0.0013372873,36799.999998510022,0.024660941363423498,0.00079163124882636695,16
16,0.39269908169872414,0.0013372873,36899.999998530395,0.024326540101485529,0.00079276611474208647,16
16,0.39269908169872414,0.0013372873,36999.999998550767,0.023512454072414903,0.00077548346361568272,16
16,0.39269908169872414,0.0013372873,37099.99999857114,0.024515086513120003,0.00070962708196445736,16
16,0.39269908169872414,0.0013372873,37199.999998591513,0.024577544452439797,0.00067948592670303372,16
16,0.39269908169872414,0.0013372873,37299.999998611886,0.024306150068742243,0.00075059929542288734,16
16,0.39269908169872414,0.0013372873,37399.999998632258,0.02507489212561859,0.00064196657559234701,16
16,0.39269908169872414,0.0013372873,37499.999998652631,0.023801903735637175,0.00061063984731862309,16
16,0.39269908169872414,0.0013372873,37599.999998673004,0.024798926076404364,0.0006953960537806667,16
16,0.39269908169872414,0.0013372873,37699.999998693376,0.023848059111163548,0.00079624366417803719,16
16,0.39269908169872414,0.0013372873,37799.999998713749,0.024197769499066664,0.00056471814580654183,16
16,0.39269908169872414,0.0013372873,37899.999998734122,0.024023582692521243,0.00080575935600333529,16
16,0.39269908169872414,0.0013372873,37999.999998754494,0.024962720782477184,0.00058722811525102918,16
16,0.39269908169872414,0.0013372873,38099.999998774867,0.025081579362631473,0.00077738711251591937,16
16,0.39269908169872414,0.0013372873,38199.99999879524,0.02453244761255944,0.00068988460150674977,16
16,0.39269908169872414,0.0013372873,38299.999998815612,0.024886091153265129,0.00087921044597439582,16
16,0.39269908169872414,0.0013372873,38399.999998835985,0.024786024801938776,0.00069175497369287323,16
16,0.39269908169872414,0.0013372873,38499.999998856358,0.024328202269701921,0.00063241311137996175,16
16,0.39269908169872414,0.0013372873,38599.99999887673,0.024081731144743223,0.00079507674271708404,16
16,0.39269908169872414,0.0013372873,38699.999998897103,0.024604683367511742,0.0007791165837238356,16
16,0.39269908169872414,0.0013372873,38799.999998917476,0.024067875690787242,0.00065544747482676187,16
16,0.39269908169872414,0.0013372873,38899.999998937848,0.025696877774273461,0.00058423198125536803,16
16,0.39269908169872414,0.0013372873,38999.999998958221,0.024462684607014073,0.0009683326026454081,16
16,0.39269908169872414,0.0013372873,39099.999998978594,0.024362754483977532,0.0007128639171423151,16
16,0.39269908169872414,0.0013372873,39199.999998998966,0.025108558822690464,0.00097504202274063291,16
16,0.39269908169872414,0.0013372873,39299.999999019339,0.025730082236298312,0.000511614622324113,16
16,0.39269908169872414,0.0013372873,39399.999999039712,0.02387719455047909,0.00062135563760721462,16
16,0.39269908169872414,0.0013372873,39499.999999060085,0.024108454214470963,0.00065539564547310337,16
16,0.39269908169872414,0.0013372873,39599.999999080457,0.023127139033903971,0.00074488889704897338,16
16,0.39269908169872414,0.0013372873,39699.99999910083,0.02331976009892265,0.00068014842739384665,16
16,0.39269908169872414,0.0013372873,39799.999999121203,0.023948528028412321,0.00087268503018469892,16
16,0.39269908169872414,0.0013372873,39899.999999141575,0.024728409655335248,0.00093793781507441889,16
16,0.39269908169872414,0.0013372873,39999.999999161948,0.026134417457269077,0.00072005751698222252,16
16,0.39269908169872414,0.0013372873,40099.999999182321,0.025174851476885932,0.00059515827548572054,16
16,0.39269908169872414,0.0013372873,40199.999999202693,0.024618255942209167,0.00074457579812422603,16
16,0.39269908169872414,0.0013372873,40299.999999223066,0.02453037174321367,0.00058433156881764359,16
16,0.39269908169872414,0.0013372873,40399.999999243439,0.024575320791318144,0.00063343909476781769,16
16,0.39269908169872414,0.0013372873,40499.999999263811,0.024451252342100088,0.00079622828167397598,16
16,0.39269908169872414,0.0013372873,40599.999999284184,0.025850237224506148,0.00075376732006120835,16
16,0.39269908169872414,0.0013372873,40699.999999304557,0.024272544581157032,0.00069156257609048906,16
16,0.39269908169872414,0.0013372873,40799.999999324929,0.024363180680836208,0.00071997124227598445,16
16,0.39269908169872414,0.0013372873,40899.999999345302,0.024837995992302353,0.00068714351650655972,16
16,0.39269908169872414,0.0013372873,40999.999999365675,0.024059006867655261,0.00089952241827750924,16
16,0.39269908169872414,0.0013372873,41099.999999386047,0.02461009745321318,0.00083638799498971861,16
16,0.39269908169872414,0.0013372873,41199.99999940642,0.024547834387941943,0.00075460625903229616,16
16,0.39269908169872414,0.0013372873,41299.999999426793,0.024404867155870952,0.00066547165559965589,16
16,0.39269908169872414,0.0013372873,41399.999999447165,0.024802518339618589,0.00078024822424630608,16
16,0.39269908169872414,0.0013372873,41499.999999467538,0.025843396244354094,0.001054092602971923,16
16,0.39269908169872414,0.0013372873,41599.999999487911,0.024539228390464799,0.00073900431006710787,16
16,0.39269908169872414,0.0013372873,41699.999999508284,0.024372646551322596,0.0006949658988862163,16
16,0.39269908169872414,0.0013372873,41799.999999528656,0.025079864696959907,0.0007042272537082445,16
16,0.39269908169872414,0.0013372873,41899.999999549029,0.025145926298816828,0.00060716606222894782,16
16,0.39269908169872414,0.0013372873,41999.999999569402,0.024371348275871962,0.00073415934041948835,16
16,0.39269908169872414,0.0013372873,42099.999999589774,0.025335858695974718,0.00082782620506345595,16
16,0.39269908169872414,0.0013372873,42199.999999610147,0.024639749731238152,0.00085655877423822008,16
16,0.39269908169872414,0.0013372873,42299.99999963052,0.024082223293145633,0.00077452186625256612,16
16,0.39269908169872414,0.0013372873,42399.999999650892,0.023880166194942713,0.0006433172947118088,16
16,0.39269908169872414,0.0013372873,42499.999999671265,0.025501712338932961,0.000599376461138916,16
16,0.39269908169872414,0.0013372873,42599.999999691638,0.024370556112216005,0.00049964587785895236,16
16,0.39269908169872414,0.0013372873,42699.99999971201,0.02502194141214082,0.00087931492170694662,16
16,0.39269908169872414,0.0013372873,42799.999999732383,0.025141322083395191,0.00088109289962788996,16
16,0.39269908169872414,0.0013372873,42899.999999752756,0.02507367575423608,0.00060601605959125025,16
16,0.39269908169872414,0.0013372873,42999.999999773128,0.025425431893670788,0.00052423916204637504,16
16,0.39269908169872414,0.0013372873,43099.999999793501,0.023230004941363631,0.00087645457714036711,16
16,0.39269908169872414,0.0013372873,43199.999999813874,0.025744601637154724,0.00058358546614580866,16
16,0.39269908169872414,0.0013372873,43299.999999834246,0.024962819207533304,0.00082717577395314905,16
16,0.39269908169872414,0.0013372873,43399.999999854619,0.023436547421753669,0.00062200936998711427,16
16,0.39269908169872414,0.0013372873,43499.999999874992,0.024910783459482753,0.0010832600049140498,16
16,0.39269908169872414,0.0013372873,43599.999999895364,0.024276941984769283,0.0007961329218854321,16
16,0.39269908169872414,0.0013372873,43699.999999915737,0.024388364721838991,0.00046020770822935284,16
16,0.39269908169872414,0.0013372873,43799.99999993611,0.025066900410286346,0.00067332071460274605,16
16,0.39269908169872414,0.0013372873,43899.999999956482,0.02316269706398574,0.00074885422895132705,16
16,0.39269908169872414,0.0013372873,43999.999999976855,0.024723309371271755,0.0008197496536077539,16
16,0.39269908169872414,0.0013372873,44099.999999997228,0.025178302559318275,0.00068477666441764168,16
16,0.39269908169872414,0.0013372873,44200.000000017601,0.025309324039833301,0.0006050989916065319,16
16,0.39269908169872414,0.0013372873,44300.000000037973,0.024581311017496853,0.00082545341252750833,16
16,0.39269908169872414,0.0013372873,44400.000000058346,0.024586975441478087,0.00056808266920275324,16
16,0.39269908169872414,0.0013372873,44500.000000078719,0.023829739266986873,0.00082622976757972693,16
16,0.39269908169872414,0.0013372873,44600.000000099091,0.02398692079930341,0.0006937546801261199,16
16,0.39269908169872414,0.0013372873,44700.000000119464,0.022874236809065016,0.00064892428712298234,16
16,0.39269908169872414,0.0013372873,44800.000000139837,0.024419285641807734,0.00065048624200277159,16
16,0.39269908169872414,0.0013372873,44900.000000160209,0.02417789760678837,0.00084130525724294741,16
16,0.39269908169872414,0.0013372873,45000.000000180582,0.024577168828371819,0.00072070841157324166,16
16,0.39269908169872414,0.0013372873,45100.000000200955,0.024428142351481837,0.0012292872168819294,16
16,0.39269908169872414,0.0013372873,45200.000000221327,0.023691312917379349,0.00073784128196117081,16
16,0.39269908169872414,0.0013372873,45300.0000002417,0.023853410750998328,0.0009552550883140308,16
16,0.39269908169872414,0.0013372873,45400.000000262073,0.024253082167176487,0.00094758659148657211,16
16,0.39269908169872414,0.0013372873,45500.000000282445,0.024207263245196609,0.00088920105715987357,16
16,0.39269908169872414,0.0013372873,45600.000000302818,0.024647516803419312,0.00065258668444817286,16
16,0.39269908169872414,0.0013372873,45700.000000323191,0.024184341555442572,0.0007454971981048264,16
16,0.39269908169872414,0.0013372873,45800.000000343563,0.025268031472288267,0.00064313412189805422,16
16,0.39269908169872414,0.0013372873,45900.000000363936,0.023802818817540022,0.0005665261336737816,16
16,0.39269908169872414,0.0013372873,46000.000000384309,0.02465610430543896,0.00080436865695936524,16
16,0.39269908169872414,0.0013372873,46100.000000404681,0.024147856354535337,0.00085537248348514273,16
16,0.39269908169872414,0.0013372873,46200.000000425054,0.024472642964328911,0.00095132973921564236,16
16,0.39269908169872414,0.0013372873,46300.000000445427,0.025825529967045437,0.00064948425867812924,16
16,0.39269908169872414,0.0013372873,46400.0000004658,0.025182636993140935,0.00076384921465881615,16
16,0.39269908169872414,0.0013372873,46500.000000486172,0.02352835934416736,0.00089517602051151536,16
16,0.39269908169872414,0.0013372873,46600.000000506545,0.024977815836401681,0.00091672690816740118,16
16,0.39269908169872414,0.0013372873,46700.000000526918,0.024689559729927882,0.00079625213676299449,16
16,0.39269908169872414,0.0013372873,46800.00000054729,0.023658811560988435,0.00079742159248954883,16
16,0.39269908169872414,0.0013372873,46900.000000567663,0.024619540394759463,0.00082191862578319364,16
16,0.39269908169872414,0.0013372873,47000.000000588036,0.023721185763992684,0.00079359512988494071,16
16,0.39269908169872414,0.0013372873,47100.000000608408,0.023882699503012677,0.00068430855937896677,16
16,0.39269908169872414,0.0013372873,47200.000000628781,0.023724767156055267,0.00098739714748404721,16
16,0.39269908169872414,0.0013372873,47300.000000649154,0.02503217214998521,0.00057176989293174988,16
16,0.39269908169872414,0.0013372873,47400.000000669526,0.02433875999465579,0.00093662654614081419,16
16,0.39269908169872414,0.0013372873,47500.000000689899,0.024212650109410962,0.00071842727030507335,16
16,0.39269908169872414,0.0013372873,47600.000000710272,0.024067612483961082,0.00064717819552313858,16
16,0.39269908169872414,0.0013372873,47700.000000730644,0.024468010954120219,0.00055693441337564798,16
16,0.39269908169872414,0.0013372873,47800.000000751017,0.026161082787468391,0.00079756977111821565,16
16,0.39269908169872414,0.0013372873,47900.00000077139,0.023062478044289108,0.00079964922129367331,16
16,0.39269908169872414,0.0013372873,48000.000000791762,0.023774589303174134,0.0007914368247893969,16
16,0.39269908169872414,0.0013372873,48100.000000812135,0.024476659148315195,0.00075179108913452954,16
16,0.39269908169872414,0.0013372873,48200.000000832508,0.02372128587474703,0.00084767456389584937,16
16,0.39269908169872414,0.0013372873,48300.00000085288,0.023966902109130741,0.00062433894853203145,16
16,0.39269908169872414,0.0013372873,48400.000000873253,0.024673115643847415,0.0009253828377200771,16
16,0.39269908169872414,0.0013372873,48500.000000893626,0.025823078336384378,0.00073956277841458727,16
16,0.39269908169872414,0.0013372873,48600.000000913999,0.025150630532300804,0.00053727081605991524,16
16,0.39269908169872414,0.0013372873,48700.000000934371,0.024380114318130468,0.00064832700204661687,16
16,0.39269908169872414,0.0013372873,48800.000000954744,0.025487766795663419,0.00067985863951102376,16
16,0.39269908169872414,0.0013372873,48900.000000975117,0.024947657441742734,0.00074511929411674792,16
16,0.39269908169872414,0.0013372873,49000.000000995489,0.024792611840695814,0.00096228648757659349,16
16,0.39269908169872414,0.0013372873,49100.000001015862,0.024244269647656937,0.00088190823832835655,16
16,0.39269908169872414,0.0013372873,49200.000001036235,0.025040182555886605,0.0006972303720998188,16
16,0.39269908169872414,0.0013372873,49300.000001056607,0.025952591496329308,0.0006910839204225162,16
16,0.39269908169872414,0.0013372873,49400.00000107698,0.024661800352776948,0.00076442565528130003,16
16,0.39269908169872414,0.0013372873,49500.000001097353,0.023339040490504875,0.00083174527967937563,16
16,0.39269908169872414,0.0013372873,49600.000001117725,0.024422401165613741,0.00075062634886684915,16
16,0.39269908169872414,0.0013372873,49700.000001138098,0.024494700584335907,0.00061584951439414644,16
16,0.39269908169872414,0.0013372873,49800.000001158471,0.024552740254008061,0.00089821365938609393,16
16,0.39269908169872414,0.0013372873,49900.000001178843,0.023233693267230612,0.00057262071726183893,16
16,0.39269908169872414,0.0013372873,50000.000001199216,0.023840496367843741,0.0008767673550797966,16
20,0.49087385212340517,0.0020109385,100.00000000001425,0.023187392809750847,0.00056999351658581447,16
20,0.49087385212340517,0.0020109385,199.99999999996308,0.024682902199570502,0.00041787358745467407,16
20,0.49087385212340517,0.0020109385,299.99999999987216,0.023726191054478589,0.00052545127542277456,16
20,0.49087385212340517,0.0020109385,399.99999999978121,0.024700539791250364,0.00069950940739610412,16
20,0.49087385212340517,0.0020109385,499.99999999969026,0.025673899701733439,0.0007192479040455794,16
20,0.49087385212340517,0.0020109385,599.99999999959937,0.024789226899098345,0.00078607142105201829,16
20,0.49087385212340517,0.0020109385,699.99999999950842,0.025098946100546006,0.00055898301729962049,16
20,0.49087385212340517,0.0020109385,799.99999999941747,0.025007809235930337,0.00068504220356331526,16
20,0.49087385212340517,0.0020109385,899.99999999932652,0.02503228632262635,0.00051254615507534808,16
20,0.49087385212340517,0.0020109385,999.99999999923557,0.025180578988073847,0.00067270921009119082,16
20,0.49087385212340517,0.0020109385,1099.9999999991446,0.025045552420971753,0.00073687487684432143,16
20,0.49087385212340517,0.0020109385,1199.9999999990537,0.025249529153347071,0.0005398403184272868,16
20,0.49087385212340517,0.0020109385,1299.9999999989627,0.024906357104938326,0.00066373177571679297,16
20,0.49087385212340517,0.0020109385,1399.9999999988718,0.026429416463994316,0.00060292582940473926,16
20,0.49087385212340517,0.0020109385,1499.9999999987808,0.025194716411756073,0.00067396167533254829,16
20,0.49087385212340517,0.0020109385,1599.9999999986899,0.024249713444319598,0.00049984060716540182,16
20,0.49087385212340517,0.0020109385,1699.9999999985989,0.024367271765608999,0.00050138271375130522,16
20,0.49087385212340517,0.0020109385,1799.999999998508,0.024303213336932028,0.00048724988745506065,16
20,0.49087385212340517,0.0020109385,1899.999999998417,0.024859710959790584,0.00061578046360635374,16
20,0.49087385212340517,0.0020109385,1999.9999999983261,0.024275783013555208,0.00059392834586660637,16
20,0.49087385212340517,0.0020109385,2099.9999999994175,0.025267289946247346,0.00052418113987909331,16
20,0.49087385212340517,0.0020109385,2200.0000000016003,0.02474537438153375,0.00063801677231261386,16
20,0.49087385212340517,0.0020109385,2300.000000003783,0.024002355131419836,0.00046724612451903293,16
20,0.49087385212340517,0.0020109385,2400.0000000059658,0.024199021324544351,0.0004800763292375275,16
20,0.49087385212340517,0.0020109385,2500.0000000081486,0.02453684627769263,0.0005850685993059355,16
20,0.49087385212340517,0.0020109385,2600.0000000103314,0.024415349143638538,0.00058413004176032499,16
20,0.49087385212340517,0.0020109385,2700.0000000125142,0.024951913535196754,0.00063981888856381856,16
20,0.49087385212340517,0.0020109385,2800.000000014697,0.024959862119074173,0.0005090424043710176,16
20,0.49087385212340517,0.0020109385,2900.0000000168798,0.025244911646155381,0.00059624632741810026,16
20,0.49087385212340517,0.0020109385,3000.0000000190626,0.023807876107981494,0.00065908758478611682,16
20,0.49087385212340517,0.0020109385,3100.0000000212453,0.024669548918197559,0.0007477124589183934,16
20,0.49087385212340517,0.0020109385,3200.0000000234281,0.024457133587153956,0.00046516588631530432,16
20,0.49087385212340517,0.0020109385,3300.0000000256109,0.024846392538508066,0.00048992478737938942,16
20,0.49087385212340517,0.0020109385,3400.0000000277937,0.025501060540692507,0.0006256840519688196,16
20,0.49087385212340517,0.0020109385,3500.0000000299765,0.024551870223632609,0.00055655920629045226,16
20,0.49087385212340517,0.0020109385,3600.0000000321593,0.024882467065044944,0.00071628610527332923,16
20,0.49087385212340517,0.0020109385,3700.0000000343421,0.024980985667875398,0.00078721743170499401,16
20,0.49087385212340517,0.0020109385,3800.0000000365249,0.024173534062136751,0.0005936885695963333,16
20,0.49087385212340517,0.0020109385,3900.0000000387076,0.024563575304101106,0.00053406352517640528,16
20,0.49087385212340517,0.0020109385,4000.0000000408904,0.024552355608673901,0.00051614582758022047,16
20,0.49087385212340517,0.0020109385,4100.0000000430728,0.025226016911321245,0.00066864801328670679,16
20,0.49087385212340517,0.0020109385,4200.0000000452555,0.024741228808462315,0.00047411728243641191,16
20,0.49087385212340517,0.0020109385,4300.0000000474383,0.025158992939495389,0.00080601747025831809,16
20,0.49087385212340517,0.0020109385,4400.0000000496211,0.025090323250562509,0.00063062355606412278,16
20,0.49087385212340517,0.0020109385,4500.0000000518039,0.025395057284917717,0.0006427806872194694,16
20,0.49087385212340517,0.0020109385,4600.0000000539867,0.024358955061550874,0.00066700259711199557,16
20,0.49087385212340517,0.0020109385,4700.0000000561695,0.024400758973462913,0.00061562071698528624,16
20,0.49087385212340517,0.0020109385,4800.0000000583523,0.025667402712943804,0.000759503532717035,16
20,0.49087385212340517,0.0020109385,4900.0000000605351,0.02360973952132233,0.00091325019722832579,16
20,0.49087385212340517,0.0020109385,5000.0000000627178,0.024238185744536601,0.00078922985605999602,16
20,0.49087385212340517,0.0020109385,5100.0000000649006,0.02514358149122874,0.0009307034397643037,16
20,0.49087385212340517,0.0020109385,5200.0000000670834,0.023411366688584893,0.00066887426908363902,16
20,0.49087385212340517,0.0020109385,5300.0000000692662,0.025287663035095241,0.00066718941796739713,16
20,0.49087385212340517,0.0020109385,5400.000000071449,0.024941709536251279,0.00064155799396343701,16
20,0.49087385212340517,0.0020109385,5500.0000000736318,0.024902432031970338,0.00072314863322515152,16
20,0.49087385212340517,0.0020109385,5600.0000000758146,0.025605729905178738,0.000676807929670856,16
20,0.49087385212340517,0.0020109385,5700.0000000779974,0.025557145958837745,0.00044861554355906389,16
20,0.49087385212340517,0.0020109385,5800.0000000801801,0.025152908516309358,0.00059294585966069614,16
20,0.49087385212340517,0.0020109385,5900.0000000823629,0.024660988448146324,0.00050042230839773914,16
20,0.49087385212340517,0.0020109385,6000.0000000845457,0.025385990051003476,0.00077677942896249043,16
20,0.49087385212340517,0.0020109385,6100.0000000867285,0.025517219811945342,0.00054949457200795064,16
20,0.49087385212340517,0.0020109385,6200.0000000889113,0.024710623305736916,0.00066424368466146382,16
20,0.49087385212340517,0.0020109385,6300.0000000910941,0.023195826121572016,0.00044632010109314405,16
20,0.49087385212340517,0.0020109385,6400.0000000932769,0.024655240161317277,0.0007547058455570321,16
20,0.49087385212340517,0.0020109385,6500.0000000954597,0.024686955220451685,0.00079289457821710803,16
20,0.49087385212340517,0.0020109385,6600.0000000976424,0.024611146090012432,0.00073085608852511475,16
20,0.49087385212340517,0.0020109385,6700.0000000998252,0.024077084789473027,0.00065976043468017219,16
20,0.49087385212340517,0.0020109385,6800.000000102008,0.02553022183516505,0.00060564828823655807,16
20,0.49087385212340517,0.0020109385,6900.0000001041908,0.024859454598161367,0.00066128560453136795,16
20,0.49087385212340517,0.0020109385,7000.0000001063736,0.024398594830107916,0.00062374131247919392,16
20,0.49087385212340517,0.0020109385,7100.0000001085564,0.024547924948471252,0.00069150541630818229,16
20,0.49087385212340517,0.0020109385,7200.0000001107392,0.025153100311070004,0.00068195107401170267,16
20,0.49087385212340517,0.0020109385,7300.000000112922,0.024432487462235572,0.00069218327095343967,16
20,0.49087385212340517,0.0020109385,7400.0000001151047,0.024466606308105033,0.00063349366286580343,16
20,0.49087385212340517,0.0020109385,7500.0000001172875,0.024597277889726658,0.00077560011822926176,16
20,0.49087385212340517,0.0020109385,7600.0000001194703,0.024443877695758683,0.00060046149334405728,16
20,0.49087385212340517,0.0020109385,7700.0000001216531,0.025864442984253208,0.00079150482690341451,16
20,0.49087385212340517,0.0020109385,7800.0000001238359,0.024872151639476106,0.00064192983666493087,16
20,0.49087385212340517,0.0020109385,7900.0000001260187,0.024320165389481844,0.00080593489800610384,16
20,0.49087385212340517,0.0020109385,8000.0000001282015,0.023435415217648501,0.00057265381505462439,16
20,0.49087385212340517,0.0020109385,8100.0000001303843,0.025512535285375022,0.00050423557133448212,16
20,0.49087385212340517,0.0020109385,8200.0000001325661,0.024494247700189736,0.00061399409141841687,16
20,0.49087385212340517,0.0020109385,8300.0000001347489,0.025963238789949539,0.00056693788826059908,16
20,0.49087385212340517,0.0020109385,8400.0000001369317,0.025083715522315357,0.00092770158645507533,16
20,0.49087385212340517,0.0020109385,8500.0000001391145,0.024794944496763578,0.00076129768493787549,16
20,0.49087385212340517,0.0020109385,8600.0000001412973,0.024763270979968884,0.00059723640171617423,16
20,0.49087385212340517,0.0020109385,8700.0000001434801,0.024456773435509269,0.00058862901567750955,16
20,0.49087385212340517,0.0020109385,8800.0000001456629,0.026339853694144877,0.00065670983607836236,16
20,0.49087385212340517,0.0020109385,8900.0000001478456,0.024554718263308593,0.00054779252369448151,16
20,0.49087385212340517,0.0020109385,9000.0000001500284,0.024603964921469865,0.00058390445844698122,16
20,0.49087385212340517,0.0020109385,9100.0000001522112,0.024668120226727579,0.00087364627051230749,16
20,0.49087385212340517,0.0020109385,9200.000000154394,0.024070337184735859,0.00057970715176025069,16
20,0.49087385212340517,0.0020109385,9300.0000001565768,0.0241760469537581,0.0008681377864236192,16
20,0.49087385212340517,0.0020109385,9400.0000001587596,0.02435005617974868,0.00040976274570275132,16
20,0.49087385212340517,0.0020109385,9500.0000001609424,0.024867036200748725,0.00049676179690693494,16
20,0.49087385212340517,0.0020109385,9600.0000001631252,0.024703103546560398,0.00072139479715776383,16
20,0.49087385212340517,0.0020109385,9700.0000001653079,0.023771359387954771,0.00050931287745817789,16
20,0.49087385212340517,0.0020109385,9800.0000001674907,0.024982776405519807,0.00025623197176837637,16
20,0.49087385212340517,0.0020109385,9900.0000001696735,0.024660256297788574,0.00079364895951155754,16
20,0.49087385212340517,0.0020109385,10000.000000171856,0.025079643705696156,0.00075240899037914706,16
20,0.49087385212340517,0.0020109385,10100.000000174039,0.024432703096255552,0.00059586510948805578,16
20,0.49087385212340517,0.0020109385,10200.000000176222,0.023536111193221475,0.00053422121159932203,16
20,0.49087385212340517,0.0020109385,10300.000000178405,0.02475266285614984,0.00082470079073527819,16
20,0.49087385212340517,0.0020109385,10400.000000180587,0.024485272493628432,0.0005588928160439019,16
20,0.49087385212340517,0.0020109385,10500.00000018277,0.024725829901173457,0.00054746794095982161,16
20,0.49087385212340517,0.0020109385,10600.000000184953,0.024828680185510637,0.0006913639984274108,16
20,0.49087385212340517,0.0020109385,10700.000000187136,0.025426101402004873,0.00058419496841599172,16
20,0.49087385212340517,0.0020109385,10800.000000189319,0.023509239578618307,0.00058656647805438997,16
20,0.49087385212340517,0.0020109385,10900.000000191501,0.023598439927850587,0.00038247522481249437,16
20,0.49087385212340517,0.0020109385,11000.000000193684,0.023820865925860982,0.00059448608450132995,16
20,0.49087385212340517,0.0020109385,11100.000000195867,0.025685538458390542,0.00069140700122106991,16
20,0.49087385212340517,0.0020109385,11200.00000019805,0.024735332320286955,0.00078148983482085785,16
20,0.49087385212340517,0.0020109385,11300.000000200233,0.024338330634657138,0.00064023824326574121,16
20,0.49087385212340517,0.0020109385,11400.000000202415,0.023920825074421972,0.00062113808330143121,16
20,0.49087385212340517,0.0020109385,11500.000000204598,0.024434306262153541,0.0005623655467709047,16
20,0.49087385212340517,0.0020109385,11600.000000206781,0.025061794439292004,0.0006730304120513179,16
20,0.49087385212340517,0.0020109385,11700.000000208964,0.024644552940787771,0.00047712550320145361,16
20,0.49087385212340517,0.0020109385,11800.000000211146,0.023369545985145724,0.00059492839664579932,16
20,0.49087385212340517,0.0020109385,11900.000000213329,0.025062817303213736,0.00061451854671974889,16
20,0.49087385212340517,0.0020109385,12000.000000215512,0.025219673287274435,0.00057346918344490343,16
20,0.49087385212340517,0.0020109385,12100.000000217695,0.024356145565885539,0.00060781482800600646,16
20,0.49087385212340517,0.0020109385,12200.000000219878,0.026032129468193554,0.00072370422197921976,16
20,0.49087385212340517,0.0020109385,12300.00000022206,0.025144333111280386,0.00089736682459107178,16
20,0.49087385212340517,0.0020109385,12400.000000224243,0.025345577274895319,0.00059768374686611767,16
20,0.49087385212340517,0.0020109385,12500.000000226426,0.024677415653039332,0.00069746922420389876,16
20,0.49087385212340517,0.0020109385,12600.000000228609,0.025168608646128646,0.00097454496665012901,16
20,0.49087385212340517,0.0020109385,12700.000000230792,0.024726158613800998,0.00069528200388331747,16
20,0.49087385212340517,0.0020109385,12800.000000232974,0.023708396138340956,0.00074250270941926067,16
20,0.49087385212340517,0.0020109385,12900.000000235157,0.025593730845472021,0.00072741069055456357,16
20,0.49087385212340517,0.0020109385,13000.00000023734,0.024765543262456873,0.00079534470044983476,16
20,0.49087385212340517,0.0020109385,13100.000000239523,0.024625355666285032,0.00042960735033413853,16
20,0.49087385212340517,0.0020109385,13200.000000241705,0.025542682225706624,0.0007076296791652222,16
20,0.49087385212340517,0.0020109385,13300.000000243888,0.024850263692947589,0.00071278075534829573,16
20,0.49087385212340517,0.0020109385,13400.000000246071,0.024986552615035906,0.00035639279960388004,16
20,0.49087385212340517,0.0020109385,13500.000000248254,0.02454052660352448,0.00079376563561555453,16
20,0.49087385212340517,0.0020109385,13600.000000250437,0.025002332946296175,0.00076969294049543044,16
20,0.49087385212340517,0.0020109385,13700.000000252619,0.025195371612291163,0.0005446664718561122,16
20,0.49087385212340517,0.0020109385,13800.000000254802,0.025149333578968064,0.00072227311950777884,16
20,0.49087385212340517,0.0020109385,13900.000000256985,0.025679273296843469,0.00054279956360893259,16
20,0.49087385212340517,0.0020109385,14000.000000259168,0.025230310264730316,0.00062904049139012096,16
20,0.49087385212340517,0.0020109385,14100.000000261351,0.025689381099466342,0.00062834326350394985,16
20,0.49087385212340517,0.0020109385,14200.000000263533,0.024408469492429651,0.00076215413528985855,16
20,0.49087385212340517,0.0020109385,14300.000000265716,0.025025143608251508,0.00064701591386587796,16
20,0.49087385212340517,0.0020109385,14400.000000267899,0.024300924397211932,0.0006768109951707941,16
20,0.49087385212340517,0.0020109385,14500.000000270082,0.024794534477750176,0.00070976299395489318,16
20,0.49087385212340517,0.0020109385,14600.000000272265,0.024646956438572343,0.00052995657248997279,16
20,0.49087385212340517,0.0020109385,14700.000000274447,0.025633476353767292,0.00065062182544383014,16
20,0.49087385212340517,0.0020109385,14800.00000027663,0.024991681314253653,0.00057532414414571446,16
20,0.49087385212340517,0.0020109385,14900.000000278813,0.025178312323072338,0.00077851702909783834,16
20,0.49087385212340517,0.0020109385,15000.000000280996,0.025057784750533052,0.00061129810529711676,16
20,0.49087385212340517,0.0020109385,15100.000000283178,0.025868662450931855,0.00065151788029895721,16
20,0.49087385212340517,0.0020109385,15200.000000285361,0.025719156822419393,0.00056714127384465361,16
20,0.49087385212340517,0.0020109385,15300.000000287544,0.024164431930466922,0.00038974668125264154,16
20,0.49087385212340517,0.0020109385,15400.000000289727,0.024935573057430532,0.00075817226651311268,16
20,0.49087385212340517,0.0020109385,15500.00000029191,0.024272468468093757,0.00060446431107767412,16
20,0.49087385212340517,0.0020109385,15600.000000294092,0.025798614774781854,0.00065029352494880928,16
20,0.49087385212340517,0.0020109385,15700.000000296275,0.024211454202784415,0.00042374145398576266,16
20,0.49087385212340517,0.0020109385,15800.000000298458,0.023416009006145502,0.00051634089300505478,16
20,0.49087385212340517,0.0020109385,15900.000000300641,0.023874199828030324,0.0005215847846358209,16
20,0.49087385212340517,0.0020109385,16000.000000302824,0.025596364859912835,0.00059861509307414804,16
20,0.49087385212340517,0.0020109385,16100.000000305006,0.025187406403983571,0.0005845852541275842,16
20,0.49087385212340517,0.0020109385,16200.000000307189,0.024727267256265395,0.00063513131342606715,16
20,0.49087385212340517,0.0020109385,16300.000000309372,0.024541797795450179,0.00047057798814025215,16
20,0.49087385212340517,0.0020109385,16400.000000308642,0.025774224810403142,0.00048119067410747914,16
20,0.49087385212340517,0.0020109385,16500.000000292635,0.024484750403202339,0.00047467074626751627,16
20,0.49087385212340517,0.0020109385,16600.000000276628,0.024712261445981657,0.00047695623439090263,16
20,0.49087385212340517,0.0020109385,16700.000000260621,0.024939432045129564,0.00069937750406643187,16
20,0.49087385212340517,0.0020109385,16800.000000244614,0.025263006133231406,0.00051231990325473762,16
20,0.49087385212340517,0.0020109385,16900.000000228607,0.025218387250831309,0.00097074730622206387,16
20,0.49087385212340517,0.0020109385,17000.0000002126,0.025483452066150152,0.00062514952914943778,16
20,0.49087385212340517,0.0020109385,17100.000000196593,0.024720480764929335,0.00056258494392288146,16
20,0.49087385212340517,0.0020109385,17200.000000180586,0.024523698424223757,0.00055354611350030987,16
20,0.49087385212340517,0.0020109385,17300.000000164579,0.024268886072146164,0.00073139928534021021,16
20,0.49087385212340517,0.0020109385,17400.000000148571,0.025245854385852366,0.00054921716934847856,16
20,0.49087385212340517,0.0020109385,17500.000000132564,0.024116984594671712,0.00074311233390848082,16
20,0.49087385212340517,0.0020109385,17600.000000116557,0.023875552848459932,0.00085027257052601197,16
20,0.49087385212340517,0.0020109385,17700.00000010055,0.024197332292420264,0.0010072536803293474,16
20,0.49087385212340517,0.0020109385,17800.000000084543,0.024384025165984768,0.00039471480570835122,16
20,0.49087385212340517,0.0020109385,17900.000000068536,0.024557796765048115,0.00068733686464498255,16
20,0.49087385212340517,0.0020109385,18000.000000052529,0.025339393597982596,0.00056506783157793069,16
20,0.49087385212340517,0.0020109385,18100.000000036522,0.023671711115496062,0.00085747980113442829,16
20,0.49087385212340517,0.0020109385,18200.000000020515,0.0234069021408649,0.00073746662151970678,16
20,0.49087385212340517,0.0020109385,18300.000000004507,0.024347464682570864,0.00065996247646171117,16
20,0.49087385212340517,0.0020109385,18399.9999999885,0.024581469380147963,0.00053430294682172688,16
20,0.49087385212340517,0.0020109385,18499.999999972493,0.024382605439174972,0.00073204281842421893,16
20,0.49087385212340517,0.0020109385,18599.999999956486,0.025154650689144249,0.00063560427005890634,16
20,0.49087385212340517,0.0020109385,18699.999999940479,0.024773565198833333,0.00062493631027141152,16
20,0.49087385212340517,0.0020109385,18799.999999924472,0.025477660967128828,0.0006494572554667467,16
20,0.49087385212340517,0.0020109385,18899.999999908465,0.025153829289213184,0.00071802596389713004,16
20,0.49087385212340517,0.0020109385,18999.999999892458,0.025176506016069012,0.00067412797631399705,16
20,0.49087385212340517,0.0020109385,19099.999999876451,0.024672727982502297,0.00053014381487785504,16
20,0.49087385212340517,0.0020109385,19199.999999860443,0.024680722781114987,0.0005477542818771153,16
20,0.49087385212340517,0.0020109385,19299.999999844436,0.025173318887920251,0.00060448571211226649,16
20,0.49087385212340517,0.0020109385,19399.999999828429,0.023761898493116149,0.00079363560170643739,16
20,0.49087385212340517,0.0020109385,19499.999999812422,0.025168464794342541,0.000760743996175535,16
20,0.49087385212340517,0.0020109385,19599.999999796415,0.024759706377809446,0.00066912514337986344,16
20,0.49087385212340517,0.0020109385,19699.999999780408,0.024571497628675637,0.00053619427744205602,16
20,0.49087385212340517,0.0020109385,19799.999999764401,0.025385085145679102,0.00073138123101855555,16
20,0.49087385212340517,0.0020109385,19899.999999748394,0.023889643798553861,0.0007498255688347642,16
20,0.49087385212340517,0.0020109385,19999.999999732387,0.024640432421814525,0.00062120673264074615,16
20,0.49087385212340517,0.0020109385,20099.99999971638,0.024500112149346484,0.00060248845232680598,16
20,0.49087385212340517,0.0020109385,20199.999999700372,0.024395391223340539,0.00051049389127361545,16
20,0.49087385212340517,0.0020109385,20299.999999684365,0.024428378804524448,0.00042396247575937065,16
20,0.49087385212340517,0.0020109385,20399.999999668358,0.024655717343536884,0.00056135200166233692,16
20,0.49087385212340517,0.0020109385,20499.999999652351,0.024040083879800792,0.00079765606201250548,16
20,0.49087385212340517,0.0020109385,20599.999999636344,0.024620229244668491,0.00049860485940319752,16
20,0.49087385212340517,0.0020109385,20699.999999620337,0.024947237592822948,0.00057449565031775294,16
20,0.49087385212340517,0.0020109385,20799.99999960433,0.024794287637576472,0.00056115516049551155,16
20,0.49087385212340517,0.0020109385,20899.999999588323,0.024664556060172638,0.00057332663094127013,16
20,0.49087385212340517,0.0020109385,20999.999999572316,0.024375676193863594,0.00058356847368768968,16
20,0.49087385212340517,0.0020109385,21099.999999556308,0.023807536345677435,0.00092763945327441514,16
20,0.49087385212340517,0.0020109385,21199.999999540301,0.025400715608778782,0.00040910185149181747,16
20,0.49087385212340517,0.0020109385,21299.999999524294,0.024245938409613019,0.0004672955129123646,16
20,0.49087385212340517,0.0020109385,21399.999999508287,0.02525271032021666,0.00060103343312145846,16
20,0.49087385212340517,0.0020109385,21499.99999949228,0.02414090006116467,0.00061361615558335153,16
20,0.49087385212340517,0.0020109385,21599.999999476273,0.025333349659963044,0.00061284133904633607,16
20,0.49087385212340517,0.0020109385,21699.999999460266,0.025080829637533938,0.00068864246643675245,16
20,0.49087385212340517,0.0020109385,21799.999999444259,0.023877247796418016,0.00045144307237938362,16
20,0.49087385212340517,0.0020109385,21899.999999428252,0.024564512211881728,0.00038101825277201865,16
20,0.49087385212340517,0.0020109385,21999.999999412245,0.023892110847300519,0.0006454890594897732,16
20,0.49087385212340517,0.0020109385,22099.999999396237,0.024812020010974371,0.00068340617894025216,16
20,0.49087385212340517,0.0020109385,22199.99999938023,0.025405776281207607,0.00052689031456462003,16
20,0.49087385212340517,0.0020109385,22299.999999364223,0.024156872703419562,0.00073290021481940996,16
20,0.49087385212340517,0.0020109385,22399.999999348216,0.025132360629068359,0.00070678597636302399,16
20,0.49087385212340517,0.0020109385,22499.999999332209,0.024186022742327725,0.00050464305157291492,16
20,0.49087385212340517,0.0020109385,22599.999999316202,0.024907444642675063,0.00065349725367698194,16
20,0.49087385212340517,0.0020109385,22699.999999300195,0.024844996093139504,0.00067909084658620417,16
20,0.49087385212340517,0.0020109385,22799.999999284188,0.024820077208151506,0.00070620282919506012,16
20,0.49087385212340517,0.0020109385,22899.999999268181,0.02421653108584805,0.00069945428602242999,16
20,0.49087385212340517,0.0020109385,22999.999999252173,0.02298755595168768,0.00049264881442658253,16
20,0.49087385212340517,0.0020109385,23099.999999236166,0.024177068995048102,0.00067701962567171079,16
20,0.49087385212340517,0.0020109385,23199.999999220159,0.024816379663786279,0.0007395093345676987,16
20,0.49087385212340517,0.0020109385,23299.999999204152,0.024289448726609222,0.00058648879015385112,16
20,0.49087385212340517,0.0020109385,23399.999999188145,0.024398142165301229,0.00052570358383485435,16
20,0.49087385212340517,0.0020109385,23499.999999172138,0.024335106799141623,0.00060353283604948794,16
20,0.49087385212340517,0.0020109385,23599.999999156131,0.024524122600701841,0.00049653283472024241,16
20,0.49087385212340517,0.0020109385,23699.999999140124,0.023900024360761354,0.00056291445893422826,16
20,0.49087385212340517,0.0020109385,23799.999999124117,0.024827474310807639,0.00059185221941047733,16
20,0.49087385212340517,0.0020109385,23899.999999108109,0.025232805808913402,0.00075114670337090639,16
20,0.49087385212340517,0.0020109385,23999.999999092102,0.024516695037757934,0.00064145231670844239,16
20,0.49087385212340517,0.0020109385,24099.999999076095,0.025164215106138171,0.00071377514406579991,16
20,0.49087385212340517,0.0020109385,24199.999999060088,0.024687878182493763,0.00053520240486511347,16
20,0.49087385212340517,0.0020109385,24299.999999044081,0.024091939020265622,0.00057239273277168428,16
20,0.49087385212340517,0.0020109385,24399.999999028074,0.025175726693185099,0.00082593802849448034,16
20,0.49087385212340517,0.0020109385,24499.999999012067,0.024773625991942654,0.000833264812595769,16
20,0.49087385212340517,0.0020109385,24599.99999899606,0.024551487467174355,0.0004225389377762182,16
20,0.49087385212340517,0.0020109385,24699.999998980053,0.02466041036432522,0.00051860332996878815,16
20,0.49087385212340517,0.0020109385,24799.999998964046,0.02506144380518039,0.00064052287195045382,16
20,0.49087385212340517,0.0020109385,24899.999998948038,0.025649903964744442,0.00056110828499179497,16
20,0.49087385212340517,0.0020109385,24999.999998932031,0.023732353644300673,0.00051603340946098795,16
20,0.49087385212340517,0.0020109385,25099.999998916024,0.023911511073744542,0.00053535755064799788,16
20,0.49087385212340517,0.0020109385,25199.999998900017,0.023805556638754371,0.00044543671729013696,16
20,0.49087385212340517,0.0020109385,25299.99999888401,0.02558921984823101,0.00053183556505547749,16
20,0.49087385212340517,0.0020109385,25399.999998868003,0.025356006356706741,0.00072239530804299717,16
20,0.49087385212340517,0.0020109385,25499.999998851996,0.024404558617945601,0.00064123109194085058,16
20,0.49087385212340517,0.0020109385,25599.999998835989,0.023759621210578657,0.00070167113654305004,16
20,0.49087385212340517,0.0020109385,25699.999998819982,0.023507397143695808,0.00078296187456039122,16
20,0.49087385212340517,0.0020109385,25799.999998803974,0.024779962154664565,0.00060061428419100078,16
20,0.49087385212340517,0.0020109385,25899.999998787967,0.023918372240247229,0.00041486503585007025,16
20,0.49087385212340517,0.0020109385,25999.99999877196,0.024305562668054798,0.00065353105223781125,16
20,0.49087385212340517,0.0020109385,26099.999998755953,0.023352823659729623,0.00051332833034534371,16
20,0.49087385212340517,0.0020109385,26199.999998739946,0.025001292077806415,0.00060342689745305795,16
20,0.49087385212340517,0.0020109385,26299.999998723939,0.023278159871446699,0.00067268948844940763,16
20,0.49087385212340517,0.0020109385,26399.999998707932,0.024639845681403136,0.00061800044071976304,16
20,0.49087385212340517,0.0020109385,26499.999998691925,0.024664174382218167,0.00054772940319510767,16
20,0.49087385212340517,0.0020109385,26599.999998675918,0.024688906220607456,0.0006150306058307711,16
20,0.49087385212340517,0.0020109385,26699.99999865991,0.02390588856848342,0.0007379470884100696,16
20,0.49087385212340517,0.0020109385,26799.999998643903,0.025705328923972131,0.00065093424974665775,16
20,0.49087385212340517,0.0020109385,26899.999998627896,0.024015830952130637,0.00084463519125698176,16
20,0.49087385212340517,0.0020109385,26999.999998611889,0.024647205399620863,0.0005502186692048583,16
20,0.49087385212340517,0.0020109385,27099.999998595882,0.023498052793131753,0.00066329685919174343,16
20,0.49087385212340517,0.0020109385,27199.999998579875,0.024868010593001165,0.00076903550071206409,16
20,0.49087385212340517,0.0020109385,27299.999998563868,0.026036314220255541,0.00050992324382261641,16
20,0.49087385212340517,0.0020109385,27399.999998547861,0.023642918631586036,0.00054575553635771441,16
20,0.49087385212340517,0.0020109385,27499.999998531854,0.025591440412173868,0.00060029010302109021,16
20,0.49087385212340517,0.0020109385,27599.999998515847,0.025302415081760631,0.00047561493041040108,16
20,0.49087385212340517,0.0020109385,27699.999998499839,0.025514621237241481,0.00067296406323350531,16
20,0.49087385212340517,0.0020109385,27799.999998483832,0.024651847352183169,0.00046694339920154009,16
20,0.49087385212340517,0.0020109385,27899.999998467825,0.024172823806849739,0.00061589554380093406,16
20,0.49087385212340517,0.0020109385,27999.999998451818,0.023991984780526047,0.00056054782823562841,16
20,0.49087385212340517,0.0020109385,28099.999998435811,0.024264594276582098,0.00057739462037271615,16
20,0.49087385212340517,0.0020109385,28199.999998419804,0.02434455064605319,0.00056828426287009468,16
20,0.49087385212340517,0.0020109385,28299.999998403797,0.023375694386420672,0.00037730551206792586,16
20,0.49087385212340517,0.0020109385,28399.99999838779,0.023580344302815418,0.00044696795698864403,16
20,0.49087385212340517,0.0020109385,28499.999998371783,0.023596612705836257,0.00069649384799772181,16
20,0.49087385212340517,0.0020109385,28599.999998355775,0.023807421659513793,0.00058474054668118398,16
20,0.49087385212340517,0.0020109385,28699.999998339768,0.024416336891333934,0.00065147814313022451,16
20,0.49087385212340517,0.0020109385,28799.999998323761,0.023842370117113831,0.00096051230042129619,16
20,0.49087385212340517,0.0020109385,28899.999998307754,0.023268973002655121,0.00034937771107290905,16
20,0.49087385212340517,0.0020109385,28999.999998291747,0.024571084998272159,0.00048433335935432108,16
20,0.49087385212340517,0.0020109385,29099.99999827574,0.024923409907554466,0.00056654368849723879,16
20,0.49087385212340517,0.0020109385,29199.999998259733,0.025430402169212198,0.00081492537896585846,16
20,0.49087385212340517,0.0020109385,29299.999998243726,0.023988287691010912,0.00080248598477319043,16
20,0.49087385212340517,0.0020109385,29399.999998227719,0.023958134138404134,0.0005843425922474135,16
20,0.49087385212340517,0.0020109385,29499.999998211711,0.02368104391799147,0.00048994813659589153,16
20,0.49087385212340517,0.0020109385,29599.999998195704,0.024510841915951456,0.00064278126787522985,16
20,0.49087385212340517,0.0020109385,29699.999998179697,0.024886239567676334,0.00065727222562007924,16
20,0.49087385212340517,0.0020109385,29799.99999816369,0.024307636608252758,0.00051804183541029618,16
20,0.49087385212340517,0.0020109385,29899.999998147683,0.024846234037583705,0.00076280663747691792,16
20,0.49087385212340517,0.0020109385,29999.999998131676,0.024331073927785642,0.00084947505579415937,16
20,0.49087385212340517,0.0020109385,30099.999998115669,0.024412598970716928,0.00046034525560884,16
20,0.49087385212340517,0.0020109385,30199.999998099662,0.025164388217913558,0.00073801679876622122,16
20,0.49087385212340517,0.0020109385,30299.999998083655,0.025225946724367232,0.00095680614034273932,16
20,0.49087385212340517,0.0020109385,30399.999998067648,0.02464800470468274,0.00070194444621629094,16
20,0.49087385212340517,0.0020109385,30499.99999805164,0.025190030299451195,0.00061712730501201204,16
20,0.49087385212340517,0.0020109385,30599.999998035633,0.023551214284562121,0.00067138949176556272,16
20,0.49087385212340517,0.0020109385,30699.999998019626,0.024663370118139665,0.00071053638031467331,16
20,0.49087385212340517,0.0020109385,30799.999998003619,0.025084844255398298,0.00079383758755846709,16
20,0.49087385212340517,0.0020109385,30899.999997987612,0.0242516745746248,0.00071128516939767815,16
20,0.49087385212340517,0.0020109385,30999.999997971605,0.02471352925414208,0.00067468099939742819,16
20,0.49087385212340517,0.0020109385,31099.999997955598,0.025684247179224524,0.0006357076336940393,16
20,0.49087385212340517,0.0020109385,31199.999997939591,0.024702957880238817,0.00063863690773731364,16
20,0.49087385212340517,0.0020109385,31299.999997923584,0.024814365914904043,0.00053970333000458561,16
20,0.49087385212340517,0.0020109385,31399.999997907576,0.02431120528721166,0.00050780444314632741,16
20,0.49087385212340517,0.0020109385,31499.999997891569,0.024412284294402824,0.00068420046059069182,16
20,0.49087385212340517,0.0020109385,31599.999997875562,0.023668249834743665,0.00065585322198186092,16
20,0.49087385212340517,0.0020109385,31699.999997859555,0.024243344897107281,0.00062854924372120777,16
20,0.49087385212340517,0.0020109385,31799.999997843548,0.024972627133456535,0.00046103635151169519,16
20,0.49087385212340517,0.0020109385,31899.999997827541,0.024006308344441382,0.00060690384008897321,16
20,0.49087385212340517,0.0020109385,31999.999997811534,0.024472369021441554,0.00070745115040815371,16
20,0.49087385212340517,0.0020109385,32099.999997795527,0.024413110258552553,0.00052298397945225832,16
20,0.49087385212340517,0.0020109385,32199.99999777952,0.02501541692555392,0.00048841582697572387,16
20,0.49087385212340517,0.0020109385,32299.999997763513,0.024951503075804349,0.00051040579443290338,16
20,0.49087385212340517,0.0020109385,32399.999997747505,0.023578079696071473,0.0008340024193809548,16
20,0.49087385212340517,0.0020109385,32499.999997731498,0.025251707098710403,0.00068289316061800962,16
20,0.49087385212340517,0.0020109385,32599.999997715491,0.023751727315733898,0.00055325432566741956,16
20,0.49087385212340517,0.0020109385,32699.999997699484,0.024287075552693636,0.00067336991592821126,16
20,0.49087385212340517,0.0020109385,32799.999997695115,0.024457395576328513,0.00068498535745916789,16
20,0.49087385212340517,0.0020109385,32899.999997715488,0.024305237243869068,0.00051322590379297359,16
20,0.49087385212340517,0.0020109385,32999.99999773586,0.024683448723578374,0.00051234600852344465,16
20,0.49087385212340517,0.0020109385,33099.999997756233,0.025215259766115543,0.00036427139347675568,16
20,0.49087385212340517,0.0020109385,33199.999997776606,0.023773437463762686,0.00063517937855295812,16
20,0.49087385212340517,0.0020109385,33299.999997796978,0.023464406817117502,0.00061348418299045327,16
20,0.49087385212340517,0.0020109385,33399.999997817351,0.02422122814149201,0.00054975957008020866,16
20,0.49087385212340517,0.0020109385,33499.999997837724,0.025473963144538089,0.00051282589823753292,16
20,0.49087385212340517,0.0020109385,33599.999997858096,0.023900580505590317,0.00078513864608741675,16
20,0.49087385212340517,0.0020109385,33699.999997878469,0.023918671152926185,0.00053374028494420701,16
20,0.49087385212340517,0.0020109385,33799.999997898842,0.023724044212208542,0.00062316514324288854,16
20,0.49087385212340517,0.0020109385,33899.999997919214,0.023466503138225212,0.00090468065163385326,16
20,0.49087385212340517,0.0020109385,33999.999997939587,0.025059763321249606,0.00087544445841691442,16
20,0.49087385212340517,0.0020109385,34099.99999795996,0.025386059445996447,0.00057369547787537473,16
20,0.49087385212340517,0.0020109385,34199.999997980332,0.02392698941083465,0.00055194712946746952,16
20,0.49087385212340517,0.0020109385,34299.999998000705,0.024836818529253013,0.00059255605196824063,16
20,0.49087385212340517,0.0020109385,34399.999998021078,0.023952133728364251,0.00070883857918890467,16
20,0.49087385212340517,0.0020109385,34499.99999804145,0.024838287115986492,0.00076194396635670891,16
20,0.49087385212340517,0.0020109385,34599.999998061823,0.024433028632543926,0.00061819992286717466,16
20,0.49087385212340517,0.0020109385,34699.999998082196,0.025262528429332028,0.00041392045344562493,16
20,0.49087385212340517,0.0020109385,34799.999998102568,0.023853646188173722,0.0007717169024955248,16
20,0.49087385212340517,0.0020109385,34899.999998122941,0.024069615088299891,0.00057962976977615169,16
20,0.49087385212340517,0.0020109385,34999.999998143314,0.023817003293016885,0.00060934971394333622,16
20,0.49087385212340517,0.0020109385,35099.999998163687,0.025671914420366249,0.00060652479431310725,16
20,0.49087385212340517,0.0020109385,35199.999998184059,0.024238191990042315,0.00070207936838231585,16
20,0.49087385212340517,0.0020109385,35299.999998204432,0.025549942346299825,0.00063912969015027753,16
20,0.49087385212340517,0.0020109385,35399.999998224805,0.024732653895364033,0.00083422424207665402,16
20,0.49087385212340517,0.0020109385,35499.999998245177,0.024554235182671434,0.00057311348913335566,16
20,0.49087385212340517,0.0020109385,35599.99999826555,0.024070428430450548,0.00076603978982720162,16
20,0.49087385212340517,0.0020109385,35699.999998285923,0.023515059593521858,0.00063377637623232043,16
20,0.49087385212340517,0.0020109385,35799.999998306295,0.025246271845652084,0.00055355885595823333,16
20,0.49087385212340517,0.0020109385,35899.999998326668,0.025126895979599686,0.00062132912355533317,16
20,0.49087385212340517,0.0020109385,35999.999998347041,0.024441952221017589,0.00084352500522451974,16
20,0.49087385212340517,0.0020109385,36099.999998367413,0.024515020580744132,0.00078405375152693622,16
20,0.49087385212340517,0.0020109385,36199.999998387786,0.025328318910777151,0.00049766303815412946,16
20,0.49087385212340517,0.0020109385,36299.999998408159,0.024151444144597887,0.00056383975735419477,16
20,0.49087385212340517,0.0020109385,36399.999998428531,0.023599226997800739,0.0006402690130703039,16
20,0.49087385212340517,0.0020109385,36499.999998448904,0.025457587575545136,0.00065022894755809371,16
20,0.49087385212340517,0.0020109385,36599.999998469277,0.024940816771074185,0.00056772690246747191,16
20,0.49087385212340517,0.0020109385,36699.999998489649,0.02540181465873826,0.00069793801358281797,16
20,0.49087385212340517,0.0020109385,36799.999998510022,0.024335421966449933,0.00083922468449807689,16
20,0.49087385212340517,0.0020109385,36899.999998530395,0.024640660271995504,0.00045958498725603302,16
20,0.49087385212340517,0.0020109385,36999.999998550767,0.024606837354595488,0.0005048570670601987,16
20,0.49087385212340517,0.0020109385,37099.99999857114,0.025480992717441604,0.00063830900912833317,16
20,0.49087385212340517,0.0020109385,37199.999998591513,0.024365610429436503,0.00068237876835121152,16
20,0.49087385212340517,0.0020109385,37299.999998611886,0.02450978068188393,0.00061631784108433707,16
20,0.49087385212340517,0.0020109385,37399.999998632258,0.024326271916243779,0.00073414876147219509,16
20,0.49087385212340517,0.0020109385,37499.999998652631,0.024504997168240238,0.00081683753181516596,16
20,0.49087385212340517,0.0020109385,37599.999998673004,0.026092861408160375,0.00058846541897082021,16
20,0.49087385212340517,0.0020109385,37699.999998693376,0.025121741010626461,0.0006154898743362953,16
20,0.49087385212340517,0.0020109385,37799.999998713749,0.024245661748915039,0.00068475366892714877,16
20,0.49087385212340517,0.0020109385,37899.999998734122,0.023841827109640865,0.00080255558376151009,16
20,0.49087385212340517,0.0020109385,37999.999998754494,0.024450268195098213,0.00076947529131653008,16
20,0.49087385212340517,0.0020109385,38099.999998774867,0.024361647456047835,0.00065008866640737682,16
20,0.49087385212340517,0.0020109385,38199.99999879524,0.025794489834114066,0.00073148616596434507,16
20,0.49087385212340517,0.0020109385,38299.999998815612,0.024733867541320655,0.00068928842166654047,16
20,0.49087385212340517,0.0020109385,38399.999998835985,0.023785935556895794,0.00069599737115059535,16
20,0.49087385212340517,0.0020109385,38499.999998856358,0.024190919511705378,0.00063771362869747075,16
20,0.49087385212340517,0.0020109385,38599.99999887673,0.024638648569597209,0.00071538024575729206,16
20,0.49087385212340517,0.0020109385,38699.999998897103,0.025521148493427813,0.00066819552509626216,16
20,0.49087385212340517,0.0020109385,38799.999998917476,0.024629024472250866,0.00063045141498686483,16
20,0.49087385212340517,0.0020109385,38899.999998937848,0.025190132008605724,0.00055555534553748556,16
20,0.49087385212340517,0.0020109385,38999.999998958221,0.025736250971513545,0.00088597019198394212,16
20,0.49087385212340517,0.0020109385,39099.999998978594,0.024601475762002736,0.00052124698498370457,16
20,0.49087385212340517,0.0020109385,39199.999998998966,0.023895379015861706,0.00059252707128127063,16
20,0.49087385212340517,0.0020109385,39299.999999019339,0.024741291268586894,0.00069196574489256907,16
20,0.49087385212340517,0.0020109385,39399.999999039712,0.025426646924649739,0.00051895906441051299,16
20,0.49087385212340517,0.0020109385,39499.999999060085,0.024852853179223904,0.00070459263519544949,16
20,0.49087385212340517,0.0020109385,39599.999999080457,0.024063724876365468,0.00071367440661343126,16
20,0.49087385212340517,0.0020109385,39699.99999910083,0.024955381803194017,0.00064250857332530495,16
20,0.49087385212340517,0.0020109385,39799.999999121203,0.02481780825807324,0.00074470700984936909,16
20,0.49087385212340517,0.0020109385,39899.999999141575,0.024568954925354793,0.00078387424920485548,16
20,0.49087385212340517,0.0020109385,39999.999999161948,0.02453950642111009,0.00068027740390997574,16
20,0.49087385212340517,0.0020109385,40099.999999182321,0.024362311131594882,0.00043759820528135738,16
20,0.49087385212340517,0.0020109385,40199.999999202693,0.024344518667273215,0.00041159837634993315,16
20,0.49087385212340517,0.0020109385,40299.999999223066,0.024768177839909724,0.00063252589476917997,16
20,0.49087385212340517,0.0020109385,40399.999999243439,0.024804366847609081,0.00069169308825446608,16
20,0.49087385212340517,0.0020109385,40499.999999263811,0.02384936498821346,0.00067502803755690457,16
20,0.49087385212340517,0.0020109385,40599.999999284184,0.025439524048795875,0.00054900579404714388,16
20,0.49087385212340517,0.0020109385,40699.999999304557,0.024649128862282967,0.00068166267084826342,16
20,0.49087385212340517,0.0020109385,40799.999999324929,0.024108745707375305,0.00062873765756094242,16
20,0.49087385212340517,0.0020109385,40899.999999345302,0.023464405230426724,0.0006226497195034531,16
20,0.49087385212340517,0.0020109385,40999.999999365675,0.024839437077126995,0.0006553988174944188,16
20,0.49087385212340517,0.0020109385,41099.999999386047,0.024098981522232076,0.00049184110665682174,16
20,0.49087385212340517,0.0020109385,41199.99999940642,0.025299260291656064,0.00064613740180683604,16
20,0.49087385212340517,0.0020109385,41299.999999426793,0.025735631703270923,0.00056313861483768958,16
20,0.49087385212340517,0.0020109385,41399.999999447165,0.023991056258085629,0.00061870836419009197,16
20,0.49087385212340517,0.0020109385,41499.999999467538,0.025176692459027098,0.00049593304111332417,16
20,0.49087385212340517,0.0020109385,41599.999999487911,0.025764274813877209,0.0004953448585136342,16
20,0.49087385212340517,0.0020109385,41699.999999508284,0.024575830395508567,0.0006492378259625052,16
20,0.49087385212340517,0.0020109385,41799.999999528656,0.024216754986117053,0.00057566730121139413,16
20,0.49087385212340517,0.0020109385,41899.999999549029,0.024744971465582497,0.00080603038940557994,16
20,0.49087385212340517,0.0020109385,41999.999999569402,0.024910784972622748,0.00060344591872065433,16
20,0.49087385212340517,0.0020109385,42099.999999589774,0.02391616658199669,0.0005114166763892519,16
20,0.49087385212340517,0.0020109385,42199.999999610147,0.024352971298164956,0.00061359208680365025,16
20,0.49087385212340517,0.0020109385,42299.99999963052,0.024612346730803286,0.00086765126129130325,16
20,0.49087385212340517,0.0020109385,42399.999999650892,0.024250773438167048,0.00062423958767863,16
20,0.49087385212340517,0.0020109385,42499.999999671265,0.025522579510669455,0.00064406702892793157,16
20,0.49087385212340517,0.0020109385,42599.999999691638,0.025411678879490498,0.00067735560738817224,16
20,0.49087385212340517,0.0020109385,42699.99999971201,0.025181953276002936,0.00066465834818623401,16
20,0.49087385212340517,0.0020109385,42799.999999732383,0.025060729540364486,0.00074563789102378238,16
20,0.49087385212340517,0.0020109385,42899.999999752756,0.023160093609938436,0.00058304189155058332,16
20,0.49087385212340517,0.0020109385,42999.999999773128,0.025259103283932639,0.00073748852354453694,16
20,0.49087385212340517,0.0020109385,43099.999999793501,0.025607596537085095,0.0006700138642305386,16
20,0.49087385212340517,0.0020109385,43199.999999813874,0.023703959092377068,0.00064189611367950622,16
20,0.49087385212340517,0.0020109385,43299.999999834246,0.025108886273814291,0.00073054164950338068,16
20,0.49087385212340517,0.0020109385,43399.999999854619,0.02455625525333131,0.00066649435315938315,16
20,0.49087385212340517,0.0020109385,43499.999999874992,0.02491280687764006,0.00075225318251138386,16
20,0.49087385212340517,0.0020109385,43599.999999895364,0.024716128427902776,0.00053728425838188887,16
20,0.49087385212340517,0.0020109385,43699.999999915737,0.024547635824453195,0.00083728584912381651,16
20,0.49087385212340517,0.0020109385,43799.99999993611,0.024370477878198831,0.0006604817724258624,16
20,0.49087385212340517,0.0020109385,43899.999999956482,0.025141248470891636,0.00074642268609804324,16
20,0.49087385212340517,0.0020109385,43999.999999976855,0.02540279822667485,0.00055999097388423553,16
20,0.49087385212340517,0.0020109385,44099.999999997228,0.023868403714208931,0.00055826268986608658,16
20,0.49087385212340517,0.0020109385,44200.000000017601,0.024984865699952341,0.00051166588311197234,16
20,0.49087385212340517,0.0020109385,44300.000000037973,0.02487058002984123,0.00050019746938506767,16
20,0.49087385212340517,0.0020109385,44400.000000058346,0.025997543422687373,0.0006739608560673427,16
20,0.49087385212340517,0.0020109385,44500.000000078719,0.023850431174312015,0.00054873867929813597,16
20,0.49087385212340517,0.0020109385,44600.000000099091,0.024312838099313099,0.00048803406484692008,16
20,0.49087385212340517,0.0020109385,44700.000000119464,0.024813824320189998,0.0005709692751886999,16
20,0.49087385212340517,0.0020109385,44800.000000139837,0.025642240868421956,0.00066720815397055579,16
20,0.49087385212340517,0.0020109385,44900.000000160209,0.023723628800103425,0.00065545215160077203,16
20,0.49087385212340517,0.0020109385,45000.000000180582,0.025172174578785959,0.00083278894770498491,16
20,0.49087385212340517,0.0020109385,45100.000000200955,0.023832432015980953,0.00059010952295097951,16
20,0.49087385212340517,0.0020109385,45200.000000221327,0.025349783469533992,0.00079128756546498116,16
20,0.49087385212340517,0.0020109385,45300.0000002417,0.02549955388533999,0.00066193260356496434,16
20,0.49087385212340517,0.0020109385,45400.000000262073,0.025034921494344674,0.00057766888819297732,16
20,0.49087385212340517,0.0020109385,45500.000000282445,0.024412112649599398,0.00064204969163280854,16
20,0.49087385212340517,0.0020109385,45600.000000302818,0.023804004007428485,0.00060849475532140926,16
20,0.49087385212340517,0.0020109385,45700.000000323191,0.023735181276987531,0.000630336208393659,16
20,0.49087385212340517,0.0020109385,45800.000000343563,0.023900265511253838,0.0006348365757023281,16
20,0.49087385212340517,0.0020109385,45900.000000363936,0.024524390521912038,0.00072671991696727427,16
20,0.49087385212340517,0.0020109385,46000.000000384309,0.024834172777191604,0.00071522765909441839,16
20,0.49087385212340517,0.0020109385,46100.000000404681,0.025457131265094978,0.0007472575213807556,16
20,0.49087385212340517,0.0020109385,46200.000000425054,0.023822157052703827,0.00064146178826340612,16
20,0.49087385212340517,0.0020109385,46300.000000445427,0.024688549510742383,0.00052560066251169707,16
20,0.49087385212340517,0.0020109385,46400.0000004658,0.02516312247447014,0.00071039189809152259,16
20,0.49087385212340517,0.0020109385,46500.000000486172,0.023831411454793644,0.00060288038451234175,16
20,0.49087385212340517,0.0020109385,46600.000000506545,0.024030977426102378,0.00083927420380682882,16
20,0.49087385212340517,0.0020109385,46700.000000526918,0.025041904871627736,0.00065098984434859683,16
20,0.49087385212340517,0.0020109385,46800.00000054729,0.024439913999147619,0.00053640045930948522,16
20,0.49087385212340517,0.0020109385,46900.000000567663,0.025493374181444869,0.00061430221192084594,16
20,0.49087385212340517,0.0020109385,47000.000000588036,0.024565275049304849,0.00040804639548455728,16
20,0.49087385212340517,0.0020109385,47100.000000608408,0.023745237495275386,0.00053853677087735636,16
20,0.49087385212340517,0.0020109385,47200.000000628781,0.024874383688371332,0.00059184826032061323,16
20,0.49087385212340517,0.0020109385,47300.000000649154,0.024542269203818613,0.00075147154073060122,16
20,0.49087385212340517,0.0020109385,47400.000000669526,0.024622198984117091,0.00056597058833118624,16
20,0.49087385212340517,0.0020109385,47500.000000689899,0.023361270396153714,0.00057466328266998713,16
20,0.49087385212340517,0.0020109385,47600.000000710272,0.024187625950740338,0.00086306072127889807,16
20,0.49087385212340517,0.0020109385,47700.000000730644,0.025397586497597557,0.00077125067391320857,16
20,0.49087385212340517,0.0020109385,47800.000000751017,0.02429842748583623,0.00079171080073605997,16
20,0.49087385212340517,0.0020109385,47900.00000077139,0.023605798818537603,0.00054381967250177342,16
20,0.49087385212340517,0.0020109385,48000.000000791762,0.024072732986384324,0.00043834801360958993,16
20,0.49087385212340517,0.0020109385,48100.000000812135,0.025113732369321091,0.00058895856655670216,16
20,0.49087385212340517,0.0020109385,48200.000000832508,0.023961857661389915,0.0006926386662843108,16
20,0.49087385212340517,0.0020109385,48300.00000085288,0.024222396653765431,0.000574148316780418,16
20,0.49087385212340517,0.0020109385,48400.000000873253,0.024903314145842705,0.00072926121537770648,16
20,0.49087385212340517,0.0020109385,48500.000000893626,0.024817008953866189,0.0010303465139592351,16
20,0.49087385212340517,0.0020109385,48600.000000913999,0.024104840813824639,0.00051210838455088652,16
20,0.49087385212340517,0.0020109385,48700.000000934371,0.023724657594768602,0.00065203142788316452,16
20,0.49087385212340517,0.0020109385,48800.000000954744,0.025271234499718603,0.00066663378753961981,16
20,0.49087385212340517,0.0020109385,48900.000000975117,0.024995310544576866,0.0004978841599892279,16
20,0.49087385212340517,0.0020109385,49000.000000995489,0.024113248581446034,0.00034900636994963073,16
20,0.49087385212340517,0.0020109385,49100.000001015862,0.024126971796697906,0.00067765679895437174,16
20,0.49087385212340517,0.0020109385,49200.000001036235,0.02339323954814633,0.00040703126177176239,16
20,0.49087385212340517,0.0020109385,49300.000001056607,0.025799702841685333,0.00050107525326000067,16
20,0.49087385212340517,0.0020109385,49400.00000107698,0.024941548936164907,0.00063779465524656893,16
20,0.49087385212340517,0.0020109385,49500.000001097353,0.02497264807482906,0.00070853168104491587,16
20,0.49087385212340517,0.0020109385,49600.000001117725,0.026068288600407222,0.00040756919250308648,16
20,0.49087385212340517,0.0020109385,49700.000001138098,0.024621890135253174,0.00047564772504478896,16
20,0.49087385212340517,0.0020109385,49800.000001158471,0.02559417955667577,0.00049879615676967702,16
20,0.49087385212340517,0.0020109385,49900.000001178843,0.025952950243501815,0.00051644754569859347,16
20,0.49087385212340517,0.0020109385,50000.000001199216,0.024611886903968202,0.00075499946513116992,16
24,0.58904862254808621,0.0027999133999999999,100.00000000001425,0.02360860084655279,0.00043416334003872574,16
24,0.58904862254808621,0.0027999133999999999,199.99999999996308,0.02558387419276301,0.00049866838791904288,16
24,0.58904862254808621,0.0027999133999999999,299.99999999987216,0.024607289980607107,0.00038183375540738057,16
24,0.58904862254808621,0.0027999133999999999,399.99999999978121,0.0253532355152957,0.00058161440035108122,16
24,0.58904862254808621,0.0027999133999999999,499.99999999969026,0.02495047854025341,0.0005865485655942586,16
24,0.58904862254808621,0.0027999133999999999,599.99999999959937,0.024946355799956597,0.00071622203381146391,16
24,0.58904862254808621,0.0027999133999999999,699.99999999950842,0.02532460309048977,0.00044679578446117749,16
24,0.58904862254808621,0.0027999133999999999,799.99999999941747,0.024750934903157138,0.00051949447850012679,16
24,0.58904862254808621,0.0027999133999999999,899.99999999932652,0.024687703321209713,0.00037342420869143048,16
24,0.58904862254808621,0.0027999133999999999,999.99999999923557,0.024194416320081472,0.00054962836329694724,16
24,0.58904862254808621,0.0027999133999999999,1099.9999999991446,0.025431191276254313,0.00053357278427057584,16
24,0.58904862254808621,0.0027999133999999999,1199.9999999990537,0.02502763163480734,0.00071281575849606598,16
24,0.58904862254808621,0.0027999133999999999,1299.9999999989627,0.024443070163691304,0.00040108416011742036,16
24,0.58904862254808621,0.0027999133999999999,1399.9999999988718,0.026248690819829869,0.00064665874748884278,16
24,0.58904862254808621,0.0027999133999999999,1499.9999999987808,0.025153317768069759,0.0004482973297116877,16
24,0.58904862254808621,0.0027999133999999999,1599.9999999986899,0.025616413618324438,0.00045384480470132382,16
24,0.58904862254808621,0.0027999133999999999,1699.9999999985989,0.024385660595229872,0.00075725646735222451,16
24,0.58904862254808621,0.0027999133999999999,1799.999999998508,0.024810067705498252,0.00045644038625580773,16
24,0.58904862254808621,0.0027999133999999999,1899.999999998417,0.024174976619913267,0.00058828935886818482,16
24,0.58904862254808621,0.0027999133999999999,1999.9999999983261,0.024944942673948187,0.00037085508403789341,16
24,0.58904862254808621,0.0027999133999999999,2099.9999999994175,0.02545656631095335,0.00056727081973318512,16
24,0.58904862254808621,0.0027999133999999999,2200.0000000016003,0.025307525660726859,0.00055302310733826385,16
24,0.58904862254808621,0.0027999133999999999,2300.000000003783,0.024444183403444644,0.00065383810010983027,16
24,0.58904862254808621,0.0027999133999999999,2400.0000000059658,0.025058340375145347,0.00076228245689158758,16
24,0.58904862254808621,0.0027999133999999999,2500.0000000081486,0.024188376955114822,0.00066689933065577803,16
24,0.58904862254808621,0.0027999133999999999,2600.0000000103314,0.026581139378513086,0.00052698665042349318,16
24,0.58904862254808621,0.0027999133999999999,2700.0000000125142,0.025361900667347562,0.00070148384472152236,16
24,0.58904862254808621,0.0027999133999999999,2800.000000014697,0.025524344983781033,0.00053449544379976903,16
24,0.58904862254808621,0.0027999133999999999,2900.0000000168798,0.025659453814170671,0.00047132198119193713,16
24,0.58904862254808621,0.0027999133999999999,3000.0000000190626,0.025843447282515308,0.00052425721482837891,16
24,0.58904862254808621,0.0027999133999999999,3100.0000000212453,0.025058287219486323,0.00061974931155644834,16
24,0.58904862254808621,0.0027999133999999999,3200.0000000234281,0.024048333302516024,0.00058657072490015316,16
24,0.58904862254808621,0.0027999133999999999,3300.0000000256109,0.025535353978884168,0.00041807643864069075,16
24,0.58904862254808621,0.0027999133999999999,3400.0000000277937,0.023507386726786657,0.0005867487734292345,16
24,0.58904862254808621,0.0027999133999999999,3500.0000000299765,0.023389016721781092,0.0005051705939196784,16
24,0.58904862254808621,0.0027999133999999999,3600.0000000321593,0.023865349038190525,0.00055409364241777986,16
24,0.58904862254808621,0.0027999133999999999,3700.0000000343421,0.025210355423717606,0.00041527549288544291,16
24,0.58904862254808621,0.0027999133999999999,3800.0000000365249,0.025682015493874666,0.00042054996932458738,16
24,0.58904862254808621,0.0027999133999999999,3900.0000000387076,0.024298848243328685,0.00072129841853372058,16
24,0.58904862254808621,0.0027999133999999999,4000.0000000408904,0.024528109108383246,0.00068263817299973981,16
24,0.58904862254808621,0.0027999133999999999,4100.0000000430728,0.024632542957335628,0.00055254016208684765,16
24,0.58904862254808621,0.0027999133999999999,4200.0000000452555,0.023631301665271345,0.00043958411189204421,16
24,0.58904862254808621,0.0027999133999999999,4300.0000000474383,0.025135020671996963,0.00050503577619292095,16
24,0.58904862254808621,0.0027999133999999999,4400.0000000496211,0.025450060596242198,0.00067741890450687548,16
24,0.58904862254808621,0.0027999133999999999,4500.0000000518039,0.024530637811245749,0.00066186143496084146,16
24,0.58904862254808621,0.0027999133999999999,4600.0000000539867,0.025107268924627165,0.00051553789115059531,16
24,0.58904862254808621,0.0027999133999999999,4700.0000000561695,0.025383176685251557,0.00055925716683531202,16
24,0.58904862254808621,0.0027999133999999999,4800.0000000583523,0.026058115061352978,0.00079251954395367246,16
24,0.58904862254808621,0.0027999133999999999,4900.0000000605351,0.024329188403017399,0.00059861454504941123,16
24,0.58904862254808621,0.0027999133999999999,5000.0000000627178,0.024249662163619536,0.0005828806703530756,16
24,0.58904862254808621,0.0027999133999999999,5100.0000000649006,0.02465857248723613,0.00047844744191887715,16
24,0.58904862254808621,0.0027999133999999999,5200.0000000670834,0.025181661109389974,0.00053491883108300906,16
24,0.58904862254808621,0.0027999133999999999,5300.0000000692662,0.024804066119649072,0.00034810047575792091,16
24,0.58904862254808621,0.0027999133999999999,5400.000000071449,0.025288145593969177,0.00065470673517844472,16
24,0.58904862254808621,0.0027999133999999999,5500.0000000736318,0.025250742208406313,0.00049136975690581598,16
24,0.58904862254808621,0.0027999133999999999,5600.0000000758146,0.023956641545919373,0.00057871165164780406,16
24,0.58904862254808621,0.0027999133999999999,5700.0000000779974,0.024254439168857479,0.00045122473246474355,16
24,0.58904862254808621,0.0027999133999999999,5800.0000000801801,0.025269278679833442,0.00050143892971679714,16
24,0.58904862254808621,0.0027999133999999999,5900.0000000823629,0.024357657443918136,0.00046359974954867956,16
24,0.58904862254808621,0.0027999133999999999,6000.0000000845457,0.025528654125512425,0.00056868918562152807,16
24,0.58904862254808621,0.0027999133999999999,6100.0000000867285,0.024858027048572453,0.000459911979748024,16
24,0.58904862254808621,0.0027999133999999999,6200.0000000889113,0.025567452797422532,0.00056899543897409208,16
24,0.58904862254808621,0.0027999133999999999,6300.0000000910941,0.024920384384736038,0.00049865124913756715,16
24,0.58904862254808621,0.0027999133999999999,6400.0000000932769,0.02496194718959114,0.00059918464363557388,16
24,0.58904862254808621,0.0027999133999999999,6500.0000000954597,0.024748754219313968,0.00064431922063342036,16
24,0.58904862254808621,0.0027999133999999999,6600.0000000976424,0.024553620391720828,0.00066465105345080611,16
24,0.58904862254808621,0.0027999133999999999,6700.0000000998252,0.025222275518762119,0.00059387463692669746,16
24,0.58904862254808621,0.0027999133999999999,6800.000000102008,0.024584229836127788,0.00061779753571701481,16
24,0.58904862254808621,0.0027999133999999999,6900.0000001041908,0.026163706263272961,0.00047669418171380692,16
24,0.58904862254808621,0.0027999133999999999,7000.0000001063736,0.024935247519981149,0.00035333498158727659,16
24,0.58904862254808621,0.0027999133999999999,7100.0000001085564,0.024386419071631693,0.00052786801726617603,16
24,0.58904862254808621,0.0027999133999999999,7200.0000001107392,0.024839340712228562,0.00067377825508633344,16
24,0.58904862254808621,0.0027999133999999999,7300.000000112922,0.025891774172704243,0.00052260122614989214,16
24,0.58904862254808621,0.0027999133999999999,7400.0000001151047,0.025618051549927707,0.00058174289134267578,16
24,0.58904862254808621,0.0027999133999999999,7500.0000001172875,0.025159792938555074,0.0006354628941009525,16
24,0.58904862254808621,0.0027999133999999999,7600.0000001194703,0.024671532524366883,0.00050442053184411996,16
24,0.58904862254808621,0.0027999133999999999,7700.0000001216531,0.025134426326217256,0.00050799952835792401,16
24,0.58904862254808621,0.0027999133999999999,7800.0000001238359,0.025106575016721783,0.00069181911643418064,16
24,0.58904862254808621,0.0027999133999999999,7900.0000001260187,0.025079691453548263,0.00057880113659932266,16
24,0.58904862254808621,0.0027999133999999999,8000.0000001282015,0.024526102901810613,0.00037398743134151507,16
24,0.58904862254808621,0.0027999133999999999,8100.0000001303843,0.025228734261718438,0.00066898302250776882,16
24,0.58904862254808621,0.0027999133999999999,8200.0000001325661,0.024123139342928188,0.00038387900132767208,16
24,0.58904862254808621,0.0027999133999999999,8300.0000001347489,0.025379723739062301,0.00046912338014940485,16
24,0.58904862254808621,0.0027999133999999999,8400.0000001369317,0.025350991129744725,0.0005049308032963447,16
24,0.58904862254808621,0.0027999133999999999,8500.0000001391145,0.024784216346216751,0.00039979727770016166,16
24,0.58904862254808621,0.0027999133999999999,8600.0000001412973,0.025827577183783791,0.00068152738965029014,16
24,0.58904862254808621,0.0027999133999999999,8700.0000001434801,0.024621105889943054,0.00058359236004705897,16
24,0.58904862254808621,0.0027999133999999999,8800.0000001456629,0.0254173062713451,0.00038804876900681113,16
24,0.58904862254808621,0.0027999133999999999,8900.0000001478456,0.024626528452241069,0.00057294015141077582,16
24,0.58904862254808621,0.0027999133999999999,9000.0000001500284,0.024121220656555486,0.00051274769002688863,16
24,0.58904862254808621,0.0027999133999999999,9100.0000001522112,0.025507696020359343,0.00061371924125912594,16
24,0.58904862254808621,0.0027999133999999999,9200.000000154394,0.025583080693523632,0.00085031889480958469,16
24,0.58904862254808621,0.0027999133999999999,9300.0000001565768,0.024544550184995378,0.00032651891956292638,16
24,0.58904862254808621,0.0027999133999999999,9400.0000001587596,0.024242100936572985,0.0007724330950482954,16
24,0.58904862254808621,0.0027999133999999999,9500.0000001609424,0.024452873437517821,0.00058526719679094237,16
24,0.58904862254808621,0.0027999133999999999,9600.0000001631252,0.02557234341837188,0.00051502076950273458,16
24,0.58904862254808621,0.0027999133999999999,9700.0000001653079,0.02409125368784739,0.00062469390670221055,16
24,0.58904862254808621,0.0027999133999999999,9800.0000001674907,0.024660377053429466,0.00067930056851943496,16
24,0.58904862254808621,0.0027999133999999999,9900.0000001696735,0.02545945366568186,0.00037355560384842495,16
24,0.58904862254808621,0.0027999133999999999,10000.000000171856,0.024259866259897747,0.00061262854045040333,16
24,0.58904862254808621,0.0027999133999999999,10100.000000174039,0.024587391207868691,0.00043725592262300366,16
24,0.58904862254808621,0.0027999133999999999,10200.000000176222,0.023964881979165374,0.00068744715007745924,16
24,0.58904862254808621,0.0027999133999999999,10300.000000178405,0.024646578542167834,0.00049000281232239502,16
24,0.58904862254808621,0.0027999133999999999,10400.000000180587,0.024517176388218341,0.00039010244570955653,16
24,0.58904862254808621,0.0027999133999999999,10500.00000018277,0.024581714443301692,0.00060420688723377867,16
24,0.58904862254808621,0.0027999133999999999,10600.000000184953,0.024758345477685028,0.00066458190012592358,16
24,0.58904862254808621,0.0027999133999999999,10700.000000187136,0.025459420154403112,0.00038786079233894529,16
24,0.58904862254808621,0.0027999133999999999,10800.000000189319,0.024803468750187935,0.000552841108753581,16
24,0.58904862254808621,0.0027999133999999999,10900.000000191501,0.024516101078449086,0.00070905002600187982,16
24,0.58904862254808621,0.0027999133999999999,11000.000000193684,0.023950049787330861,0.00058572724106394319,16
24,0.58904862254808621,0.0027999133999999999,11100.000000195867,0.024470915144494246,0.00045354935147785878,16
24,0.58904862254808621,0.0027999133999999999,11200.00000019805,0.024108220729346437,0.00072106625446416493,16
24,0.58904862254808621,0.0027999133999999999,11300.000000200233,0.02549640942393476,0.00047366057803084459,16
24,0.58904862254808621,0.0027999133999999999,11400.000000202415,0.025142302798322792,0.00049331530349049698,16
24,0.58904862254808621,0.0027999133999999999,11500.000000204598,0.025312901896257081,0.0005093615193448299,16
24,0.58904862254808621,0.0027999133999999999,11600.000000206781,0.024910317003506582,0.00060915524657235791,16
24,0.58904862254808621,0.0027999133999999999,11700.000000208964,0.024519447597870163,0.00037542327274468903,16
24,0.58904862254808621,0.0027999133999999999,11800.000000211146,0.024952700880283802,0.00066592397956863347,16
24,0.58904862254808621,0.0027999133999999999,11900.000000213329,0.024311964381006967,0.00051043642742333096,16
24,0.58904862254808621,0.0027999133999999999,12000.000000215512,0.024067394312751744,0.00070906347646438651,16
24,0.58904862254808621,0.0027999133999999999,12100.000000217695,0.025883375028656334,0.00039389285522168353,16
24,0.58904862254808621,0.0027999133999999999,12200.000000219878,0.024988580373574532,0.00063850283275764354,16
24,0.58904862254808621,0.0027999133999999999,12300.00000022206,0.024984363474485415,0.00047327586620107815,16
24,0.58904862254808621,0.0027999133999999999,12400.000000224243,0.02484602643468457,0.00072596698555356203,16
24,0.58904862254808621,0.0027999133999999999,12500.000000226426,0.024755359367926458,0.00049403149245941756,16
24,0.58904862254808621,0.0027999133999999999,12600.000000228609,0.025673094284233533,0.00053595577962349788,16
24,0.58904862254808621,0.0027999133999999999,12700.000000230792,0.024591671766622768,0.00055583419653009749,16
24,0.58904862254808621,0.0027999133999999999,12800.000000232974,0.023731475678766909,0.00049655973550478591,16
24,0.58904862254808621,0.0027999133999999999,12900.000000235157,0.024855887081719114,0.00053715314249215334,16
24,0.58904862254808621,0.0027999133999999999,13000.00000023734,0.024298353372222845,0.00047672248372081769,16
24,0.58904862254808621,0.0027999133999999999,13100.000000239523,0.024435853019874356,0.0006554094805349453,16
24,0.58904862254808621,0.0027999133999999999,13200.000000241705,0.026431046803739738,0.00055635664064615205,16
24,0.58904862254808621,0.0027999133999999999,13300.000000243888,0.024393634929267775,0.00061661975899177546,16
24,0.58904862254808621,0.0027999133999999999,13400.000000246071,0.024628917524234583,0.00061802334918415228,16
24,0.58904862254808621,0.0027999133999999999,13500.000000248254,0.025253685532873448,0.0006032992969261594,16
24,0.58904862254808621,0.0027999133999999999,13600.000000250437,0.025063763272964903,0.00047278095073254175,16
24,0.58904862254808621,0.0027999133999999999,13700.000000252619,0.024856944055506636,0.00054158550153111918,16
24,0.58904862254808621,0.0027999133999999999,13800.000000254802,0.024838984671385313,0.00057979408933367925,16
24,0.58904862254808621,0.0027999133999999999,13900.000000256985,0.024840534703437507,0.00043706739058362222,16
24,0.58904862254808621,0.0027999133999999999,14000.000000259168,0.024819577249411157,0.00037055951599820582,16
24,0.58904862254808621,0.0027999133999999999,14100.000000261351,0.025072014304710712,0.00055770581577482576,16
24,0.58904862254808621,0.0027999133999999999,14200.000000263533,0.025763873721138184,0.00048330546239868277,16
24,0.58904862254808621,0.0027999133999999999,14300.000000265716,0.02520900627598947,0.00049288704224085427,16
24,0.58904862254808621,0.0027999133999999999,14400.000000267899,0.025247415123075049,0.00057580574054635219,16
24,0.58904862254808621,0.0027999133999999999,14500.000000270082,0.024311958202295463,0.00034770975722441731,16
24,0.58904862254808621,0.0027999133999999999,14600.000000272265,0.024836905320397291,0.00044065763141813512,16
24,0.58904862254808621,0.0027999133999999999,14700.000000274447,0.02392809145794941,0.00068798062219033759,16
24,0.58904862254808621,0.0027999133999999999,14800.00000027663,0.024341282859375656,0.00047207026809026803,16
24,0.58904862254808621,0.0027999133999999999,14900.000000278813,0.024709565937100358,0.00052093540441240475,16
24,0.58904862254808621,0.0027999133999999999,15000.000000280996,0.026361059357600709,0.00046666333772014289,16
24,0.58904862254808621,0.0027999133999999999,15100.000000283178,0.025324875713530964,0.00060076715836822987,16
24,0.58904862254808621,0.0027999133999999999,15200.000000285361,0.024123221559611843,0.00051006308216025088,16
24,0.58904862254808621,0.0027999133999999999,15300.000000287544,0.025178684928540914,0.00063845883023468987,16
24,0.58904862254808621,0.0027999133999999999,15400.000000289727,0.02444848430134643,0.00057870146227108148,16
24,0.58904862254808621,0.0027999133999999999,15500.00000029191,0.024729849622128305,0.00050289888731823819,16
24,0.58904862254808621,0.0027999133999999999,15600.000000294092,0.025606494781960826,0.00052977742811671021,16
24,0.58904862254808621,0.0027999133999999999,15700.000000296275,0.025139949302862716,0.00050419321876482039,16
24,0.58904862254808621,0.0027999133999999999,15800.000000298458,0.024721334147047701,0.00063726406722548192,16
24,0.58904862254808621,0.0027999133999999999,15900.000000300641,0.024858533014990129,0.00043535651745832225,16
24,0.58904862254808621,0.0027999133999999999,16000.000000302824,0.024300299131165135,0.0005053947596842859,16
24,0.58904862254808621,0.0027999133999999999,16100.000000305006,0.024724817868622455,0.00047274444794220431,16
24,0.58904862254808621,0.0027999133999999999,16200.000000307189,0.025860376920386022,0.00054396215813602873,16
24,0.58904862254808621,0.0027999133999999999,16300.000000309372,0.025348897708048303,0.0006746690107297292,16
24,0.58904862254808621,0.0027999133999999999,16400.000000308642,0.024788837186195515,0.00065865731125471427,16
24,0.58904862254808621,0.0027999133999999999,16500.000000292635,0.025365441718841503,0.000603341956826135,16
24,0.58904862254808621,0.0027999133999999999,16600.000000276628,0.024124086097435892,0.00029184407461812866,16
24,0.58904862254808621,0.0027999133999999999,16700.000000260621,0.024317783287780389,0.00065439914241600787,16
24,0.58904862254808621,0.0027999133999999999,16800.000000244614,0.024540339187862581,0.00057058829415715156,16
24,0.58904862254808621,0.0027999133999999999,16900.000000228607,0.024681456876054081,0.00050479589957779783,16
24,0.58904862254808621,0.0027999133999999999,17000.0000002126,0.023474059530911851,0.00043062873609224473,16
24,0.58904862254808621,0.0027999133999999999,17100.000000196593,0.025157061596693436,0.00054854794536201559,16
24,0.58904862254808621,0.0027999133999999999,17200.000000180586,0.024323291197036405,0.00044436628467234968,16
24,0.58904862254808621,0.0027999133999999999,17300.000000164579,0.025039113276063122,0.00067220589314329342,16
24,0.58904862254808621,0.0027999133999999999,17400.000000148571,0.025140217503425717,0.00055347801962679904,16
24,0.58904862254808621,0.0027999133999999999,17500.000000132564,0.025297877738840058,0.00056987988286697757,16
24,0.58904862254808621,0.0027999133999999999,17600.000000116557,0.025366832248768262,0.0005349850482553282,16
24,0.58904862254808621,0.0027999133999999999,17700.00000010055,0.025550274268359197,0.00046121461929277022,16
24,0.58904862254808621,0.0027999133999999999,17800.000000084543,0.024929376255907944,0.00067292839187768074,16
24,0.58904862254808621,0.0027999133999999999,17900.000000068536,0.02591927099508768,0.00049177864182490703,16
24,0.58904862254808621,0.0027999133999999999,18000.000000052529,0.024886748072129435,0.00073977818882344686,16
24,0.58904862254808621,0.0027999133999999999,18100.000000036522,0.02456539615839369,0.00065851048902439678,16
24,0.58904862254808621,0.0027999133999999999,18200.000000020515,0.02359878034998978,0.00039241865053424589,16
24,0.58904862254808621,0.0027999133999999999,18300.000000004507,0.025591500913134644,0.00069376663577287126,16
24,0.58904862254808621,0.0027999133999999999,18399.9999999885,0.026991743362059936,0.00041824304763634268,16
24,0.58904862254808621,0.0027999133999999999,18499.999999972493,0.024035678199500029,0.00038379141290462192,16
24,0.58904862254808621,0.0027999133999999999,18599.999999956486,0.024183192420572625,0.00035324119454033974,16
24,0.58904862254808621,0.0027999133999999999,18699.999999940479,0.025049582761444197,0.00051567746757576085,16
24,0.58904862254808621,0.0027999133999999999,18799.999999924472,0.024497693479240752,0.00063672004583088554,16
24,0.58904862254808621,0.0027999133999999999,18899.999999908465,0.025043674439607016,0.00058641091549248943,16
24,0.58904862254808621,0.0027999133999999999,18999.999999892458,0.024900579573301117,0.00064375989500447465,16
24,0.58904862254808621,0.0027999133999999999,19099.999999876451,0.0254689583621533,0.00072884993162247453,16
24,0.58904862254808621,0.0027999133999999999,19199.999999860443,0.025322598567874489,0.00057680181011993267,16
24,0.58904862254808621,0.0027999133999999999,19299.999999844436,0.025249175803081385,0.00062641983830222009,16
24,0.58904862254808621,0.0027999133999999999,19399.999999828429,0.024852758933314123,0.00053543430855738559,16
24,0.58904862254808621,0.0027999133999999999,19499.999999812422,0.024572317130454411,0.00064936954364770499,16
24,0.58904862254808621,0.0027999133999999999,19599.999999796415,0.024516017365365239,0.00064687149854447191,16
24,0.58904862254808621,0.0027999133999999999,19699.999999780408,0.024675812813370369,0.00045849573064360585,16
24,0.58904862254808621,0.0027999133999999999,19799.999999764401,0.025726460667685268,0.00046903552227468354,16
24,0.58904862254808621,0.0027999133999999999,19899.999999748394,0.024421765028460645,0.00056155426214663786,16
24,0.58904862254808621,0.0027999133999999999,19999.999999732387,0.024112581952418582,0.00057942100468132466,16
24,0.58904862254808621,0.0027999133999999999,20099.99999971638,0.023661771930165307,0.00042704431166734418,16
24,0.58904862254808621,0.0027999133999999999,20199.999999700372,0.023868570134635291,0.0006684741054846983,16
24,0.58904862254808621,0.0027999133999999999,20299.999999684365,0.024942029274146196,0.00057687289151642381,16
24,0.58904862254808621,0.0027999133999999999,20399.999999668358,0.025371170074746253,0.00066940674538178277,16
24,0.58904862254808621,0.0027999133999999999,20499.999999652351,0.025639781154867761,0.00078829334143817452,16
24,0.58904862254808621,0.0027999133999999999,20599.999999636344,0.02584013022374981,0.00056998330213486675,16
24,0.58904862254808621,0.0027999133999999999,20699.999999620337,0.024815796303310825,0.00047679654148300446,16
24,0.58904862254808621,0.0027999133999999999,20799.99999960433,0.024643932000568303,0.00071070301006487876,16
24,0.58904862254808621,0.0027999133999999999,20899.999999588323,0.025608972246619104,0.00035096074445154272,16
24,0.58904862254808621,0.0027999133999999999,20999.999999572316,0.024813383025286347,0.00082570392249762203,16
24,0.58904862254808621,0.0027999133999999999,21099.999999556308,0.024347494328590697,0.00054136283827284424,16
24,0.58904862254808621,0.0027999133999999999,21199.999999540301,0.02485337776931227,0.00067883844267648799,16
24,0.58904862254808621,0.0027999133999999999,21299.999999524294,0.025373121521543678,0.0006117763591605473,16
24,0.58904862254808621,0.0027999133999999999,21399.999999508287,0.024541144990234905,0.0005184613413837288,16
24,0.58904862254808621,0.0027999133999999999,21499.99999949228,0.024276681790241471,0.00041054376919901349,16
24,0.58904862254808621,0.0027999133999999999,21599.999999476273,0.024721424982766509,0.00052955053025211354,16
24,0.58904862254808621,0.0027999133999999999,21699.999999460266,0.024783428080517651,0.00055538455220851721,16
24,0.58904862254808621,0.0027999133999999999,21799.999999444259,0.024555954870187389,0.00051343775546123605,16
24,0.58904862254808621,0.0027999133999999999,21899.999999428252,0.02464279454826776,0.00041327046814461479,16
24,0.58904862254808621,0.0027999133999999999,21999.999999412245,0.024875524309448088,0.00067498237409393765,16
24,0.58904862254808621,0.0027999133999999999,22099.999999396237,0.0240279088951308,0.00058258635099532022,16
24,0.58904862254808621,0.0027999133999999999,22199.99999938023,0.024528011311629825,0.00064516203877405429,16
24,0.58904862254808621,0.0027999133999999999,22299.999999364223,0.024454555381158292,0.00058368629318538963,16
24,0.58904862254808621,0.0027999133999999999,22399.999999348216,0.02464981535449073,0.0007884185594731728,16
24,0.58904862254808621,0.0027999133999999999,22499.999999332209,0.023979549347154946,0.00061738060658179798,16
24,0.58904862254808621,0.0027999133999999999,22599.999999316202,0.025474920570115737,0.0003942907796595059,16
24,0.58904862254808621,0.0027999133999999999,22699.999999300195,0.024295235484371722,0.00057149484165142095,16
24,0.58904862254808621,0.0027999133999999999,22799.999999284188,0.025195802914763317,0.00044992463115492036,16
24,0.58904862254808621,0.0027999133999999999,22899.999999268181,0.025256590697964872,0.0004775909577800165,16
24,0.58904862254808621,0.0027999133999999999,22999.999999252173,0.024883514001845096,0.00051587118066274951,16
24,0.58904862254808621,0.0027999133999999999,23099.999999236166,0.024865584496654426,0.00056567391536838779,16
24,0.58904862254808621,0.0027999133999999999,23199.999999220159,0.024219361635126432,0.00059125005613901431,16
24,0.58904862254808621,0.0027999133999999999,23299.999999204152,0.025145642516977259,0.00071377343227939155,16
24,0.58904862254808621,0.0027999133999999999,23399.999999188145,0.025236385262741683,0.00039430117216923981,16
24,0.58904862254808621,0.0027999133999999999,23499.999999172138,0.025241674146161405,0.00052065166027059255,16
24,0.58904862254808621,0.0027999133999999999,23599.999999156131,0.024047678535330571,0.00078515053995830331,16
24,0.58904862254808621,0.0027999133999999999,23699.999999140124,0.024545296902853907,0.00058685230988254271,16
24,0.58904862254808621,0.0027999133999999999,23799.999999124117,0.025350329399864108,0.00039543720595008544,16
24,0.58904862254808621,0.0027999133999999999,23899.999999108109,0.025475299476131481,0.00060533564713309714,16
24,0.58904862254808621,0.0027999133999999999,23999.999999092102,0.024589138611814033,0.0005499135333229422,16
24,0.58904862254808621,0.0027999133999999999,24099.999999076095,0.023790070746984086,0.00049628034118085558,16
24,0.58904862254808621,0.0027999133999999999,24199.999999060088,0.025285963712012121,0.00042063836717063882,16
24,0.58904862254808621,0.0027999133999999999,24299.999999044081,0.02405014941437237,0.00060573244805783107,16
24,0.58904862254808621,0.0027999133999999999,24399.999999028074,0.02488047081783951,0.00056292978047808601,16
24,0.58904862254808621,0.0027999133999999999,24499.999999012067,0.024588656941732939,0.00048729350772411375,16
24,0.58904862254808621,0.0027999133999999999,24599.99999899606,0.024217214644160701,0.0004922188117806195,16
24,0.58904862254808621,0.0027999133999999999,24699.999998980053,0.025514765807221097,0.00055910817618022547,16
24,0.58904862254808621,0.0027999133999999999,24799.999998964046,0.024619952809793118,0.00077459236516199043,16
24,0.58904862254808621,0.0027999133999999999,24899.999998948038,0.024590852712879349,0.00049065061245227718,16
24,0.58904862254808621,0.0027999133999999999,24999.999998932031,0.026081085099771036,0.00057487232290879262,16
24,0.58904862254808621,0.0027999133999999999,25099.999998916024,0.024844569176352339,0.00045827177779885891,16
24,0.58904862254808621,0.0027999133999999999,25199.999998900017,0.025627157117116311,0.00059664241991749377,16
24,0.58904862254808621,0.0027999133999999999,25299.99999888401,0.025663341117875573,0.00049420218865379919,16
24,0.58904862254808621,0.0027999133999999999,25399.999998868003,0.025541596170698285,0.00053802815030037736,16
24,0.58904862254808621,0.0027999133999999999,25499.999998851996,0.024998958156258563,0.00027094407341193057,16
24,0.58904862254808621,0.0027999133999999999,25599.999998835989,0.026006504644890901,0.00058341812471997604,16
24,0.58904862254808621,0.0027999133999999999,25699.999998819982,0.024266851033957721,0.00053136649566450209,16
24,0.58904862254808621,0.0027999133999999999,25799.999998803974,0.02592948794830089,0.00064072073917155665,16
24,0.58904862254808621,0.0027999133999999999,25899.999998787967,0.024353314245579405,0.00055169163836563877,16
24,0.58904862254808621,0.0027999133999999999,25999.99999877196,0.023981964233426266,0.00049757479078854226,16
24,0.58904862254808621,0.0027999133999999999,26099.999998755953,0.025364862065773069,0.00048395681360237234,16
24,0.58904862254808621,0.0027999133999999999,26199.999998739946,0.024707729041408905,0.00048902604430094739,16
24,0.58904862254808621,0.0027999133999999999,26299.999998723939,0.025587492224985652,0.00054786325351677528,16
24,0.58904862254808621,0.0027999133999999999,26399.999998707932,0.025621104103888681,0.00056554357260796219,16
24,0.58904862254808621,0.0027999133999999999,26499.999998691925,0.025299995732529522,0.00040553478699139191,16
24,0.58904862254808621,0.0027999133999999999,26599.999998675918,0.025684116150304252,0.00042915963001681051,16
24,0.58904862254808621,0.0027999133999999999,26699.99999865991,0.024882412810139483,0.00064341402789649905,16
24,0.58904862254808621,0.0027999133999999999,26799.999998643903,0.024659817288653425,0.00047012216230700926,16
24,0.58904862254808621,0.0027999133999999999,26899.999998627896,0.024456683977244001,0.0005781007209514445,16
24,0.58904862254808621,0.0027999133999999999,26999.999998611889,0.025154102506217711,0.00057932986470414114,16
24,0.58904862254808621,0.0027999133999999999,27099.999998595882,0.024989334169415962,0.00045861162255926894,16
24,0.58904862254808621,0.0027999133999999999,27199.999998579875,0.026250203309215316,0.00075961318391834943,16
24,0.58904862254808621,0.0027999133999999999,27299.999998563868,0.026116380987376724,0.00051105867514903271,16
24,0.58904862254808621,0.0027999133999999999,27399.999998547861,0.024787063538917124,0.00062235458409216123,16
24,0.58904862254808621,0.0027999133999999999,27499.999998531854,0.025576173384821578,0.00049729616615816561,16
24,0.58904862254808621,0.0027999133999999999,27599.999998515847,0.024544236330218707,0.00049874588800589243,16
24,0.58904862254808621,0.0027999133999999999,27699.999998499839,0.025370073755233775,0.00053940813020724083,16
24,0.58904862254808621,0.0027999133999999999,27799.999998483832,0.024050113823406515,0.00040372072642958786,16
24,0.58904862254808621,0.0027999133999999999,27899.999998467825,0.023897772741395831,0.00057841891161343353,16
24,0.58904862254808621,0.0027999133999999999,27999.999998451818,0.024794958885579074,0.00055418005867020274,16
24,0.58904862254808621,0.0027999133999999999,28099.999998435811,0.025860818244104477,0.00063509934240385925,16
24,0.58904862254808621,0.0027999133999999999,28199.999998419804,0.0256903214071726,0.00053393637781082022,16
24,0.58904862254808621,0.0027999133999999999,28299.999998403797,0.023686726059651688,0.00068618961488617466,16
24,0.58904862254808621,0.0027999133999999999,28399.99999838779,0.02474258591400846,0.00051516077805982248,16
24,0.58904862254808621,0.0027999133999999999,28499.999998371783,0.024595208895448108,0.00043981923083313818,16
24,0.58904862254808621,0.0027999133999999999,28599.999998355775,0.024005598695897218,0.0006419821879471827,16
24,0.58904862254808621,0.0027999133999999999,28699.999998339768,0.024021811071954498,0.00061590667752811201,16
24,0.58904862254808621,0.0027999133999999999,28799.999998323761,0.025471113029162617,0.00055045889035391048,16
24,0.58904862254808621,0.0027999133999999999,28899.999998307754,0.024837386245667482,0.00059123963049058099,16
24,0.58904862254808621,0.0027999133999999999,28999.999998291747,0.023915285033843131,0.00040618105878027642,16
24,0.58904862254808621,0.0027999133999999999,29099.99999827574,0.024987413695510222,0.00052525729515799635,16
24,0.58904862254808621,0.0027999133999999999,29199.999998259733,0.025386938791820156,0.00059889383572570704,16
24,0.58904862254808621,0.0027999133999999999,29299.999998243726,0.023747256048900999,0.00058638419265565739,16
24,0.58904862254808621,0.0027999133999999999,29399.999998227719,0.02492087296344012,0.00068392682560162348,16
24,0.58904862254808621,0.0027999133999999999,29499.999998211711,0.025298677178571274,0.00044784572272466158,16
24,0.58904862254808621,0.0027999133999999999,29599.999998195704,0.026833044889924183,0.0005868616698616252,16
24,0.58904862254808621,0.0027999133999999999,29699.999998179697,0.024379495419948639,0.00040728121467616335,16
24,0.58904862254808621,0.0027999133999999999,29799.99999816369,0.026087733953358182,0.00064430972241347867,16
24,0.58904862254808621,0.0027999133999999999,29899.999998147683,0.024770870653122813,0.00051501804864437012,16
24,0.58904862254808621,0.0027999133999999999,29999.999998131676,0.024949911224518083,0.00053491410102426203,16
24,0.58904862254808621,0.0027999133999999999,30099.999998115669,0.024041154691840018,0.0005668417800882697,16
24,0.58904862254808621,0.0027999133999999999,30199.999998099662,0.024550647833915938,0.0006491515310063469,16
24,0.58904862254808621,0.0027999133999999999,30299.999998083655,0.02427951654027663,0.00057601021824460409,16
24,0.58904862254808621,0.0027999133999999999,30399.999998067648,0.024162045608008699,0.00069897968169517011,16
24,0.58904862254808621,0.0027999133999999999,30499.99999805164,0.024397170370595193,0.00055676066114405498,16
24,0.58904862254808621,0.0027999133999999999,30599.999998035633,0.025122593917692289,0.0006715452520913831,16
24,0.58904862254808621,0.0027999133999999999,30699.999998019626,0.02464824699922466,0.00067527346264056919,16
24,0.58904862254808621,0.0027999133999999999,30799.999998003619,0.02506024656226824,0.00042661963466000385,16
24,0.58904862254808621,0.0027999133999999999,30899.999997987612,0.025189231384657791,0.00059055163083750943,16
24,0.58904862254808621,0.0027999133999999999,30999.999997971605,0.024556668082656746,0.00063563986745487217,16
24,0.58904862254808621,0.0027999133999999999,31099.999997955598,0.024659905289558876,0.00042103846724225405,16
24,0.58904862254808621,0.0027999133999999999,31199.999997939591,0.024792571871807494,0.00045491144748759983,16
24,0.58904862254808621,0.0027999133999999999,31299.999997923584,0.024250511277617438,0.00056600810863473067,16
24,0.58904862254808621,0.0027999133999999999,31399.999997907576,0.023446988244546902,0.00071000566630725253,16
24,0.58904862254808621,0.0027999133999999999,31499.999997891569,0.024513282777470714,0.00051208983810375173,16
24,0.58904862254808621,0.0027999133999999999,31599.999997875562,0.023803687156884364,0.00036205058479269213,16
24,0.58904862254808621,0.0027999133999999999,31699.999997859555,0.024882168828538807,0.0004789656710872334,16
24,0.58904862254808621,0.0027999133999999999,31799.999997843548,0.02446065855328371,0.00072675901188673324,16
24,0.58904862254808621,0.0027999133999999999,31899.999997827541,0.024083938345072185,0.00060986172049661328,16
24,0.58904862254808621,0.0027999133999999999,31999.999997811534,0.02483243966987473,0.00059547804249697695,16
24,0.58904862254808621,0.0027999133999999999,32099.999997795527,0.02528829729619728,0.00052656990140796374,16
24,0.58904862254808621,0.0027999133999999999,32199.99999777952,0.024767070030433276,0.00042548586758850491,16
24,0.58904862254808621,0.0027999133999999999,32299.999997763513,0.025403897510516017,0.00054001608592212568,16
24,0.58904862254808621,0.0027999133999999999,32399.999997747505,0.024800382977286602,0.00055129878101466601,16
24,0.58904862254808621,0.0027999133999999999,32499.999997731498,0.024043976372112631,0.00051633766479538428,16
24,0.58904862254808621,0.0027999133999999999,32599.999997715491,0.024254461522502008,0.00036001321451031366,16
24,0.58904862254808621,0.0027999133999999999,32699.999997699484,0.024937255682874485,0.00062099424563626733,16
24,0.58904862254808621,0.0027999133999999999,32799.999997695115,0.023938196709641705,0.00063463687754797683,16
24,0.58904862254808621,0.0027999133999999999,32899.999997715488,0.024940985730075402,0.00070256993561149323,16
24,0.58904862254808621,0.0027999133999999999,32999.99999773586,0.024671462652391229,0.00049320739478222846,16
24,0.58904862254808621,0.0027999133999999999,33099.999997756233,0.024315633021017285,0.00059289688292327213,16
24,0.58904862254808621,0.0027999133999999999,33199.999997776606,0.024788357944854997,0.00049559857546105281,16
24,0.58904862254808621,0.0027999133999999999,33299.999997796978,0.024329245407193605,0.0005312828431599557,16
24,0.58904862254808621,0.0027999133999999999,33399.999997817351,0.024011304181509433,0.00071137227316116376,16
24,0.58904862254808621,0.0027999133999999999,33499.999997837724,0.02527703112989144,0.00049079255729383466,16
24,0.58904862254808621,0.0027999133999999999,33599.999997858096,0.024598980749714394,0.00077048461403268428,16
24,0.58904862254808621,0.0027999133999999999,33699.999997878469,0.025513349586247545,0.00054579411484869712,16
24,0.58904862254808621,0.0027999133999999999,33799.999997898842,0.025606197614316113,0.00046514474197363901,16
24,0.58904862254808621,0.0027999133999999999,33899.999997919214,0.023574300779676465,0.00045419009654345058,16
24,0.58904862254808621,0.0027999133999999999,33999.999997939587,0.024699774043969832,0.0005947707428672304,16
24,0.58904862254808621,0.0027999133999999999,34099.99999795996,0.024549356733727899,0.00052501880332604873,16
24,0.58904862254808621,0.0027999133999999999,34199.999997980332,0.025611059106381229,0.00040365545276387804,16
24,0.58904862254808621,0.0027999133999999999,34299.999998000705,0.025295564951520071,0.00053861319972481152,16
24,0.58904862254808621,0.0027999133999999999,34399.999998021078,0.023705080821735985,0.00056316297418593686,16
24,0.58904862254808621,0.0027999133999999999,34499.99999804145,0.024897127307789438,0.00040386582445102009,16
24,0.58904862254808621,0.0027999133999999999,34599.999998061823,0.023509904951566227,0.00066925415921763039,16
24,0.58904862254808621,0.0027999133999999999,34699.999998082196,0.024508118389084458,0.00052491118561287119,16
24,0.58904862254808621,0.0027999133999999999,34799.999998102568,0.025648286074470755,0.00063076877526736048,16
24,0.58904862254808621,0.0027999133999999999,34899.999998122941,0.025032293588476411,0.00059118323912436799,16
24,0.58904862254808621,0.0027999133999999999,34999.999998143314,0.024773254926721729,0.00057663760710433898,16
24,0.58904862254808621,0.0027999133999999999,35099.999998163687,0.024444821344097947,0.00038554831368691644,16
24,0.58904862254808621,0.0027999133999999999,35199.999998184059,0.024942726559339979,0.00046668890239684484,16
24,0.58904862254808621,0.0027999133999999999,35299.999998204432,0.02466511107096778,0.00050664201601512951,16
24,0.58904862254808621,0.0027999133999999999,35399.999998224805,0.024451480122482796,0.00063811392901408619,16
24,0.58904862254808621,0.0027999133999999999,35499.999998245177,0.024682853309312653,0.00057215819218182538,16
24,0.58904862254808621,0.0027999133999999999,35599.99999826555,0.023136150588413708,0.00055973243303158245,16
24,0.58904862254808621,0.0027999133999999999,35699.999998285923,0.024005570821292264,0.00051726932094607202,16
24,0.58904862254808621,0.0027999133999999999,35799.999998306295,0.025481693653203265,0.00059113398082381234,16
24,0.58904862254808621,0.0027999133999999999,35899.999998326668,0.024233054171178905,0.00056895409493292598,16
24,0.58904862254808621,0.0027999133999999999,35999.999998347041,0.024643008281366216,0.00071433967815662106,16
24,0.58904862254808621,0.0027999133999999999,36099.999998367413,0.025271441927665183,0.00064999511793925797,16
24,0.58904862254808621,0.0027999133999999999,36199.999998387786,0.024377545587765566,0.00064955716142746757,16
24,0.58904862254808621,0.0027999133999999999,36299.999998408159,0.024884678216563372,0.00061284476317526265,16
24,0.58904862254808621,0.0027999133999999999,36399.999998428531,0.024435262528634521,0.00074908186127596468,16
24,0.58904862254808621,0.0027999133999999999,36499.999998448904,0.023481484318071743,0.00049635636122073647,16
24,0.58904862254808621,0.0027999133999999999,36599.999998469277,0.024591582390767561,0.000592252244815887,16
24,0.58904862254808621,0.0027999133999999999,36699.999998489649,0.024458519162584617,0.00054497016776309658,16
24,0.58904862254808621,0.0027999133999999999,36799.999998510022,0.023654837668964139,0.00063556811092324659,16
24,0.58904862254808621,0.0027999133999999999,36899.999998530395,0.025012734267169618,0.00071396926220123756,16
24,0.58904862254808621,0.0027999133999999999,36999.999998550767,0.024653814285225544,0.00049136173094772677,16
24,0.58904862254808621,0.0027999133999999999,37099.99999857114,0.025447102088731396,0.00058750386256142427,16
24,0.58904862254808621,0.0027999133999999999,37199.999998591513,0.024310361702189549,0.00068084773956225133,16
24,0.58904862254808621,0.0027999133999999999,37299.999998611886,0.025948770454378395,0.00047197631295957978,16
24,0.58904862254808621,0.0027999133999999999,37399.999998632258,0.024847800048636185,0.00070406546315662712,16
24,0.58904862254808621,0.0027999133999999999,37499.999998652631,0.024555953303423386,0.00051627637204118733,16
24,0.58904862254808621,0.0027999133999999999,37599.999998673004,0.024730739369277537,0.00052692733771689672,16
24,0.58904862254808621,0.0027999133999999999,37699.999998693376,0.024358354792209096,0.00034499255628581393,16
24,0.58904862254808621,0.0027999133999999999,37799.999998713749,0.025043832930611885,0.00052167375114199512,16
24,0.58904862254808621,0.0027999133999999999,37899.999998734122,0.024852956406205398,0.00052971100659521026,16
24,0.58904862254808621,0.0027999133999999999,37999.999998754494,0.024783567155241121,0.00067556610679911301,16
24,0.58904862254808621,0.0027999133999999999,38099.999998774867,0.025278526663494519,0.00066319883346824672,16
24,0.58904862254808621,0.0027999133999999999,38199.99999879524,0.025510553534350472,0.00053106453625706646,16
24,0.58904862254808621,0.0027999133999999999,38299.999998815612,0.024842902114946223,0.00058600700208360005,16
24,0.58904862254808621,0.0027999133999999999,38399.999998835985,0.025179946391878143,0.0005522641151695498,16
24,0.58904862254808621,0.0027999133999999999,38499.999998856358,0.024764509314010853,0.00060498609065983127,16
24,0.58904862254808621,0.0027999133999999999,38599.99999887673,0.025196562419060948,0.00058873250438116987,16
24,0.58904862254808621,0.0027999133999999999,38699.999998897103,0.024720006899521904,0.00068382784805363255,16
24,0.58904862254808621,0.0027999133999999999,38799.999998917476,0.024737066195704357,0.00055291994917931785,16
24,0.58904862254808621,0.0027999133999999999,38899.999998937848,0.0251950753073132,0.00056498190842023789,16
24,0.58904862254808621,0.0027999133999999999,38999.999998958221,0.025027336607018044,0.00060017140006300132,16
24,0.58904862254808621,0.0027999133999999999,39099.999998978594,0.024441917529058631,0.0004493097508190223,16
24,0.58904862254808621,0.0027999133999999999,39199.999998998966,0.024880173779262802,0.00051977900418027781,16
24,0.58904862254808621,0.0027999133999999999,39299.999999019339,0.023745029225161286,0.00068541331512806097,16
24,0.58904862254808621,0.0027999133999999999,39399.999999039712,0.025027366649197282,0.00056847380194410011,16
24,0.58904862254808621,0.0027999133999999999,39499.999999060085,0.025269053804634106,0.00052110764759912302,16
24,0.58904862254808621,0.0027999133999999999,39599.999999080457,0.02525286597285286,0.00047087320255431036,16
24,0.58904862254808621,0.0027999133999999999,39699.99999910083,0.0251364421262119,0.00042980216351705267,16
24,0.58904862254808621,0.0027999133999999999,39799.999999121203,0.024596058878423657,0.00056504209912583555,16
24,0.58904862254808621,0.0027999133999999999,39899.999999141575,0.025753197086847004,0.00069330812116312739,16
24,0.58904862254808621,0.0027999133999999999,39999.999999161948,0.02414984877431621,0.00048085371681081209,16
24,0.58904862254808621,0.0027999133999999999,40099.999999182321,0.024732984841943372,0.00044823610880600752,16
24,0.58904862254808621,0.0027999133999999999,40199.999999202693,0.024490266824001804,0.00060269676119125738,16
24,0.58904862254808621,0.0027999133999999999,40299.999999223066,0.024028430257430837,0.00055216973716205593,16
24,0.58904862254808621,0.0027999133999999999,40399.999999243439,0.024480516409522431,0.00066220127942162078,16
24,0.58904862254808621,0.0027999133999999999,40499.999999263811,0.024695038177228342,0.00062438380977149948,16
24,0.58904862254808621,0.0027999133999999999,40599.999999284184,0.024883189669883808,0.0005805018411219802,16
24,0.58904862254808621,0.0027999133999999999,40699.999999304557,0.025698232309743482,0.00053986676735274055,16
24,0.58904862254808621,0.0027999133999999999,40799.999999324929,0.024708134492912006,0.00057305714200945343,16
24,0.58904862254808621,0.0027999133999999999,40899.999999345302,0.024926623072590456,0.00055172096715127672,16
24,0.58904862254808621,0.0027999133999999999,40999.999999365675,0.025663085464262287,0.00056369709843516718,16
24,0.58904862254808621,0.0027999133999999999,41099.999999386047,0.024517736319800122,0.00063932077049016936,16
24,0.58904862254808621,0.0027999133999999999,41199.99999940642,0.026090970309489418,0.00060790342231107329,16
24,0.58904862254808621,0.0027999133999999999,41299.999999426793,0.02380539458933047,0.00059358139910903785,16
24,0.58904862254808621,0.0027999133999999999,41399.999999447165,0.02455362278623285,0.00036962260293372075,16
24,0.58904862254808621,0.0027999133999999999,41499.999999467538,0.025397285034138885,0.00065013219547779529,16
24,0.58904862254808621,0.0027999133999999999,41599.999999487911,0.024742445678410257,0.00091147640324176294,16
24,0.58904862254808621,0.0027999133999999999,41699.999999508284,0.024243643150157104,0.00063269908813225011,16
24,0.58904862254808621,0.0027999133999999999,41799.999999528656,0.024362054311802543,0.00040640081248514867,16
24,0.58904862254808621,0.0027999133999999999,41899.999999549029,0.023720610910478904,0.00043893724093198435,16
24,0.58904862254808621,0.0027999133999999999,41999.999999569402,0.024540167269348937,0.00070820166215965262,16
24,0.58904862254808621,0.0027999133999999999,42099.999999589774,0.025274142190633349,0.0005470224809171738,16
24,0.58904862254808621,0.0027999133999999999,42199.999999610147,0.024562961836388418,0.0005215257594751759,16
24,0.58904862254808621,0.0027999133999999999,42299.99999963052,0.024386106290402994,0.00046424599095317272,16
24,0.58904862254808621,0.0027999133999999999,42399.999999650892,0.024711189034997916,0.00041594757511631135,16
24,0.58904862254808621,0.0027999133999999999,42499.999999671265,0.02546075325362826,0.00047112545154569724,16
24,0.58904862254808621,0.0027999133999999999,42599.999999691638,0.02441635116828372,0.00059768822100356319,16
24,0.58904862254808621,0.0027999133999999999,42699.99999971201,0.024526620572835243,0.00064689565737851532,16
24,0.58904862254808621,0.0027999133999999999,42799.999999732383,0.02387851977980077,0.00066144789555744093,16
24,0.58904862254808621,0.0027999133999999999,42899.999999752756,0.025149069639216225,0.00060871950161569188,16
24,0.58904862254808621,0.0027999133999999999,42999.999999773128,0.025050918529907474,0.00065888773870920886,16
24,0.58904862254808621,0.0027999133999999999,43099.999999793501,0.024546325099359372,0.00057844280918645631,16
24,0.58904862254808621,0.0027999133999999999,43199.999999813874,0.024344742344999268,0.00070918282008111851,16
24,0.58904862254808621,0.0027999133999999999,43299.999999834246,0.024151136894121288,0.00058820331873324046,16
24,0.58904862254808621,0.0027999133999999999,43399.999999854619,0.024200276353198127,0.00049283777281246039,16
24,0.58904862254808621,0.0027999133999999999,43499.999999874992,0.024939358004106047,0.00051116648322728606,16
24,0.58904862254808621,0.0027999133999999999,43599.999999895364,0.025137141368639822,0.0005643918864706364,16
24,0.58904862254808621,0.0027999133999999999,43699.999999915737,0.02442193652612663,0.00042408691236165775,16
24,0.58904862254808621,0.0027999133999999999,43799.99999993611,0.024560292967159104,0.00051996693610856953,16
24,0.58904862254808621,0.0027999133999999999,43899.999999956482,0.023861665061515866,0.0006607984056642023,16
24,0.58904862254808621,0.0027999133999999999,43999.999999976855,0.025351563759632371,0.00042388231193695055,16
24,0.58904862254808621,0.0027999133999999999,44099.999999997228,0.025458770183368656,0.00047175497987537763,16
24,0.58904862254808621,0.0027999133999999999,44200.000000017601,0.025071382721493493,0.00050639652421766309,16
24,0.58904862254808621,0.0027999133999999999,44300.000000037973,0.024337647718795707,0.00055977056889952971,16
24,0.58904862254808621,0.0027999133999999999,44400.000000058346,0.024769114567169348,0.00043280559699011048,16
24,0.58904862254808621,0.0027999133999999999,44500.000000078719,0.025493826192690718,0.00069841335635175967,16
24,0.58904862254808621,0.0027999133999999999,44600.000000099091,0.024126409205604289,0.00056579496191443298,16
24,0.58904862254808621,0.0027999133999999999,44700.000000119464,0.024789394245726955,0.00058585144966853675,16
24,0.58904862254808621,0.0027999133999999999,44800.000000139837,0.025438003913697594,0.00057497023765250949,16
24,0.58904862254808621,0.0027999133999999999,44900.000000160209,0.025165421414352927,0.00050215579272699126,16
24,0.58904862254808621,0.0027999133999999999,45000.000000180582,0.024651771343741778,0.00062486702325208752,16
24,0.58904862254808621,0.0027999133999999999,45100.000000200955,0.02551351138112775,0.00040618799608500334,16
24,0.58904862254808621,0.0027999133999999999,45200.000000221327,0.024249008862366375,0.00050746951343523885,16
24,0.58904862254808621,0.0027999133999999999,45300.0000002417,0.023815583798393051,0.00052478939577122645,16
24,0.58904862254808621,0.0027999133999999999,45400.000000262073,0.025016508438157323,0.00060960979175142072,16
24,0.58904862254808621,0.0027999133999999999,45500.000000282445,0.025203017316601736,0.00069740190131235402,16
24,0.58904862254808621,0.0027999133999999999,45600.000000302818,0.024959615231681487,0.00050012100150723235,16
24,0.58904862254808621,0.0027999133999999999,45700.000000323191,0.024989660916562937,0.00050202812561483446,16
24,0.58904862254808621,0.0027999133999999999,45800.000000343563,0.026336355018801598,0.00060370085013188479,16
24,0.58904862254808621,0.0027999133999999999,45900.000000363936,0.024617061134488739,0.00047633329378180656,16
24,0.58904862254808621,0.0027999133999999999,46000.000000384309,0.024460629345977352,0.00051174517451163732,16
24,0.58904862254808621,0.0027999133999999999,46100.000000404681,0.025315316496370453,0.00055543579006557705,16
24,0.58904862254808621,0.0027999133999999999,46200.000000425054,0.024626264104564814,0.00045707837465608283,16
24,0.58904862254808621,0.0027999133999999999,46300.000000445427,0.025227956057968723,0.00053393486654587207,16
24,0.58904862254808621,0.0027999133999999999,46400.0000004658,0.024653998087180582,0.00083725321605798752,16
24,0.58904862254808621,0.0027999133999999999,46500.000000486172,0.024131676910001301,0.00053517592903459961,16
24,0.58904862254808621,0.0027999133999999999,46600.000000506545,0.025343313721051277,0.00051591044194199739,16
24,0.58904862254808621,0.0027999133999999999,46700.000000526918,0.024862095111980443,0.00048030837518610542,16
24,0.58904862254808621,0.0027999133999999999,46800.00000054729,0.024439299113048991,0.00050773688428841404,16
24,0.58904862254808621,0.0027999133999999999,46900.000000567663,0.02528872187607685,0.00047378412603063058,16
24,0.58904862254808621,0.0027999133999999999,47000.000000588036,0.02450508754841688,0.00070742530231827569,16
24,0.58904862254808621,0.0027999133999999999,47100.000000608408,0.024349555711931918,0.00058821069061405242,16
24,0.58904862254808621,0.0027999133999999999,47200.000000628781,0.024736270814898861,0.00050553210836666942,16
24,0.58904862254808621,0.0027999133999999999,47300.000000649154,0.024249043672948469,0.00038894726881530156,16
24,0.58904862254808621,0.0027999133999999999,47400.000000669526,0.025340017908782698,0.00056356266726133981,16
24,0.58904862254808621,0.0027999133999999999,47500.000000689899,0.024752491765475212,0.00058536385119826832,16
24,0.58904862254808621,0.0027999133999999999,47600.000000710272,0.024501693423123777,0.0005356436972670434,16
24,0.58904862254808621,0.0027999133999999999,47700.000000730644,0.024592699260447212,0.00058931456132898694,16
24,0.58904862254808621,0.0027999133999999999,47800.000000751017,0.025440500292733141,0.0003571440067204186,16
24,0.58904862254808621,0.0027999133999999999,47900.00000077139,0.026489147085076322,0.00059646042057125744,16
24,0.58904862254808621,0.0027999133999999999,48000.000000791762,0.02401456745364336,0.0006099543893893502,16
24,0.58904862254808621,0.0027999133999999999,48100.000000812135,0.024568136324114864,0.00066784657191859694,16
24,0.58904862254808621,0.0027999133999999999,48200.000000832508,0.026431539670729833,0.00045857072258970161,16
24,0.58904862254808621,0.0027999133999999999,48300.00000085288,0.024829432892085099,0.00050596917967256458,16
24,0.58904862254808621,0.0027999133999999999,48400.000000873253,0.024654063889529759,0.00057466698145713522,16
24,0.58904862254808621,0.0027999133999999999,48500.000000893626,0.025507975764721778,0.00054548413195561315,16
24,0.58904862254808621,0.0027999133999999999,48600.000000913999,0.02471748116993874,0.00059854910901772028,16
24,0.58904862254808621,0.0027999133999999999,48700.000000934371,0.025500686650720618,0.00042876902530177583,16
24,0.58904862254808621,0.0027999133999999999,48800.000000954744,0.024252714364649808,0.00062707861675206022,16
24,0.58904862254808621,0.0027999133999999999,48900.000000975117,0.02573912596110306,0.00047583203508032513,16
24,0.58904862254808621,0.0027999133999999999,49000.000000995489,0.025042967486276258,0.00050079109309101959,16
24,0.58904862254808621,0.0027999133999999999,49100.000001015862,0.025853677517574721,0.00059216646112861802,16
24,0.58904862254808621,0.0027999133999999999,49200.000001036235,0.024445291639573444,0.00059172600490446745,16
24,0.58904862254808621,0.0027999133999999999,49300.000001056607,0.025226054434993973,0.00035807709161296574,16
24,0.58904862254808621,0.0027999133999999999,49400.00000107698,0.025454634305269584,0.00056146650728811055,16
24,0.58904862254808621,0.0027999133999999999,49500.000001097353,0.024771874781411844,0.00039115464622474754,16
24,0.58904862254808621,0.0027999133999999999,49600.000001117725,0.024347360255895414,0.00050801915283406492,16
24,0.58904862254808621,0.0027999133999999999,49700.000001138098,0.02457404768729439,0.00038395549921183881,16
24,0.58904862254808621,0.0027999133999999999,49800.000001158471,0.025411548474587313,0.0007676085578870506,16
24,0.58904862254808621,0.0027999133999999999,49900.000001178843,0.025476459584068162,0.00091018780156958384,16
24,0.58904862254808621,0.0027999133999999999,50000.000001199216,0.024267120388529739,0.00060676301667347116,16
28,0.68722339297276724,0.0036971133999999998,100.00000000001425,0.024050812969687609,0.00045576040509592923,16
28,0.68722339297276724,0.0036971133999999998,199.99999999996308,0.025272729692743884,0.00046998212991900733,16
28,0.68722339297276724,0.0036971133999999998,299.99999999987216,0.025029834452461524,0.00037747344722165204,16
28,0.68722339297276724,0.0036971133999999998,399.99999999978121,0.024406746663653497,0.00050512134537707024,16
28,0.68722339297276724,0.0036971133999999998,499.99999999969026,0.025554602067562038,0.00047714070004342772,16
28,0.68722339297276724,0.0036971133999999998,599.99999999959937,0.025875265323390212,0.0004505701665613453,16
28,0.68722339297276724,0.0036971133999999998,699.99999999950842,0.025542748932077104,0.0005067389980225206,16
28,0.68722339297276724,0.0036971133999999998,799.99999999941747,0.024985297478472446,0.00048510772823177385,16
28,0.68722339297276724,0.0036971133999999998,899.99999999932652,0.024145261481277738,0.00035373396133578936,16
28,0.68722339297276724,0.0036971133999999998,999.99999999923557,0.024948372819786242,0.00061624801514452475,16
28,0.68722339297276724,0.0036971133999999998,1099.9999999991446,0.024648143891777205,0.0004996100835417055,16
28,0.68722339297276724,0.0036971133999999998,1199.9999999990537,0.025413440146648921,0.00049320656702964128,16
28,0.68722339297276724,0.0036971133999999998,1299.9999999989627,0.02495636415488732,0.00055932579505204411,16
28,0.68722339297276724,0.0036971133999999998,1399.9999999988718,0.024986942501894815,0.00042327009219074696,16
28,0.68722339297276724,0.0036971133999999998,1499.9999999987808,0.025086787421077231,0.00041041962670831494,16
28,0.68722339297276724,0.0036971133999999998,1599.9999999986899,0.024203933296952061,0.00047853823275661295,16
28,0.68722339297276724,0.0036971133999999998,1699.9999999985989,0.024940836147739599,0.00047335785218277561,16
28,0.68722339297276724,0.0036971133999999998,1799.999999998508,0.024866649412426764,0.00053301918034483989,16
28,0.68722339297276724,0.0036971133999999998,1899.999999998417,0.024687395324857694,0.00054417315373090898,16
28,0.68722339297276724,0.0036971133999999998,1999.9999999983261,0.024286438392302167,0.00040845107205358358,16
28,0.68722339297276724,0.0036971133999999998,2099.9999999994175,0.025246872808408413,0.00047564971738590716,16
28,0.68722339297276724,0.0036971133999999998,2200.0000000016003,0.024557991214897039,0.00036646379934406178,16
28,0.68722339297276724,0.0036971133999999998,2300.000000003783,0.026117716829136273,0.00058346252050056808,16
28,0.68722339297276724,0.0036971133999999998,2400.0000000059658,0.025027505985613277,0.00049605840579402822,16
28,0.68722339297276724,0.0036971133999999998,2500.0000000081486,0.024789987110593759,0.00051511527624544895,16
28,0.68722339297276724,0.0036971133999999998,2600.0000000103314,0.024921021468988506,0.00038874131766646189,16
28,0.68722339297276724,0.0036971133999999998,2700.0000000125142,0.024848027668476574,0.00056660636169945011,16
28,0.68722339297276724,0.0036971133999999998,2800.000000014697,0.024700429069417731,0.00040465440207089741,16
28,0.68722339297276724,0.0036971133999999998,2900.0000000168798,0.025666844860078177,0.00066422640127230149,16
28,0.68722339297276724,0.0036971133999999998,3000.0000000190626,0.024381851346032116,0.00050957057773893708,16
28,0.68722339297276724,0.0036971133999999998,3100.0000000212453,0.025420093532447278,0.00047027275003710202,16
28,0.68722339297276724,0.0036971133999999998,3200.0000000234281,0.024971344614958584,0.00049238424262971927,16
28,0.68722339297276724,0.0036971133999999998,3300.0000000256109,0.02349812697481796,0.00053761047897670227,16
28,0.68722339297276724,0.0036971133999999998,3400.0000000277937,0.025684292476913801,0.0006060224593459235,16
28,0.68722339297276724,0.0036971133999999998,3500.0000000299765,0.024425849458124711,0.00040679938196786799,16
28,0.68722339297276724,0.0036971133999999998,3600.0000000321593,0.025035633914919708,0.00054151796714382221,16
28,0.68722339297276724,0.0036971133999999998,3700.0000000343421,0.0254499613821016,0.00050081956894020062,16
28,0.68722339297276724,0.0036971133999999998,3800.0000000365249,0.024665455804989574,0.00035410006408019822,16
28,0.68722339297276724,0.0036971133999999998,3900.0000000387076,0.025621290919347367,0.00056689336151019521,16
28,0.68722339297276724,0.0036971133999999998,4000.0000000408904,0.025404450834867413,0.00051012520609368221,16
28,0.68722339297276724,0.0036971133999999998,4100.0000000430728,0.024956661620543812,0.00042173138127517116,16
28,0.68722339297276724,0.0036971133999999998,4200.0000000452555,0.025030416299165734,0.00055879443150700801,16
28,0.68722339297276724,0.0036971133999999998,4300.0000000474383,0.026441820911056926,0.00044200186161670021,16
28,0.68722339297276724,0.0036971133999999998,4400.0000000496211,0.025234087521089427,0.00044452440548382036,16
28,0.68722339297276724,0.0036971133999999998,4500.0000000518039,0.024632187223190924,0.00058254537017078103,16
28,0.68722339297276724,0.0036971133999999998,4600.0000000539867,0.025146996393949676,0.00047245828763537676,16
28,0.68722339297276724,0.0036971133999999998,4700.0000000561695,0.025084084075937679,0.00041076690979584577,16
28,0.68722339297276724,0.0036971133999999998,4800.0000000583523,0.025651815970581894,0.00051585430657099586,16
28,0.68722339297276724,0.0036971133999999998,4900.0000000605351,0.025019993926423505,0.00054258762752155195,16
28,0.68722339297276724,0.0036971133999999998,5000.0000000627178,0.025313776656902941,0.00045146312518322125,16
28,0.68722339297276724,0.0036971133999999998,5100.0000000649006,0.02595356336312105,0.00032419854763894677,16
28,0.68722339297276724,0.0036971133999999998,5200.0000000670834,0.024516797396090133,0.00044790294748028951,16
28,0.68722339297276724,0.0036971133999999998,5300.0000000692662,0.02525892474572634,0.0005463326805457162,16
28,0.68722339297276724,0.0036971133999999998,5400.000000071449,0.02437298283980251,0.0006128503575398164,16
28,0.68722339297276724,0.0036971133999999998,5500.0000000736318,0.024536389806297357,0.00039374714806788262,16
28,0.68722339297276724,0.0036971133999999998,5600.0000000758146,0.026109470030748417,0.00043099112603474257,16
28,0.68722339297276724,0.0036971133999999998,5700.0000000779974,0.025043251145264095,0.00043258765408255825,16
28,0.68722339297276724,0.0036971133999999998,5800.0000000801801,0.025721637252906843,0.00044745084151639867,16
28,0.68722339297276724,0.0036971133999999998,5900.0000000823629,0.024845246992689415,0.0003206920136901854,16
28,0.68722339297276724,0.0036971133999999998,6000.0000000845457,0.024879251298265327,0.00055729576616697022,16
28,0.68722339297276724,0.0036971133999999998,6100.0000000867285,0.025780196447446089,0.00050198788746391384,16
28,0.68722339297276724,0.0036971133999999998,6200.0000000889113,0.024531839937834501,0.00045275655841777894,16
28,0.68722339297276724,0.0036971133999999998,6300.0000000910941,0.024715689297191194,0.00052891383609847962,16
28,0.68722339297276724,0.0036971133999999998,6400.0000000932769,0.025176599630282345,0.00039397186232694332,16
28,0.68722339297276724,0.0036971133999999998,6500.0000000954597,0.023835794767354652,0.000590666355591815,16
28,0.68722339297276724,0.0036971133999999998,6600.0000000976424,0.02461034518356886,0.00042032153616331191,16
28,0.68722339297276724,0.0036971133999999998,6700.0000000998252,0.025527499781256742,0.00049918342013226214,16
28,0.68722339297276724,0.0036971133999999998,6800.000000102008,0.025211286632207775,0.00032776129923667687,16
28,0.68722339297276724,0.0036971133999999998,6900.0000001041908,0.024795951129861368,0.00048484457974681203,16
28,0.68722339297276724,0.0036971133999999998,7000.0000001063736,0.024890772418893141,0.00041465303918131164,16
28,0.68722339297276724,0.0036971133999999998,7100.0000001085564,0.02439489572447405,0.00042871136595139389,16
28,0.68722339297276724,0.0036971133999999998,7200.0000001107392,0.025522179821270176,0.00054870335824511315,16
28,0.68722339297276724,0.0036971133999999998,7300.000000112922,0.024745090012795498,0.00059385375778789155,16
28,0.68722339297276724,0.0036971133999999998,7400.0000001151047,0.025274054473366302,0.00047122013133632767,16
28,0.68722339297276724,0.0036971133999999998,7500.0000001172875,0.024888962066384232,0.0005397822700703665,16
28,0.68722339297276724,0.0036971133999999998,7600.0000001194703,0.025761565529933975,0.00049225297771883546,16
28,0.68722339297276724,0.0036971133999999998,7700.0000001216531,0.024966754125115575,0.00056984942893673789,16
28,0.68722339297276724,0.0036971133999999998,7800.0000001238359,0.025438404737299414,0.00047575660917624735,16
28,0.68722339297276724,0.0036971133999999998,7900.0000001260187,0.024378227852847951,0.00063377254878722129,16
28,0.68722339297276724,0.0036971133999999998,8000.0000001282015,0.025160542472151059,0.00043642167345230292,16
28,0.68722339297276724,0.0036971133999999998,8100.0000001303843,0.024528559873300212,0.00051570632833711856,16
28,0.68722339297276724,0.0036971133999999998,8200.0000001325661,0.024559052618510584,0.00047509490263858856,16
28,0.68722339297276724,0.0036971133999999998,8300.0000001347489,0.025312070164052666,0.00037973014190677924,16
28,0.68722339297276724,0.0036971133999999998,8400.0000001369317,0.024970929219851407,0.00035836004594595576,16
28,0.68722339297276724,0.0036971133999999998,8500.0000001391145,0.024528926789435072,0.00042345492558561426,16
28,0.68722339297276724,0.0036971133999999998,8600.0000001412973,0.025609916614850785,0.00044557023029454407,16
28,0.68722339297276724,0.0036971133999999998,8700.0000001434801,0.024720803620055281,0.00045257988445173499,16
28,0.68722339297276724,0.0036971133999999998,8800.0000001456629,0.024087888445886798,0.00055812928708206936,16
28,0.68722339297276724,0.0036971133999999998,8900.0000001478456,0.025072459533086053,0.00050003979744089346,16
28,0.68722339297276724,0.0036971133999999998,9000.0000001500284,0.025433759721642274,0.00040331392493422663,16
28,0.68722339297276724,0.0036971133999999998,9100.0000001522112,0.025773534279285675,0.00056191954773686977,16
28,0.68722339297276724,0.0036971133999999998,9200.000000154394,0.024823877178715405,0.00048931165680576015,16
28,0.68722339297276724,0.0036971133999999998,9300.0000001565768,0.025503297561106933,0.00048833102937762679,16
28,0.68722339297276724,0.0036971133999999998,9400.0000001587596,0.025869270474011146,0.00050209193797452756,16
28,0.68722339297276724,0.0036971133999999998,9500.0000001609424,0.025930301326027701,0.00072995978603518385,16
28,0.68722339297276724,0.0036971133999999998,9600.0000001631252,0.025030237068487435,0.00045918125903263683,16
28,0.68722339297276724,0.0036971133999999998,9700.0000001653079,0.024381996676610139,0.00063446692026741575,16
28,0.68722339297276724,0.0036971133999999998,9800.0000001674907,0.025397408234001696,0.00052803846100518627,16
28,0.68722339297276724,0.0036971133999999998,9900.0000001696735,0.025323984389446212,0.00035214700073821908,16
28,0.68722339297276724,0.0036971133999999998,10000.000000171856,0.024490081407552312,0.00051265261609661768,16
28,0.68722339297276724,0.0036971133999999998,10100.000000174039,0.025028297382687324,0.00044372544548047614,16
28,0.68722339297276724,0.0036971133999999998,10200.000000176222,0.02569243482253095,0.00038211893490624094,16
28,0.68722339297276724,0.0036971133999999998,10300.000000178405,0.024516913549469884,0.00051982256198313459,16
28,0.68722339297276724,0.0036971133999999998,10400.000000180587,0.024888650331718391,0.00065416865242972396,16
28,0.68722339297276724,0.0036971133999999998,10500.00000018277,0.025638661528358291,0.00047883285579443602,16
28,0.68722339297276724,0.0036971133999999998,10600.000000184953,0.025552152821813657,0.00049846981457703861,16
28,0.68722339297276724,0.0036971133999999998,10700.000000187136,0.024665523514527568,0.00044975203436420537,16
28,0.68722339297276724,0.0036971133999999998,10800.000000189319,0.024783575712554049,0.00063957295929419316,16
28,0.68722339297276724,0.0036971133999999998,10900.000000191501,0.02446834099806568,0.0006323870616988035,16
28,0.68722339297276724,0.0036971133999999998,11000.000000193684,0.025381393691497608,0.0004533404303931508,16
28,0.68722339297276724,0.0036971133999999998,11100.000000195867,0.02445235563671265,0.00050786551855781564,16
28,0.68722339297276724,0.0036971133999999998,11200.00000019805,0.025156008510493346,0.00043736436386409519,16
28,0.68722339297276724,0.0036971133999999998,11300.000000200233,0.024260831605336659,0.00053219777484403582,16
28,0.68722339297276724,0.0036971133999999998,11400.000000202415,0.025060118761285853,0.00050993715546626879,16
28,0.68722339297276724,0.0036971133999999998,11500.000000204598,0.024027609741163872,0.0005273276407787499,16
28,0.68722339297276724,0.0036971133999999998,11600.000000206781,0.024521564367718192,0.00051669976304138943,16
28,0.68722339297276724,0.0036971133999999998,11700.000000208964,0.026074323980828679,0.00047542233053702291,16
28,0.68722339297276724,0.0036971133999999998,11800.000000211146,0.024779049718548898,0.00046135248128057371,16
28,0.68722339297276724,0.0036971133999999998,11900.000000213329,0.025479985620206876,0.00035403312579648035,16
28,0.68722339297276724,0.0036971133999999998,12000.000000215512,0.025540410015022851,0.00035209878031741487,16
28,0.68722339297276724,0.0036971133999999998,12100.000000217695,0.024676087862580465,0.00059359768993130899,16
28,0.68722339297276724,0.0036971133999999998,12200.000000219878,0.024994081669029406,0.00045196208472216161,16
28,0.68722339297276724,0.0036971133999999998,12300.00000022206,0.024947445544957897,0.00058825799158660874,16
28,0.68722339297276724,0.0036971133999999998,12400.000000224243,0.024911767467692109,0.00051292642998525479,16
28,0.68722339297276724,0.0036971133999999998,12500.000000226426,0.026139513385386746,0.000546887037266407,16
28,0.68722339297276724,0.0036971133999999998,12600.000000228609,0.025073698834568916,0.00050178523455421018,16
28,0.68722339297276724,0.0036971133999999998,12700.000000230792,0.026081700811871958,0.00044813499999955158,16
28,0.68722339297276724,0.0036971133999999998,12800.000000232974,0.024684226676088057,0.00060901781166242651,16
28,0.68722339297276724,0.0036971133999999998,12900.000000235157,0.024802913856196956,0.00042287795568139665,16
28,0.68722339297276724,0.0036971133999999998,13000.00000023734,0.024658518809868666,0.00032694237480601043,16
28,0.68722339297276724,0.0036971133999999998,13100.000000239523,0.025143471812401567,0.00070600437783969962,16
28,0.68722339297276724,0.0036971133999999998,13200.000000241705,0.024654638579671789,0.00044527993574647518,16
28,0.68722339297276724,0.0036971133999999998,13300.000000243888,0.025259308704395987,0.00046872025669487298,16
28,0.68722339297276724,0.0036971133999999998,13400.000000246071,0.024738553877038875,0.00066531978731947561,16
28,0.68722339297276724,0.0036971133999999998,13500.000000248254,0.025486246971188998,0.00060269195556591788,16
28,0.68722339297276724,0.0036971133999999998,13600.000000250437,0.025277503506179008,0.00039249816868385038,16
28,0.68722339297276724,0.0036971133999999998,13700.000000252619,0.024476426640501862,0.00056101467492255977,16
28,0.68722339297276724,0.0036971133999999998,13800.000000254802,0.025342092907285035,0.00040814358598592084,16
28,0.68722339297276724,0.0036971133999999998,13900.000000256985,0.025458144282798023,0.00049316699619934867,16
28,0.68722339297276724,0.0036971133999999998,14000.000000259168,0.025104770031731099,0.00043625326318241092,16
28,0.68722339297276724,0.0036971133999999998,14100.000000261351,0.024722117876915941,0.00044085310946184486,16
28,0.68722339297276724,0.0036971133999999998,14200.000000263533,0.024800470927950638,0.00035859307173096859,16
28,0.68722339297276724,0.0036971133999999998,14300.000000265716,0.025640815453361211,0.00047220247110632709,16
28,0.68722339297276724,0.0036971133999999998,14400.000000267899,0.025755291600227135,0.00058227147740511846,16
28,0.68722339297276724,0.0036971133999999998,14500.000000270082,0.025304000954431628,0.00043804665101003715,16
28,0.68722339297276724,0.0036971133999999998,14600.000000272265,0.025261435328432249,0.00053585518936169821,16
28,0.68722339297276724,0.0036971133999999998,14700.000000274447,0.023861393707137715,0.00034973116931809344,16
28,0.68722339297276724,0.0036971133999999998,14800.00000027663,0.025810951584910358,0.00059874767747211438,16
28,0.68722339297276724,0.0036971133999999998,14900.000000278813,0.025113229157457138,0.00041153431532623986,16
28,0.68722339297276724,0.0036971133999999998,15000.000000280996,0.024223707972943574,0.00056800390336672428,16
28,0.68722339297276724,0.0036971133999999998,15100.000000283178,0.024661877883916151,0.00039340494556922283,16
28,0.68722339297276724,0.0036971133999999998,15200.000000285361,0.023878728122383362,0.00048782144109850184,16
28,0.68722339297276724,0.0036971133999999998,15300.000000287544,0.026297398625342448,0.00057122822624391446,16
28,0.68722339297276724,0.0036971133999999998,15400.000000289727,0.024776991748158859,0.00048080223111931017,16
28,0.68722339297276724,0.0036971133999999998,15500.00000029191,0.02458181472962661,0.00048972616142929127,16
28,0.68722339297276724,0.0036971133999999998,15600.000000294092,0.024686977502654396,0.00060856744719559757,16
28,0.68722339297276724,0.0036971133999999998,15700.000000296275,0.024966297758672311,0.00035225350669199177,16
28,0.68722339297276724,0.0036971133999999998,15800.000000298458,0.024895400465588354,0.00049073457539066962,16
28,0.68722339297276724,0.0036971133999999998,15900.000000300641,0.024964148936891702,0.00048185831714462934,16
28,0.68722339297276724,0.0036971133999999998,16000.000000302824,0.025510749407517731,0.00068574085765932453,16
28,0.68722339297276724,0.0036971133999999998,16100.000000305006,0.024668112014848826,0.00067241901181552453,16
28,0.68722339297276724,0.0036971133999999998,16200.000000307189,0.024604259667858328,0.00058573667430320421,16
28,0.68722339297276724,0.0036971133999999998,16300.000000309372,0.024069608420410987,0.00041100228716765678,16
28,0.68722339297276724,0.0036971133999999998,16400.000000308642,0.024917245684065812,0.0005862064920555554,16
28,0.68722339297276724,0.0036971133999999998,16500.000000292635,0.02490253786785758,0.00043645036543917551,16
28,0.68722339297276724,0.0036971133999999998,16600.000000276628,0.024785931300006267,0.00048693999351941402,16
28,0.68722339297276724,0.0036971133999999998,16700.000000260621,0.025492795507215702,0.00051706536355817275,16
28,0.68722339297276724,0.0036971133999999998,16800.000000244614,0.026211297938456411,0.00039174627194281917,16
28,0.68722339297276724,0.0036971133999999998,16900.000000228607,0.025061776210490071,0.00042628495969427183,16
28,0.68722339297276724,0.0036971133999999998,17000.0000002126,0.0253102005171487,0.00051200493726206249,16
28,0.68722339297276724,0.0036971133999999998,17100.000000196593,0.025503900643681458,0.00046616569298462779,16
28,0.68722339297276724,0.0036971133999999998,17200.000000180586,0.025388781482618722,0.00050404500604650786,16
28,0.68722339297276724,0.0036971133999999998,17300.000000164579,0.025245802768887993,0.00047899149021715686,16
28,0.68722339297276724,0.0036971133999999998,17400.000000148571,0.025325073329656268,0.00058844158659892892,16
28,0.68722339297276724,0.0036971133999999998,17500.000000132564,0.024172658170897664,0.00061769862942471945,16
28,0.68722339297276724,0.0036971133999999998,17600.000000116557,0.025090458271793376,0.00044520102952398839,16
28,0.68722339297276724,0.0036971133999999998,17700.00000010055,0.02585145366581424,0.00038949245599592138,16
28,0.68722339297276724,0.0036971133999999998,17800.000000084543,0.025130426404004168,0.00051948936000450032,16
28,0.68722339297276724,0.0036971133999999998,17900.000000068536,0.025597692881771397,0.00050402094108847081,16
28,0.68722339297276724,0.0036971133999999998,18000.000000052529,0.025674560336372679,0.00051124952934897239,16
28,0.68722339297276724,0.0036971133999999998,18100.000000036522,0.025197853326913884,0.00056796435515704604,16
28,0.68722339297276724,0.0036971133999999998,18200.000000020515,0.025219492859235366,0.00027007856538685418,16
28,0.68722339297276724,0.0036971133999999998,18300.000000004507,0.025088879806273393,0.00039510047054496796,16
28,0.68722339297276724,0.0036971133999999998,18399.9999999885,0.025536800037285052,0.0003673820326363644,16
28,0.68722339297276724,0.0036971133999999998,18499.999999972493,0.025059061302271073,0.00055555776114929391,16
28,0.68722339297276724,0.0036971133999999998,18599.999999956486,0.024825166565305961,0.00041131530351504485,16
28,0.68722339297276724,0.0036971133999999998,18699.999999940479,0.026091645990916183,0.00045321338063896886,16
28,0.68722339297276724,0.0036971133999999998,18799.999999924472,0.025065561688586705,0.0003908587204213465,16
28,0.68722339297276724,0.0036971133999999998,18899.999999908465,0.025061082698491964,0.00044008602072963048,16
28,0.68722339297276724,0.0036971133999999998,18999.999999892458,0.025049020645361381,0.00031226161551672069,16
28,0.68722339297276724,0.0036971133999999998,19099.999999876451,0.025100532853964651,0.00071128614036207547,16
28,0.68722339297276724,0.0036971133999999998,19199.999999860443,0.024610039222839445,0.00029339960179128126,16
28,0.68722339297276724,0.0036971133999999998,19299.999999844436,0.025389745743949088,0.00041761065859088149,16
28,0.68722339297276724,0.0036971133999999998,19399.999999828429,0.024731366080485793,0.00054744499931526022,16
28,0.68722339297276724,0.0036971133999999998,19499.999999812422,0.02581431548151622,0.00042878102470167906,16
28,0.68722339297276724,0.0036971133999999998,19599.999999796415,0.024794379492532385,0.00052657969889499288,16
28,0.68722339297276724,0.0036971133999999998,19699.999999780408,0.025161872892325195,0.00046494260685825287,16
28,0.68722339297276724,0.0036971133999999998,19799.999999764401,0.025158001894382897,0.00060502024407099123,16
28,0.68722339297276724,0.0036971133999999998,19899.999999748394,0.02469081614128308,0.00044005792810553523,16
28,0.68722339297276724,0.0036971133999999998,19999.999999732387,0.024828588475809755,0.00060030139049004516,16
28,0.68722339297276724,0.0036971133999999998,20099.99999971638,0.02411696792896157,0.00042850593892628815,16
28,0.68722339297276724,0.0036971133999999998,20199.999999700372,0.024852663917282032,0.00047747998418123635,16
28,0.68722339297276724,0.0036971133999999998,20299.999999684365,0.025134784654231076,0.00046327997122544326,16
28,0.68722339297276724,0.0036971133999999998,20399.999999668358,0.025417045380359743,0.00046351323804433769,16
28,0.68722339297276724,0.0036971133999999998,20499.999999652351,0.025525830111340582,0.00040410015614341266,16
28,0.68722339297276724,0.0036971133999999998,20599.999999636344,0.025361475658426544,0.00053880381420444326,16
28,0.68722339297276724,0.0036971133999999998,20699.999999620337,0.024750467911188408,0.00056358370356159536,16
28,0.68722339297276724,0.0036971133999999998,20799.99999960433,0.024456028162645096,0.00035198591192033398,16
28,0.68722339297276724,0.0036971133999999998,20899.999999588323,0.025393058732959876,0.0004987771110325994,16
28,0.68722339297276724,0.0036971133999999998,20999.999999572316,0.025106932738239812,0.00051153169383060611,16
28,0.68722339297276724,0.0036971133999999998,21099.999999556308,0.024974138030151902,0.00061958111841072211,16
28,0.68722339297276724,0.0036971133999999998,21199.999999540301,0.025054152864258796,0.00030951762128033288,16
28,0.68722339297276724,0.0036971133999999998,21299.999999524294,0.024541839305491853,0.00045791580579449752,16
28,0.68722339297276724,0.0036971133999999998,21399.999999508287,0.025393094818512683,0.00040397789086550617,16
28,0.68722339297276724,0.0036971133999999998,21499.99999949228,0.024850250634656946,0.00074327427725469895,16
28,0.68722339297276724,0.0036971133999999998,21599.999999476273,0.026306906669064819,0.00041475486186725636,16
28,0.68722339297276724,0.0036971133999999998,21699.999999460266,0.024839648551662982,0.00047245979791551659,16
28,0.68722339297276724,0.0036971133999999998,21799.999999444259,0.025992859069546799,0.00054490816934097352,16
28,0.68722339297276724,0.0036971133999999998,21899.999999428252,0.025438994636882734,0.00046149732758196058,16
28,0.68722339297276724,0.0036971133999999998,21999.999999412245,0.024703694142193644,0.00038803641261888114,16
28,0.68722339297276724,0.0036971133999999998,22099.999999396237,0.025370751942098767,0.00059935704190013995,16
28,0.68722339297276724,0.0036971133999999998,22199.99999938023,0.025095159781231627,0.00049330678846665145,16
28,0.68722339297276724,0.0036971133999999998,22299.999999364223,0.025344826289170827,0.00045740368611053264,16
28,0.68722339297276724,0.0036971133999999998,22399.999999348216,0.02575627915783036,0.00049217131014493286,16
28,0.68722339297276724,0.0036971133999999998,22499.999999332209,0.025219501535841318,0.00064491074940756417,16
28,0.68722339297276724,0.0036971133999999998,22599.999999316202,0.024470620591439882,0.00042225770174799288,16
28,0.68722339297276724,0.0036971133999999998,22699.999999300195,0.024800368654524459,0.00045595803699486389,16
28,0.68722339297276724,0.0036971133999999998,22799.999999284188,0.024800391096003106,0.00043849351583687021,16
28,0.68722339297276724,0.0036971133999999998,22899.999999268181,0.024317437309303233,0.00041549497252413981,16
28,0.68722339297276724,0.0036971133999999998,22999.999999252173,0.024629057015956513,0.00049410902191577481,16
28,0.68722339297276724,0.0036971133999999998,23099.999999236166,0.026102559976166045,0.00057400612775795955,16
28,0.68722339297276724,0.0036971133999999998,23199.999999220159,0.025622132276450407,0.00037360416040564085,16
28,0.68722339297276724,0.0036971133999999998,23299.999999204152,0.02499057757064432,0.00043650489112408641,16
28,0.68722339297276724,0.0036971133999999998,23399.999999188145,0.024285228002301016,0.00056039133622372977,16
28,0.68722339297276724,0.0036971133999999998,23499.999999172138,0.025515644764329395,0.0005003225347294237,16
28,0.68722339297276724,0.0036971133999999998,23599.999999156131,0.024528746908486256,0.00053360831405579513,16
28,0.68722339297276724,0.0036971133999999998,23699.999999140124,0.025435646581302613,0.00049091602154683917,16
28,0.68722339297276724,0.0036971133999999998,23799.999999124117,0.024062820428904931,0.00058523028467970392,16
28,0.68722339297276724,0.0036971133999999998,23899.999999108109,0.025938953132421314,0.00057001547694827915,16
28,0.68722339297276724,0.0036971133999999998,23999.999999092102,0.025590752238545712,0.00053634822157302411,16
28,0.68722339297276724,0.0036971133999999998,24099.999999076095,0.026451171884712875,0.0003995953531524226,16
28,0.68722339297276724,0.0036971133999999998,24199.999999060088,0.025750288038894627,0.00042039961326019399,16
28,0.68722339297276724,0.0036971133999999998,24299.999999044081,0.02557537431135996,0.00052214114630648944,16
28,0.68722339297276724,0.0036971133999999998,24399.999999028074,0.024731394534855337,0.00064548275297510356,16
28,0.68722339297276724,0.0036971133999999998,24499.999999012067,0.02505678382984599,0.00031259256291450705,16
28,0.68722339297276724,0.0036971133999999998,24599.99999899606,0.024736217438382758,0.00052014968130192365,16
28,0.68722339297276724,0.0036971133999999998,24699.999998980053,0.024727742420027152,0.00055591271410878034,16
28,0.68722339297276724,0.0036971133999999998,24799.999998964046,0.0252306275913757,0.00043022466473880734,16
28,0.68722339297276724,0.0036971133999999998,24899.999998948038,0.024606714054541012,0.00065633386261506319,16
28,0.68722339297276724,0.0036971133999999998,24999.999998932031,0.025367450475230899,0.0004406981381021063,16
28,0.68722339297276724,0.0036971133999999998,25099.999998916024,0.024616911199023279,0.0004462915734725981,16
28,0.68722339297276724,0.0036971133999999998,25199.999998900017,0.024365719963501453,0.00071007129915379695,16
28,0.68722339297276724,0.0036971133999999998,25299.99999888401,0.024007591705398144,0.00056157229903306067,16
28,0.68722339297276724,0.0036971133999999998,25399.999998868003,0.024892583503074179,0.00059486487097773282,16
28,0.68722339297276724,0.0036971133999999998,25499.999998851996,0.025165227291085682,0.00052483333404057726,16
28,0.68722339297276724,0.0036971133999999998,25599.999998835989,0.024892199482835782,0.00064089650898862985,16
28,0.68722339297276724,0.0036971133999999998,25699.999998819982,0.0254982626592688,0.00057044691623049041,16
28,0.68722339297276724,0.0036971133999999998,25799.999998803974,0.025327819261954182,0.00043482470662135192,16
28,0.68722339297276724,0.0036971133999999998,25899.999998787967,0.024703166371099212,0.00043130289172406183,16
28,0.68722339297276724,0.0036971133999999998,25999.99999877196,0.025216712572947379,0.00041077335958928643,16
28,0.68722339297276724,0.0036971133999999998,26099.999998755953,0.024961986061614976,0.0005411637561894059,16
28,0.68722339297276724,0.0036971133999999998,26199.999998739946,0.024372959105102253,0.00064192731670034882,16
28,0.68722339297276724,0.0036971133999999998,26299.999998723939,0.025143860479598778,0.00047561912687442464,16
28,0.68722339297276724,0.0036971133999999998,26399.999998707932,0.025608405441279326,0.00048922943876154542,16
28,0.68722339297276724,0.0036971133999999998,26499.999998691925,0.025041896381768347,0.00044742925492820002,16
28,0.68722339297276724,0.0036971133999999998,26599.999998675918,0.025340256956509141,0.00052463114104774338,16
28,0.68722339297276724,0.0036971133999999998,26699.99999865991,0.025803893464725999,0.00060481017815479116,16
28,0.68722339297276724,0.0036971133999999998,26799.999998643903,0.025102417675441527,0.00037683780792360696,16
28,0.68722339297276724,0.0036971133999999998,26899.999998627896,0.025316381798509535,0.00038520083536227494,16
28,0.68722339297276724,0.0036971133999999998,26999.999998611889,0.025852777485166834,0.00036811251305166878,16
28,0.68722339297276724,0.0036971133999999998,27099.999998595882,0.025090804597463271,0.0004860621651096582,16
28,0.68722339297276724,0.0036971133999999998,27199.999998579875,0.025319094407124293,0.00038897385358991731,16
28,0.68722339297276724,0.0036971133999999998,27299.999998563868,0.024258955951087794,0.00052309181448501475,16
28,0.68722339297276724,0.0036971133999999998,27399.999998547861,0.02488598741735365,0.00052902021450895482,16
28,0.68722339297276724,0.0036971133999999998,27499.999998531854,0.024922767264523416,0.00031536424797986776,16
28,0.68722339297276724,0.0036971133999999998,27599.999998515847,0.025038024978668735,0.0006154307947904518,16
28,0.68722339297276724,0.0036971133999999998,27699.999998499839,0.025263457425457249,0.00051868238306918034,16
28,0.68722339297276724,0.0036971133999999998,27799.999998483832,0.025789594315658852,0.00039429595248265012,16
28,0.68722339297276724,0.0036971133999999998,27899.999998467825,0.024588274371664869,0.00048273423370625044,16
28,0.68722339297276724,0.0036971133999999998,27999.999998451818,0.025353105098965965,0.000321149285406562,16
28,0.68722339297276724,0.0036971133999999998,28099.999998435811,0.024463698041171308,0.00063101241863306563,16
28,0.68722339297276724,0.0036971133999999998,28199.999998419804,0.025060999783215115,0.00051903731619827695,16
28,0.68722339297276724,0.0036971133999999998,28299.999998403797,0.025009640926579011,0.00048466330181135231,16
28,0.68722339297276724,0.0036971133999999998,28399.99999838779,0.025334034588822968,0.00043916002499105677,16
28,0.68722339297276724,0.0036971133999999998,28499.999998371783,0.024642683641964959,0.00044124691420454227,16
28,0.68722339297276724,0.0036971133999999998,28599.999998355775,0.024549163615756688,0.00063875923448033687,16
28,0.68722339297276724,0.0036971133999999998,28699.999998339768,0.02514128669983821,0.00064738636655032591,16
28,0.68722339297276724,0.0036971133999999998,28799.999998323761,0.024367137196110774,0.00042171994295709623,16
28,0.68722339297276724,0.0036971133999999998,28899.999998307754,0.025229433075337357,0.00043542132201022037,16
28,0.68722339297276724,0.0036971133999999998,28999.999998291747,0.024633866297127729,0.00061363801505543607,16
28,0.68722339297276724,0.0036971133999999998,29099.99999827574,0.025014139723089183,0.00049562787121687306,16
28,0.68722339297276724,0.0036971133999999998,29199.999998259733,0.026077249798947093,0.00028972599666386191,16
28,0.68722339297276724,0.0036971133999999998,29299.999998243726,0.025317357211991194,0.00042481069371381753,16
28,0.68722339297276724,0.0036971133999999998,29399.999998227719,0.02551076533080792,0.00052615590338409967,16
28,0.68722339297276724,0.0036971133999999998,29499.999998211711,0.024973230525967255,0.00052547815560171664,16
28,0.68722339297276724,0.0036971133999999998,29599.999998195704,0.025485903142895287,0.00050195304940459497,16
28,0.68722339297276724,0.0036971133999999998,29699.999998179697,0.025585717428939701,0.00051793662711168017,16
28,0.68722339297276724,0.0036971133999999998,29799.99999816369,0.024537802076607572,0.00051487496325717662,16
28,0.68722339297276724,0.0036971133999999998,29899.999998147683,0.024745860683572943,0.0004495098114779519,16
28,0.68722339297276724,0.0036971133999999998,29999.999998131676,0.024391950291183771,0.00038621610416549805,16
28,0.68722339297276724,0.0036971133999999998,30099.999998115669,0.024514443266885552,0.00036073031675233798,16
28,0.68722339297276724,0.0036971133999999998,30199.999998099662,0.025914006908945089,0.00044345811954283736,16
28,0.68722339297276724,0.0036971133999999998,30299.999998083655,0.024350914837057227,0.00043769543920332073,16
28,0.68722339297276724,0.0036971133999999998,30399.999998067648,0.025421786445536259,0.00052137673468334166,16
28,0.68722339297276724,0.0036971133999999998,30499.99999805164,0.025340822078001646,0.00061815032777036536,16
28,0.68722339297276724,0.0036971133999999998,30599.999998035633,0.02535961113865379,0.00058497171681440481,16
28,0.68722339297276724,0.0036971133999999998,30699.999998019626,0.025215111716734288,0.00056861624560742153,16
28,0.68722339297276724,0.0036971133999999998,30799.999998003619,0.025629882268756381,0.00052229934569418654,16
28,0.68722339297276724,0.0036971133999999998,30899.999997987612,0.024848115599164285,0.00051297660150819878,16
28,0.68722339297276724,0.0036971133999999998,30999.999997971605,0.025751663625038355,0.00056326717789598733,16
28,0.68722339297276724,0.0036971133999999998,31099.999997955598,0.025540940057903382,0.00045135898369196259,16
28,0.68722339297276724,0.0036971133999999998,31199.999997939591,0.025448641053087806,0.00039941571782946674,16
28,0.68722339297276724,0.0036971133999999998,31299.999997923584,0.025122728760666495,0.00053323075887905962,16
28,0.68722339297276724,0.0036971133999999998,31399.999997907576,0.024822703620508133,0.00040716621758754394,16
28,0.68722339297276724,0.0036971133999999998,31499.999997891569,0.025189801036536581,0.00042827015848601426,16
28,0.68722339297276724,0.0036971133999999998,31599.999997875562,0.024898582199291752,0.00041479486494544292,16
28,0.68722339297276724,0.0036971133999999998,31699.999997859555,0.025977480777680299,0.00061025292710586683,16
28,0.68722339297276724,0.0036971133999999998,31799.999997843548,0.025108328527657136,0.00048662789265546864,16
28,0.68722339297276724,0.0036971133999999998,31899.999997827541,0.024812834728326304,0.00029625628621663205,16
28,0.68722339297276724,0.0036971133999999998,31999.999997811534,0.025610021140956674,0.00046289582760257778,16
28,0.68722339297276724,0.0036971133999999998,32099.999997795527,0.024843017485268609,0.00047843833775314677,16
28,0.68722339297276724,0.0036971133999999998,32199.99999777952,0.02461443355422778,0.00046624449348838751,16
28,0.68722339297276724,0.0036971133999999998,32299.999997763513,0.025970848277179142,0.00050574249440736888,16
28,0.68722339297276724,0.0036971133999999998,32399.999997747505,0.023881720528975126,0.00039393184545451188,16
28,0.68722339297276724,0.0036971133999999998,32499.999997731498,0.025441292064373334,0.0003239836702723808,16
28,0.68722339297276724,0.0036971133999999998,32599.999997715491,0.025061468237906892,0.00051664530632396428,16
28,0.68722339297276724,0.0036971133999999998,32699.999997699484,0.024904532156728467,0.00040463032497647678,16
28,0.68722339297276724,0.0036971133999999998,32799.999997695115,0.025187133501811117,0.00055588329483502745,16
28,0.68722339297276724,0.0036971133999999998,32899.999997715488,0.025565465473833246,0.00051223769118453498,16
28,0.68722339297276724,0.0036971133999999998,32999.99999773586,0.024742577810127245,0.00057322439081890512,16
28,0.68722339297276724,0.0036971133999999998,33099.999997756233,0.025116134315475325,0.00045303885577610797,16
28,0.68722339297276724,0.0036971133999999998,33199.999997776606,0.025555029913882601,0.00051467637521429154,16
28,0.68722339297276724,0.0036971133999999998,33299.999997796978,0.025645705453543242,0.00058301985592288264,16
28,0.68722339297276724,0.0036971133999999998,33399.999997817351,0.025183319929693214,0.00048369236906429093,16
28,0.68722339297276724,0.0036971133999999998,33499.999997837724,0.02550175780221578,0.00045068186637180484,16
28,0.68722339297276724,0.0036971133999999998,33599.999997858096,0.025023023648987168,0.0004833807450586594,16
28,0.68722339297276724,0.0036971133999999998,33699.999997878469,0.02574082364384463,0.00049531213473571827,16
28,0.68722339297276724,0.0036971133999999998,33799.999997898842,0.02485022384827875,0.00042068208276517576,16
28,0.68722339297276724,0.0036971133999999998,33899.999997919214,0.024573851483230935,0.00037884432260490317,16
28,0.68722339297276724,0.0036971133999999998,33999.999997939587,0.025431776864911847,0.00037383204397263846,16
28,0.68722339297276724,0.0036971133999999998,34099.99999795996,0.025500943047871278,0.00056351144531609242,16
28,0.68722339297276724,0.0036971133999999998,34199.999997980332,0.025432217751364901,0.00038788995827871889,16
28,0.68722339297276724,0.0036971133999999998,34299.999998000705,0.025000462111798086,0.00055641425272793838,16
28,0.68722339297276724,0.0036971133999999998,34399.999998021078,0.025217013025395443,0.00042932687653410539,16
28,0.68722339297276724,0.0036971133999999998,34499.99999804145,0.024630399833780885,0.00039874125713983745,16
28,0.68722339297276724,0.0036971133999999998,34599.999998061823,0.02518946343288964,0.00043225534938201224,16
28,0.68722339297276724,0.0036971133999999998,34699.999998082196,0.02481896897877699,0.00060729240326104993,16
28,0.68722339297276724,0.0036971133999999998,34799.999998102568,0.025044441572588082,0.00049989630563234647,16
28,0.68722339297276724,0.0036971133999999998,34899.999998122941,0.025069366672699159,0.00046282110302323174,16
28,0.68722339297276724,0.0036971133999999998,34999.999998143314,0.024335582621833662,0.00060873159391923925,16
28,0.68722339297276724,0.0036971133999999998,35099.999998163687,0.025417061921192901,0.00060461012255244259,16
28,0.68722339297276724,0.0036971133999999998,35199.999998184059,0.024547038515762558,0.00051777175030461356,16
28,0.68722339297276724,0.0036971133999999998,35299.999998204432,0.02601031793572749,0.00047938261840331059,16
28,0.68722339297276724,0.0036971133999999998,35399.999998224805,0.025132277942404056,0.00049481530571663854,16
28,0.68722339297276724,0.0036971133999999998,35499.999998245177,0.024399814817677744,0.00052667459189172474,16
28,0.68722339297276724,0.0036971133999999998,35599.99999826555,0.025923973340893948,0.00038259598978489869,16
28,0.68722339297276724,0.0036971133999999998,35699.999998285923,0.024731003931769663,0.00042206078860079164,16
28,0.68722339297276724,0.0036971133999999998,35799.999998306295,0.024632810805579653,0.00055625715810673582,16
28,0.68722339297276724,0.0036971133999999998,35899.999998326668,0.024356648469378066,0.00058649920631480214,16
28,0.68722339297276724,0.0036971133999999998,35999.999998347041,0.025125039616558851,0.00041684562738307604,16
28,0.68722339297276724,0.0036971133999999998,36099.999998367413,0.025620506729662994,0.00040359381307858823,16
28,0.68722339297276724,0.0036971133999999998,36199.999998387786,0.025198953122023512,0.00037345682088900855,16
28,0.68722339297276724,0.0036971133999999998,36299.999998408159,0.025126903590291468,0.00044790670659798957,16
28,0.68722339297276724,0.0036971133999999998,36399.999998428531,0.025449017529249909,0.00057645407681664864,16
28,0.68722339297276724,0.0036971133999999998,36499.999998448904,0.024478176631213162,0.0004472965360542873,16
28,0.68722339297276724,0.0036971133999999998,36599.999998469277,0.024230598067376895,0.00058918217320513453,16
28,0.68722339297276724,0.0036971133999999998,36699.999998489649,0.025515652568569806,0.00044353007430189415,16
28,0.68722339297276724,0.0036971133999999998,36799.999998510022,0.025322745397486884,0.00036920148649750812,16
28,0.68722339297276724,0.0036971133999999998,36899.999998530395,0.024588724324501054,0.00056780407018812852,16
28,0.68722339297276724,0.0036971133999999998,36999.999998550767,0.024981877304407797,0.00040945961579936152,16
28,0.68722339297276724,0.0036971133999999998,37099.99999857114,0.02553482529111167,0.00043674175439113456,16
28,0.68722339297276724,0.0036971133999999998,37199.999998591513,0.025372802157588394,0.00050002805917748736,16
28,0.68722339297276724,0.0036971133999999998,37299.999998611886,0.025414412737940185,0.00051030487307433142,16
28,0.68722339297276724,0.0036971133999999998,37399.999998632258,0.025705376620862024,0.00026797078951172946,16
28,0.68722339297276724,0.0036971133999999998,37499.999998652631,0.024863138320036587,0.00049823638765630635,16
28,0.68722339297276724,0.0036971133999999998,37599.999998673004,0.024932916062219087,0.00036439641399930843,16
28,0.68722339297276724,0.0036971133999999998,37699.999998693376,0.025507684632564948,0.0005272175092502602,16
28,0.68722339297276724,0.0036971133999999998,37799.999998713749,0.024958942549386062,0.0005506130285895329,16
28,0.68722339297276724,0.0036971133999999998,37899.999998734122,0.024550506432232128,0.00038021296863864038,16
28,0.68722339297276724,0.0036971133999999998,37999.999998754494,0.025969000838077481,0.00058216391359903932,16
28,0.68722339297276724,0.0036971133999999998,38099.999998774867,0.025755719267216301,0.00042142156117301962,16
28,0.68722339297276724,0.0036971133999999998,38199.99999879524,0.025234824516986082,0.00033432771615304852,16
28,0.68722339297276724,0.0036971133999999998,38299.999998815612,0.024041902469793271,0.00038212477736313959,16
28,0.68722339297276724,0.0036971133999999998,38399.999998835985,0.024345234793141102,0.00057191855608149632,16
28,0.68722339297276724,0.0036971133999999998,38499.999998856358,0.025245489808750719,0.00047231120937474036,16
28,0.68722339297276724,0.0036971133999999998,38599.99999887673,0.024902335860860665,0.00045170800743861943,16
28,0.68722339297276724,0.0036971133999999998,38699.999998897103,0.024486645644337713,0.00054119170849424646,16
28,0.68722339297276724,0.0036971133999999998,38799.999998917476,0.024214447548810657,0.00034382929857535674,16
28,0.68722339297276724,0.0036971133999999998,38899.999998937848,0.025080066307186372,0.00046949315335938956,16
28,0.68722339297276724,0.0036971133999999998,38999.999998958221,0.025208644208909795,0.00050154081253848276,16
28,0.68722339297276724,0.0036971133999999998,39099.999998978594,0.024861316792806173,0.00038632652872239653,16
28,0.68722339297276724,0.0036971133999999998,39199.999998998966,0.024517105469644782,0.00033908143777466876,16
28,0.68722339297276724,0.0036971133999999998,39299.999999019339,0.025229149660838595,0.00038664434192815648,16
28,0.68722339297276724,0.0036971133999999998,39399.999999039712,0.025592149301681324,0.00046459338972505991,16
28,0.68722339297276724,0.0036971133999999998,39499.999999060085,0.025100565644720761,0.00044328396707464648,16
28,0.68722339297276724,0.0036971133999999998,39599.999999080457,0.02578856208099807,0.00058594866188824114,16
28,0.68722339297276724,0.0036971133999999998,39699.99999910083,0.025408660686583324,0.00044075116674071002,16
28,0.68722339297276724,0.0036971133999999998,39799.999999121203,0.024899840280920592,0.00051576817420996557,16
28,0.68722339297276724,0.0036971133999999998,39899.999999141575,0.025346227470074069,0.00061780840556486529,16
28,0.68722339297276724,0.0036971133999999998,39999.999999161948,0.024900459957625375,0.00054185952235771329,16
28,0.68722339297276724,0.0036971133999999998,40099.999999182321,0.024898629841348646,0.00046196093841473429,16
28,0.68722339297276724,0.0036971133999999998,40199.999999202693,0.024120279960018243,0.00049132791766131766,16
28,0.68722339297276724,0.0036971133999999998,40299.999999223066,0.024613400487169153,0.00048580251288923837,16
28,0.68722339297276724,0.0036971133999999998,40399.999999243439,0.025995694354122433,0.00074415500257383983,16
28,0.68722339297276724,0.0036971133999999998,40499.999999263811,0.025699425657922898,0.00050530184140115534,16
28,0.68722339297276724,0.0036971133999999998,40599.999999284184,0.024837512232526462,0.00060036097870160368,16
28,0.68722339297276724,0.0036971133999999998,40699.999999304557,0.024837349898928291,0.00062730067515277593,16
28,0.68722339297276724,0.0036971133999999998,40799.999999324929,0.025353981723331798,0.00033567628399213312,16
28,0.68722339297276724,0.0036971133999999998,40899.999999345302,0.025332054966118799,0.00042774754397466086,16
28,0.68722339297276724,0.0036971133999999998,40999.999999365675,0.024542099432871636,0.00046562367761396588,16
28,0.68722339297276724,0.0036971133999999998,41099.999999386047,0.023932610171524153,0.0005413356526204671,16
28,0.68722339297276724,0.0036971133999999998,41199.99999940642,0.024346542070491774,0.00043466389822674408,16
28,0.68722339297276724,0.0036971133999999998,41299.999999426793,0.026016254691786346,0.0006261273305886993,16
28,0.68722339297276724,0.0036971133999999998,41399.999999447165,0.025211709316287169,0.0004694000452537037,16
28,0.68722339297276724,0.0036971133999999998,41499.999999467538,0.024820434775619959,0.00042138881669730193,16
28,0.68722339297276724,0.0036971133999999998,41599.999999487911,0.025148330309978064,0.00043172107022969411,16
28,0.68722339297276724,0.0036971133999999998,41699.999999508284,0.025940240985446547,0.00035035312635117526,16
28,0.68722339297276724,0.0036971133999999998,41799.999999528656,0.025404728419477399,0.00041758186606348475,16
28,0.68722339297276724,0.0036971133999999998,41899.999999549029,0.026009232100822559,0.00048720474858985995,16
28,0.68722339297276724,0.0036971133999999998,41999.999999569402,0.025362363028232117,0.00048257996120749415,16
28,0.68722339297276724,0.0036971133999999998,42099.999999589774,0.024598828774877804,0.00074943062374306147,16
28,0.68722339297276724,0.0036971133999999998,42199.999999610147,0.024959788767784003,0.00048400603823867057,16
28,0.68722339297276724,0.0036971133999999998,42299.99999963052,0.02446387524182381,0.00043568175741934918,16
28,0.68722339297276724,0.0036971133999999998,42399.999999650892,0.025477774734192913,0.00038438595100137498,16
28,0.68722339297276724,0.0036971133999999998,42499.999999671265,0.025304731194649908,0.00039349215734804649,16
28,0.68722339297276724,0.0036971133999999998,42599.999999691638,0.024707959904165595,0.0004349320255801198,16
28,0.68722339297276724,0.0036971133999999998,42699.99999971201,0.025316611233755872,0.00059330423866810764,16
28,0.68722339297276724,0.0036971133999999998,42799.999999732383,0.025571033439587363,0.00050950013602932005,16
28,0.68722339297276724,0.0036971133999999998,42899.999999752756,0.025323071080798423,0.00027490973302903796,16
28,0.68722339297276724,0.0036971133999999998,42999.999999773128,0.025198709491465531,0.00045711211081770915,16
28,0.68722339297276724,0.0036971133999999998,43099.999999793501,0.024673266703494255,0.00047060142304938796,16
28,0.68722339297276724,0.0036971133999999998,43199.999999813874,0.025055740300264227,0.00055848622033540657,16
28,0.68722339297276724,0.0036971133999999998,43299.999999834246,0.025387033031781553,0.00040556651547559109,16
28,0.68722339297276724,0.0036971133999999998,43399.999999854619,0.024843218347747085,0.00053862089322715833,16
28,0.68722339297276724,0.0036971133999999998,43499.999999874992,0.025303067462353591,0.00040277412020788141,16
28,0.68722339297276724,0.0036971133999999998,43599.999999895364,0.025241669238479546,0.00042223954401670449,16
28,0.68722339297276724,0.0036971133999999998,43699.999999915737,0.024831904698164094,0.00051676995140066239,16
28,0.68722339297276724,0.0036971133999999998,43799.99999993611,0.02514914391759536,0.00044041583483575856,16
28,0.68722339297276724,0.0036971133999999998,43899.999999956482,0.024832780492059142,0.00059254846614804717,16
28,0.68722339297276724,0.0036971133999999998,43999.999999976855,0.025285361375508242,0.00026125988584659748,16
28,0.68722339297276724,0.0036971133999999998,44099.999999997228,0.026292180058500071,0.00047361536490304678,16
28,0.68722339297276724,0.0036971133999999998,44200.000000017601,0.02478591354536748,0.00042684591373999488,16
28,0.68722339297276724,0.0036971133999999998,44300.000000037973,0.025020495465679422,0.00040610236934516744,16
28,0.68722339297276724,0.0036971133999999998,44400.000000058346,0.025408849487482062,0.00042439584613316412,16
28,0.68722339297276724,0.0036971133999999998,44500.000000078719,0.025175991448566491,0.00057263177662572563,16
28,0.68722339297276724,0.0036971133999999998,44600.000000099091,0.024874236638820182,0.00052990644220975223,16
28,0.68722339297276724,0.0036971133999999998,44700.000000119464,0.02461766599166151,0.00040239892269560129,16
28,0.68722339297276724,0.0036971133999999998,44800.000000139837,0.025578259225063921,0.0005164777661453505,16
28,0.68722339297276724,0.0036971133999999998,44900.000000160209,0.024987339415610273,0.00043389705507259171,16
28,0.68722339297276724,0.0036971133999999998,45000.000000180582,0.024379895330348338,0.00052953390757713909,16
28,0.68722339297276724,0.0036971133999999998,45100.000000200955,0.02499759832698362,0.00063345159625628701,16
28,0.68722339297276724,0.0036971133999999998,45200.000000221327,0.024264311948188642,0.00054683204099407903,16
28,0.68722339297276724,0.0036971133999999998,45300.0000002417,0.025183295375454683,0.00051344045583933892,16
28,0.68722339297276724,0.0036971133999999998,45400.000000262073,0.024950649583414489,0.0005855083524969562,16
28,0.68722339297276724,0.0036971133999999998,45500.000000282445,0.024935778636499359,0.00038188992205801686,16
28,0.68722339297276724,0.0036971133999999998,45600.000000302818,0.024461176737750182,0.00046290138813445442,16
28,0.68722339297276724,0.0036971133999999998,45700.000000323191,0.02541034601867451,0.00054650753633866663,16
28,0.68722339297276724,0.0036971133999999998,45800.000000343563,0.024777409142201865,0.00034254785800159806,16
28,0.68722339297276724,0.0036971133999999998,45900.000000363936,0.026351497262461759,0.00057088079075738943,16
28,0.68722339297276724,0.0036971133999999998,46000.000000384309,0.025257424267653095,0.00045509612189737695,16
28,0.68722339297276724,0.0036971133999999998,46100.000000404681,0.024691631802848103,0.0005697192975190052,16
28,0.68722339297276724,0.0036971133999999998,46200.000000425054,0.025629145385355875,0.00056706623102702961,16
28,0.68722339297276724,0.0036971133999999998,46300.000000445427,0.025316834567502725,0.00048547029145994174,16
28,0.68722339297276724,0.0036971133999999998,46400.0000004658,0.024903158688221898,0.00053397699788669919,16
28,0.68722339297276724,0.0036971133999999998,46500.000000486172,0.024414934830966354,0.00040221075390369139,16
28,0.68722339297276724,0.0036971133999999998,46600.000000506545,0.025209851929332283,0.00059238966307628856,16
28,0.68722339297276724,0.0036971133999999998,46700.000000526918,0.025484679442861913,0.0004615493169274235,16
28,0.68722339297276724,0.0036971133999999998,46800.00000054729,0.025979287733039716,0.00039548014072988996,16
28,0.68722339297276724,0.0036971133999999998,46900.000000567663,0.025135063324435856,0.000445842586273944,16
28,0.68722339297276724,0.0036971133999999998,47000.000000588036,0.024355819249360981,0.00064152836779095301,16
28,0.68722339297276724,0.0036971133999999998,47100.000000608408,0.025763112417974188,0.00050638380685823399,16
28,0.68722339297276724,0.0036971133999999998,47200.000000628781,0.025629368953390932,0.000574014751974706,16
28,0.68722339297276724,0.0036971133999999998,47300.000000649154,0.025617938770038005,0.00060174674975920666,16
28,0.68722339297276724,0.0036971133999999998,47400.000000669526,0.024938174351237359,0.00031162943133487581,16
28,0.68722339297276724,0.0036971133999999998,47500.000000689899,0.025476139683636767,0.0005813104530507069,16
28,0.68722339297276724,0.0036971133999999998,47600.000000710272,0.02509948953439451,0.00055543650819594992,16
28,0.68722339297276724,0.0036971133999999998,47700.000000730644,0.024958714911098766,0.00058125197890089879,16
28,0.68722339297276724,0.0036971133999999998,47800.000000751017,0.02456128356513522,0.00059902587953093896,16
28,0.68722339297276724,0.0036971133999999998,47900.00000077139,0.025292862960748785,0.00044104998340621448,16
28,0.68722339297276724,0.0036971133999999998,48000.000000791762,0.024463808329443452,0.0005420749098831426,16
28,0.68722339297276724,0.0036971133999999998,48100.000000812135,0.02498933030998567,0.00050107896088222444,16
28,0.68722339297276724,0.0036971133999999998,48200.000000832508,0.025609819479802971,0.00042078741917218562,16
28,0.68722339297276724,0.0036971133999999998,48300.00000085288,0.025128436308822617,0.00031278213462594098,16
28,0.68722339297276724,0.0036971133999999998,48400.000000873253,0.024969171989959623,0.00040657349430478441,16
28,0.68722339297276724,0.0036971133999999998,48500.000000893626,0.024983049460482378,0.00056220454887812119,16
28,0.68722339297276724,0.0036971133999999998,48600.000000913999,0.025075365999105769,0.00058530489916312116,16
28,0.68722339297276724,0.0036971133999999998,48700.000000934371,0.025287045203909557,0.00047263292186079848,16
28,0.68722339297276724,0.0036971133999999998,48800.000000954744,0.02555550867142185,0.00065731158514188075,16
28,0.68722339297276724,0.0036971133999999998,48900.000000975117,0.025212514294557072,0.00059481198952358297,16
28,0.68722339297276724,0.0036971133999999998,49000.000000995489,0.023629907578801203,0.00059031055048766482,16
28,0.68722339297276724,0.0036971133999999998,49100.000001015862,0.025265585758927969,0.00046016824124683236,16
28,0.68722339297276724,0.0036971133999999998,49200.000001036235,0.024160149477513083,0.00049029899795879537,16
28,0.68722339297276724,0.0036971133999999998,49300.000001056607,0.025332531183204297,0.00038893784764416754,16
28,0.68722339297276724,0.0036971133999999998,49400.00000107698,0.025517077594858616,0.00056710447633822475,16
28,0.68722339297276724,0.0036971133999999998,49500.000001097353,0.02493088966592346,0.00057821771781153451,16
28,0.68722339297276724,0.0036971133999999998,49600.000001117725,0.024553845729496242,0.00044396712485644579,16
28,0.68722339297276724,0.0036971133999999998,49700.000001138098,0.025637270618092588,0.00062853464984081932,16
28,0.68722339297276724,0.0036971133999999998,49800.000001158471,0.024424863815849178,0.00062177563242465732,16
28,0.68722339297276724,0.0036971133999999998,49900.000001178843,0.025506326549519585,0.000395341981774056,16
28,0.68722339297276724,0.0036971133999999998,50000.000001199216,0.024092262900946328,0.00043772085681630275,16
32,0.78539816339744828,0.0046962310000000004,100.00000000001425,0.025597010810416935,0.00050382465132008624,16
32,0.78539816339744828,0.0046962310000000004,199.99999999996308,0.025529654942941057,0.00047809507771318565,16
32,0.78539816339744828,0.0046962310000000004,299.99999999987216,0.025262627765424834,0.0005314095924973879,16
32,0.78539816339744828,0.0046962310000000004,399.99999999978121,0.025574099068305284,0.00056018189083777462,16
32,0.78539816339744828,0.0046962310000000004,499.99999999969026,0.025799585807663124,0.00044761194784515202,16
32,0.78539816339744828,0.0046962310000000004,599.99999999959937,0.024927585295794783,0.00049119120533314695,16
32,0.78539816339744828,0.0046962310000000004,699.99999999950842,0.025268355766406965,0.00044755032444243652,16
32,0.78539816339744828,0.0046962310000000004,799.99999999941747,0.025345621499946996,0.00050662991235413048,16
32,0.78539816339744828,0.0046962310000000004,899.99999999932652,0.025348721516619186,0.00036708506274040804,16
32,0.78539816339744828,0.0046962310000000004,999.99999999923557,0.025631449461694031,0.00036088120953065754,16
32,0.78539816339744828,0.0046962310000000004,1099.9999999991446,0.024659125781830091,0.00043322542556678393,16
32,0.78539816339744828,0.0046962310000000004,1199.9999999990537,0.025519829953561234,0.00043317701143534576,16
32,0.78539816339744828,0.0046962310000000004,1299.9999999989627,0.025942965036578641,0.00049597918204264877,16
32,0.78539816339744828,0.0046962310000000004,1399.9999999988718,0.025614385101445199,0.00049046391961154979,16
32,0.78539816339744828,0.0046962310000000004,1499.9999999987808,0.024971178309158917,0.00046716931141496638,16
32,0.78539816339744828,0.0046962310000000004,1599.9999999986899,0.025385514063874553,0.00048786194143543641,16
32,0.78539816339744828,0.0046962310000000004,1699.9999999985989,0.024673064823071262,0.00045645961796844122,16
32,0.78539816339744828,0.0046962310000000004,1799.999999998508,0.025064235110423921,0.00047568277484545413,16
32,0.78539816339744828,0.0046962310000000004,1899.999999998417,0.02506649696207261,0.00041439945127970976,16
32,0.78539816339744828,0.0046962310000000004,1999.9999999983261,0.024961544444606465,0.00047835620817892254,16
32,0.78539816339744828,0.0046962310000000004,2099.9999999994175,0.024445993159930179,0.00037774881113900711,16
32,0.78539816339744828,0.0046962310000000004,2200.0000000016003,0.024940973542731181,0.00038516008736727976,16
32,0.78539816339744828,0.0046962310000000004,2300.000000003783,0.024863928163094077,0.00031154560366270054,16
32,0.78539816339744828,0.0046962310000000004,2400.0000000059658,0.024683210839942824,0.00033181250669634961,16
32,0.78539816339744828,0.0046962310000000004,2500.0000000081486,0.025856373386545877,0.00048274940927060345,16
32,0.78539816339744828,0.0046962310000000004,2600.0000000103314,0.025001314394096776,0.00035568064607071953,16
32,0.78539816339744828,0.0046962310000000004,2700.0000000125142,0.025383286305359715,0.00057898916747708485,16
32,0.78539816339744828,0.0046962310000000004,2800.000000014697,0.0248236583209363,0.00047094057612253178,16
32,0.78539816339744828,0.0046962310000000004,2900.0000000168798,0.025250843751336679,0.00039794722478047489,16
32,0.78539816339744828,0.0046962310000000004,3000.0000000190626,0.025042673825554675,0.00037501790082078668,16
32,0.78539816339744828,0.0046962310000000004,3100.0000000212453,0.025018762421534686,0.00037086928797462637,16
32,0.78539816339744828,0.0046962310000000004,3200.0000000234281,0.025240673504861932,0.00063251284458431438,16
32,0.78539816339744828,0.0046962310000000004,3300.0000000256109,0.025079351290968884,0.00036589698521433996,16
32,0.78539816339744828,0.0046962310000000004,3400.0000000277937,0.025789639180125407,0.00054055692831689393,16
32,0.78539816339744828,0.0046962310000000004,3500.0000000299765,0.025657524766355525,0.00034273649366297736,16
32,0.78539816339744828,0.0046962310000000004,3600.0000000321593,0.025182120322928356,0.00045795759924594154,16
32,0.78539816339744828,0.0046962310000000004,3700.0000000343421,0.024966586525260744,0.00049182745834805506,16
32,0.78539816339744828,0.0046962310000000004,3800.0000000365249,0.025462931112138938,0.00040791916274512854,16
32,0.78539816339744828,0.0046962310000000004,3900.0000000387076,0.025068466142463018,0.00040360702601829429,16
32,0.78539816339744828,0.0046962310000000004,4000.0000000408904,0.025242636222233734,0.00045064425323803578,16
32,0.78539816339744828,0.0046962310000000004,4100.0000000430728,0.025945786306427365,0.00040710589693414572,16
32,0.78539816339744828,0.0046962310000000004,4200.0000000452555,0.026786158958109027,0.00052349618231033938,16
32,0.78539816339744828,0.0046962310000000004,4300.0000000474383,0.025260225049793486,0.0004648888232790053,16
32,0.78539816339744828,0.0046962310000000004,4400.0000000496211,0.025186438665491761,0.00047271955932712127,16
32,0.78539816339744828,0.0046962310000000004,4500.0000000518039,0.025235464228271415,0.00050105293249194053,16
32,0.78539816339744828,0.0046962310000000004,4600.0000000539867,0.025488080909750851,0.0005227934349279151,16
32,0.78539816339744828,0.0046962310000000004,4700.0000000561695,0.025209388107886695,0.00039176132198537946,16
32,0.78539816339744828,0.0046962310000000004,4800.0000000583523,0.025833414170199478,0.00060883151333031001,16
32,0.78539816339744828,0.0046962310000000004,4900.0000000605351,0.02505534429302464,0.00063243166455952452,16
32,0.78539816339744828,0.0046962310000000004,5000.0000000627178,0.025971205381286701,0.00036378120227240134,16
32,0.78539816339744828,0.0046962310000000004,5100.0000000649006,0.024605265924606653,0.00048171183845520604,16
32,0.78539816339744828,0.0046962310000000004,5200.0000000670834,0.024459063767513448,0.00047465015666786349,16
32,0.78539816339744828,0.0046962310000000004,5300.0000000692662,0.025013473411348821,0.00029683162579193081,16
32,0.78539816339744828,0.0046962310000000004,5400.000000071449,0.024566265040570245,0.00036210758473503288,16
32,0.78539816339744828,0.0046962310000000004,5500.0000000736318,0.025443933762793518,0.00046601348932859119,16
32,0.78539816339744828,0.0046962310000000004,5600.0000000758146,0.025365360967373306,0.00040578175023950146,16
32,0.78539816339744828,0.0046962310000000004,5700.0000000779974,0.024600731495252548,0.00042901868399084636,16
32,0.78539816339744828,0.0046962310000000004,5800.0000000801801,0.024549952733743316,0.00033595834247653826,16
32,0.78539816339744828,0.0046962310000000004,5900.0000000823629,0.025981211388326902,0.00044453012079776741,16
32,0.78539816339744828,0.0046962310000000004,6000.0000000845457,0.025195340147751589,0.00047775440938521778,16
32,0.78539816339744828,0.0046962310000000004,6100.0000000867285,0.025987150639610049,0.00039555755404199511,16
32,0.78539816339744828,0.0046962310000000004,6200.0000000889113,0.025495283842631212,0.00049691225551558597,16
32,0.78539816339744828,0.0046962310000000004,6300.0000000910941,0.024882602319176543,0.00052156913099213819,16
32,0.78539816339744828,0.0046962310000000004,6400.0000000932769,0.02462067383841246,0.00039762351907945428,16
32,0.78539816339744828,0.0046962310000000004,6500.0000000954597,0.024864267878300379,0.00044679708435212243,16
32,0.78539816339744828,0.0046962310000000004,6600.0000000976424,0.02575764953169583,0.00029899030566084734,16
32,0.78539816339744828,0.0046962310000000004,6700.0000000998252,0.025949707417509911,0.00040875046506069095,16
32,0.78539816339744828,0.0046962310000000004,6800.000000102008,0.026034669967584731,0.00035921658231239767,16
32,0.78539816339744828,0.0046962310000000004,6900.0000001041908,0.026055930896700222,0.00053506119724537041,16
32,0.78539816339744828,0.0046962310000000004,7000.0000001063736,0.02526944462111487,0.0004446451597536777,16
32,0.78539816339744828,0.0046962310000000004,7100.0000001085564,0.025182566656245339,0.00057691363841402333,16
32,0.78539816339744828,0.0046962310000000004,7200.0000001107392,0.024788924674388497,0.00047204885665876831,16
32,0.78539816339744828,0.0046962310000000004,7300.000000112922,0.025314895442593282,0.00051418697972181152,16
32,0.78539816339744828,0.0046962310000000004,7400.0000001151047,0.025514108944974585,0.00033612267387683162,16
32,0.78539816339744828,0.0046962310000000004,7500.0000001172875,0.0251433277923254,0.00040795332123659875,16
32,0.78539816339744828,0.0046962310000000004,7600.0000001194703,0.025644315140295183,0.00037432557299595744,16
32,0.78539816339744828,0.0046962310000000004,7700.0000001216531,0.024790088036379734,0.00057706138282869206,16
32,0.78539816339744828,0.0046962310000000004,7800.0000001238359,0.025687883166645942,0.00040086222589381205,16
32,0.78539816339744828,0.0046962310000000004,7900.0000001260187,0.025263006675670902,0.00035589467115084323,16
32,0.78539816339744828,0.0046962310000000004,8000.0000001282015,0.025769620856511358,0.00033720025141613391,16
32,0.78539816339744828,0.0046962310000000004,8100.0000001303843,0.024624820908459688,0.00055655281531963112,16
32,0.78539816339744828,0.0046962310000000004,8200.0000001325661,0.024856898956502976,0.00041159409042526243,16
32,0.78539816339744828,0.0046962310000000004,8300.0000001347489,0.025273541752746521,0.00036872913463304596,16
32,0.78539816339744828,0.0046962310000000004,8400.0000001369317,0.025336437965025407,0.00031850237393327933,16
32,0.78539816339744828,0.0046962310000000004,8500.0000001391145,0.025412047866392475,0.00035241169704438148,16
32,0.78539816339744828,0.0046962310000000004,8600.0000001412973,0.025732803642913613,0.00044493965409477795,16
32,0.78539816339744828,0.0046962310000000004,8700.0000001434801,0.024980475756289228,0.00045527530715539231,16
32,0.78539816339744828,0.0046962310000000004,8800.0000001456629,0.02511923873316052,0.00040026046892600224,16
32,0.78539816339744828,0.0046962310000000004,8900.0000001478456,0.024830059429656094,0.00039021896544966619,16
32,0.78539816339744828,0.0046962310000000004,9000.0000001500284,0.024943527503287436,0.00043810871099544464,16
32,0.78539816339744828,0.0046962310000000004,9100.0000001522112,0.025761196748858264,0.00052245279881571146,16
32,0.78539816339744828,0.0046962310000000004,9200.000000154394,0.024799732840989019,0.00069985019108909498,16
32,0.78539816339744828,0.0046962310000000004,9300.0000001565768,0.025427683829265479,0.00042482262135915211,16
32,0.78539816339744828,0.0046962310000000004,9400.0000001587596,0.025813205223775802,0.00049633395020336267,16
32,0.78539816339744828,0.0046962310000000004,9500.0000001609424,0.024398812595585819,0.00044619923794767116,16
32,0.78539816339744828,0.0046962310000000004,9600.0000001631252,0.025550339371323925,0.00040699669060686886,16
32,0.78539816339744828,0.0046962310000000004,9700.0000001653079,0.024038805308606446,0.0002547847445107718,16
32,0.78539816339744828,0.0046962310000000004,9800.0000001674907,0.02556412330857704,0.0003745449289422231,16
32,0.78539816339744828,0.0046962310000000004,9900.0000001696735,0.025453829566798692,0.00053752023424953014,16
32,0.78539816339744828,0.0046962310000000004,10000.000000171856,0.024692779478961563,0.00065070288807781026,16
32,0.78539816339744828,0.0046962310000000004,10100.000000174039,0.025618049278776828,0.00055036199013193865,16
32,0.78539816339744828,0.0046962310000000004,10200.000000176222,0.025232074114075315,0.0004008142612515339,16
32,0.78539816339744828,0.0046962310000000004,10300.000000178405,0.025802970384161055,0.00056643350094660113,16
32,0.78539816339744828,0.0046962310000000004,10400.000000180587,0.025328351926421661,0.00030483959505394953,16
32,0.78539816339744828,0.0046962310000000004,10500.00000018277,0.025403582275137268,0.00049090259525900982,16
32,0.78539816339744828,0.0046962310000000004,10600.000000184953,0.025565918118888066,0.00059046001909453152,16
32,0.78539816339744828,0.0046962310000000004,10700.000000187136,0.025474463448615363,0.00028924284639235995,16
32,0.78539816339744828,0.0046962310000000004,10800.000000189319,0.025368922628189305,0.00044256226951580618,16
32,0.78539816339744828,0.0046962310000000004,10900.000000191501,0.025664692724060349,0.00044487148755613447,16
32,0.78539816339744828,0.0046962310000000004,11000.000000193684,0.024837059079545153,0.00034728906769306223,16
32,0.78539816339744828,0.0046962310000000004,11100.000000195867,0.025793441009786758,0.00045025215582660623,16
32,0.78539816339744828,0.0046962310000000004,11200.00000019805,0.025578779851629662,0.0004272958899642135,16
32,0.78539816339744828,0.0046962310000000004,11300.000000200233,0.024929265621307921,0.00051672273045495862,16
32,0.78539816339744828,0.0046962310000000004,11400.000000202415,0.025448994300240536,0.00037484529896978925,16
32,0.78539816339744828,0.0046962310000000004,11500.000000204598,0.024777961079646312,0.00055639191828640768,16
32,0.78539816339744828,0.0046962310000000004,11600.000000206781,0.026126965458284798,0.00036708577955069723,16
32,0.78539816339744828,0.0046962310000000004,11700.000000208964,0.025243499167101949,0.00045218182588731,16
32,0.78539816339744828,0.0046962310000000004,11800.000000211146,0.024587897990481354,0.00048223411277688175,16
32,0.78539816339744828,0.0046962310000000004,11900.000000213329,0.025161304717140828,0.0004542686893499394,16
32,0.78539816339744828,0.0046962310000000004,12000.000000215512,0.026196103680675237,0.00042898096015342837,16
32,0.78539816339744828,0.0046962310000000004,12100.000000217695,0.025108343481828704,0.00050675401758395967,16
32,0.78539816339744828,0.0046962310000000004,12200.000000219878,0.025518505890569254,0.00048615880793407364,16
32,0.78539816339744828,0.0046962310000000004,12300.00000022206,0.025604448959367174,0.00039558266240333521,16
32,0.78539816339744828,0.0046962310000000004,12400.000000224243,0.024325587050578319,0.00052855462502497674,16
32,0.78539816339744828,0.0046962310000000004,12500.000000226426,0.025019280453071557,0.00044499892200242102,16
32,0.78539816339744828,0.0046962310000000004,12600.000000228609,0.025637128362773771,0.00046206428720595361,16
32,0.78539816339744828,0.0046962310000000004,12700.000000230792,0.02529354211587978,0.00044958562392053591,16
32,0.78539816339744828,0.0046962310000000004,12800.000000232974,0.025954112559233539,0.00042757464420410636,16
32,0.78539816339744828,0.0046962310000000004,12900.000000235157,0.024433191116418951,0.0003259879379150538,16
32,0.78539816339744828,0.0046962310000000004,13000.00000023734,0.024469248637220158,0.00042962939221080989,16
32,0.78539816339744828,0.0046962310000000004,13100.000000239523,0.02549204624304513,0.00040109177912513573,16
32,0.78539816339744828,0.0046962310000000004,13200.000000241705,0.025594617634474293,0.00053810168763641746,16
32,0.78539816339744828,0.0046962310000000004,13300.000000243888,0.025386493663821955,0.00030129691959200709,16
32,0.78539816339744828,0.0046962310000000004,13400.000000246071,0.024659079686853644,0.00040578208301584446,16
32,0.78539816339744828,0.0046962310000000004,13500.000000248254,0.025355891107505274,0.00045556877435317885,16
32,0.78539816339744828,0.0046962310000000004,13600.000000250437,0.02561119355699493,0.0004706597163379582,16
32,0.78539816339744828,0.0046962310000000004,13700.000000252619,0.025521279210394838,0.00040708505578479265,16
32,0.78539816339744828,0.0046962310000000004,13800.000000254802,0.026139426316596649,0.00039840181588207267,16
32,0.78539816339744828,0.0046962310000000004,13900.000000256985,0.024981722623265992,0.00040033167435437738,16
32,0.78539816339744828,0.0046962310000000004,14000.000000259168,0.025157020586583607,0.00050956581588832545,16
32,0.78539816339744828,0.0046962310000000004,14100.000000261351,0.025639575535008015,0.00037952147496359223,16
32,0.78539816339744828,0.0046962310000000004,14200.000000263533,0.024020874444949703,0.0004974876776178928,16
32,0.78539816339744828,0.0046962310000000004,14300.000000265716,0.025210552745343194,0.00068030210966934243,16
32,0.78539816339744828,0.0046962310000000004,14400.000000267899,0.024706349168683594,0.00058139608962686168,16
32,0.78539816339744828,0.0046962310000000004,14500.000000270082,0.024723984039109689,0.00035138525544065296,16
32,0.78539816339744828,0.0046962310000000004,14600.000000272265,0.025614375714342195,0.00042293038643096748,16
32,0.78539816339744828,0.0046962310000000004,14700.000000274447,0.02457900556440621,0.00058279992990940583,16
32,0.78539816339744828,0.0046962310000000004,14800.00000027663,0.025868852008370666,0.00057044073195156779,16
32,0.78539816339744828,0.0046962310000000004,14900.000000278813,0.025620300485331968,0.00040945046348242275,16
32,0.78539816339744828,0.0046962310000000004,15000.000000280996,0.025573820609867629,0.00041007173335918401,16
32,0.78539816339744828,0.0046962310000000004,15100.000000283178,0.024458535510300507,0.00053811626167316897,16
32,0.78539816339744828,0.0046962310000000004,15200.000000285361,0.024998022864407464,0.00029882624911152023,16
32,0.78539816339744828,0.0046962310000000004,15300.000000287544,0.025110257185278151,0.00048708552923587149,16
32,0.78539816339744828,0.0046962310000000004,15400.000000289727,0.025321699968704033,0.0004639991042235137,16
32,0.78539816339744828,0.0046962310000000004,15500.00000029191,0.02489238083869964,0.00032384758200465605,16
32,0.78539816339744828,0.0046962310000000004,15600.000000294092,0.02523137632495619,0.00036903730408295522,16
32,0.78539816339744828,0.0046962310000000004,15700.000000296275,0.025112881518779592,0.00053596366212102324,16
32,0.78539816339744828,0.0046962310000000004,15800.000000298458,0.025262653332062669,0.00042890984353288666,16
32,0.78539816339744828,0.0046962310000000004,15900.000000300641,0.025628344039813237,0.00047261572466256315,16
32,0.78539816339744828,0.0046962310000000004,16000.000000302824,0.025407481365473938,0.00043235040231880259,16
32,0.78539816339744828,0.0046962310000000004,16100.000000305006,0.024551821186212228,0.00048760025455257811,16
32,0.78539816339744828,0.0046962310000000004,16200.000000307189,0.025336772569541866,0.00051945388237330432,16
32,0.78539816339744828,0.0046962310000000004,16300.000000309372,0.024932065844422556,0.00050016644027236297,16
32,0.78539816339744828,0.0046962310000000004,16400.000000308642,0.02560902478201868,0.00045287839617420042,16
32,0.78539816339744828,0.0046962310000000004,16500.000000292635,0.025812467796883058,0.00050439775873908238,16
32,0.78539816339744828,0.0046962310000000004,16600.000000276628,0.025067944383183265,0.0003980219813249412,16
32,0.78539816339744828,0.0046962310000000004,16700.000000260621,0.024964050260431778,0.00050242403161125497,16
32,0.78539816339744828,0.0046962310000000004,16800.000000244614,0.025351820386513124,0.00047339726408858755,16
32,0.78539816339744828,0.0046962310000000004,16900.000000228607,0.024967407055149979,0.00041497701317162592,16
32,0.78539816339744828,0.0046962310000000004,17000.0000002126,0.026460079296781239,0.00039019762481922794,16
32,0.78539816339744828,0.0046962310000000004,17100.000000196593,0.025100846767657878,0.00031420695373029388,16
32,0.78539816339744828,0.0046962310000000004,17200.000000180586,0.026233493628274193,0.00040862515709180259,16
32,0.78539816339744828,0.0046962310000000004,17300.000000164579,0.024882255549954567,0.00042812501577214819,16
32,0.78539816339744828,0.0046962310000000004,17400.000000148571,0.025037484748757426,0.00064084372935198928,16
32,0.78539816339744828,0.0046962310000000004,17500.000000132564,0.025669657198518943,0.00053256506275095919,16
32,0.78539816339744828,0.0046962310000000004,17600.000000116557,0.024857280021642558,0.00055235534134607199,16
32,0.78539816339744828,0.0046962310000000004,17700.00000010055,0.025639611104036081,0.00048913248358116001,16
32,0.78539816339744828,0.0046962310000000004,17800.000000084543,0.025243478198946161,0.00044827261802252828,16
32,0.78539816339744828,0.0046962310000000004,17900.000000068536,0.025350863336760572,0.00036929478142218081,16
32,0.78539816339744828,0.0046962310000000004,18000.000000052529,0.026261105360482456,0.00049434382478817142,16
32,0.78539816339744828,0.0046962310000000004,18100.000000036522,0.025746550785731823,0.00063978406224404511,16
32,0.78539816339744828,0.0046962310000000004,18200.000000020515,0.025596608015065175,0.00048136787206087974,16
32,0.78539816339744828,0.0046962310000000004,18300.000000004507,0.025380470614649552,0.00037719159472594143,16
32,0.78539816339744828,0.0046962310000000004,18399.9999999885,0.025572201327890412,0.00035270078614147782,16
32,0.78539816339744828,0.0046962310000000004,18499.999999972493,0.024913745349754535,0.00042350319010480195,16
32,0.78539816339744828,0.0046962310000000004,18599.999999956486,0.025176905899400567,0.00056384431069111647,16
32,0.78539816339744828,0.0046962310000000004,18699.999999940479,0.025203967175614208,0.00043621429468854021,16
32,0.78539816339744828,0.0046962310000000004,18799.999999924472,0.025668371961438157,0.00048310961149634608,16
32,0.78539816339744828,0.0046962310000000004,18899.999999908465,0.026215136489737275,0.00055000978708851715,16
32,0.78539816339744828,0.0046962310000000004,18999.999999892458,0.025384114469530622,0.00041054133817554171,16
32,0.78539816339744828,0.0046962310000000004,19099.999999876451,0.024727432514071345,0.00047166118174738554,16
32,0.78539816339744828,0.0046962310000000004,19199.999999860443,0.025563086868112105,0.00047525124750932797,16
32,0.78539816339744828,0.0046962310000000004,19299.999999844436,0.025226679770906174,0.00058643711252844076,16
32,0.78539816339744828,0.0046962310000000004,19399.999999828429,0.024735280610029036,0.00038402683835359069,16
32,0.78539816339744828,0.0046962310000000004,19499.999999812422,0.025820639045425364,0.00051037888691480876,16
32,0.78539816339744828,0.0046962310000000004,19599.999999796415,0.025257491636425163,0.00049762617265468724,16
32,0.78539816339744828,0.0046962310000000004,19699.999999780408,0.025153524799966284,0.00045178514163176134,16
32,0.78539816339744828,0.0046962310000000004,19799.999999764401,0.025377706061344252,0.00049360128378959087,16
32,0.78539816339744828,0.0046962310000000004,19899.999999748394,0.025401711975849318,0.00058114503832587007,16
32,0.78539816339744828,0.0046962310000000004,19999.999999732387,0.025370174614542079,0.00053005895472913605,16
32,0.78539816339744828,0.0046962310000000004,20099.99999971638,0.025454404466167684,0.00042099876496043946,16
32,0.78539816339744828,0.0046962310000000004,20199.999999700372,0.024636507668055724,0.00055264806625896174,16
32,0.78539816339744828,0.0046962310000000004,20299.999999684365,0.025133681263961427,0.00034974910029882881,16
32,0.78539816339744828,0.0046962310000000004,20399.999999668358,0.024832159264071861,0.00036996606342561546,16
32,0.78539816339744828,0.0046962310000000004,20499.999999652351,0.025448422057688123,0.00039041064948992397,16
32,0.78539816339744828,0.0046962310000000004,20599.999999636344,0.024958745014511587,0.00041281855099403357,16
32,0.78539816339744828,0.0046962310000000004,20699.999999620337,0.025112303825412657,0.00058888722921623189,16
32,0.78539816339744828,0.0046962310000000004,20799.99999960433,0.025628949743844727,0.00040036893898607771,16
32,0.78539816339744828,0.0046962310000000004,20899.999999588323,0.025771235163160353,0.00074455992291063008,16
32,0.78539816339744828,0.0046962310000000004,20999.999999572316,0.02584970202613231,0.00042764829855014254,16
32,0.78539816339744828,0.0046962310000000004,21099.999999556308,0.024901112713323861,0.00038156189523694197,16
32,0.78539816339744828,0.0046962310000000004,21199.999999540301,0.025329261086334865,0.000364015136730294,16
32,0.78539816339744828,0.0046962310000000004,21299.999999524294,0.025910733733821818,0.00038167524647464142,16
32,0.78539816339744828,0.0046962310000000004,21399.999999508287,0.024992975849819538,0.00023709267408298314,16
32,0.78539816339744828,0.0046962310000000004,21499.99999949228,0.025493860890955029,0.00056398065452935167,16
32,0.78539816339744828,0.0046962310000000004,21599.999999476273,0.024709470238266168,0.00050747514465209192,16
32,0.78539816339744828,0.0046962310000000004,21699.999999460266,0.025463004332239157,0.00050174160147027635,16
32,0.78539816339744828,0.0046962310000000004,21799.999999444259,0.024896518406563001,0.00039290255996567006,16
32,0.78539816339744828,0.0046962310000000004,21899.999999428252,0.025048011219379433,0.00059713248957162597,16
32,0.78539816339744828,0.0046962310000000004,21999.999999412245,0.025403796719839507,0.00048978422322475991,16
32,0.78539816339744828,0.0046962310000000004,22099.999999396237,0.024900929750677505,0.00047035427642436157,16
32,0.78539816339744828,0.0046962310000000004,22199.99999938023,0.025721915048426056,0.00033921890130727227,16
32,0.78539816339744828,0.0046962310000000004,22299.999999364223,0.025862698104460576,0.00049701537336674937,16
32,0.78539816339744828,0.0046962310000000004,22399.999999348216,0.025436086812169117,0.00034158101902161781,16
32,0.78539816339744828,0.0046962310000000004,22499.999999332209,0.025408046999766509,0.00036774554123689948,16
32,0.78539816339744828,0.0046962310000000004,22599.999999316202,0.025524314577143468,0.00047011674190047998,16
32,0.78539816339744828,0.0046962310000000004,22699.999999300195,0.025174570806754192,0.00043160952797036681,16
32,0.78539816339744828,0.0046962310000000004,22799.999999284188,0.025382651533723214,0.00035685758198259176,16
32,0.78539816339744828,0.0046962310000000004,22899.999999268181,0.025428331125206358,0.00052709684008809632,16
32,0.78539816339744828,0.0046962310000000004,22999.999999252173,0.025084937168604823,0.00048599407717505558,16
32,0.78539816339744828,0.0046962310000000004,23099.999999236166,0.024391181904121876,0.00047306884046455737,16
32,0.78539816339744828,0.0046962310000000004,23199.999999220159,0.024921283437614402,0.00041050516159147401,16
32,0.78539816339744828,0.0046962310000000004,23299.999999204152,0.025098480148661399,0.00034413496669651863,16
32,0.78539816339744828,0.0046962310000000004,23399.999999188145,0.026138474655462637,0.00051575806707607349,16
32,0.78539816339744828,0.0046962310000000004,23499.999999172138,0.025686710024880814,0.00043744368731541219,16
32,0.78539816339744828,0.0046962310000000004,23599.999999156131,0.024258666338628269,0.00042738153014292864,16
32,0.78539816339744828,0.0046962310000000004,23699.999999140124,0.025425938432477053,0.00033878560562778591,16
32,0.78539816339744828,0.0046962310000000004,23799.999999124117,0.025780797076424992,0.00038351674873432587,16
32,0.78539816339744828,0.0046962310000000004,23899.999999108109,0.024709585615564134,0.000560277642972593,16
32,0.78539816339744828,0.0046962310000000004,23999.999999092102,0.025464279811898943,0.00049046120584204608,16
32,0.78539816339744828,0.0046962310000000004,24099.999999076095,0.025645334472461766,0.00045660072778532803,16
32,0.78539816339744828,0.0046962310000000004,24199.999999060088,0.024723231100153214,0.00029628356635719421,16
32,0.78539816339744828,0.0046962310000000004,24299.999999044081,0.025411478550205455,0.00041017693729677242,16
32,0.78539816339744828,0.0046962310000000004,24399.999999028074,0.025196206317273977,0.00051670622178758886,16
32,0.78539816339744828,0.0046962310000000004,24499.999999012067,0.025111663528887735,0.0003851665810481221,16
32,0.78539816339744828,0.0046962310000000004,24599.99999899606,0.025709318522406634,0.00057364703355847571,16
32,0.78539816339744828,0.0046962310000000004,24699.999998980053,0.025499399648172605,0.00043000649281160167,16
32,0.78539816339744828,0.0046962310000000004,24799.999998964046,0.025420230946657123,0.00042086867544431395,16
32,0.78539816339744828,0.0046962310000000004,24899.999998948038,0.025020229657339067,0.00039248585955640368,16
32,0.78539816339744828,0.0046962310000000004,24999.999998932031,0.025964387220416656,0.00043003469024270895,16
32,0.78539816339744828,0.0046962310000000004,25099.999998916024,0.024911042778363666,0.00057535312243580088,16
32,0.78539816339744828,0.0046962310000000004,25199.999998900017,0.024588824991664104,0.00045216896529066714,16
32,0.78539816339744828,0.0046962310000000004,25299.99999888401,0.025849338276689112,0.00028912628829014686,16
32,0.78539816339744828,0.0046962310000000004,25399.999998868003,0.025887443787818553,0.00038898387195804984,16
32,0.78539816339744828,0.0046962310000000004,25499.999998851996,0.025349594142539518,0.00052258903053214317,16
32,0.78539816339744828,0.0046962310000000004,25599.999998835989,0.025393742870323428,0.00023337036313006261,16
32,0.78539816339744828,0.0046962310000000004,25699.999998819982,0.025897525835076551,0.00044245416314391749,16
32,0.78539816339744828,0.0046962310000000004,25799.999998803974,0.026235607689108341,0.00036090458995660673,16
32,0.78539816339744828,0.0046962310000000004,25899.999998787967,0.025359599339082252,0.00051943871911395957,16
32,0.78539816339744828,0.0046962310000000004,25999.99999877196,0.025352767727884924,0.00053758716326552237,16
32,0.78539816339744828,0.0046962310000000004,26099.999998755953,0.024800356067294253,0.00040149091863873735,16
32,0.78539816339744828,0.0046962310000000004,26199.999998739946,0.025363133424290359,0.00042450427264477663,16
32,0.78539816339744828,0.0046962310000000004,26299.999998723939,0.024933728417982776,0.00043358634447105971,16
32,0.78539816339744828,0.0046962310000000004,26399.999998707932,0.025285653657816307,0.00038778880881717889,16
32,0.78539816339744828,0.0046962310000000004,26499.999998691925,0.025212847878555201,0.0004396966778553793,16
32,0.78539816339744828,0.0046962310000000004,26599.999998675918,0.024905246212644266,0.00042013377976182585,16
32,0.78539816339744828,0.0046962310000000004,26699.99999865991,0.025272960464141559,0.00062146211050593809,16
32,0.78539816339744828,0.0046962310000000004,26799.999998643903,0.026062358910524355,0.00045538089425569274,16
32,0.78539816339744828,0.0046962310000000004,26899.999998627896,0.025697718312872618,0.00040277942933631159,16
32,0.78539816339744828,0.0046962310000000004,26999.999998611889,0.025481793350435527,0.00036722730629756503,16
32,0.78539816339744828,0.0046962310000000004,27099.999998595882,0.02502411494929532,0.00057182118970330658,16
32,0.78539816339744828,0.0046962310000000004,27199.999998579875,0.025067410337554871,0.00035155500404423265,16
32,0.78539816339744828,0.0046962310000000004,27299.999998563868,0.024782278183108162,0.00045086325080335066,16
32,0.78539816339744828,0.0046962310000000004,27399.999998547861,0.024664669593338601,0.00044714142591630382,16
32,0.78539816339744828,0.0046962310000000004,27499.999998531854,0.025334954457495951,0.00042103908310122372,16
32,0.78539816339744828,0.0046962310000000004,27599.999998515847,0.024865347512374559,0.00038616385311101528,16
32,0.78539816339744828,0.0046962310000000004,27699.999998499839,0.025012366625646803,0.00049713962223967045,16
32,0.78539816339744828,0.0046962310000000004,27799.999998483832,0.026173519782426925,0.00030845480178082565,16
32,0.78539816339744828,0.0046962310000000004,27899.999998467825,0.026196057580537325,0.00044503755043342417,16
32,0.78539816339744828,0.0046962310000000004,27999.999998451818,0.026038100912922777,0.00039621417647946351,16
32,0.78539816339744828,0.0046962310000000004,28099.999998435811,0.024708755318064112,0.00054517484123043898,16
32,0.78539816339744828,0.0046962310000000004,28199.999998419804,0.02504117202434224,0.00039851802921838519,16
32,0.78539816339744828,0.0046962310000000004,28299.999998403797,0.025575685253714925,0.00048503403057818594,16
32,0.78539816339744828,0.0046962310000000004,28399.99999838779,0.025459134715739941,0.00043645958302157627,16
32,0.78539816339744828,0.0046962310000000004,28499.999998371783,0.024593334301746372,0.00047386902187862578,16
32,0.78539816339744828,0.0046962310000000004,28599.999998355775,0.02532002781447263,0.00047274254002499581,16
32,0.78539816339744828,0.0046962310000000004,28699.999998339768,0.026780154091682055,0.0003938703955409696,16
32,0.78539816339744828,0.0046962310000000004,28799.999998323761,0.024946009178256276,0.00040398005134421747,16
32,0.78539816339744828,0.0046962310000000004,28899.999998307754,0.026159014589247024,0.00053896104468564127,16
32,0.78539816339744828,0.0046962310000000004,28999.999998291747,0.025440238704481633,0.00038928036737297464,16
32,0.78539816339744828,0.0046962310000000004,29099.99999827574,0.025578020422807664,0.00034774180935475242,16
32,0.78539816339744828,0.0046962310000000004,29199.999998259733,0.025750477761132616,0.00030126506390158736,16
32,0.78539816339744828,0.0046962310000000004,29299.999998243726,0.025393206898627584,0.00045898597915437203,16
32,0.78539816339744828,0.0046962310000000004,29399.999998227719,0.025715637542484557,0.00048253828977811835,16
32,0.78539816339744828,0.0046962310000000004,29499.999998211711,0.025499446479787927,0.00046775162478574514,16
32,0.78539816339744828,0.0046962310000000004,29599.999998195704,0.025507072617005119,0.00041882015727204899,16
32,0.78539816339744828,0.0046962310000000004,29699.999998179697,0.02489564947307011,0.00044368364812278005,16
32,0.78539816339744828,0.0046962310000000004,29799.99999816369,0.02551925419666912,0.00036958173759177066,16
32,0.78539816339744828,0.0046962310000000004,29899.999998147683,0.025373078623803971,0.00050853721443718815,16
32,0.78539816339744828,0.0046962310000000004,29999.999998131676,0.025350521097606705,0.00038766716106196266,16
32,0.78539816339744828,0.0046962310000000004,30099.999998115669,0.025384631711850198,0.00041296812349003617,16
32,0.78539816339744828,0.0046962310000000004,30199.999998099662,0.025812345294906811,0.00024363205016524284,16
32,0.78539816339744828,0.0046962310000000004,30299.999998083655,0.025475417815862111,0.00050087526785195277,16
32,0.78539816339744828,0.0046962310000000004,30399.999998067648,0.02621369269551152,0.00041125939978318011,16
32,0.78539816339744828,0.0046962310000000004,30499.99999805164,0.025435484976457989,0.00037832312458014315,16
32,0.78539816339744828,0.0046962310000000004,30599.999998035633,0.024721874461574537,0.00036440850085482066,16
32,0.78539816339744828,0.0046962310000000004,30699.999998019626,0.025430889990828695,0.00040218142731092866,16
32,0.78539816339744828,0.0046962310000000004,30799.999998003619,0.025164616929570713,0.00037263458367088219,16
32,0.78539816339744828,0.0046962310000000004,30899.999997987612,0.026188689792721789,0.00050479158109651171,16
32,0.78539816339744828,0.0046962310000000004,30999.999997971605,0.024913084596594259,0.00039950531012838714,16
32,0.78539816339744828,0.0046962310000000004,31099.999997955598,0.025597989548815415,0.00049051673144578131,16
32,0.78539816339744828,0.0046962310000000004,31199.999997939591,0.025615329932620348,0.00064414467109300748,16
32,0.78539816339744828,0.0046962310000000004,31299.999997923584,0.024343751921647897,0.00044367326464549926,16
32,0.78539816339744828,0.0046962310000000004,31399.999997907576,0.025106247938478432,0.00044941067594589764,16
32,0.78539816339744828,0.0046962310000000004,31499.999997891569,0.025210681102950917,0.00041334325166696054,16
32,0.78539816339744828,0.0046962310000000004,31599.999997875562,0.024921951531494478,0.00045869447495449798,16
32,0.78539816339744828,0.0046962310000000004,31699.999997859555,0.024555616333153028,0.00040677712632966498,16
32,0.78539816339744828,0.0046962310000000004,31799.999997843548,0.025205878626161887,0.00053835075380228995,16
32,0.78539816339744828,0.0046962310000000004,31899.999997827541,0.025400630986662523,0.00052823917382628573,16
32,0.78539816339744828,0.0046962310000000004,31999.999997811534,0.024837688369460532,0.00041705888069763504,16
32,0.78539816339744828,0.0046962310000000004,32099.999997795527,0.025203802517575757,0.00036976660358649719,16
32,0.78539816339744828,0.0046962310000000004,32199.99999777952,0.025518816602737193,0.00039164135514275323,16
32,0.78539816339744828,0.0046962310000000004,32299.999997763513,0.025217486892240869,0.00045338913979826341,16
32,0.78539816339744828,0.0046962310000000004,32399.999997747505,0.024986619989928835,0.00046773128053353248,16
32,0.78539816339744828,0.0046962310000000004,32499.999997731498,0.024907411284292805,0.00053647738105476819,16
32,0.78539816339744828,0.0046962310000000004,32599.999997715491,0.024991219967795762,0.00036548075245331277,16
32,0.78539816339744828,0.0046962310000000004,32699.999997699484,0.025761966816448458,0.00043824015951079607,16
32,0.78539816339744828,0.0046962310000000004,32799.999997695115,0.025326601411878084,0.00038692282024584661,16
32,0.78539816339744828,0.0046962310000000004,32899.999997715488,0.025560228273284955,0.00046660499588386427,16
32,0.78539816339744828,0.0046962310000000004,32999.99999773586,0.02502919495950999,0.00042889699387784635,16
32,0.78539816339744828,0.0046962310000000004,33099.999997756233,0.02479157262469291,0.0002505270060343191,16
32,0.78539816339744828,0.0046962310000000004,33199.999997776606,0.025023959020686593,0.00036809269955694187,16
32,0.78539816339744828,0.0046962310000000004,33299.999997796978,0.025855345999099947,0.00061075067915228722,16
32,0.78539816339744828,0.0046962310000000004,33399.999997817351,0.025151875069112484,0.00054046384652005276,16
32,0.78539816339744828,0.0046962310000000004,33499.999997837724,0.025015425064204611,0.0003477120189999105,16
32,0.78539816339744828,0.0046962310000000004,33599.999997858096,0.026490095242542561,0.0004592275469749292,16
32,0.78539816339744828,0.0046962310000000004,33699.999997878469,0.024506650210785311,0.00046166711204935365,16
32,0.78539816339744828,0.0046962310000000004,33799.999997898842,0.024233735311894392,0.00039661039460742317,16
32,0.78539816339744828,0.0046962310000000004,33899.999997919214,0.025972973832442302,0.00033389292981685721,16
32,0.78539816339744828,0.0046962310000000004,33999.999997939587,0.025074481160178221,0.00049249255166659996,16
32,0.78539816339744828,0.0046962310000000004,34099.99999795996,0.025271891370876546,0.00037287657608058505,16
32,0.78539816339744828,0.0046962310000000004,34199.999997980332,0.025259307100038327,0.00052764355505390361,16
32,0.78539816339744828,0.0046962310000000004,34299.999998000705,0.025500155077613097,0.00040478611877891267,16
32,0.78539816339744828,0.0046962310000000004,34399.999998021078,0.025485473630186099,0.0003182352434980352,16
32,0.78539816339744828,0.0046962310000000004,34499.99999804145,0.025074736474453053,0.00049438682104168297,16
32,0.78539816339744828,0.0046962310000000004,34599.999998061823,0.024950293632599752,0.00052029357580561707,16
32,0.78539816339744828,0.0046962310000000004,34699.999998082196,0.025754154976308587,0.00029964559575366642,16
32,0.78539816339744828,0.0046962310000000004,34799.999998102568,0.026082362584366938,0.00046031528403961045,16
32,0.78539816339744828,0.0046962310000000004,34899.999998122941,0.025346967810500512,0.00053180282178457458,16
32,0.78539816339744828,0.0046962310000000004,34999.999998143314,0.024888129494233389,0.00040649773263160493,16
32,0.78539816339744828,0.0046962310000000004,35099.999998163687,0.024618602782207812,0.00043237649320170143,16
32,0.78539816339744828,0.0046962310000000004,35199.999998184059,0.024804004785030972,0.00039223563975065285,16
32,0.78539816339744828,0.0046962310000000004,35299.999998204432,0.025149128718903246,0.00039525642345440172,16
32,0.78539816339744828,0.0046962310000000004,35399.999998224805,0.024916218476416715,0.00052578669305260704,16
32,0.78539816339744828,0.0046962310000000004,35499.999998245177,0.024825630208045686,0.00060426392913938258,16
32,0.78539816339744828,0.0046962310000000004,35599.99999826555,0.025369298469049863,0.00050056389312616155,16
32,0.78539816339744828,0.0046962310000000004,35699.999998285923,0.02510614175943017,0.00061212527194352405,16
32,0.78539816339744828,0.0046962310000000004,35799.999998306295,0.0267478188364207,0.00048648920047780834,16
32,0.78539816339744828,0.0046962310000000004,35899.999998326668,0.025202487735682223,0.0004343911425342824,16
32,0.78539816339744828,0.0046962310000000004,35999.999998347041,0.025434972599406882,0.00040570582503815386,16
32,0.78539816339744828,0.0046962310000000004,36099.999998367413,0.025858642973852777,0.00030537696324582967,16
32,0.78539816339744828,0.0046962310000000004,36199.999998387786,0.02495840901991378,0.00057465527235099634,16
32,0.78539816339744828,0.0046962310000000004,36299.999998408159,0.025388595844214594,0.00035687487336759908,16
32,0.78539816339744828,0.0046962310000000004,36399.999998428531,0.025598530767581618,0.00034300319970792325,16
32,0.78539816339744828,0.0046962310000000004,36499.999998448904,0.025598223563384554,0.00055684475681920574,16
32,0.78539816339744828,0.0046962310000000004,36599.999998469277,0.024831932254489587,0.00028913005485988071,16
32,0.78539816339744828,0.0046962310000000004,36699.999998489649,0.024927624270132211,0.00037886417837900809,16
32,0.78539816339744828,0.0046962310000000004,36799.999998510022,0.025334323378956723,0.00057741230060337218,16
32,0.78539816339744828,0.0046962310000000004,36899.999998530395,0.025622000762075704,0.00050449753196143705,16
32,0.78539816339744828,0.0046962310000000004,36999.999998550767,0.024967643315660471,0.00041407482677424217,16
32,0.78539816339744828,0.0046962310000000004,37099.99999857114,0.025623823370292412,0.00046941555571783074,16
32,0.78539816339744828,0.0046962310000000004,37199.999998591513,0.025731079916618507,0.00056061764030844268,16
32,0.78539816339744828,0.0046962310000000004,37299.999998611886,0.02610961722773163,0.00047973245008582334,16
32,0.78539816339744828,0.0046962310000000004,37399.999998632258,0.024865352719012936,0.00044750117349172608,16
32,0.78539816339744828,0.0046962310000000004,37499.999998652631,0.024730484333850403,0.00040920133497367655,16
32,0.78539816339744828,0.0046962310000000004,37599.999998673004,0.02544297077595092,0.00028703532092738291,16
32,0.78539816339744828,0.0046962310000000004,37699.999998693376,0.025253261279562719,0.00031373784858868285,16
32,0.78539816339744828,0.0046962310000000004,37799.999998713749,0.024976839773406243,0.00034794796042531261,16
32,0.78539816339744828,0.0046962310000000004,37899.999998734122,0.025147128667335879,0.0005527709365807117,16
32,0.78539816339744828,0.0046962310000000004,37999.999998754494,0.024583380406208808,0.00046096193531120611,16
32,0.78539816339744828,0.0046962310000000004,38099.999998774867,0.024114031715704292,0.0003996175914775044,16
32,0.78539816339744828,0.0046962310000000004,38199.99999879524,0.024656893712172754,0.00032468242762970223,16
32,0.78539816339744828,0.0046962310000000004,38299.999998815612,0.024976473953944377,0.00049145970214167735,16
32,0.78539816339744828,0.0046962310000000004,38399.999998835985,0.024745723887798943,0.00042567376025409004,16
32,0.78539816339744828,0.0046962310000000004,38499.999998856358,0.025030699923768975,0.00047791330523458278,16
32,0.78539816339744828,0.0046962310000000004,38599.99999887673,0.025594632203104591,0.00045729566483433275,16
32,0.78539816339744828,0.0046962310000000004,38699.999998897103,0.024650622286663509,0.0004750484547990406,16
32,0.78539816339744828,0.0046962310000000004,38799.999998917476,0.024727395326920525,0.00039342014854682465,16
32,0.78539816339744828,0.0046962310000000004,38899.999998937848,0.025656807758056038,0.00043727488450013142,16
32,0.78539816339744828,0.0046962310000000004,38999.999998958221,0.025506582409890406,0.00043110500083697902,16
32,0.78539816339744828,0.0046962310000000004,39099.999998978594,0.025665228525441314,0.00051105622811220899,16
32,0.78539816339744828,0.0046962310000000004,39199.999998998966,0.02540917383595908,0.00040252661274078785,16
32,0.78539816339744828,0.0046962310000000004,39299.999999019339,0.025738421224004004,0.00046648778865498926,16
32,0.78539816339744828,0.0046962310000000004,39399.999999039712,0.025014596231683554,0.00048614965259923063,16
32,0.78539816339744828,0.0046962310000000004,39499.999999060085,0.025459058205299395,0.00048706538750133084,16
32,0.78539816339744828,0.0046962310000000004,39599.999999080457,0.025430423675629282,0.00048986757745278953,16
32,0.78539816339744828,0.0046962310000000004,39699.99999910083,0.025070074645988726,0.00040804510826628282,16
32,0.78539816339744828,0.0046962310000000004,39799.999999121203,0.025392619606835833,0.00043573438183524789,16
32,0.78539816339744828,0.0046962310000000004,39899.999999141575,0.025589782291514814,0.00045178481662911676,16
32,0.78539816339744828,0.0046962310000000004,39999.999999161948,0.025724604260939012,0.00037872013008439576,16
32,0.78539816339744828,0.0046962310000000004,40099.999999182321,0.025875140913572486,0.00029090542700016959,16
32,0.78539816339744828,0.0046962310000000004,40199.999999202693,0.025760495058871697,0.00047234200919297272,16
32,0.78539816339744828,0.0046962310000000004,40299.999999223066,0.026074475767408279,0.00048055500890116965,16
32,0.78539816339744828,0.0046962310000000004,40399.999999243439,0.025891634514040644,0.00027847472727297548,16
32,0.78539816339744828,0.0046962310000000004,40499.999999263811,0.025308678704590186,0.00048938931187957383,16
32,0.78539816339744828,0.0046962310000000004,40599.999999284184,0.025001451684950878,0.00032925504329682135,16
32,0.78539816339744828,0.0046962310000000004,40699.999999304557,0.025519578638427399,0.00030073367963974869,16
32,0.78539816339744828,0.0046962310000000004,40799.999999324929,0.024910546541420733,0.00038422049899631259,16
32,0.78539816339744828,0.0046962310000000004,40899.999999345302,0.024963036927681995,0.00041739845040033772,16
32,0.78539816339744828,0.0046962310000000004,40999.999999365675,0.025396624316968146,0.00043278455077682115,16
32,0.78539816339744828,0.0046962310000000004,41099.999999386047,0.024188812047638515,0.00030365410545376187,16
32,0.78539816339744828,0.0046962310000000004,41199.99999940642,0.026143879624084272,0.00024781251637597223,16
32,0.78539816339744828,0.0046962310000000004,41299.999999426793,0.025524315775509478,0.00039135458605614926,16
32,0.78539816339744828,0.0046962310000000004,41399.999999447165,0.025023202950227367,0.00033372682259242306,16
32,0.78539816339744828,0.0046962310000000004,41499.999999467538,0.026545803642564359,0.00045849292306713446,16
32,0.78539816339744828,0.0046962310000000004,41599.999999487911,0.025699475961198336,0.00045121613807782874,16
32,0.78539816339744828,0.0046962310000000004,41699.999999508284,0.025314394689465822,0.00048503731687788961,16
32,0.78539816339744828,0.0046962310000000004,41799.999999528656,0.025386585248644924,0.00048473856339056447,16
32,0.78539816339744828,0.0046962310000000004,41899.999999549029,0.024794453524751597,0.00038508024994086113,16
32,0.78539816339744828,0.0046962310000000004,41999.999999569402,0.02507121962331461,0.00049034078764744642,16
32,0.78539816339744828,0.0046962310000000004,42099.999999589774,0.024882711719871491,0.00049495619771408822,16
32,0.78539816339744828,0.0046962310000000004,42199.999999610147,0.025457117372630528,0.00050107500335221805,16
32,0.78539816339744828,0.0046962310000000004,42299.99999963052,0.025116941730559492,0.00057595746037352076,16
32,0.78539816339744828,0.0046962310000000004,42399.999999650892,0.02495772767265321,0.00041709052041638474,16
32,0.78539816339744828,0.0046962310000000004,42499.999999671265,0.025724018732577372,0.0003963329867227307,16
32,0.78539816339744828,0.0046962310000000004,42599.999999691638,0.025896484241531032,0.00030787149396990565,16
32,0.78539816339744828,0.0046962310000000004,42699.99999971201,0.025332026313670264,0.00037082550145784148,16
32,0.78539816339744828,0.0046962310000000004,42799.999999732383,0.025647591867462485,0.00054991488169575014,16
32,0.78539816339744828,0.0046962310000000004,42899.999999752756,0.025439968840299157,0.00046340547579627099,16
32,0.78539816339744828,0.0046962310000000004,42999.999999773128,0.025764975041440034,0.00040830940053852675,16
32,0.78539816339744828,0.0046962310000000004,43099.999999793501,0.025194696730772802,0.00030130149871714312,16
32,0.78539816339744828,0.0046962310000000004,43199.999999813874,0.025175592355048178,0.0006328968903570616,16
32,0.78539816339744828,0.0046962310000000004,43299.999999834246,0.025500334787226051,0.00044150943967901138,16
32,0.78539816339744828,0.0046962310000000004,43399.999999854619,0.025875011490366261,0.00049169514151698032,16
32,0.78539816339744828,0.0046962310000000004,43499.999999874992,0.024598820220179885,0.00045309560535273564,16
32,0.78539816339744828,0.0046962310000000004,43599.999999895364,0.025443140818337547,0.00029686880932959801,16
32,0.78539816339744828,0.0046962310000000004,43699.999999915737,0.025493192062129078,0.00047156358615906523,16
32,0.78539816339744828,0.0046962310000000004,43799.99999993611,0.02507757081305554,0.00042820600773299918,16
32,0.78539816339744828,0.0046962310000000004,43899.999999956482,0.025285844369375639,0.00037487611231074063,16
32,0.78539816339744828,0.0046962310000000004,43999.999999976855,0.026185896468559889,0.00048324869953153597,16
32,0.78539816339744828,0.0046962310000000004,44099.999999997228,0.02556169804085353,0.00041589634877551174,16
32,0.78539816339744828,0.0046962310000000004,44200.000000017601,0.025647231707207407,0.00032293134714590907,16
32,0.78539816339744828,0.0046962310000000004,44300.000000037973,0.025990647622381541,0.00051474891214278306,16
32,0.78539816339744828,0.0046962310000000004,44400.000000058346,0.025561972172634589,0.00040747887355551651,16
32,0.78539816339744828,0.0046962310000000004,44500.000000078719,0.025338582650447146,0.00048561139603076688,16
32,0.78539816339744828,0.0046962310000000004,44600.000000099091,0.025237488945700978,0.00039810159871371526,16
32,0.78539816339744828,0.0046962310000000004,44700.000000119464,0.025682732415371647,0.00042107841420579165,16
32,0.78539816339744828,0.0046962310000000004,44800.000000139837,0.025650382117815167,0.00047105895462298716,16
32,0.78539816339744828,0.0046962310000000004,44900.000000160209,0.025567444822299137,0.00040836964970747793,16
32,0.78539816339744828,0.0046962310000000004,45000.000000180582,0.025875780833389699,0.00035591840791615191,16
32,0.78539816339744828,0.0046962310000000004,45100.000000200955,0.025950818532889698,0.00034514337250984509,16
32,0.78539816339744828,0.0046962310000000004,45200.000000221327,0.025400630487589924,0.00058797028365075333,16
32,0.78539816339744828,0.0046962310000000004,45300.0000002417,0.025628952512904125,0.00046711921455971488,16
32,0.78539816339744828,0.0046962310000000004,45400.000000262073,0.025442656029750363,0.00040940684162598707,16
32,0.78539816339744828,0.0046962310000000004,45500.000000282445,0.025729874666837536,0.00035209291874538004,16
32,0.78539816339744828,0.0046962310000000004,45600.000000302818,0.02573835855321056,0.00047863943892242076,16
32,0.78539816339744828,0.0046962310000000004,45700.000000323191,0.025093122101149348,0.00048820966909241377,16
32,0.78539816339744828,0.0046962310000000004,45800.000000343563,0.02616555151205649,0.00043375032637882441,16
32,0.78539816339744828,0.0046962310000000004,45900.000000363936,0.024508112902341461,0.00041082745594698216,16
32,0.78539816339744828,0.0046962310000000004,46000.000000384309,0.02538858311258408,0.00053762393280645186,16
32,0.78539816339744828,0.0046962310000000004,46100.000000404681,0.02565626038118584,0.00044821028826673296,16
32,0.78539816339744828,0.0046962310000000004,46200.000000425054,0.02550853029445118,0.00031071123983812682,16
32,0.78539816339744828,0.0046962310000000004,46300.000000445427,0.024597679094668076,0.00049645776779548047,16
32,0.78539816339744828,0.0046962310000000004,46400.0000004658,0.025751918930408457,0.00044857242502985506,16
32,0.78539816339744828,0.0046962310000000004,46500.000000486172,0.026048279924303683,0.00028808659499774254,16
32,0.78539816339744828,0.0046962310000000004,46600.000000506545,0.025984176424369766,0.00047219054132444836,16
32,0.78539816339744828,0.0046962310000000004,46700.000000526918,0.025400356669856388,0.00049645749646435623,16
32,0.78539816339744828,0.0046962310000000004,46800.00000054729,0.024910877808561206,0.00050519287799465973,16
32,0.78539816339744828,0.0046962310000000004,46900.000000567663,0.025441363173305649,0.00039873434394634112,16
32,0.78539816339744828,0.0046962310000000004,47000.000000588036,0.024713232791796699,0.00030481650688934242,16
32,0.78539816339744828,0.0046962310000000004,47100.000000608408,0.025780357118012364,0.00038512622031647048,16
32,0.78539816339744828,0.0046962310000000004,47200.000000628781,0.025870335805217987,0.00034769385831587486,16
32,0.78539816339744828,0.0046962310000000004,47300.000000649154,0.02578202468341784,0.00036812682468489728,16
32,0.78539816339744828,0.0046962310000000004,47400.000000669526,0.025385822914061024,0.00043453751976299163,16
32,0.78539816339744828,0.0046962310000000004,47500.000000689899,0.025194298953386408,0.00041165839941727,16
32,0.78539816339744828,0.0046962310000000004,47600.000000710272,0.025777571230402661,0.00046647975020598366,16
32,0.78539816339744828,0.0046962310000000004,47700.000000730644,0.02494742857465309,0.00032897737835139263,16
32,0.78539816339744828,0.0046962310000000004,47800.000000751017,0.024704485021044918,0.00039953696810010321,16
32,0.78539816339744828,0.0046962310000000004,47900.00000077139,0.025039440373007996,0.00047621026603022641,16
32,0.78539816339744828,0.0046962310000000004,48000.000000791762,0.025639402573389543,0.00040272472168400929,16
32,0.78539816339744828,0.0046962310000000004,48100.000000812135,0.024998541390285345,0.00042372531904319937,16
32,0.78539816339744828,0.0046962310000000004,48200.000000832508,0.025635472361849414,0.0002773408906037773,16
32,0.78539816339744828,0.0046962310000000004,48300.00000085288,0.025509033653212901,0.00045788509844420109,16
32,0.78539816339744828,0.0046962310000000004,48400.000000873253,0.024585679657693843,0.00034977288218880176,16
32,0.78539816339744828,0.0046962310000000004,48500.000000893626,0.025222605715267851,0.00050047255559784872,16
32,0.78539816339744828,0.0046962310000000004,48600.000000913999,0.026094793168055162,0.00050355601103578649,16
32,0.78539816339744828,0.0046962310000000004,48700.000000934371,0.025246251338494938,0.00036727517950006013,16
32,0.78539816339744828,0.0046962310000000004,48800.000000954744,0.025102057009996896,0.00046457790225217096,16
32,0.78539816339744828,0.0046962310000000004,48900.000000975117,0.025105961927379489,0.00053287079269340805,16
32,0.78539816339744828,0.0046962310000000004,49000.000000995489,0.025599604930509019,0.00033948434326060465,16
32,0.78539816339744828,0.0046962310000000004,49100.000001015862,0.025107894369538655,0.00049054849634449702,16
32,0.78539816339744828,0.0046962310000000004,49200.000001036235,0.02524391117815979,0.00046020343765777738,16
32,0.78539816339744828,0.0046962310000000004,49300.000001056607,0.026252232570196005,0.00029309063474569034,16
32,0.78539816339744828,0.0046962310000000004,49400.00000107698,0.025870957669174761,0.00051773097792478194,16
32,0.78539816339744828,0.0046962310000000004,49500.000001097353,0.025806045432285533,0.00050064118564503561,16
32,0.78539816339744828,0.0046962310000000004,49600.000001117725,0.025331928014264635,0.00042368785672515952,16
32,0.78539816339744828,0.0046962310000000004,49700.000001138098,0.025373953223587688,0.00043055711107037266,16
32,0.78539816339744828,0.0046962310000000004,49800.000001158471,0.025584419772251937,0.00031075484188554137,16
32,0.78539816339744828,0.0046962310000000004,49900.000001178843,0.025253901354162413,0.00043878008313969987,16
32,0.78539816339744828,0.0046962310000000004,50000.000001199216,0.02591715715450468,0.00030723019691090102,16
36,0.88357293382212931,0.0057915420000000002,100.00000000001425,0.025505712150927323,0.00043198153976538989,16
36,0.88357293382212931,0.0057915420000000002,199.99999999996308,0.025947959833016048,0.00034257836118419341,16
36,0.88357293382212931,0.0057915420000000002,299.99999999987216,0.024808873624826859,0.00039842021923583638,16
36,0.88357293382212931,0.0057915420000000002,399.99999999978121,0.025650123008378042,0.00044671997924070322,16
36,0.88357293382212931,0.0057915420000000002,499.99999999969026,0.025626996622366414,0.00039134007645447595,16
36,0.88357293382212931,0.0057915420000000002,599.99999999959937,0.025476399322527397,0.00036536016960339563,16
36,0.88357293382212931,0.0057915420000000002,699.99999999950842,0.025095668015894648,0.00046568307034601308,16
36,0.88357293382212931,0.0057915420000000002,799.99999999941747,0.025449621906782714,0.00039631521035456867,16
36,0.88357293382212931,0.0057915420000000002,899.99999999932652,0.025214796786065904,0.00039007759615892676,16
36,0.88357293382212931,0.0057915420000000002,999.99999999923557,0.02527070535742347,0.00024468504160147017,16
36,0.88357293382212931,0.0057915420000000002,1099.9999999991446,0.025094650799869146,0.00030285875759253903,16
36,0.88357293382212931,0.0057915420000000002,1199.9999999990537,0.025853343020563524,0.00045429515409979544,16
36,0.88357293382212931,0.0057915420000000002,1299.9999999989627,0.025886366080718246,0.00051105461453919681,16
36,0.88357293382212931,0.0057915420000000002,1399.9999999988718,0.025693552613457678,0.00041001332018092033,16
36,0.88357293382212931,0.0057915420000000002,1499.9999999987808,0.024808974169211784,0.00034755069809421115,16
36,0.88357293382212931,0.0057915420000000002,1599.9999999986899,0.025261290878954051,0.00039316935848681772,16
36,0.88357293382212931,0.0057915420000000002,1699.9999999985989,0.025304982534441505,0.00044918687623952405,16
36,0.88357293382212931,0.0057915420000000002,1799.999999998508,0.025122070258693705,0.0004344080280681027,16
36,0.88357293382212931,0.0057915420000000002,1899.999999998417,0.025898631081371401,0.00039652641180096482,16
36,0.88357293382212931,0.0057915420000000002,1999.9999999983261,0.025923207952655319,0.000496734776634494,16
36,0.88357293382212931,0.0057915420000000002,2099.9999999994175,0.025866930779136234,0.00048939582512036125,16
36,0.88357293382212931,0.0057915420000000002,2200.0000000016003,0.025445011157164396,0.0003924312483688493,16
36,0.88357293382212931,0.0057915420000000002,2300.000000003783,0.024865949874313877,0.00048146137808004419,16
36,0.88357293382212931,0.0057915420000000002,2400.0000000059658,0.024977826632975309,0.00043845068430995685,16
36,0.88357293382212931,0.0057915420000000002,2500.0000000081486,0.025684094888216366,0.00035682643560341654,16
36,0.88357293382212931,0.0057915420000000002,2600.0000000103314,0.026443144657631264,0.00038636977910090647,16
36,0.88357293382212931,0.0057915420000000002,2700.0000000125142,0.025916311786687782,0.00059930561779118763,16
36,0.88357293382212931,0.0057915420000000002,2800.000000014697,0.025545271383805378,0.00035344533894264015,16
36,0.88357293382212931,0.0057915420000000002,2900.0000000168798,0.025767550416631514,0.00041044980058340335,16
36,0.88357293382212931,0.0057915420000000002,3000.0000000190626,0.025708545437732537,0.00036324018708920472,16
36,0.88357293382212931,0.0057915420000000002,3100.0000000212453,0.0260216947822536,0.00031676858506928928,16
36,0.88357293382212931,0.0057915420000000002,3200.0000000234281,0.025669390800387333,0.0003013673663934312,16
36,0.88357293382212931,0.0057915420000000002,3300.0000000256109,0.024981136608314969,0.0004026735174714789,16
36,0.88357293382212931,0.0057915420000000002,3400.0000000277937,0.025840914973669082,0.00035797352781505228,16
36,0.88357293382212931,0.0057915420000000002,3500.0000000299765,0.026472546802493023,0.00050859417306535937,16
36,0.88357293382212931,0.0057915420000000002,3600.0000000321593,0.025318586714030519,0.0005017227202092384,16
36,0.88357293382212931,0.0057915420000000002,3700.0000000343421,0.026043864581723804,0.00035179078663146341,16
36,0.88357293382212931,0.0057915420000000002,3800.0000000365249,0.025451397526627714,0.00044868213547514781,16
36,0.88357293382212931,0.0057915420000000002,3900.0000000387076,0.026302551192972264,0.00043887275882290044,16
36,0.88357293382212931,0.0057915420000000002,4000.0000000408904,0.02607042072790438,0.00041072780953870246,16
36,0.88357293382212931,0.0057915420000000002,4100.0000000430728,0.025360021529200083,0.00035018711764943421,16
36,0.88357293382212931,0.0057915420000000002,4200.0000000452555,0.026013716459074861,0.0004589972720677893,16
36,0.88357293382212931,0.0057915420000000002,4300.0000000474383,0.025247914680626735,0.00041210248830368066,16
36,0.88357293382212931,0.0057915420000000002,4400.0000000496211,0.025588057165291004,0.00045951955450709365,16
36,0.88357293382212931,0.0057915420000000002,4500.0000000518039,0.025913790811912654,0.00029631397662275861,16
36,0.88357293382212931,0.0057915420000000002,4600.0000000539867,0.025852747780911813,0.00045534374393692122,16
36,0.88357293382212931,0.0057915420000000002,4700.0000000561695,0.025349518531993215,0.00037959665018497368,16
36,0.88357293382212931,0.0057915420000000002,4800.0000000583523,0.025234115550006649,0.00039534228802931527,16
36,0.88357293382212931,0.0057915420000000002,4900.0000000605351,0.024758927524661425,0.00039390254324545628,16
36,0.88357293382212931,0.0057915420000000002,5000.0000000627178,0.025477098292015495,0.00039369260395413595,16
36,0.88357293382212931,0.0057915420000000002,5100.0000000649006,0.026264361929640684,0.00045222269720584927,16
36,0.88357293382212931,0.0057915420000000002,5200.0000000670834,0.025474844411676398,0.00042827639010108848,16
36,0.88357293382212931,0.0057915420000000002,5300.0000000692662,0.025882671347762898,0.00056212075071750719,16
36,0.88357293382212931,0.0057915420000000002,5400.000000071449,0.025789047602119461,0.00039778013228970391,16
36,0.88357293382212931,0.0057915420000000002,5500.0000000736318,0.025365885164666774,0.00037686169519554326,16
36,0.88357293382212931,0.0057915420000000002,5600.0000000758146,0.025481934508230365,0.00048374142602551341,16
36,0.88357293382212931,0.0057915420000000002,5700.0000000779974,0.026280911706548178,0.00044623493075096989,16
36,0.88357293382212931,0.0057915420000000002,5800.0000000801801,0.0258313452242484,0.0003522186195852291,16
36,0.88357293382212931,0.0057915420000000002,5900.0000000823629,0.026243084607766087,0.00025188526836928267,16
36,0.88357293382212931,0.0057915420000000002,6000.0000000845457,0.025147263436828243,0.0004299731999370875,16
36,0.88357293382212931,0.0057915420000000002,6100.0000000867285,0.025583580773247135,0.00031141348152644016,16
36,0.88357293382212931,0.0057915420000000002,6200.0000000889113,0.025648516021859632,0.00036682259657203607,16
36,0.88357293382212931,0.0057915420000000002,6300.0000000910941,0.025209594207226269,0.00032537291985683316,16
36,0.88357293382212931,0.0057915420000000002,6400.0000000932769,0.025256524925804654,0.00044100728096922915,16
36,0.88357293382212931,0.0057915420000000002,6500.0000000954597,0.025564395710279575,0.0004640956755366264,16
36,0.88357293382212931,0.0057915420000000002,6600.0000000976424,0.025308528478570284,0.00047941419489840129,16
36,0.88357293382212931,0.0057915420000000002,6700.0000000998252,0.025230508630256596,0.00038218692748200408,16
36,0.88357293382212931,0.0057915420000000002,6800.000000102008,0.026002087131258518,0.00054628266654822334,16
36,0.88357293382212931,0.0057915420000000002,6900.0000001041908,0.02558145927663362,0.00033743736176617052,16
36,0.88357293382212931,0.0057915420000000002,7000.0000001063736,0.025577338471324113,0.00032421248435502819,16
36,0.88357293382212931,0.0057915420000000002,7100.0000001085564,0.025200538304077084,0.00042632280028846557,16
36,0.88357293382212931,0.0057915420000000002,7200.0000001107392,0.025476873557442339,0.0003445958959468401,16
36,0.88357293382212931,0.0057915420000000002,7300.000000112922,0.02579696930335669,0.00052654240130272062,16
36,0.88357293382212931,0.0057915420000000002,7400.0000001151047,0.025350634513981257,0.00036585079004055351,16
36,0.88357293382212931,0.0057915420000000002,7500.0000001172875,0.02565823719206068,0.00042785779664091867,16
36,0.88357293382212931,0.0057915420000000002,7600.0000001194703,0.025249379329278843,0.00047968381268220285,16
36,0.88357293382212931,0.0057915420000000002,7700.0000001216531,0.025225469888792096,0.00038838491690679921,16
36,0.88357293382212931,0.0057915420000000002,7800.0000001238359,0.025465105839436376,0.00049232240542288884,16
36,0.88357293382212931,0.0057915420000000002,7900.0000001260187,0.026031055700856585,0.00038480944583042234,16
36,0.88357293382212931,0.0057915420000000002,8000.0000001282015,0.025897292634114055,0.00041314560140518939,16
36,0.88357293382212931,0.0057915420000000002,8100.0000001303843,0.025343577417927136,0.00037459917269366653,16
36,0.88357293382212931,0.0057915420000000002,8200.0000001325661,0.025144669373277629,0.00045750182567911652,16
36,0.88357293382212931,0.0057915420000000002,8300.0000001347489,0.026121790088801406,0.00032436749320064189,16
36,0.88357293382212931,0.0057915420000000002,8400.0000001369317,0.025795929448193169,0.00043854995133263034,16
36,0.88357293382212931,0.0057915420000000002,8500.0000001391145,0.026074576131108137,0.00039651344353352005,16
36,0.88357293382212931,0.0057915420000000002,8600.0000001412973,0.024967802870084384,0.00038592286742876464,16
36,0.88357293382212931,0.0057915420000000002,8700.0000001434801,0.024858259645742911,0.00045419353241428603,16
36,0.88357293382212931,0.0057915420000000002,8800.0000001456629,0.025752097168505655,0.00052263331220442051,16
36,0.88357293382212931,0.0057915420000000002,8900.0000001478456,0.025523281779282023,0.00048880512621106832,16
36,0.88357293382212931,0.0057915420000000002,9000.0000001500284,0.025663048674122647,0.00050642187702214269,16
36,0.88357293382212931,0.0057915420000000002,9100.0000001522112,0.025265006353355799,0.00044031225684187898,16
36,0.88357293382212931,0.0057915420000000002,9200.000000154394,0.02509585819962749,0.00040881838131217658,16
36,0.88357293382212931,0.0057915420000000002,9300.0000001565768,0.02563379833859971,0.00037145326760184302,16
36,0.88357293382212931,0.0057915420000000002,9400.0000001587596,0.024950452926102908,0.00032340456395330567,16
36,0.88357293382212931,0.0057915420000000002,9500.0000001609424,0.025296323867658361,0.00042679199587897557,16
36,0.88357293382212931,0.0057915420000000002,9600.0000001631252,0.025293915492782398,0.00028921114353822438,16
36,0.88357293382212931,0.0057915420000000002,9700.0000001653079,0.025598639444411646,0.00031164118796633329,16
36,0.88357293382212931,0.0057915420000000002,9800.0000001674907,0.025701100489306582,0.00039196954582325599,16
36,0.88357293382212931,0.0057915420000000002,9900.0000001696735,0.025256386533820927,0.00039196917087293038,16
36,0.88357293382212931,0.0057915420000000002,10000.000000171856,0.02574256971413073,0.00040926012200846485,16
36,0.88357293382212931,0.0057915420000000002,10100.000000174039,0.025200730880565198,0.00038863252996898658,16
36,0.88357293382212931,0.0057915420000000002,10200.000000176222,0.025801036995811055,0.00028609333712144948,16
36,0.88357293382212931,0.0057915420000000002,10300.000000178405,0.025445712456448149,0.00043037661670928981,16
36,0.88357293382212931,0.0057915420000000002,10400.000000180587,0.025389796658539257,0.00043827306138959082,16
36,0.88357293382212931,0.0057915420000000002,10500.00000018277,0.025058298523532065,0.00053097329308476903,16
36,0.88357293382212931,0.0057915420000000002,10600.000000184953,0.025146929162537281,0.00035826262239560015,16
36,0.88357293382212931,0.0057915420000000002,10700.000000187136,0.02561343344900888,0.0003169927107295157,16
36,0.88357293382212931,0.0057915420000000002,10800.000000189319,0.025865168951729044,0.00031165947133460242,16
36,0.88357293382212931,0.0057915420000000002,10900.000000191501,0.025839152878131235,0.00024931341059496707,16
36,0.88357293382212931,0.0057915420000000002,11000.000000193684,0.025530162822436721,0.0004250859502410947,16
36,0.88357293382212931,0.0057915420000000002,11100.000000195867,0.025528259609933039,0.00042559288825426151,16
36,0.88357293382212931,0.0057915420000000002,11200.00000019805,0.025662716176619561,0.00039940170899540066,16
36,0.88357293382212931,0.0057915420000000002,11300.000000200233,0.025137309425658342,0.00046043835084524313,16
36,0.88357293382212931,0.0057915420000000002,11400.000000202415,0.025429948429457304,0.00035910667050946044,16
36,0.88357293382212931,0.0057915420000000002,11500.000000204598,0.026264148672276742,0.00045410795496251925,16
36,0.88357293382212931,0.0057915420000000002,11600.000000206781,0.025404453851618256,0.00051934818321341199,16
36,0.88357293382212931,0.0057915420000000002,11700.000000208964,0.025780913982878181,0.00041081379015881771,16
36,0.88357293382212931,0.0057915420000000002,11800.000000211146,0.025729706364763891,0.0002687062276098348,16
36,0.88357293382212931,0.0057915420000000002,11900.000000213329,0.025685752232013644,0.00034730145693057085,16
36,0.88357293382212931,0.0057915420000000002,12000.000000215512,0.025690334913272845,0.00028420535783417559,16
36,0.88357293382212931,0.0057915420000000002,12100.000000217695,0.025983368816850316,0.00049680771297119905,16
36,0.88357293382212931,0.0057915420000000002,12200.000000219878,0.025339382462221005,0.00039107597788950842,16
36,0.88357293382212931,0.0057915420000000002,12300.00000022206,0.025502877059150698,0.00046430153080821333,16
36,0.88357293382212931,0.0057915420000000002,12400.000000224243,0.025129338306622579,0.00035105362506537526,16
36,0.88357293382212931,0.0057915420000000002,12500.000000226426,0.025177359831539969,0.00039848270627270072,16
36,0.88357293382212931,0.0057915420000000002,12600.000000228609,0.025906699101434661,0.00034964189134229873,16
36,0.88357293382212931,0.0057915420000000002,12700.000000230792,0.025875335507669898,0.00025849922881496755,16
36,0.88357293382212931,0.0057915420000000002,12800.000000232974,0.025265821944685254,0.00043677774354302404,16
36,0.88357293382212931,0.0057915420000000002,12900.000000235157,0.025010403882397916,0.00037376356295877502,16
36,0.88357293382212931,0.0057915420000000002,13000.00000023734,0.0253280872860129,0.00039863704778904494,16
36,0.88357293382212931,0.0057915420000000002,13100.000000239523,0.025659914708338623,0.00039001893805681387,16
36,0.88357293382212931,0.0057915420000000002,13200.000000241705,0.025738905130888706,0.00046423784883586471,16
36,0.88357293382212931,0.0057915420000000002,13300.000000243888,0.025040546459628013,0.00026616842887055349,16
36,0.88357293382212931,0.0057915420000000002,13400.000000246071,0.025285962089012317,0.00042055211739697006,16
36,0.88357293382212931,0.0057915420000000002,13500.000000248254,0.026460290285124945,0.00048541453915025925,16
36,0.88357293382212931,0.0057915420000000002,13600.000000250437,0.025611278118955076,0.00052229889474803199,16
36,0.88357293382212931,0.0057915420000000002,13700.000000252619,0.02573645756878758,0.00027818413833492853,16
36,0.88357293382212931,0.0057915420000000002,13800.000000254802,0.025215618614241642,0.00037037187922124787,16
36,0.88357293382212931,0.0057915420000000002,13900.000000256985,0.024870339999230103,0.00040661651130805823,16
36,0.88357293382212931,0.0057915420000000002,14000.000000259168,0.025947132753017719,0.00038721589297822245,16
36,0.88357293382212931,0.0057915420000000002,14100.000000261351,0.02595098584248209,0.00054022198262160422,16
36,0.88357293382212931,0.0057915420000000002,14200.000000263533,0.026240218698985556,0.00038035418878093295,16
36,0.88357293382212931,0.0057915420000000002,14300.000000265716,0.025645408082784229,0.00040581174552499017,16
36,0.88357293382212931,0.0057915420000000002,14400.000000267899,0.024947233127097561,0.00049797775913259341,16
36,0.88357293382212931,0.0057915420000000002,14500.000000270082,0.025447670322968807,0.00042928923768676547,16
36,0.88357293382212931,0.0057915420000000002,14600.000000272265,0.02611263220634806,0.00040966861228923523,16
36,0.88357293382212931,0.0057915420000000002,14700.000000274447,0.025293170404888578,0.00039837640321501529,16
36,0.88357293382212931,0.0057915420000000002,14800.00000027663,0.025772405108198615,0.00044008315881372375,16
36,0.88357293382212931,0.0057915420000000002,14900.000000278813,0.025638954530938649,0.00033030388800792755,16
36,0.88357293382212931,0.0057915420000000002,15000.000000280996,0.025494419832882524,0.000426883938877794,16
36,0.88357293382212931,0.0057915420000000002,15100.000000283178,0.025936171847693094,0.0003673907821365453,16
36,0.88357293382212931,0.0057915420000000002,15200.000000285361,0.024909202662610316,0.00043942246336080293,16
36,0.88357293382212931,0.0057915420000000002,15300.000000287544,0.026030999180999128,0.00032714981854259833,16
36,0.88357293382212931,0.0057915420000000002,15400.000000289727,0.024732671007827351,0.00033801835225174518,16
36,0.88357293382212931,0.0057915420000000002,15500.00000029191,0.025790932257533913,0.00034094320423841694,16
36,0.88357293382212931,0.0057915420000000002,15600.000000294092,0.026067844584961249,0.00050505428177472075,16
36,0.88357293382212931,0.0057915420000000002,15700.000000296275,0.025335903340347372,0.00033381969374282546,16
36,0.88357293382212931,0.0057915420000000002,15800.000000298458,0.02516885651078362,0.00037702084052488439,16
36,0.88357293382212931,0.0057915420000000002,15900.000000300641,0.02488771070827767,0.00050145266316169905,16
36,0.88357293382212931,0.0057915420000000002,16000.000000302824,0.025881305191970044,0.00037520857283304795,16
36,0.88357293382212931,0.0057915420000000002,16100.000000305006,0.02603121097569619,0.00037245974871969589,16
36,0.88357293382212931,0.0057915420000000002,16200.000000307189,0.025339023964094206,0.00035209818592399675,16
36,0.88357293382212931,0.0057915420000000002,16300.000000309372,0.025355333000683874,0.00042786764511685009,16
36,0.88357293382212931,0.0057915420000000002,16400.000000308642,0.025444638347234854,0.00041408251485192083,16
36,0.88357293382212931,0.0057915420000000002,16500.000000292635,0.025147194323040974,0.00041110782404282575,16
36,0.88357293382212931,0.0057915420000000002,16600.000000276628,0.025517419025284729,0.00042621250634034273,16
36,0.88357293382212931,0.0057915420000000002,16700.000000260621,0.025293336068342987,0.00038791093586039975,16
36,0.88357293382212931,0.0057915420000000002,16800.000000244614,0.025714704253648649,0.00037754061970866681,16
36,0.88357293382212931,0.0057915420000000002,16900.000000228607,0.024952946279394542,0.00056027644534833217,16
36,0.88357293382212931,0.0057915420000000002,17000.0000002126,0.025447431166008908,0.00037972652052124686,16
36,0.88357293382212931,0.0057915420000000002,17100.000000196593,0.025583153440642461,0.00036249732541203904,16
36,0.88357293382212931,0.0057915420000000002,17200.000000180586,0.025314802800488988,0.00037612638721094772,16
36,0.88357293382212931,0.0057915420000000002,17300.000000164579,0.025185470935149043,0.00035386318011662485,16
36,0.88357293382212931,0.0057915420000000002,17400.000000148571,0.025976535487528166,0.00034236484488680278,16
36,0.88357293382212931,0.0057915420000000002,17500.000000132564,0.026209350773824851,0.00034941576367105147,16
36,0.88357293382212931,0.0057915420000000002,17600.000000116557,0.025285059227692534,0.00032557783365936026,16
36,0.88357293382212931,0.0057915420000000002,17700.00000010055,0.025078430784161884,0.00034900171041797845,16
36,0.88357293382212931,0.0057915420000000002,17800.000000084543,0.025676809475249085,0.00057744731438323269,16
36,0.88357293382212931,0.0057915420000000002,17900.000000068536,0.024582510504814241,0.00047143097541047212,16
36,0.88357293382212931,0.0057915420000000002,18000.000000052529,0.025633403051659891,0.00029380220942454885,16
36,0.88357293382212931,0.0057915420000000002,18100.000000036522,0.025569958713626002,0.00040763262806367675,16
36,0.88357293382212931,0.0057915420000000002,18200.000000020515,0.0260675803202635,0.00042902658843641835,16
36,0.88357293382212931,0.0057915420000000002,18300.000000004507,0.025912771318382894,0.00034761127207199569,16
36,0.88357293382212931,0.0057915420000000002,18399.9999999885,0.025485116112705423,0.00035014881778755983,16
36,0.88357293382212931,0.0057915420000000002,18499.999999972493,0.026530229740844884,0.00024742109234089838,16
36,0.88357293382212931,0.0057915420000000002,18599.999999956486,0.025222128481129511,0.00048415388368644793,16
36,0.88357293382212931,0.0057915420000000002,18699.999999940479,0.026088793645542549,0.00033973160197599397,16
36,0.88357293382212931,0.0057915420000000002,18799.999999924472,0.025708480522819002,0.00040569527308947857,16
36,0.88357293382212931,0.0057915420000000002,18899.999999908465,0.025530921789201168,0.00049075487721112572,16
36,0.88357293382212931,0.0057915420000000002,18999.999999892458,0.025562814885709897,0.00047037347221287981,16
36,0.88357293382212931,0.0057915420000000002,19099.999999876451,0.0260621500026329,0.00043798073173692954,16
36,0.88357293382212931,0.0057915420000000002,19199.999999860443,0.025255657633513732,0.00035575489440152361,16
36,0.88357293382212931,0.0057915420000000002,19299.999999844436,0.025128812889237535,0.00040406690968456267,16
36,0.88357293382212931,0.0057915420000000002,19399.999999828429,0.024580311299958212,0.00048177043954004576,16
36,0.88357293382212931,0.0057915420000000002,19499.999999812422,0.025807115726196053,0.00042805380252272597,16
36,0.88357293382212931,0.0057915420000000002,19599.999999796415,0.025083826708313779,0.00038102887826207927,16
36,0.88357293382212931,0.0057915420000000002,19699.999999780408,0.025602878137949214,0.000395823534923658,16
36,0.88357293382212931,0.0057915420000000002,19799.999999764401,0.024819386263445698,0.00051685342776821024,16
36,0.88357293382212931,0.0057915420000000002,19899.999999748394,0.024738525717352237,0.00039278802023624354,16
36,0.88357293382212931,0.0057915420000000002,19999.999999732387,0.025282443588879971,0.0003276599459670503,16
36,0.88357293382212931,0.0057915420000000002,20099.99999971638,0.025155850493035162,0.00037957013934484672,16
36,0.88357293382212931,0.0057915420000000002,20199.999999700372,0.025388712715937754,0.0004193989643135559,16
36,0.88357293382212931,0.0057915420000000002,20299.999999684365,0.025328883294469716,0.00033570449635775723,16
36,0.88357293382212931,0.0057915420000000002,20399.999999668358,0.026115618797466322,0.00025798883810112296,16
36,0.88357293382212931,0.0057915420000000002,20499.999999652351,0.025690407649467277,0.00043552745478130003,16
36,0.88357293382212931,0.0057915420000000002,20599.999999636344,0.025698357363964197,0.00050521918787643999,16
36,0.88357293382212931,0.0057915420000000002,20699.999999620337,0.0247125615236128,0.00037416796246769751,16
36,0.88357293382212931,0.0057915420000000002,20799.99999960433,0.024870099778141537,0.00039310847978575835,16
36,0.88357293382212931,0.0057915420000000002,20899.999999588323,0.024678105731787799,0.00033114996515025928,16
36,0.88357293382212931,0.0057915420000000002,20999.999999572316,0.025301984316838957,0.0003102022264808158,16
36,0.88357293382212931,0.0057915420000000002,21099.999999556308,0.025211553131398619,0.00044773793286507769,16
36,0.88357293382212931,0.0057915420000000002,21199.999999540301,0.026180530245754494,0.00037795421960241585,16
36,0.88357293382212931,0.0057915420000000002,21299.999999524294,0.026081661510300599,0.00036483857363900889,16
36,0.88357293382212931,0.0057915420000000002,21399.999999508287,0.025741078208381448,0.00041423620879723445,16
36,0.88357293382212931,0.0057915420000000002,21499.99999949228,0.025646990519697415,0.00036697962243347268,16
36,0.88357293382212931,0.0057915420000000002,21599.999999476273,0.025513808507787641,0.00045417569280068148,16
36,0.88357293382212931,0.0057915420000000002,21699.999999460266,0.025772015505167035,0.00030633899669993783,16
36,0.88357293382212931,0.0057915420000000002,21799.999999444259,0.024991984482304566,0.00035865620823931165,16
36,0.88357293382212931,0.0057915420000000002,21899.999999428252,0.0249416986019457,0.00027631700150476814,16
36,0.88357293382212931,0.0057915420000000002,21999.999999412245,0.025447373058945497,0.00043347547244569601,16
36,0.88357293382212931,0.0057915420000000002,22099.999999396237,0.02578391021201637,0.00045427198894099665,16
36,0.88357293382212931,0.0057915420000000002,22199.99999938023,0.02550934865895833,0.00027602419393623235,16
36,0.88357293382212931,0.0057915420000000002,22299.999999364223,0.025675508861003081,0.00033213091670227987,16
36,0.88357293382212931,0.0057915420000000002,22399.999999348216,0.025775218740550339,0.00041202766759362738,16
36,0.88357293382212931,0.0057915420000000002,22499.999999332209,0.024944390859208861,0.00033524151532333604,16
36,0.88357293382212931,0.0057915420000000002,22599.999999316202,0.026216162472750007,0.00028690368342760756,16
36,0.88357293382212931,0.0057915420000000002,22699.999999300195,0.025541571341656064,0.00034704422913263259,16
36,0.88357293382212931,0.0057915420000000002,22799.999999284188,0.025288641125118843,0.00040268075013331277,16
36,0.88357293382212931,0.0057915420000000002,22899.999999268181,0.0253783945509981,0.00045328927443563909,16
36,0.88357293382212931,0.0057915420000000002,22999.999999252173,0.025900073590605047,0.00041909533672957648,16
36,0.88357293382212931,0.0057915420000000002,23099.999999236166,0.025058204247820896,0.00034123263705262123,16
36,0.88357293382212931,0.0057915420000000002,23199.999999220159,0.025607999982582615,0.00041033745961825056,16
36,0.88357293382212931,0.0057915420000000002,23299.999999204152,0.025409802824909341,0.00041356694010941808,16
36,0.88357293382212931,0.0057915420000000002,23399.999999188145,0.025410841274171529,0.00047731124461848255,16
36,0.88357293382212931,0.0057915420000000002,23499.999999172138,0.025875211596970621,0.00048537808077200916,16
36,0.88357293382212931,0.0057915420000000002,23599.999999156131,0.024710385010552723,0.00043247374586625602,16
36,0.88357293382212931,0.0057915420000000002,23699.999999140124,0.025031384158440664,0.00050011978824378929,16
36,0.88357293382212931,0.0057915420000000002,23799.999999124117,0.025927779621914355,0.00025875183036725764,16
36,0.88357293382212931,0.0057915420000000002,23899.999999108109,0.025294621359551944,0.00031368786664725753,16
36,0.88357293382212931,0.0057915420000000002,23999.999999092102,0.025429512461646875,0.00034596342815901082,16
36,0.88357293382212931,0.0057915420000000002,24099.999999076095,0.025685874751615718,0.0004627932992153448,16
36,0.88357293382212931,0.0057915420000000002,24199.999999060088,0.024996349214019917,0.00027228458774187082,16
36,0.88357293382212931,0.0057915420000000002,24299.999999044081,0.025136854991202655,0.00038139106115808643,16
36,0.88357293382212931,0.0057915420000000002,24399.999999028074,0.025367918284718009,0.00062015767722496662,16
36,0.88357293382212931,0.0057915420000000002,24499.999999012067,0.025786244160628392,0.00047340337595974343,16
36,0.88357293382212931,0.0057915420000000002,24599.99999899606,0.025200083038556819,0.00029974271627571434,16
36,0.88357293382212931,0.0057915420000000002,24699.999998980053,0.025454597884474489,0.00038949499483271143,16
36,0.88357293382212931,0.0057915420000000002,24799.999998964046,0.025551966933458133,0.00031262758813669928,16
36,0.88357293382212931,0.0057915420000000002,24899.999998948038,0.025312213625014634,0.00039920239996617122,16
36,0.88357293382212931,0.0057915420000000002,24999.999998932031,0.025201835824717043,0.00035947744981691492,16
36,0.88357293382212931,0.0057915420000000002,25099.999998916024,0.025004955568488113,0.00040585327237622462,16
36,0.88357293382212931,0.0057915420000000002,25199.999998900017,0.026058899231830603,0.00044842405737739868,16
36,0.88357293382212931,0.0057915420000000002,25299.99999888401,0.02607514291197929,0.00044303591846839356,16
36,0.88357293382212931,0.0057915420000000002,25399.999998868003,0.025252735614168586,0.00044282567892443131,16
36,0.88357293382212931,0.0057915420000000002,25499.999998851996,0.025347466663431562,0.00042488405364180415,16
36,0.88357293382212931,0.0057915420000000002,25599.999998835989,0.024585683958887793,0.00024963965290394864,16
36,0.88357293382212931,0.0057915420000000002,25699.999998819982,0.02561466607790628,0.00042510177211005216,16
36,0.88357293382212931,0.0057915420000000002,25799.999998803974,0.025880350983380786,0.00042590748386837739,16
36,0.88357293382212931,0.0057915420000000002,25899.999998787967,0.025142378857392025,0.00043191779650724718,16
36,0.88357293382212931,0.0057915420000000002,25999.99999877196,0.025715268017660421,0.00047345799632419219,16
36,0.88357293382212931,0.0057915420000000002,26099.999998755953,0.025083659888632207,0.00044884936872835853,16
36,0.88357293382212931,0.0057915420000000002,26199.999998739946,0.025296415958720397,0.00042234605683153415,16
36,0.88357293382212931,0.0057915420000000002,26299.999998723939,0.025314526423046962,0.00045796553569578895,16
36,0.88357293382212931,0.0057915420000000002,26399.999998707932,0.025836195103113517,0.00040296708157318598,16
36,0.88357293382212931,0.0057915420000000002,26499.999998691925,0.025600291329897575,0.00041934922126672604,16
36,0.88357293382212931,0.0057915420000000002,26599.999998675918,0.025683330532674766,0.00037572351396566881,16
36,0.88357293382212931,0.0057915420000000002,26699.99999865991,0.025209476129707198,0.00043206584120057548,16
36,0.88357293382212931,0.0057915420000000002,26799.999998643903,0.025109832635997729,0.00035887065680480576,16
36,0.88357293382212931,0.0057915420000000002,26899.999998627896,0.026208280072244849,0.0004340588545064005,16
36,0.88357293382212931,0.0057915420000000002,26999.999998611889,0.02541164301094534,0.00044925925841163885,16
36,0.88357293382212931,0.0057915420000000002,27099.999998595882,0.024614454205254495,0.00035802282865488239,16
36,0.88357293382212931,0.0057915420000000002,27199.999998579875,0.025421739892840672,0.00036337028473079722,16
36,0.88357293382212931,0.0057915420000000002,27299.999998563868,0.025449652476137435,0.00035482368191938417,16
36,0.88357293382212931,0.0057915420000000002,27399.999998547861,0.025989691114323313,0.00034945105050373989,16
36,0.88357293382212931,0.0057915420000000002,27499.999998531854,0.025043693899295928,0.00041109386939160424,16
36,0.88357293382212931,0.0057915420000000002,27599.999998515847,0.025735985600639562,0.00041133926611643318,16
36,0.88357293382212931,0.0057915420000000002,27699.999998499839,0.025069424991961898,0.00033604350434365186,16
36,0.88357293382212931,0.0057915420000000002,27799.999998483832,0.025865672656111727,0.00043113181907402086,16
36,0.88357293382212931,0.0057915420000000002,27899.999998467825,0.025430873897289017,0.00033761509149270999,16
36,0.88357293382212931,0.0057915420000000002,27999.999998451818,0.025430159786271913,0.0003341967838498889,16
36,0.88357293382212931,0.0057915420000000002,28099.999998435811,0.025198608133570655,0.00041084247960627843,16
36,0.88357293382212931,0.0057915420000000002,28199.999998419804,0.025482706176818762,0.00045809853842728528,16
36,0.88357293382212931,0.0057915420000000002,28299.999998403797,0.025394776765767384,0.00032365059734988687,16
36,0.88357293382212931,0.0057915420000000002,28399.99999838779,0.024926803015256401,0.00051021086321291693,16
36,0.88357293382212931,0.0057915420000000002,28499.999998371783,0.025639499149391773,0.00049969335300864256,16
36,0.88357293382212931,0.0057915420000000002,28599.999998355775,0.025643657621446655,0.00040264640758027584,16
36,0.88357293382212931,0.0057915420000000002,28699.999998339768,0.025546997126914432,0.00034791157547385163,16
36,0.88357293382212931,0.0057915420000000002,28799.999998323761,0.025228201180063893,0.00051713674531882181,16
36,0.88357293382212931,0.0057915420000000002,28899.999998307754,0.026635380178849095,0.00034439988170171441,16
36,0.88357293382212931,0.0057915420000000002,28999.999998291747,0.025506771332972942,0.00047721213621840095,16
36,0.88357293382212931,0.0057915420000000002,29099.99999827574,0.024922331136371722,0.0003168255169455111,16
36,0.88357293382212931,0.0057915420000000002,29199.999998259733,0.025745423548489868,0.00029525743658052948,16
36,0.88357293382212931,0.0057915420000000002,29299.999998243726,0.025467541681416184,0.0004037768980635389,16
36,0.88357293382212931,0.0057915420000000002,29399.999998227719,0.025494633252376213,0.00049722315708062399,16
36,0.88357293382212931,0.0057915420000000002,29499.999998211711,0.025759875608086708,0.00039605749729437599,16
36,0.88357293382212931,0.0057915420000000002,29599.999998195704,0.025989090567779108,0.00044070836306210045,16
36,0.88357293382212931,0.0057915420000000002,29699.999998179697,0.025277111159322654,0.00037949606706150744,16
36,0.88357293382212931,0.0057915420000000002,29799.99999816369,0.025459482294116657,0.00039589409856619751,16
36,0.88357293382212931,0.0057915420000000002,29899.999998147683,0.025555277897938822,0.00032480038608444657,16
36,0.88357293382212931,0.0057915420000000002,29999.999998131676,0.025401773006607828,0.00049279760925549025,16
36,0.88357293382212931,0.0057915420000000002,30099.999998115669,0.025722931469241404,0.00042424389593857711,16
36,0.88357293382212931,0.0057915420000000002,30199.999998099662,0.025310529781043957,0.00039652916203860851,16
36,0.88357293382212931,0.0057915420000000002,30299.999998083655,0.025869380327409201,0.00039702886326020801,16
36,0.88357293382212931,0.0057915420000000002,30399.999998067648,0.025822029369187913,0.00048658565786412254,16
36,0.88357293382212931,0.0057915420000000002,30499.99999805164,0.025270204564390851,0.00051923342297753008,16
36,0.88357293382212931,0.0057915420000000002,30599.999998035633,0.025540585791325544,0.00031105187017900385,16
36,0.88357293382212931,0.0057915420000000002,30699.999998019626,0.025321074643610331,0.00050303485196422852,16
36,0.88357293382212931,0.0057915420000000002,30799.999998003619,0.024950854024120731,0.00050600103132265753,16
36,0.88357293382212931,0.0057915420000000002,30899.999997987612,0.025515180388407506,0.00037439560395144265,16
36,0.88357293382212931,0.0057915420000000002,30999.999997971605,0.02542551631278088,0.00027062250260216457,16
36,0.88357293382212931,0.0057915420000000002,31099.999997955598,0.025245940922366112,0.00024064046706110911,16
36,0.88357293382212931,0.0057915420000000002,31199.999997939591,0.024949528684876512,0.00032408428627366594,16
36,0.88357293382212931,0.0057915420000000002,31299.999997923584,0.025881102615505511,0.00046662882510115945,16
36,0.88357293382212931,0.0057915420000000002,31399.999997907576,0.025427473927253145,0.00038530293993342722,16
36,0.88357293382212931,0.0057915420000000002,31499.999997891569,0.025084196197562504,0.00043983265177845177,16
36,0.88357293382212931,0.0057915420000000002,31599.999997875562,0.025580673292640254,0.00034871615776303386,16
36,0.88357293382212931,0.0057915420000000002,31699.999997859555,0.025090055297312199,0.00040061175849120359,16
36,0.88357293382212931,0.0057915420000000002,31799.999997843548,0.025875328592619984,0.00031123953917313354,16
36,0.88357293382212931,0.0057915420000000002,31899.999997827541,0.025172926062794601,0.00042708134458452899,16
36,0.88357293382212931,0.0057915420000000002,31999.999997811534,0.025954033502520502,0.0003529425244227122,16
36,0.88357293382212931,0.0057915420000000002,32099.999997795527,0.025577122304179033,0.00028688607497107701,16
36,0.88357293382212931,0.0057915420000000002,32199.99999777952,0.024941398039582268,0.00049384042153683262,16
36,0.88357293382212931,0.0057915420000000002,32299.999997763513,0.025380373695017115,0.00043899071346246483,16
36,0.88357293382212931,0.0057915420000000002,32399.999997747505,0.026025482972806074,0.0003757174627090542,16
36,0.88357293382212931,0.0057915420000000002,32499.999997731498,0.025998083968201378,0.00041415880241352454,16
36,0.88357293382212931,0.0057915420000000002,32599.999997715491,0.025880025649222121,0.0003271622163368391,16
36,0.88357293382212931,0.0057915420000000002,32699.999997699484,0.026047625122266074,0.00043310519633414554,16
36,0.88357293382212931,0.0057915420000000002,32799.999997695115,0.025314593252459928,0.00047542209241088849,16
36,0.88357293382212931,0.0057915420000000002,32899.999997715488,0.025677300629875725,0.00025738899280560221,16
36,0.88357293382212931,0.0057915420000000002,32999.99999773586,0.025825736302327134,0.00068947215093470018,16
36,0.88357293382212931,0.0057915420000000002,33099.999997756233,0.025375439032784358,0.00034437354547138689,16
36,0.88357293382212931,0.0057915420000000002,33199.999997776606,0.025056522878896814,0.00040151632354592408,16
36,0.88357293382212931,0.0057915420000000002,33299.999997796978,0.02539367926798649,0.00037648779700889145,16
36,0.88357293382212931,0.0057915420000000002,33399.999997817351,0.026022918215506473,0.00041478432302459049,16
36,0.88357293382212931,0.0057915420000000002,33499.999997837724,0.026108233139095122,0.00041795576675330822,16
36,0.88357293382212931,0.0057915420000000002,33599.999997858096,0.025335866451887314,0.00045423381428937016,16
36,0.88357293382212931,0.0057915420000000002,33699.999997878469,0.025585067154605592,0.00030563490920527145,16
36,0.88357293382212931,0.0057915420000000002,33799.999997898842,0.025852946575362731,0.00032744705483906604,16
36,0.88357293382212931,0.0057915420000000002,33899.999997919214,0.025349403628110893,0.00042962896598476287,16
36,0.88357293382212931,0.0057915420000000002,33999.999997939587,0.025475974927811885,0.00029153127208205251,16
36,0.88357293382212931,0.0057915420000000002,34099.99999795996,0.025656374381728981,0.0003256636762393176,16
36,0.88357293382212931,0.0057915420000000002,34199.999997980332,0.025850172043223762,0.00037644609473440761,16
36,0.88357293382212931,0.0057915420000000002,34299.999998000705,0.025672900625158451,0.00051268842561432121,16
36,0.88357293382212931,0.0057915420000000002,34399.999998021078,0.025617888217153124,0.0003929198831597807,16
36,0.88357293382212931,0.0057915420000000002,34499.99999804145,0.025730733175448061,0.00051381725642387981,16
36,0.88357293382212931,0.0057915420000000002,34599.999998061823,0.025208177781866403,0.00040483730655177421,16
36,0.88357293382212931,0.0057915420000000002,34699.999998082196,0.02573740942659386,0.00036726516034135464,16
36,0.88357293382212931,0.0057915420000000002,34799.999998102568,0.024998054331384356,0.00032496334130157787,16
36,0.88357293382212931,0.0057915420000000002,34899.999998122941,0.025457685789260137,0.00056105439795726996,16
36,0.88357293382212931,0.0057915420000000002,34999.999998143314,0.026216392456642576,0.00038224938207217759,16
36,0.88357293382212931,0.0057915420000000002,35099.999998163687,0.025688001151696564,0.00035238427290127706,16
36,0.88357293382212931,0.0057915420000000002,35199.999998184059,0.025840042889003906,0.00027469475135729222,16
36,0.88357293382212931,0.0057915420000000002,35299.999998204432,0.025267462282792922,0.00046391914272507652,16
36,0.88357293382212931,0.0057915420000000002,35399.999998224805,0.025886214318754909,0.00047140199665196992,16
36,0.88357293382212931,0.0057915420000000002,35499.999998245177,0.025550760664191288,0.00041168532539763935,16
36,0.88357293382212931,0.0057915420000000002,35599.99999826555,0.025334594852887735,0.0004666000890853551,16
36,0.88357293382212931,0.0057915420000000002,35699.999998285923,0.025527869863481115,0.0005169817591676682,16
36,0.88357293382212931,0.0057915420000000002,35799.999998306295,0.025599859295850198,0.000433024500548413,16
36,0.88357293382212931,0.0057915420000000002,35899.999998326668,0.02590800256019745,0.00040045876729816302,16
36,0.88357293382212931,0.0057915420000000002,35999.999998347041,0.024976405398834112,0.00025364706544925498,16
36,0.88357293382212931,0.0057915420000000002,36099.999998367413,0.025586662832256288,0.00040539046889753657,16
36,0.88357293382212931,0.0057915420000000002,36199.999998387786,0.025289547832311139,0.00037754009918195529,16
36,0.88357293382212931,0.0057915420000000002,36299.999998408159,0.025283991751489873,0.00039779089996935991,16
36,0.88357293382212931,0.0057915420000000002,36399.999998428531,0.025665348864364775,0.00042800625514568402,16
36,0.88357293382212931,0.0057915420000000002,36499.999998448904,0.025428375555050071,0.00051007839756417057,16
36,0.88357293382212931,0.0057915420000000002,36599.999998469277,0.024978055404265655,0.00043265435733704324,16
36,0.88357293382212931,0.0057915420000000002,36699.999998489649,0.025505238221913404,0.00044870248732464227,16
36,0.88357293382212931,0.0057915420000000002,36799.999998510022,0.024835521328331243,0.0005737897203521139,16
36,0.88357293382212931,0.0057915420000000002,36899.999998530395,0.025588925532116492,0.00025669852752323248,16
36,0.88357293382212931,0.0057915420000000002,36999.999998550767,0.025329541334421061,0.00035681890921443753,16
36,0.88357293382212931,0.0057915420000000002,37099.99999857114,0.025486127860098372,0.00041183695919000618,16
36,0.88357293382212931,0.0057915420000000002,37199.999998591513,0.025212792299739745,0.00036001697689771155,16
36,0.88357293382212931,0.0057915420000000002,37299.999998611886,0.025697137733946395,0.00035592720308062374,16
36,0.88357293382212931,0.0057915420000000002,37399.999998632258,0.024885670830484697,0.00036898754402563496,16
36,0.88357293382212931,0.0057915420000000002,37499.999998652631,0.025104104511358322,0.00043188324640215219,16
36,0.88357293382212931,0.0057915420000000002,37599.999998673004,0.025607153199885969,0.00048353317338393706,16
36,0.88357293382212931,0.0057915420000000002,37699.999998693376,0.025457931862355395,0.00028866424107501656,16
36,0.88357293382212931,0.0057915420000000002,37799.999998713749,0.025418207671147216,0.00042551212163678405,16
36,0.88357293382212931,0.0057915420000000002,37899.999998734122,0.025077577056634399,0.00041048857239874486,16
36,0.88357293382212931,0.0057915420000000002,37999.999998754494,0.024784473165206693,0.00037555878643140921,16
36,0.88357293382212931,0.0057915420000000002,38099.999998774867,0.025749091338180437,0.00050067110969165491,16
36,0.88357293382212931,0.0057915420000000002,38199.99999879524,0.025422038386861748,0.00051932453947701606,16
36,0.88357293382212931,0.0057915420000000002,38299.999998815612,0.025512762168357194,0.0002818483382644011,16
36,0.88357293382212931,0.0057915420000000002,38399.999998835985,0.025799156317297678,0.00040027621463355288,16
36,0.88357293382212931,0.0057915420000000002,38499.999998856358,0.025967255969250584,0.00030071918853918027,16
36,0.88357293382212931,0.0057915420000000002,38599.99999887673,0.025567170519384678,0.00035663853557977952,16
36,0.88357293382212931,0.0057915420000000002,38699.999998897103,0.025984787186095318,0.00046742964823735312,16
36,0.88357293382212931,0.0057915420000000002,38799.999998917476,0.025449696390708813,0.00051638733636609393,16
36,0.88357293382212931,0.0057915420000000002,38899.999998937848,0.025353860112849347,0.00038487742490491664,16
36,0.88357293382212931,0.0057915420000000002,38999.999998958221,0.025292354464664737,0.00048104793031754443,16
36,0.88357293382212931,0.0057915420000000002,39099.999998978594,0.025240302418964699,0.00036941736290912975,16
36,0.88357293382212931,0.0057915420000000002,39199.999998998966,0.025570119400232256,0.00050272941169138578,16
36,0.88357293382212931,0.0057915420000000002,39299.999999019339,0.025340033930753465,0.00035833411645847402,16
36,0.88357293382212931,0.0057915420000000002,39399.999999039712,0.025563735732961518,0.00034817163726299838,16
36,0.88357293382212931,0.0057915420000000002,39499.999999060085,0.02558280649938775,0.00040837080449471799,16
36,0.88357293382212931,0.0057915420000000002,39599.999999080457,0.025608082131137921,0.00041765539544147385,16
36,0.88357293382212931,0.0057915420000000002,39699.99999910083,0.025243606907371721,0.00032260251345878012,16
36,0.88357293382212931,0.0057915420000000002,39799.999999121203,0.025404934669656144,0.00033710735446873638,16
36,0.88357293382212931,0.0057915420000000002,39899.999999141575,0.025543857986995436,0.00050133516848668922,16
36,0.88357293382212931,0.0057915420000000002,39999.999999161948,0.025136254367120824,0.00051418636466671547,16
36,0.88357293382212931,0.0057915420000000002,40099.999999182321,0.025366375605862312,0.00044576878919407617,16
36,0.88357293382212931,0.0057915420000000002,40199.999999202693,0.025216407997897861,0.00032327501012494438,16
36,0.88357293382212931,0.0057915420000000002,40299.999999223066,0.025256654355250093,0.00041457167301832285,16
36,0.88357293382212931,0.0057915420000000002,40399.999999243439,0.025270733217204147,0.00035624316251306535,16
36,0.88357293382212931,0.0057915420000000002,40499.999999263811,0.024882052132178888,0.00052973590204431688,16
36,0.88357293382212931,0.0057915420000000002,40599.999999284184,0.025482610764920123,0.00041186826220311487,16
36,0.88357293382212931,0.0057915420000000002,40699.999999304557,0.025667910904612894,0.00034918204397369775,16
36,0.88357293382212931,0.0057915420000000002,40799.999999324929,0.025630607832292575,0.00036904535170257557,16
36,0.88357293382212931,0.0057915420000000002,40899.999999345302,0.025971609312476412,0.00044211296264976815,16
36,0.88357293382212931,0.0057915420000000002,40999.999999365675,0.025614844720155176,0.00046781503475237633,16
36,0.88357293382212931,0.0057915420000000002,41099.999999386047,0.025129925288988126,0.0003988341228156372,16
36,0.88357293382212931,0.0057915420000000002,41199.99999940642,0.025840760397128376,0.00048950071683086141,16
36,0.88357293382212931,0.0057915420000000002,41299.999999426793,0.024821622375318271,0.00057420283844533476,16
36,0.88357293382212931,0.0057915420000000002,41399.999999447165,0.024666040593283183,0.00035126832339193049,16
36,0.88357293382212931,0.0057915420000000002,41499.999999467538,0.025187748674002738,0.00037723483628009173,16
36,0.88357293382212931,0.0057915420000000002,41599.999999487911,0.025330387015290945,0.00039221350706646123,16
36,0.88357293382212931,0.0057915420000000002,41699.999999508284,0.025632209718213037,0.00035549006855538714,16
36,0.88357293382212931,0.0057915420000000002,41799.999999528656,0.024775314189309127,0.00037670270236428471,16
36,0.88357293382212931,0.0057915420000000002,41899.999999549029,0.025855493786360699,0.00062470651756428325,16
36,0.88357293382212931,0.0057915420000000002,41999.999999569402,0.025905231110278849,0.0003659972000640439,16
36,0.88357293382212931,0.0057915420000000002,42099.999999589774,0.025658569889576866,0.0004252709379935472,16
36,0.88357293382212931,0.0057915420000000002,42199.999999610147,0.02591549016460069,0.00038227069256127876,16
36,0.88357293382212931,0.0057915420000000002,42299.99999963052,0.025744564481716591,0.00047843788107242163,16
36,0.88357293382212931,0.0057915420000000002,42399.999999650892,0.02526194101902543,0.00040427445593659933,16
36,0.88357293382212931,0.0057915420000000002,42499.999999671265,0.025574242112438098,0.00024408585582626969,16
36,0.88357293382212931,0.0057915420000000002,42599.999999691638,0.025739717849660455,0.00045812323391870976,16
36,0.88357293382212931,0.0057915420000000002,42699.99999971201,0.025387715967137181,0.00034289669747493765,16
36,0.88357293382212931,0.0057915420000000002,42799.999999732383,0.02519257217781477,0.0004781628821375489,16
36,0.88357293382212931,0.0057915420000000002,42899.999999752756,0.024712891327454384,0.00042809788186697349,16
36,0.88357293382212931,0.0057915420000000002,42999.999999773128,0.026097789470096604,0.00046308742304902641,16
36,0.88357293382212931,0.0057915420000000002,43099.999999793501,0.0255769921709482,0.00032241837827177706,16
36,0.88357293382212931,0.0057915420000000002,43199.999999813874,0.025666199545624366,0.00035943736800609478,16
36,0.88357293382212931,0.0057915420000000002,43299.999999834246,0.025470635899264332,0.00035464638771383984,16
36,0.88357293382212931,0.0057915420000000002,43399.999999854619,0.026053718839083303,0.00036823546915505179,16
36,0.88357293382212931,0.0057915420000000002,43499.999999874992,0.025203420406815471,0.00036343247946481438,16
36,0.88357293382212931,0.0057915420000000002,43599.999999895364,0.025234954304907155,0.00036296014515888373,16
36,0.88357293382212931,0.0057915420000000002,43699.999999915737,0.026105210983492385,0.00035422199426053642,16
36,0.88357293382212931,0.0057915420000000002,43799.99999993611,0.026114340230610694,0.00038287045539464658,16
36,0.88357293382212931,0.0057915420000000002,43899.999999956482,0.026175432864611839,0.00030749646267690274,16
36,0.88357293382212931,0.0057915420000000002,43999.999999976855,0.025097952862880753,0.00043959081328675431,16
36,0.88357293382212931,0.0057915420000000002,44099.999999997228,0.025736448935199999,0.00044952115452523731,16
36,0.88357293382212931,0.0057915420000000002,44200.000000017601,0.0251305189535205,0.00052885779754387803,16
36,0.88357293382212931,0.0057915420000000002,44300.000000037973,0.025089057341851562,0.00033387417725936502,16
36,0.88357293382212931,0.0057915420000000002,44400.000000058346,0.025901802943204714,0.00045363519085235137,16
36,0.88357293382212931,0.0057915420000000002,44500.000000078719,0.025412733545596672,0.00047165624654346076,16
36,0.88357293382212931,0.0057915420000000002,44600.000000099091,0.024867520171442444,0.00050318619330941186,16
36,0.88357293382212931,0.0057915420000000002,44700.000000119464,0.025430946330156329,0.00035907963863129525,16
36,0.88357293382212931,0.0057915420000000002,44800.000000139837,0.025705446176098407,0.00042997325900388447,16
36,0.88357293382212931,0.0057915420000000002,44900.000000160209,0.024545101916058309,0.00026858202105245742,16
36,0.88357293382212931,0.0057915420000000002,45000.000000180582,0.0251005292826527,0.00042634149301586858,16
36,0.88357293382212931,0.0057915420000000002,45100.000000200955,0.025912928892568354,0.00038722120313638986,16
36,0.88357293382212931,0.0057915420000000002,45200.000000221327,0.025732019647340561,0.00026227247351994485,16
36,0.88357293382212931,0.0057915420000000002,45300.0000002417,0.025303247538633361,0.00040420964812301689,16
36,0.88357293382212931,0.0057915420000000002,45400.000000262073,0.025433463323522074,0.00036612324554626652,16
36,0.88357293382212931,0.0057915420000000002,45500.000000282445,0.025556307774689369,0.0004633227956338572,16
36,0.88357293382212931,0.0057915420000000002,45600.000000302818,0.025944875249471474,0.00033382724829390754,16
36,0.88357293382212931,0.0057915420000000002,45700.000000323191,0.025786817814940698,0.00027309748174702566,16
36,0.88357293382212931,0.0057915420000000002,45800.000000343563,0.025335503864480215,0.00041864581915667255,16
36,0.88357293382212931,0.0057915420000000002,45900.000000363936,0.025611315357616751,0.00045011595685007851,16
36,0.88357293382212931,0.0057915420000000002,46000.000000384309,0.026026732120768996,0.00040837284305546214,16
36,0.88357293382212931,0.0057915420000000002,46100.000000404681,0.025141089894566985,0.00045810272360234899,16
36,0.88357293382212931,0.0057915420000000002,46200.000000425054,0.025520233295804561,0.00038234904920394363,16
36,0.88357293382212931,0.0057915420000000002,46300.000000445427,0.02534268080761555,0.00058771052080746884,16
36,0.88357293382212931,0.0057915420000000002,46400.0000004658,0.025309961451843634,0.00036224710718618625,16
36,0.88357293382212931,0.0057915420000000002,46500.000000486172,0.024691087741291001,0.0004011753698229588,16
36,0.88357293382212931,0.0057915420000000002,46600.000000506545,0.025575484975277063,0.0003849918778104232,16
36,0.88357293382212931,0.0057915420000000002,46700.000000526918,0.025851488463649871,0.00035573654432216638,16
36,0.88357293382212931,0.0057915420000000002,46800.00000054729,0.025419208359186988,0.00052720902913679297,16
36,0.88357293382212931,0.0057915420000000002,46900.000000567663,0.025748655865196458,0.00048105145800706302,16
36,0.88357293382212931,0.0057915420000000002,47000.000000588036,0.025648775673797818,0.00033982675755396275,16
36,0.88357293382212931,0.0057915420000000002,47100.000000608408,0.025439071582750931,0.00049169196424452835,16
36,0.88357293382212931,0.0057915420000000002,47200.000000628781,0.025063933468466408,0.0004514797293374991,16
36,0.88357293382212931,0.0057915420000000002,47300.000000649154,0.025898408853976998,0.00040935551739097373,16
36,0.88357293382212931,0.0057915420000000002,47400.000000669526,0.024325022952356602,0.00033966748691337728,16
36,0.88357293382212931,0.0057915420000000002,47500.000000689899,0.025440812875324747,0.00030211412939635152,16
36,0.88357293382212931,0.0057915420000000002,47600.000000710272,0.025319599199598631,0.00034612390257306326,16
36,0.88357293382212931,0.0057915420000000002,47700.000000730644,0.025687660849764336,0.00040346205739513709,16
36,0.88357293382212931,0.0057915420000000002,47800.000000751017,0.025403538390144875,0.00038721203429536544,16
36,0.88357293382212931,0.0057915420000000002,47900.00000077139,0.025824840747718954,0.00039505688500412095,16
36,0.88357293382212931,0.0057915420000000002,48000.000000791762,0.024611754327697306,0.00027668539015637778,16
36,0.88357293382212931,0.0057915420000000002,48100.000000812135,0.025253603108788384,0.0004079813730965225,16
36,0.88357293382212931,0.0057915420000000002,48200.000000832508,0.025836015344886519,0.00057724704739694935,16
36,0.88357293382212931,0.0057915420000000002,48300.00000085288,0.025587645346453115,0.00053698213052359787,16
36,0.88357293382212931,0.0057915420000000002,48400.000000873253,0.025365476765284344,0.00041735014901759908,16
36,0.88357293382212931,0.0057915420000000002,48500.000000893626,0.025581652469848316,0.00039475982252833256,16
36,0.88357293382212931,0.0057915420000000002,48600.000000913999,0.025735095719623804,0.00049266957781669602,16
36,0.88357293382212931,0.0057915420000000002,48700.000000934371,0.0246966177110047,0.00034776267793849245,16
36,0.88357293382212931,0.0057915420000000002,48800.000000954744,0.025158094192856313,0.00036750251370915407,16
36,0.88357293382212931,0.0057915420000000002,48900.000000975117,0.025324582575736169,0.00045235324076661087,16
36,0.88357293382212931,0.0057915420000000002,49000.000000995489,0.026272190084837343,0.00043350191516131927,16
36,0.88357293382212931,0.0057915420000000002,49100.000001015862,0.026223138221877454,0.00048911707319189283,16
36,0.88357293382212931,0.0057915420000000002,49200.000001036235,0.025682865698421993,0.00033871007991063203,16
36,0.88357293382212931,0.0057915420000000002,49300.000001056607,0.025597737836346189,0.00036502210331938593,16
36,0.88357293382212931,0.0057915420000000002,49400.00000107698,0.025714888825956999,0.00029473618023883485,16
36,0.88357293382212931,0.0057915420000000002,49500.000001097353,0.025638387290745288,0.00039606376436549374,16
36,0.88357293382212931,0.0057915420000000002,49600.000001117725,0.024628178802918108,0.00049305005357556421,16
36,0.88357293382212931,0.0057915420000000002,49700.000001138098,0.024359563201195294,0.00032535692907107675,16
36,0.88357293382212931,0.0057915420000000002,49800.000001158471,0.025844979859812874,0.00050189011544530995,16
36,0.88357293382212931,0.0057915420000000002,49900.000001178843,0.026041847916603564,0.00056255822197416442,16
36,0.88357293382212931,0.0057915420000000002,50000.000001199216,0.025437504387106936,0.00037032405279847387,16
40,0.98174770424681035,0.0069777689000000004,100.00000000001425,0.025661015948441272,0.00034564810083903146,16
40,0.98174770424681035,0.0069777689000000004,199.99999999996308,0.02560752174693718,0.00036796619147480423,16
40,0.98174770424681035,0.0069777689000000004,299.99999999987216,0.025725085484268509,0.00045729975630315984,16
40,0.98174770424681035,0.0069777689000000004,399.99999999978121,0.025464243728875392,0.00038118864997163172,16
40,0.98174770424681035,0.0069777689000000004,499.99999999969026,0.02604637338971745,0.00035203366893653797,16
40,0.98174770424681035,0.0069777689000000004,599.99999999959937,0.025943148023954494,0.00042976118772704384,16
40,0.98174770424681035,0.0069777689000000004,699.99999999950842,0.025529377091808959,0.00036843166910878873,16
40,0.98174770424681035,0.0069777689000000004,799.99999999941747,0.02604206618079298,0.00052366224470236226,16
40,0.98174770424681035,0.0069777689000000004,899.99999999932652,0.026230823317131835,0.00033929571509694957,16
40,0.98174770424681035,0.0069777689000000004,999.99999999923557,0.025671192611164975,0.00039088990093481927,16
40,0.98174770424681035,0.0069777689000000004,1099.9999999991446,0.026174559813330358,0.00053139969589104574,16
40,0.98174770424681035,0.0069777689000000004,1199.9999999990537,0.025762098687285781,0.00034446722551012874,16
40,0.98174770424681035,0.0069777689000000004,1299.9999999989627,0.026270917010973571,0.00038186798751289072,16
40,0.98174770424681035,0.0069777689000000004,1399.9999999988718,0.026246876127386753,0.00033677926083458776,16
40,0.98174770424681035,0.0069777689000000004,1499.9999999987808,0.025528032883926514,0.00034697675406145751,16
40,0.98174770424681035,0.0069777689000000004,1599.9999999986899,0.02577726398739005,0.00026675310968536501,16
40,0.98174770424681035,0.0069777689000000004,1699.9999999985989,0.025770986725477001,0.00041521802340463876,16
40,0.98174770424681035,0.0069777689000000004,1799.999999998508,0.025131092028027959,0.00049694085722442032,16
40,0.98174770424681035,0.0069777689000000004,1899.999999998417,0.026106359353394813,0.00038833869004892773,16
40,0.98174770424681035,0.0069777689000000004,1999.9999999983261,0.02577395384578348,0.00038641759465839242,16
40,0.98174770424681035,0.0069777689000000004,2099.9999999994175,0.025955041571924721,0.00028380834856176119,16
40,0.98174770424681035,0.0069777689000000004,2200.0000000016003,0.026283682804224821,0.00035822736724693016,16
40,0.98174770424681035,0.0069777689000000004,2300.000000003783,0.025521891896144042,0.00029723263578452586,16
40,0.98174770424681035,0.0069777689000000004,2400.0000000059658,0.026052343947721962,0.0005265976388059739,16
40,0.98174770424681035,0.0069777689000000004,2500.0000000081486,0.025621299313639045,0.00046250960308429333,16
40,0.98174770424681035,0.0069777689000000004,2600.0000000103314,0.026278234029248344,0.00023998883596734611,16
40,0.98174770424681035,0.0069777689000000004,2700.0000000125142,0.026366399047138341,0.00024559596187473354,16
40,0.98174770424681035,0.0069777689000000004,2800.000000014697,0.025954431144577659,0.00031481619654502802,16
40,0.98174770424681035,0.0069777689000000004,2900.0000000168798,0.026520528014783946,0.00034724353604798005,16
40,0.98174770424681035,0.0069777689000000004,3000.0000000190626,0.026404987041706622,0.00043438842175688123,16
40,0.98174770424681035,0.0069777689000000004,3100.0000000212453,0.026374398523349465,0.00044757355892952104,16
40,0.98174770424681035,0.0069777689000000004,3200.0000000234281,0.025633489867551353,0.00041329914186932423,16
40,0.98174770424681035,0.0069777689000000004,3300.0000000256109,0.02592496017361379,0.00021745983561460039,16
40,0.98174770424681035,0.0069777689000000004,3400.0000000277937,0.026357283520323498,0.00043718637475050927,16
40,0.98174770424681035,0.0069777689000000004,3500.0000000299765,0.025785675680950686,0.00043218902348903784,16
40,0.98174770424681035,0.0069777689000000004,3600.0000000321593,0.025500270115965989,0.00022778082241924557,16
40,0.98174770424681035,0.0069777689000000004,3700.0000000343421,0.025813791162033587,0.00029130343999050293,16
40,0.98174770424681035,0.0069777689000000004,3800.0000000365249,0.025027873151556714,0.00033624488764009627,16
40,0.98174770424681035,0.0069777689000000004,3900.0000000387076,0.026438987705996196,0.00041692395416336581,16
40,0.98174770424681035,0.0069777689000000004,4000.0000000408904,0.026101740603262168,0.00030005159449887788,16
40,0.98174770424681035,0.0069777689000000004,4100.0000000430728,0.025936050419412899,0.00039807244577756419,16
40,0.98174770424681035,0.0069777689000000004,4200.0000000452555,0.025590014940424906,0.0003104632305840618,16
40,0.98174770424681035,0.0069777689000000004,4300.0000000474383,0.025353795306775253,0.00031380885939820787,16
40,0.98174770424681035,0.0069777689000000004,4400.0000000496211,0.02569359354647284,0.0003720521096506038,16
40,0.98174770424681035,0.0069777689000000004,4500.0000000518039,0.026241391623041819,0.00038222943238353928,16
40,0.98174770424681035,0.0069777689000000004,4600.0000000539867,0.025803578134379342,0.00031860237694820049,16
40,0.98174770424681035,0.0069777689000000004,4700.0000000561695,0.025360650828851646,0.00029283957948631351,16
40,0.98174770424681035,0.0069777689000000004,4800.0000000583523,0.025799659342881608,0.00038872194669431671,16
40,0.98174770424681035,0.0069777689000000004,4900.0000000605351,0.02594752280979257,0.00036055699373056354,16
40,0.98174770424681035,0.0069777689000000004,5000.0000000627178,0.025758405296470829,0.00036849349657569046,16
40,0.98174770424681035,0.0069777689000000004,5100.0000000649006,0.026014305372463541,0.00032973463330595085,16
40,0.98174770424681035,0.0069777689000000004,5200.0000000670834,0.025655321757223615,0.00035576248346397315,16
40,0.98174770424681035,0.0069777689000000004,5300.0000000692662,0.026040302452161761,0.0003790468546715819,16
40,0.98174770424681035,0.0069777689000000004,5400.000000071449,0.025775804349557997,0.00038251667740558324,16
40,0.98174770424681035,0.0069777689000000004,5500.0000000736318,0.025937543787344332,0.00041642267862736855,16
40,0.98174770424681035,0.0069777689000000004,5600.0000000758146,0.025694410851222527,0.00046757299711542877,16
40,0.98174770424681035,0.0069777689000000004,5700.0000000779974,0.026077581075634324,0.00032021842973022378,16
40,0.98174770424681035,0.0069777689000000004,5800.0000000801801,0.02607197114483923,0.00028935863902588931,16
40,0.98174770424681035,0.0069777689000000004,5900.0000000823629,0.025828550545112815,0.0003589411063928683,16
40,0.98174770424681035,0.0069777689000000004,6000.0000000845457,0.026632699199033771,0.00039740522919050558,16
40,0.98174770424681035,0.0069777689000000004,6100.0000000867285,0.026250324075712882,0.00043696399184344343,16
40,0.98174770424681035,0.0069777689000000004,6200.0000000889113,0.025924792437682715,0.00048463420068931771,16
40,0.98174770424681035,0.0069777689000000004,6300.0000000910941,0.025062894853644463,0.00035128074815004738,16
40,0.98174770424681035,0.0069777689000000004,6400.0000000932769,0.025717191928442962,0.00040125423533115607,16
40,0.98174770424681035,0.0069777689000000004,6500.0000000954597,0.026268433185202889,0.00025953204574057868,16
40,0.98174770424681035,0.0069777689000000004,6600.0000000976424,0.025601270986444789,0.00036682663305623303,16
40,0.98174770424681035,0.0069777689000000004,6700.0000000998252,0.025076908926382174,0.00037890414575685792,16
40,0.98174770424681035,0.0069777689000000004,6800.000000102008,0.024798332322771413,0.0003563391417128132,16
40,0.98174770424681035,0.0069777689000000004,6900.0000001041908,0.02555530054644831,0.00043682051245213691,16
40,0.98174770424681035,0.0069777689000000004,7000.0000001063736,0.025230234457321268,0.00028908107992297813,16
40,0.98174770424681035,0.0069777689000000004,7100.0000001085564,0.025716274392389719,0.00045611000727952439,16
40,0.98174770424681035,0.0069777689000000004,7200.0000001107392,0.0258922990164593,0.00035441364406551244,16
40,0.98174770424681035,0.0069777689000000004,7300.000000112922,0.02568781148847429,0.00030385895014789201,16
40,0.98174770424681035,0.0069777689000000004,7400.0000001151047,0.025834848653906263,0.00029358465901632166,16
40,0.98174770424681035,0.0069777689000000004,7500.0000001172875,0.026501754128493045,0.00033053848956699552,16
40,0.98174770424681035,0.0069777689000000004,7600.0000001194703,0.025541820828166011,0.00026028447193238391,16
40,0.98174770424681035,0.0069777689000000004,7700.0000001216531,0.026296064792245513,0.00039360502046937126,16
40,0.98174770424681035,0.0069777689000000004,7800.0000001238359,0.025560275107703607,0.00023693477039832337,16
40,0.98174770424681035,0.0069777689000000004,7900.0000001260187,0.025737622565017469,0.00033378135387462433,16
40,0.98174770424681035,0.0069777689000000004,8000.0000001282015,0.025805989852507663,0.00047070311669436565,16
40,0.98174770424681035,0.0069777689000000004,8100.0000001303843,0.026196959766004058,0.00027852487448263793,16
40,0.98174770424681035,0.0069777689000000004,8200.0000001325661,0.025923710908128301,0.00039375745122153047,16
40,0.98174770424681035,0.0069777689000000004,8300.0000001347489,0.026019684623704749,0.00037144245975495436,16
40,0.98174770424681035,0.0069777689000000004,8400.0000001369317,0.026143046271878641,0.00033197507200130664,16
40,0.98174770424681035,0.0069777689000000004,8500.0000001391145,0.025246034348006118,0.00033688377754096695,16
40,0.98174770424681035,0.0069777689000000004,8600.0000001412973,0.02554174495664251,0.0003511856839483873,16
40,0.98174770424681035,0.0069777689000000004,8700.0000001434801,0.025884566374844129,0.00049498308391279669,16
40,0.98174770424681035,0.0069777689000000004,8800.0000001456629,0.026092194611705279,0.00042474927141743294,16
40,0.98174770424681035,0.0069777689000000004,8900.0000001478456,0.025663432966206906,0.00038217219822058303,16
40,0.98174770424681035,0.0069777689000000004,9000.0000001500284,0.025932344540143815,0.00037375789059555477,16
40,0.98174770424681035,0.0069777689000000004,9100.0000001522112,0.025585201645338295,0.00033842387712047924,16
40,0.98174770424681035,0.0069777689000000004,9200.000000154394,0.024973415755153217,0.00049692060264792872,16
40,0.98174770424681035,0.0069777689000000004,9300.0000001565768,0.026486775215574441,0.00041211604588279509,16
40,0.98174770424681035,0.0069777689000000004,9400.0000001587596,0.025598786395420639,0.00032276944354873082,16
40,0.98174770424681035,0.0069777689000000004,9500.0000001609424,0.025933815548764935,0.00035174371510552271,16
40,0.98174770424681035,0.0069777689000000004,9600.0000001631252,0.025820088220599096,0.00044705428154374395,16
40,0.98174770424681035,0.0069777689000000004,9700.0000001653079,0.025664371704151371,0.00033365639104199424,16
40,0.98174770424681035,0.0069777689000000004,9800.0000001674907,0.026313011815178301,0.00036590943706742509,16
40,0.98174770424681035,0.0069777689000000004,9900.0000001696735,0.025616867989876141,0.00031240273117302732,16
40,0.98174770424681035,0.0069777689000000004,10000.000000171856,0.026011070832986861,0.00039225081098452391,16
40,0.98174770424681035,0.0069777689000000004,10100.000000174039,0.026182485455972088,0.00028680048526258845,16
40,0.98174770424681035,0.0069777689000000004,10200.000000176222,0.025559723908401451,0.00029939468218059091,16
40,0.98174770424681035,0.0069777689000000004,10300.000000178405,0.025839214938020449,0.00037562600427251615,16
40,0.98174770424681035,0.0069777689000000004,10400.000000180587,0.025876306683258295,0.00037860138945632304,16
40,0.98174770424681035,0.0069777689000000004,10500.00000018277,0.026362805961786681,0.00035990922943195445,16
40,0.98174770424681035,0.0069777689000000004,10600.000000184953,0.026258524877395811,0.0004198960469486809,16
40,0.98174770424681035,0.0069777689000000004,10700.000000187136,0.025590297439907903,0.00035463121479623283,16
40,0.98174770424681035,0.0069777689000000004,10800.000000189319,0.025196650297820405,0.00044498703282847284,16
40,0.98174770424681035,0.0069777689000000004,10900.000000191501,0.026523755967871366,0.00033946629774079135,16
40,0.98174770424681035,0.0069777689000000004,11000.000000193684,0.02561541248558076,0.00036969027830666872,16
40,0.98174770424681035,0.0069777689000000004,11100.000000195867,0.025727264179256394,0.00042668697257374703,16
40,0.98174770424681035,0.0069777689000000004,11200.00000019805,0.026314159226720302,0.00028407151038700094,16
40,0.98174770424681035,0.0069777689000000004,11300.000000200233,0.025698379669789911,0.00033012593266655918,16
40,0.98174770424681035,0.0069777689000000004,11400.000000202415,0.025960199101258952,0.00036528474986941689,16
40,0.98174770424681035,0.0069777689000000004,11500.000000204598,0.026317251301885322,0.0003729120311480526,16
40,0.98174770424681035,0.0069777689000000004,11600.000000206781,0.02588605920975115,0.00036056677731200138,16
40,0.98174770424681035,0.0069777689000000004,11700.000000208964,0.025588246522528835,0.0004038398641391685,16
40,0.98174770424681035,0.0069777689000000004,11800.000000211146,0.025668240155382854,0.00037003170849691857,16
40,0.98174770424681035,0.0069777689000000004,11900.000000213329,0.025855526178669104,0.00034919011874405331,16
40,0.98174770424681035,0.0069777689000000004,12000.000000215512,0.025976344608568781,0.00038273043506758853,16
40,0.98174770424681035,0.0069777689000000004,12100.000000217695,0.025301280182878888,0.00029407621117415867,16
40,0.98174770424681035,0.0069777689000000004,12200.000000219878,0.025543897700838238,0.00035702599460129999,16
40,0.98174770424681035,0.0069777689000000004,12300.00000022206,0.025186716940140165,0.0003451085577668447,16
40,0.98174770424681035,0.0069777689000000004,12400.000000224243,0.025942282314473805,0.00037701199119790361,16
40,0.98174770424681035,0.0069777689000000004,12500.000000226426,0.025988618174527432,0.00030398717108842628,16
40,0.98174770424681035,0.0069777689000000004,12600.000000228609,0.025313687486781006,0.00038220081883143714,16
40,0.98174770424681035,0.0069777689000000004,12700.000000230792,0.026270390586069153,0.00047346552185696607,16
40,0.98174770424681035,0.0069777689000000004,12800.000000232974,0.026411475213990305,0.00041238382923062693,16
40,0.98174770424681035,0.0069777689000000004,12900.000000235157,0.025997867856155366,0.00046344269285513432,16
40,0.98174770424681035,0.0069777689000000004,13000.00000023734,0.025483012530441669,0.00034127094910916264,16
40,0.98174770424681035,0.0069777689000000004,13100.000000239523,0.026357568606933425,0.00045738278032777206,16
40,0.98174770424681035,0.0069777689000000004,13200.000000241705,0.026131028585895565,0.00029635786529369382,16
40,0.98174770424681035,0.0069777689000000004,13300.000000243888,0.025463754377617939,0.00035694578963626513,16
40,0.98174770424681035,0.0069777689000000004,13400.000000246071,0.025899506198318972,0.00035494672554096658,16
40,0.98174770424681035,0.0069777689000000004,13500.000000248254,0.025470235952740092,0.00035615774133428862,16
40,0.98174770424681035,0.0069777689000000004,13600.000000250437,0.025397579465375575,0.00033801620527792835,16
40,0.98174770424681035,0.0069777689000000004,13700.000000252619,0.02599988136044935,0.00043049247328779777,16
40,0.98174770424681035,0.0069777689000000004,13800.000000254802,0.025899432875627959,0.00027814105508467654,16
40,0.98174770424681035,0.0069777689000000004,13900.000000256985,0.026195678486537442,0.00050646167804195888,16
40,0.98174770424681035,0.0069777689000000004,14000.000000259168,0.025029665704518419,0.00033399440024245241,16
40,0.98174770424681035,0.0069777689000000004,14100.000000261351,0.025640804109209065,0.00046315390577037201,16
40,0.98174770424681035,0.0069777689000000004,14200.000000263533,0.025608465420606005,0.00030233982352783544,16
40,0.98174770424681035,0.0069777689000000004,14300.000000265716,0.026012214360616508,0.00030533105735968839,16
40,0.98174770424681035,0.0069777689000000004,14400.000000267899,0.025490267038699645,0.00038039644190807748,16
40,0.98174770424681035,0.0069777689000000004,14500.000000270082,0.025013023550769238,0.00032085703396183104,16
40,0.98174770424681035,0.0069777689000000004,14600.000000272265,0.025767831206974269,0.00040208383038124008,16
40,0.98174770424681035,0.0069777689000000004,14700.000000274447,0.025158155685245834,0.00032182038322193325,16
40,0.98174770424681035,0.0069777689000000004,14800.00000027663,0.025847229566960981,0.00042801952663840603,16
40,0.98174770424681035,0.0069777689000000004,14900.000000278813,0.025665169412982317,0.00023234403354063904,16
40,0.98174770424681035,0.0069777689000000004,15000.000000280996,0.025563950509391555,0.00030009818035201772,16
40,0.98174770424681035,0.0069777689000000004,15100.000000283178,0.026126289615213783,0.00040643875348444683,16
40,0.98174770424681035,0.0069777689000000004,15200.000000285361,0.026472698448451817,0.00034887842839335595,16
40,0.98174770424681035,0.0069777689000000004,15300.000000287544,0.025572321001516015,0.00034411496327551075,16
40,0.98174770424681035,0.0069777689000000004,15400.000000289727,0.025272842963126017,0.00028382413681175356,16
40,0.98174770424681035,0.0069777689000000004,15500.00000029191,0.0257961200886897,0.00036636634133170099,16
40,0.98174770424681035,0.0069777689000000004,15600.000000294092,0.025997595872601247,0.00038943057763730156,16
40,0.98174770424681035,0.0069777689000000004,15700.000000296275,0.025615378519064827,0.000421562336835978,16
40,0.98174770424681035,0.0069777689000000004,15800.000000298458,0.025417913830581187,0.00039279837415416016,16
40,0.98174770424681035,0.0069777689000000004,15900.000000300641,0.025541987309753461,0.00031968688719825574,16
40,0.98174770424681035,0.0069777689000000004,16000.000000302824,0.025164744279937267,0.00037496810493214689,16
40,0.98174770424681035,0.0069777689000000004,16100.000000305006,0.025716007861162276,0.00035143275686690996,16
40,0.98174770424681035,0.0069777689000000004,16200.000000307189,0.025068943250306737,0.00029519751759749885,16
40,0.98174770424681035,0.0069777689000000004,16300.000000309372,0.026108999921458768,0.00044264276781930297,16
40,0.98174770424681035,0.0069777689000000004,16400.000000308642,0.025349866689511853,0.00040241182094464341,16
40,0.98174770424681035,0.0069777689000000004,16500.000000292635,0.025806381511891022,0.00036482908179249189,16
40,0.98174770424681035,0.0069777689000000004,16600.000000276628,0.025944094270565078,0.00024010205563458674,16
40,0.98174770424681035,0.0069777689000000004,16700.000000260621,0.025750700571573439,0.00044547468900057866,16
40,0.98174770424681035,0.0069777689000000004,16800.000000244614,0.026334923105272478,0.00031381910585967136,16
40,0.98174770424681035,0.0069777689000000004,16900.000000228607,0.025614442944706509,0.00028901417500999758,16
40,0.98174770424681035,0.0069777689000000004,17000.0000002126,0.025603788581791666,0.00026338908524343112,16
40,0.98174770424681035,0.0069777689000000004,17100.000000196593,0.026049363520063387,0.00035652907812695148,16
40,0.98174770424681035,0.0069777689000000004,17200.000000180586,0.025773805177418282,0.00030892178967986049,16
40,0.98174770424681035,0.0069777689000000004,17300.000000164579,0.025630093311191038,0.00033169319253061058,16
40,0.98174770424681035,0.0069777689000000004,17400.000000148571,0.025787648674468491,0.00034698180197768966,16
40,0.98174770424681035,0.0069777689000000004,17500.000000132564,0.025944754172932724,0.00039267602238190038,16
40,0.98174770424681035,0.0069777689000000004,17600.000000116557,0.025395236132233948,0.00052333251779964132,16
40,0.98174770424681035,0.0069777689000000004,17700.00000010055,0.02505069860805972,0.00030305864662065073,16
40,0.98174770424681035,0.0069777689000000004,17800.000000084543,0.02568155057218463,0.00039849096438982509,16
40,0.98174770424681035,0.0069777689000000004,17900.000000068536,0.025851653085664655,0.00032468893403665087,16
40,0.98174770424681035,0.0069777689000000004,18000.000000052529,0.026642092193537279,0.00034180084194578047,16
40,0.98174770424681035,0.0069777689000000004,18100.000000036522,0.026248400036825992,0.00029273788002745168,16
40,0.98174770424681035,0.0069777689000000004,18200.000000020515,0.02594736670945736,0.00046782190118297692,16
40,0.98174770424681035,0.0069777689000000004,18300.000000004507,0.025682716771139719,0.00043082250035533353,16
40,0.98174770424681035,0.0069777689000000004,18399.9999999885,0.025371560811276304,0.00043976046297137557,16
40,0.98174770424681035,0.0069777689000000004,18499.999999972493,0.025330671781676421,0.00034718582375371641,16
40,0.98174770424681035,0.0069777689000000004,18599.999999956486,0.025714345556824555,0.00041289309957431316,16
40,0.98174770424681035,0.0069777689000000004,18699.999999940479,0.026052767332944135,0.00034330500861736688,16
40,0.98174770424681035,0.0069777689000000004,18799.999999924472,0.025453397986154442,0.00030565643670124799,16
40,0.98174770424681035,0.0069777689000000004,18899.999999908465,0.026060323755194691,0.00028858354803690256,16
40,0.98174770424681035,0.0069777689000000004,18999.999999892458,0.025515859812114433,0.00041472057793621558,16
40,0.98174770424681035,0.0069777689000000004,19099.999999876451,0.025796521609227067,0.00028385713862127363,16
40,0.98174770424681035,0.0069777689000000004,19199.999999860443,0.025222000162393711,0.00030940010414747297,16
40,0.98174770424681035,0.0069777689000000004,19299.999999844436,0.026415732031174421,0.00033073567997698707,16
40,0.98174770424681035,0.0069777689000000004,19399.999999828429,0.025338844090628424,0.0002071761474696621,16
40,0.98174770424681035,0.0069777689000000004,19499.999999812422,0.025620050005990953,0.00044061523696402522,16
40,0.98174770424681035,0.0069777689000000004,19599.999999796415,0.025837466679147918,0.00031952125303402507,16
40,0.98174770424681035,0.0069777689000000004,19699.999999780408,0.025957248334495437,0.00034875877380593839,16
40,0.98174770424681035,0.0069777689000000004,19799.999999764401,0.025710113702454698,0.00045441319044924484,16
40,0.98174770424681035,0.0069777689000000004,19899.999999748394,0.025968045823933444,0.00041033937992049281,16
40,0.98174770424681035,0.0069777689000000004,19999.999999732387,0.025602760133047145,0.00036833751345680544,16
40,0.98174770424681035,0.0069777689000000004,20099.99999971638,0.025935558641111491,0.00032362139234596226,16
40,0.98174770424681035,0.0069777689000000004,20199.999999700372,0.026106139224808689,0.00041694742049946346,16
40,0.98174770424681035,0.0069777689000000004,20299.999999684365,0.02558282221906634,0.00038349272020524828,16
40,0.98174770424681035,0.0069777689000000004,20399.999999668358,0.026264174395969252,0.000377195699840898,16
40,0.98174770424681035,0.0069777689000000004,20499.999999652351,0.026055022174280733,0.00041864481576645994,16
40,0.98174770424681035,0.0069777689000000004,20599.999999636344,0.025336064665185846,0.00035503078814604609,16
40,0.98174770424681035,0.0069777689000000004,20699.999999620337,0.025271388559207054,0.00042274704909632592,16
40,0.98174770424681035,0.0069777689000000004,20799.99999960433,0.026107841730689779,0.00037636512015632926,16
40,0.98174770424681035,0.0069777689000000004,20899.999999588323,0.026372929968851291,0.00053115878489615946,16
40,0.98174770424681035,0.0069777689000000004,20999.999999572316,0.025505339466613812,0.00043728955235567963,16
40,0.98174770424681035,0.0069777689000000004,21099.999999556308,0.025874940875874296,0.00023893526171368205,16
40,0.98174770424681035,0.0069777689000000004,21199.999999540301,0.026189093698163197,0.00035768670950482139,16
40,0.98174770424681035,0.0069777689000000004,21299.999999524294,0.025625106490474146,0.00046713612653376675,16
40,0.98174770424681035,0.0069777689000000004,21399.999999508287,0.025502117409784943,0.00042330897314027128,16
40,0.98174770424681035,0.0069777689000000004,21499.99999949228,0.026053588467551687,0.00035282693337133794,16
40,0.98174770424681035,0.0069777689000000004,21599.999999476273,0.025843690710949625,0.00033540069691640682,16
40,0.98174770424681035,0.0069777689000000004,21699.999999460266,0.025089283777529732,0.0003583205133283672,16
40,0.98174770424681035,0.0069777689000000004,21799.999999444259,0.026053194739675368,0.00038966759135454477,16
40,0.98174770424681035,0.0069777689000000004,21899.999999428252,0.02570011312913887,0.00043073793151887597,16
40,0.98174770424681035,0.0069777689000000004,21999.999999412245,0.025836895525837483,0.00028414972145217684,16
40,0.98174770424681035,0.0069777689000000004,22099.999999396237,0.025462335693726631,0.00047004076854497307,16
40,0.98174770424681035,0.0069777689000000004,22199.99999938023,0.025650831049679041,0.00048770245829291828,16
40,0.98174770424681035,0.0069777689000000004,22299.999999364223,0.025271050812589724,0.00036655695165529475,16
40,0.98174770424681035,0.0069777689000000004,22399.999999348216,0.025409416454414458,0.00048281765286277862,16
40,0.98174770424681035,0.0069777689000000004,22499.999999332209,0.026367041557338915,0.00030851892511299156,16
40,0.98174770424681035,0.0069777689000000004,22599.999999316202,0.025220206590636406,0.00033625168585934493,16
40,0.98174770424681035,0.0069777689000000004,22699.999999300195,0.026119183672531091,0.00036867041955166308,16
40,0.98174770424681035,0.0069777689000000004,22799.999999284188,0.025898849816091946,0.0004444172251022275,16
40,0.98174770424681035,0.0069777689000000004,22899.999999268181,0.025495537985092985,0.00037941587664392843,16
40,0.98174770424681035,0.0069777689000000004,22999.999999252173,0.025802469028886183,0.00021117279743703568,16
40,0.98174770424681035,0.0069777689000000004,23099.999999236166,0.02600365869036262,0.00042527159864935216,16
40,0.98174770424681035,0.0069777689000000004,23199.999999220159,0.025979623148235844,0.000463462591431487,16
40,0.98174770424681035,0.0069777689000000004,23299.999999204152,0.025428041960290863,0.00029212385734619472,16
40,0.98174770424681035,0.0069777689000000004,23399.999999188145,0.025358818346667991,0.00031243042602175915,16
40,0.98174770424681035,0.0069777689000000004,23499.999999172138,0.025176624446286978,0.00034912878601324362,16
40,0.98174770424681035,0.0069777689000000004,23599.999999156131,0.026354766125893436,0.00033817056990711715,16
40,0.98174770424681035,0.0069777689000000004,23699.999999140124,0.025203971601300619,0.0003724614242200838,16
40,0.98174770424681035,0.0069777689000000004,23799.999999124117,0.02550420989339839,0.00044490210461508694,16
40,0.98174770424681035,0.0069777689000000004,23899.999999108109,0.026147169374701452,0.00030878002533658475,16
40,0.98174770424681035,0.0069777689000000004,23999.999999092102,0.025799337684210916,0.00038172760494750951,16
40,0.98174770424681035,0.0069777689000000004,24099.999999076095,0.025579186002900454,0.00032561807990849444,16
40,0.98174770424681035,0.0069777689000000004,24199.999999060088,0.026241432820340582,0.00027644735609062192,16
40,0.98174770424681035,0.0069777689000000004,24299.999999044081,0.024973055845547924,0.00031167089694343489,16
40,0.98174770424681035,0.0069777689000000004,24399.999999028074,0.025767106241691554,0.00040188812283842361,16
40,0.98174770424681035,0.0069777689000000004,24499.999999012067,0.026101982893898899,0.00033844770322329364,16
40,0.98174770424681035,0.0069777689000000004,24599.99999899606,0.025564331420764416,0.00038739839752034618,16
40,0.98174770424681035,0.0069777689000000004,24699.999998980053,0.02530607002013353,0.00035071701885666526,16
40,0.98174770424681035,0.0069777689000000004,24799.999998964046,0.025216649982916367,0.00023785856205191654,16
40,0.98174770424681035,0.0069777689000000004,24899.999998948038,0.026110668828245528,0.00034713789025782972,16
40,0.98174770424681035,0.0069777689000000004,24999.999998932031,0.025310428628335248,0.00045811600904923456,16
40,0.98174770424681035,0.0069777689000000004,25099.999998916024,0.025756153775647106,0.00042241321158562967,16
40,0.98174770424681035,0.0069777689000000004,25199.999998900017,0.025177474971484131,0.00044597877584991424,16
40,0.98174770424681035,0.0069777689000000004,25299.99999888401,0.025298166276840995,0.00028590689150815641,16
40,0.98174770424681035,0.0069777689000000004,25399.999998868003,0.026489110056029611,0.00034525302665353605,16
40,0.98174770424681035,0.0069777689000000004,25499.999998851996,0.025395834772058555,0.00043179299058698008,16
40,0.98174770424681035,0.0069777689000000004,25599.999998835989,0.025901941979653162,0.00039298701089175773,16
40,0.98174770424681035,0.0069777689000000004,25699.999998819982,0.025478666124939056,0.00031944746013600557,16
40,0.98174770424681035,0.0069777689000000004,25799.999998803974,0.025568811048524407,0.00038745464792826125,16
40,0.98174770424681035,0.0069777689000000004,25899.999998787967,0.026675828404861664,0.00036568682558032003,16
40,0.98174770424681035,0.0069777689000000004,25999.99999877196,0.025179054251131486,0.00041212097401332245,16
40,0.98174770424681035,0.0069777689000000004,26099.999998755953,0.025847296042703034,0.00029039391148512756,16
40,0.98174770424681035,0.0069777689000000004,26199.999998739946,0.025398951337503292,0.00034116301358259719,16
40,0.98174770424681035,0.0069777689000000004,26299.999998723939,0.026057304082494799,0.00045973961731624171,16
40,0.98174770424681035,0.0069777689000000004,26399.999998707932,0.025668380423591926,0.00020385419796729778,16
40,0.98174770424681035,0.0069777689000000004,26499.999998691925,0.025201290174895828,0.00043770099010122411,16
40,0.98174770424681035,0.0069777689000000004,26599.999998675918,0.026108030749420322,0.0003768794315490678,16
40,0.98174770424681035,0.0069777689000000004,26699.99999865991,0.025704755221800817,0.00035986102884465312,16
40,0.98174770424681035,0.0069777689000000004,26799.999998643903,0.025325219527982272,0.00043913127819221633,16
40,0.98174770424681035,0.0069777689000000004,26899.999998627896,0.024984976883802388,0.00043622530714732086,16
40,0.98174770424681035,0.0069777689000000004,26999.999998611889,0.025294423365454382,0.00046791238664058805,16
40,0.98174770424681035,0.0069777689000000004,27099.999998595882,0.026164227821119681,0.00039960776447374425,16
40,0.98174770424681035,0.0069777689000000004,27199.999998579875,0.025623452411557789,0.00030965474079524196,16
40,0.98174770424681035,0.0069777689000000004,27299.999998563868,0.025779571076935178,0.00038317137293937249,16
40,0.98174770424681035,0.0069777689000000004,27399.999998547861,0.025416118385897891,0.00030148872725793891,16
40,0.98174770424681035,0.0069777689000000004,27499.999998531854,0.025831170956466996,0.00045603570336015797,16
40,0.98174770424681035,0.0069777689000000004,27599.999998515847,0.025462888600492575,0.00036528063607552135,16
40,0.98174770424681035,0.0069777689000000004,27699.999998499839,0.025676495435802367,0.00030634713966752294,16
40,0.98174770424681035,0.0069777689000000004,27799.999998483832,0.025325951760117558,0.00027494444972309763,16
40,0.98174770424681035,0.0069777689000000004,27899.999998467825,0.02608206695208045,0.00034259407145328724,16
40,0.98174770424681035,0.0069777689000000004,27999.999998451818,0.025360190654809926,0.00036231830133101736,16
40,0.98174770424681035,0.0069777689000000004,28099.999998435811,0.026161256929535848,0.00046956114797009805,16
40,0.98174770424681035,0.0069777689000000004,28199.999998419804,0.026193517209493367,0.00038358550017228465,16
40,0.98174770424681035,0.0069777689000000004,28299.999998403797,0.025659254223880452,0.00032693324769458929,16
40,0.98174770424681035,0.0069777689000000004,28399.99999838779,0.026156556577840998,0.0002711943840384016,16
40,0.98174770424681035,0.0069777689000000004,28499.999998371783,0.025815844964596942,0.00036645684626283642,16
40,0.98174770424681035,0.0069777689000000004,28599.999998355775,0.026363037896036997,0.00042344223452206616,16
40,0.98174770424681035,0.0069777689000000004,28699.999998339768,0.025887560715510429,0.00038625583362032268,16
40,0.98174770424681035,0.0069777689000000004,28799.999998323761,0.02549785946942237,0.00049422753017836591,16
40,0.98174770424681035,0.0069777689000000004,28899.999998307754,0.02585123374835049,0.00035869273243206029,16
40,0.98174770424681035,0.0069777689000000004,28999.999998291747,0.026365797861175207,0.00045991700725276974,16
40,0.98174770424681035,0.0069777689000000004,29099.99999827574,0.025691642469228452,0.00036589403554518964,16
40,0.98174770424681035,0.0069777689000000004,29199.999998259733,0.025853179708372215,0.00035896043590518528,16
40,0.98174770424681035,0.0069777689000000004,29299.999998243726,0.025695997976488957,0.00030772038718869494,16
40,0.98174770424681035,0.0069777689000000004,29399.999998227719,0.026112288411240032,0.00045029697547004067,16
40,0.98174770424681035,0.0069777689000000004,29499.999998211711,0.025523965283577303,0.00031956987975915058,16
40,0.98174770424681035,0.0069777689000000004,29599.999998195704,0.025696937521368861,0.00033990398971278521,16
40,0.98174770424681035,0.0069777689000000004,29699.999998179697,0.025691951344224771,0.00033336565075261295,16
40,0.98174770424681035,0.0069777689000000004,29799.99999816369,0.025738202466877878,0.00039386293098471806,16
40,0.98174770424681035,0.0069777689000000004,29899.999998147683,0.026078323945095249,0.0004663103642427133,16
40,0.98174770424681035,0.0069777689000000004,29999.999998131676,0.025597272294737024,0.00028955816877304939,16
40,0.98174770424681035,0.0069777689000000004,30099.999998115669,0.025993227409152726,0.00034420932967262004,16
40,0.98174770424681035,0.0069777689000000004,30199.999998099662,0.026350602309781569,0.00032879033453165604,16
40,0.98174770424681035,0.0069777689000000004,30299.999998083655,0.025380744603980696,0.00033413745786579885,16
40,0.98174770424681035,0.0069777689000000004,30399.999998067648,0.025604326098171502,0.00040553601004793749,16
40,0.98174770424681035,0.0069777689000000004,30499.99999805164,0.025429380902912739,0.00059532250292167112,16
40,0.98174770424681035,0.0069777689000000004,30599.999998035633,0.025610876419619618,0.0003681419103332098,16
40,0.98174770424681035,0.0069777689000000004,30699.999998019626,0.025814730048190349,0.00038830794472999807,16
40,0.98174770424681035,0.0069777689000000004,30799.999998003619,0.026042187956374734,0.00041210460072466505,16
40,0.98174770424681035,0.0069777689000000004,30899.999997987612,0.025865240335635531,0.000348048235038442,16
40,0.98174770424681035,0.0069777689000000004,30999.999997971605,0.026264820795943736,0.00034483695598411181,16
40,0.98174770424681035,0.0069777689000000004,31099.999997955598,0.025971198959011857,0.00038209703470522169,16
40,0.98174770424681035,0.0069777689000000004,31199.999997939591,0.025814709186437478,0.00036597555039635625,16
40,0.98174770424681035,0.0069777689000000004,31299.999997923584,0.025936011771914166,0.00025189485365914962,16
40,0.98174770424681035,0.0069777689000000004,31399.999997907576,0.025486658880121783,0.00041121236149891895,16
40,0.98174770424681035,0.0069777689000000004,31499.999997891569,0.026205370459005714,0.00028998749839365953,16
40,0.98174770424681035,0.0069777689000000004,31599.999997875562,0.025430199976149447,0.0004343506379545347,16
40,0.98174770424681035,0.0069777689000000004,31699.999997859555,0.025366579916040501,0.00033995547916543939,16
40,0.98174770424681035,0.0069777689000000004,31799.999997843548,0.026003913898897769,0.00024926218074340282,16
40,0.98174770424681035,0.0069777689000000004,31899.999997827541,0.025698282178543051,0.00031346000468370286,16
40,0.98174770424681035,0.0069777689000000004,31999.999997811534,0.026044032677189917,0.00037253205691306662,16
40,0.98174770424681035,0.0069777689000000004,32099.999997795527,0.025975392567232115,0.00032374329093834967,16
40,0.98174770424681035,0.0069777689000000004,32199.99999777952,0.025343680132078793,0.00030858516693289031,16
40,0.98174770424681035,0.0069777689000000004,32299.999997763513,0.02583547076833756,0.0004379652258437878,16
40,0.98174770424681035,0.0069777689000000004,32399.999997747505,0.026585389240228866,0.0004264853793274149,16
40,0.98174770424681035,0.0069777689000000004,32499.999997731498,0.02597665755990896,0.00024329348600434696,16
40,0.98174770424681035,0.0069777689000000004,32599.999997715491,0.025808475807542083,0.00031186146954303133,16
40,0.98174770424681035,0.0069777689000000004,32699.999997699484,0.025308825803101329,0.00025669719709856838,16
40,0.98174770424681035,0.0069777689000000004,32799.999997695115,0.02632337378922419,0.00035093758532515418,16
40,0.98174770424681035,0.0069777689000000004,32899.999997715488,0.025955280188029194,0.00033361343911181312,16
40,0.98174770424681035,0.0069777689000000004,32999.99999773586,0.026304946186152114,0.00037258583354937225,16
40,0.98174770424681035,0.0069777689000000004,33099.999997756233,0.026212705298133875,0.000267902640142002,16
40,0.98174770424681035,0.0069777689000000004,33199.999997776606,0.026315651692168159,0.00047945333541706849,16
40,0.98174770424681035,0.0069777689000000004,33299.999997796978,0.026227370016621256,0.00038647229972099066,16
40,0.98174770424681035,0.0069777689000000004,33399.999997817351,0.025575592190859621,0.00030887093742439022,16
40,0.98174770424681035,0.0069777689000000004,33499.999997837724,0.025547712035382406,0.00029391445539076968,16
40,0.98174770424681035,0.0069777689000000004,33599.999997858096,0.025771236660023213,0.00027714443982720764,16
40,0.98174770424681035,0.0069777689000000004,33699.999997878469,0.025696659058383423,0.00022524019447688989,16
40,0.98174770424681035,0.0069777689000000004,33799.999997898842,0.026172101619665468,0.00035797344679323439,16
40,0.98174770424681035,0.0069777689000000004,33899.999997919214,0.025617925714562555,0.00028020453453821701,16
40,0.98174770424681035,0.0069777689000000004,33999.999997939587,0.025940499730845171,0.00025404901003458591,16
40,0.98174770424681035,0.0069777689000000004,34099.99999795996,0.026311014636349949,0.00038599807843535882,16
40,0.98174770424681035,0.0069777689000000004,34199.999997980332,0.02578584496141478,0.00039541342622865746,16
40,0.98174770424681035,0.0069777689000000004,34299.999998000705,0.025879967913529433,0.00033421510175180816,16
40,0.98174770424681035,0.0069777689000000004,34399.999998021078,0.026124733009633635,0.00029742659583859379,16
40,0.98174770424681035,0.0069777689000000004,34499.99999804145,0.025490366022211733,0.00033685364149463982,16
40,0.98174770424681035,0.0069777689000000004,34599.999998061823,0.025618616395129353,0.00049087253553827155,16
40,0.98174770424681035,0.0069777689000000004,34699.999998082196,0.025498276679809084,0.00038184214638754328,16
40,0.98174770424681035,0.0069777689000000004,34799.999998102568,0.026014595880797541,0.00025335695319916965,16
40,0.98174770424681035,0.0069777689000000004,34899.999998122941,0.026461369640468444,0.00032982286676321016,16
40,0.98174770424681035,0.0069777689000000004,34999.999998143314,0.025651970582014096,0.00044038203428075452,16
40,0.98174770424681035,0.0069777689000000004,35099.999998163687,0.025282385402665603,0.00033873462321122876,16
40,0.98174770424681035,0.0069777689000000004,35199.999998184059,0.025177463336269881,0.00039484897903543649,16
40,0.98174770424681035,0.0069777689000000004,35299.999998204432,0.025651543329316479,0.0003746144004139115,16
40,0.98174770424681035,0.0069777689000000004,35399.999998224805,0.025999342275342247,0.00027680933297276106,16
40,0.98174770424681035,0.0069777689000000004,35499.999998245177,0.025489690686563857,0.00048141869354835514,16
40,0.98174770424681035,0.0069777689000000004,35599.99999826555,0.025607983351050481,0.00033125605644325734,16
40,0.98174770424681035,0.0069777689000000004,35699.999998285923,0.025532971499388261,0.0004662197674496271,16
40,0.98174770424681035,0.0069777689000000004,35799.999998306295,0.025057256647290926,0.00043216999240516883,16
40,0.98174770424681035,0.0069777689000000004,35899.999998326668,0.025746685496617443,0.00046633741460140756,16
40,0.98174770424681035,0.0069777689000000004,35999.999998347041,0.02562894789570639,0.00027713635494007379,16
40,0.98174770424681035,0.0069777689000000004,36099.999998367413,0.025923307426661272,0.00041690490504526649,16
40,0.98174770424681035,0.0069777689000000004,36199.999998387786,0.025924437138888281,0.00036053485235586604,16
40,0.98174770424681035,0.0069777689000000004,36299.999998408159,0.025731424150926701,0.00036901079844444198,16
40,0.98174770424681035,0.0069777689000000004,36399.999998428531,0.025248033215410848,0.00025711462062603859,16
40,0.98174770424681035,0.0069777689000000004,36499.999998448904,0.02547506089752186,0.00032111690378007279,16
40,0.98174770424681035,0.0069777689000000004,36599.999998469277,0.025092773956869908,0.00037759889430624054,16
40,0.98174770424681035,0.0069777689000000004,36699.999998489649,0.025523854873022746,0.00037098704181923886,16
40,0.98174770424681035,0.0069777689000000004,36799.999998510022,0.025674553290996806,0.00032452364675781577,16
40,0.98174770424681035,0.0069777689000000004,36899.999998530395,0.025595846365934333,0.0004268554020322872,16
40,0.98174770424681035,0.0069777689000000004,36999.999998550767,0.025753678390866872,0.00029417147776939395,16
40,0.98174770424681035,0.0069777689000000004,37099.99999857114,0.025397431114731712,0.00048058275113007102,16
40,0.98174770424681035,0.0069777689000000004,37199.999998591513,0.02550477197213832,0.00051361959279736988,16
40,0.98174770424681035,0.0069777689000000004,37299.999998611886,0.025455800803602775,0.0003520753941519797,16
40,0.98174770424681035,0.0069777689000000004,37399.999998632258,0.025408435086723788,0.00029657240203902451,16
40,0.98174770424681035,0.0069777689000000004,37499.999998652631,0.0255193665011938,0.00035875759147116634,16
40,0.98174770424681035,0.0069777689000000004,37599.999998673004,0.025839127587391975,0.00044058689040411272,16
40,0.98174770424681035,0.0069777689000000004,37699.999998693376,0.025383075171161232,0.00053422025568254032,16
40,0.98174770424681035,0.0069777689000000004,37799.999998713749,0.025201449671138604,0.00017939846990556093,16
40,0.98174770424681035,0.0069777689000000004,37899.999998734122,0.025804355989807602,0.0004839277827817564,16
40,0.98174770424681035,0.0069777689000000004,37999.999998754494,0.025835019281515301,0.00048299154234126917,16
40,0.98174770424681035,0.0069777689000000004,38099.999998774867,0.025610464308493636,0.00032099365306936431,16
40,0.98174770424681035,0.0069777689000000004,38199.99999879524,0.026276566281100401,0.00036361665722545926,16
40,0.98174770424681035,0.0069777689000000004,38299.999998815612,0.025297070885996937,0.00036491573393818984,16
40,0.98174770424681035,0.0069777689000000004,38399.999998835985,0.025618540739348633,0.00041062583110842944,16
40,0.98174770424681035,0.0069777689000000004,38499.999998856358,0.024756097022805935,0.00052857738520767068,16
40,0.98174770424681035,0.0069777689000000004,38599.99999887673,0.026198628780507719,0.00037397169798430465,16
40,0.98174770424681035,0.0069777689000000004,38699.999998897103,0.026271081457788538,0.00039328140210621052,16
40,0.98174770424681035,0.0069777689000000004,38799.999998917476,0.026184715359411144,0.00026813350618785009,16
40,0.98174770424681035,0.0069777689000000004,38899.999998937848,0.025657558625696034,0.00041281582273460421,16
40,0.98174770424681035,0.0069777689000000004,38999.999998958221,0.025983438020586239,0.00022267294213991877,16
40,0.98174770424681035,0.0069777689000000004,39099.999998978594,0.025978337513564771,0.000336935599128546,16
40,0.98174770424681035,0.0069777689000000004,39199.999998998966,0.025708708347582297,0.0003755592151933444,16
40,0.98174770424681035,0.0069777689000000004,39299.999999019339,0.02572439997615027,0.00039802706043609733,16
40,0.98174770424681035,0.0069777689000000004,39399.999999039712,0.025167452248027709,0.0004017575902866667,16
40,0.98174770424681035,0.0069777689000000004,39499.999999060085,0.025882431273017658,0.00040462903990968422,16
40,0.98174770424681035,0.0069777689000000004,39599.999999080457,0.026278864423345066,0.00041441298211798938,16
40,0.98174770424681035,0.0069777689000000004,39699.99999910083,0.026008132997193477,0.00043852234193492287,16
40,0.98174770424681035,0.0069777689000000004,39799.999999121203,0.026156706420695789,0.00029657206291615725,16
40,0.98174770424681035,0.0069777689000000004,39899.999999141575,0.02600911179117768,0.00025530291609040823,16
40,0.98174770424681035,0.0069777689000000004,39999.999999161948,0.025102795901132499,0.00040347241761569549,16
40,0.98174770424681035,0.0069777689000000004,40099.999999182321,0.025561967240282261,0.00034480531646303503,16
40,0.98174770424681035,0.0069777689000000004,40199.999999202693,0.026151681271663372,0.00049635294659955192,16
40,0.98174770424681035,0.0069777689000000004,40299.999999223066,0.025819493650930839,0.00030776922312082558,16
40,0.98174770424681035,0.0069777689000000004,40399.999999243439,0.026343710244623803,0.00038444984829505186,16
40,0.98174770424681035,0.0069777689000000004,40499.999999263811,0.025953774518771029,0.00030431258884539209,16
40,0.98174770424681035,0.0069777689000000004,40599.999999284184,0.0259294919930915,0.00035014231564982405,16
40,0.98174770424681035,0.0069777689000000004,40699.999999304557,0.025601445721435776,0.00033949846690361558,16
40,0.98174770424681035,0.0069777689000000004,40799.999999324929,0.025224991829263368,0.00028457485808785154,16
40,0.98174770424681035,0.0069777689000000004,40899.999999345302,0.026143329400703751,0.00035591897150605495,16
40,0.98174770424681035,0.0069777689000000004,40999.999999365675,0.025233981332590336,0.00033864516028742813,16
40,0.98174770424681035,0.0069777689000000004,41099.999999386047,0.025978874523665044,0.000327221297447399,16
40,0.98174770424681035,0.0069777689000000004,41199.99999940642,0.02565581139719976,0.0004656474944530194,16
40,0.98174770424681035,0.0069777689000000004,41299.999999426793,0.026301513455206899,0.00037773309365284405,16
40,0.98174770424681035,0.0069777689000000004,41399.999999447165,0.025547159085213114,0.00030957399946460109,16
40,0.98174770424681035,0.0069777689000000004,41499.999999467538,0.025973276620687658,0.00037003330981752089,16
40,0.98174770424681035,0.0069777689000000004,41599.999999487911,0.025600424084811755,0.00035140335462108377,16
40,0.98174770424681035,0.0069777689000000004,41699.999999508284,0.025837911274641526,0.00043687291684320692,16
40,0.98174770424681035,0.0069777689000000004,41799.999999528656,0.026163264705958714,0.00030241769913696076,16
40,0.98174770424681035,0.0069777689000000004,41899.999999549029,0.025486923787637301,0.00031081979348348703,16
40,0.98174770424681035,0.0069777689000000004,41999.999999569402,0.025352511037269421,0.00042312609716798819,16
40,0.98174770424681035,0.0069777689000000004,42099.999999589774,0.025642864600870886,0.00027067243955261573,16
40,0.98174770424681035,0.0069777689000000004,42199.999999610147,0.025457186389127407,0.00028657032472265647,16
40,0.98174770424681035,0.0069777689000000004,42299.99999963052,0.02536222964148584,0.00043977277224234917,16
40,0.98174770424681035,0.0069777689000000004,42399.999999650892,0.026028924383385568,0.00039519264373093953,16
40,0.98174770424681035,0.0069777689000000004,42499.999999671265,0.026154651074651571,0.00044389311726768791,16
40,0.98174770424681035,0.0069777689000000004,42599.999999691638,0.025789242270062272,0.00034749286510673248,16
40,0.98174770424681035,0.0069777689000000004,42699.99999971201,0.02574789073531715,0.00039441837157692911,16
40,0.98174770424681035,0.0069777689000000004,42799.999999732383,0.025588021189301195,0.00028754254446708801,16
40,0.98174770424681035,0.0069777689000000004,42899.999999752756,0.026148012759670877,0.00035885065959173547,16
40,0.98174770424681035,0.0069777689000000004,42999.999999773128,0.025741916187280146,0.00037995801604378822,16
40,0.98174770424681035,0.0069777689000000004,43099.999999793501,0.025127040193337301,0.0003795011431799878,16
40,0.98174770424681035,0.0069777689000000004,43199.999999813874,0.025375012815496142,0.00034291308516961347,16
40,0.98174770424681035,0.0069777689000000004,43299.999999834246,0.026117606469729736,0.00037612570828031975,16
40,0.98174770424681035,0.0069777689000000004,43399.999999854619,0.026122754911551475,0.00016624040978649454,16
40,0.98174770424681035,0.0069777689000000004,43499.999999874992,0.025521435719317517,0.00038576393105080596,16
40,0.98174770424681035,0.0069777689000000004,43599.999999895364,0.026053277900640843,0.00044077164449698162,16
40,0.98174770424681035,0.0069777689000000004,43699.999999915737,0.026048592116662595,0.00040678772745044714,16
40,0.98174770424681035,0.0069777689000000004,43799.99999993611,0.026355047094543074,0.00037184586041283363,16
40,0.98174770424681035,0.0069777689000000004,43899.999999956482,0.026053259893666404,0.00032128488017724134,16
40,0.98174770424681035,0.0069777689000000004,43999.999999976855,0.025464701810085276,0.00037823069707635754,16
40,0.98174770424681035,0.0069777689000000004,44099.999999997228,0.025927388647960552,0.00039431574076578753,16
40,0.98174770424681035,0.0069777689000000004,44200.000000017601,0.025869689224988977,0.00035785078546900667,16
40,0.98174770424681035,0.0069777689000000004,44300.000000037973,0.026074397319009558,0.00042851772057315578,16
40,0.98174770424681035,0.0069777689000000004,44400.000000058346,0.025387712850297946,0.00036537133137273066,16
40,0.98174770424681035,0.0069777689000000004,44500.000000078719,0.026558493179951105,0.00040548719261016512,16
40,0.98174770424681035,0.0069777689000000004,44600.000000099091,0.026344126264747626,0.00029019066280353586,16
40,0.98174770424681035,0.0069777689000000004,44700.000000119464,0.025762641778657554,0.00035737616362180433,16
40,0.98174770424681035,0.0069777689000000004,44800.000000139837,0.025934742375939842,0.000241428488911066,16
40,0.98174770424681035,0.0069777689000000004,44900.000000160209,0.025715257641180156,0.00034573243742210826,16
40,0.98174770424681035,0.0069777689000000004,45000.000000180582,0.026289677987462921,0.00036819181143590661,16
40,0.98174770424681035,0.0069777689000000004,45100.000000200955,0.025911542641358885,0.00040230916019877487,16
40,0.98174770424681035,0.0069777689000000004,45200.000000221327,0.026302862427078338,0.00035466666492689507,16
40,0.98174770424681035,0.0069777689000000004,45300.0000002417,0.026080858339144395,0.00032113009062780158,16
40,0.98174770424681035,0.0069777689000000004,45400.000000262073,0.025561342490728171,0.0002451995244568287,16
40,0.98174770424681035,0.0069777689000000004,45500.000000282445,0.025272457640235321,0.00029725076882145424,16
40,0.98174770424681035,0.0069777689000000004,45600.000000302818,0.026132971669958444,0.00026949380169476086,16
40,0.98174770424681035,0.0069777689000000004,45700.000000323191,0.025815937751349546,0.00039443914871080198,16
40,0.98174770424681035,0.0069777689000000004,45800.000000343563,0.025869734406064972,0.0003777056396145769,16
40,0.98174770424681035,0.0069777689000000004,45900.000000363936,0.026000561624335498,0.0002077327675723571,16
40,0.98174770424681035,0.0069777689000000004,46000.000000384309,0.026080069470256151,0.00042893673706893132,16
40,0.98174770424681035,0.0069777689000000004,46100.000000404681,0.025777924585093783,0.00020271658392491144,16
40,0.98174770424681035,0.0069777689000000004,46200.000000425054,0.026078570824370546,0.00035295829983318753,16
40,0.98174770424681035,0.0069777689000000004,46300.000000445427,0.02586901672236679,0.00027789997881550978,16
40,0.98174770424681035,0.0069777689000000004,46400.0000004658,0.025371709584121979,0.00034056991194810572,16
40,0.98174770424681035,0.0069777689000000004,46500.000000486172,0.02588569501498867,0.00045562230389839715,16
40,0.98174770424681035,0.0069777689000000004,46600.000000506545,0.025048832462982448,0.00030945831899659171,16
40,0.98174770424681035,0.0069777689000000004,46700.000000526918,0.02598157798819575,0.00036393637320836231,16
40,0.98174770424681035,0.0069777689000000004,46800.00000054729,0.025424762618500546,0.00037838613660514829,16
40,0.98174770424681035,0.0069777689000000004,46900.000000567663,0.026423444393429824,0.00032102792745464557,16
40,0.98174770424681035,0.0069777689000000004,47000.000000588036,0.025601873125903622,0.00035935353817621922,16
40,0.98174770424681035,0.0069777689000000004,47100.000000608408,0.026211020691718215,0.00024546184599663146,16
40,0.98174770424681035,0.0069777689000000004,47200.000000628781,0.02556303697413053,0.00040828060293534934,16
40,0.98174770424681035,0.0069777689000000004,47300.000000649154,0.025935965897533938,0.00035980419762433419,16
40,0.98174770424681035,0.0069777689000000004,47400.000000669526,0.02588451674404801,0.00048677446130724754,16
40,0.98174770424681035,0.0069777689000000004,47500.000000689899,0.025211739030469537,0.00040362608444046967,16
40,0.98174770424681035,0.0069777689000000004,47600.000000710272,0.025433695229787591,0.00053251629728728813,16
40,0.98174770424681035,0.0069777689000000004,47700.000000730644,0.025713782177317169,0.00033930212568475903,16
40,0.98174770424681035,0.0069777689000000004,47800.000000751017,0.025645692508229324,0.00043191475847744609,16
40,0.98174770424681035,0.0069777689000000004,47900.00000077139,0.02541697140729493,0.00051542388864327701,16
40,0.98174770424681035,0.0069777689000000004,48000.000000791762,0.025283150437490923,0.00038547082302357188,16
40,0.98174770424681035,0.0069777689000000004,48100.000000812135,0.025848964714154272,0.00040063207762592858,16
40,0.98174770424681035,0.0069777689000000004,48200.000000832508,0.025976644254352154,0.00037465293468783473,16
40,0.98174770424681035,0.0069777689000000004,48300.00000085288,0.025539765279492841,0.00034073600025673404,16
40,0.98174770424681035,0.0069777689000000004,48400.000000873253,0.025843933324222183,0.00028605374086360796,16
40,0.98174770424681035,0.0069777689000000004,48500.000000893626,0.025478184811036433,0.00038371883752955549,16
40,0.98174770424681035,0.0069777689000000004,48600.000000913999,0.0253458983010105,0.00031867596302273006,16
40,0.98174770424681035,0.0069777689000000004,48700.000000934371,0.026396871327148321,0.00034422422090082391,16
40,0.98174770424681035,0.0069777689000000004,48800.000000954744,0.025299750511575573,0.00041281728472591944,16
40,0.98174770424681035,0.0069777689000000004,48900.000000975117,0.025646662443265779,0.00041660982253167951,16
40,0.98174770424681035,0.0069777689000000004,49000.000000995489,0.02563625220370986,0.00036478733901146386,16
40,0.98174770424681035,0.0069777689000000004,49100.000001015862,0.025608619637618152,0.00038487429744546811,16
40,0.98174770424681035,0.0069777689000000004,49200.000001036235,0.025776134969462846,0.00038028632526287379,16
40,0.98174770424681035,0.0069777689000000004,49300.000001056607,0.025205646714298278,0.00056065511648022506,16
40,0.98174770424681035,0.0069777689000000004,49400.00000107698,0.025348490243268275,0.00032541454356413695,16
40,0.98174770424681035,0.0069777689000000004,49500.000001097353,0.025526659754611578,0.00050068831397511132,16
40,0.98174770424681035,0.0069777689000000004,49600.000001117725,0.02592606950665163,0.00025705048327340511,16
40,0.98174770424681035,0.0069777689000000004,49700.000001138098,0.025752613316965919,0.00023969337676028006,16
40,0.98174770424681035,0.0069777689000000004,49800.000001158471,0.025362173637838249,0.00035737163412423765,16
40,0.98174770424681035,0.0069777689000000004,49900.000001178843,0.025843678064791646,0.00054873686473291133,16
40,0.98174770424681035,0.0069777689000000004,50000.000001199216,0.026490002667516385,0.00029608780159917294,16
48,1.1780972450961724,0.0096035544000000004,100.00000000001425,0.02618016138947913,0.00040915119611989275,16
48,1.1780972450961724,0.0096035544000000004,199.99999999996308,0.026916014321258591,0.0002662673337201567,16
48,1.1780972450961724,0.0096035544000000004,299.99999999987216,0.026151900894705191,0.00037156790103887405,16
48,1.1780972450961724,0.0096035544000000004,399.99999999978121,0.02608707752745211,0.00026482451033358164,16
48,1.1780972450961724,0.0096035544000000004,499.99999999969026,0.02646536531707511,0.00031752369503998851,16
48,1.1780972450961724,0.0096035544000000004,599.99999999959937,0.026407618716377444,0.00037956805343631965,16
48,1.1780972450961724,0.0096035544000000004,699.99999999950842,0.026614695835166468,0.00029831051743145167,16
48,1.1780972450961724,0.0096035544000000004,799.99999999941747,0.025491971775535135,0.00037289953265167591,16
48,1.1780972450961724,0.0096035544000000004,899.99999999932652,0.026392178673773383,0.00029261058009942385,16
48,1.1780972450961724,0.0096035544000000004,999.99999999923557,0.026518005589151877,0.00038444030426548081,16
48,1.1780972450961724,0.0096035544000000004,1099.9999999991446,0.026521161376621458,0.00036863796334539814,16
48,1.1780972450961724,0.0096035544000000004,1199.9999999990537,0.026903826138364732,0.0002998190566866848,16
48,1.1780972450961724,0.0096035544000000004,1299.9999999989627,0.026392299227212132,0.00035693395772063585,16
48,1.1780972450961724,0.0096035544000000004,1399.9999999988718,0.026102534300762151,0.00020003684722489563,16
48,1.1780972450961724,0.0096035544000000004,1499.9999999987808,0.026545909652233225,0.00024241448741868182,16
48,1.1780972450961724,0.0096035544000000004,1599.9999999986899,0.025860058151439179,0.00029748006026193144,16
48,1.1780972450961724,0.0096035544000000004,1699.9999999985989,0.026086578377101734,0.00033417175816142451,16
48,1.1780972450961724,0.0096035544000000004,1799.999999998508,0.026123754344221411,0.00034290687296431967,16
48,1.1780972450961724,0.0096035544000000004,1899.999999998417,0.026297145564050221,0.00028482407973538581,16
48,1.1780972450961724,0.0096035544000000004,1999.9999999983261,0.025803527669548812,0.00033633408130637519,16
48,1.1780972450961724,0.0096035544000000004,2099.9999999994175,0.026311172257446218,0.00029189913116342499,16
48,1.1780972450961724,0.0096035544000000004,2200.0000000016003,0.02603269860074062,0.00034087357375869897,16
48,1.1780972450961724,0.0096035544000000004,2300.000000003783,0.02610231119059472,0.00027614823791072979,16
48,1.1780972450961724,0.0096035544000000004,2400.0000000059658,0.025889244224621945,0.00023476313423657157,16
48,1.1780972450961724,0.0096035544000000004,2500.0000000081486,0.026274818536607149,0.00032928570236389059,16
48,1.1780972450961724,0.0096035544000000004,2600.0000000103314,0.02618431091029369,0.00030490634028258555,16
48,1.1780972450961724,0.0096035544000000004,2700.0000000125142,0.02617560149327363,0.0003187446422969592,16
48,1.1780972450961724,0.0096035544000000004,2800.000000014697,0.02636672246928284,0.00028366837201028461,16
48,1.1780972450961724,0.0096035544000000004,2900.0000000168798,0.026984834940677226,0.00033642347440198886,16
48,1.1780972450961724,0.0096035544000000004,3000.0000000190626,0.026433608792401704,0.00025022123095580777,16
48,1.1780972450961724,0.0096035544000000004,3100.0000000212453,0.026482534489187935,0.00031947058991738981,16
48,1.1780972450961724,0.0096035544000000004,3200.0000000234281,0.026516170114818851,0.00037127235587422372,16
48,1.1780972450961724,0.0096035544000000004,3300.0000000256109,0.025740446780141996,0.00023785127515556494,16
48,1.1780972450961724,0.0096035544000000004,3400.0000000277937,0.026464110319738207,0.00028598068517782851,16
48,1.1780972450961724,0.0096035544000000004,3500.0000000299765,0.026798190436997927,0.00025057736798858419,16
48,1.1780972450961724,0.0096035544000000004,3600.0000000321593,0.026188771215541376,0.00034962904792692253,16
48,1.1780972450961724,0.0096035544000000004,3700.0000000343421,0.025927365294908567,0.00035038763631097013,16
48,1.1780972450961724,0.0096035544000000004,3800.0000000365249,0.026108843474027303,0.00029507683935091805,16
48,1.1780972450961724,0.0096035544000000004,3900.0000000387076,0.026020147940550332,0.00028063216827575174,16
48,1.1780972450961724,0.0096035544000000004,4000.0000000408904,0.026410369074224154,0.00030584115825353549,16
48,1.1780972450961724,0.0096035544000000004,4100.0000000430728,0.025687555133479131,0.00030749716803509224,16
48,1.1780972450961724,0.0096035544000000004,4200.0000000452555,0.026199683040882223,0.00039585081692801699,16
48,1.1780972450961724,0.0096035544000000004,4300.0000000474383,0.026284590079751872,0.00041047542678244808,16
48,1.1780972450961724,0.0096035544000000004,4400.0000000496211,0.026292884891103346,0.00031358604440839989,16
48,1.1780972450961724,0.0096035544000000004,4500.0000000518039,0.026467171529818981,0.00037198875570021618,16
48,1.1780972450961724,0.0096035544000000004,4600.0000000539867,0.026194320780449004,0.00027993263333836568,16
48,1.1780972450961724,0.0096035544000000004,4700.0000000561695,0.02658188570634747,0.00029133118685841126,16
48,1.1780972450961724,0.0096035544000000004,4800.0000000583523,0.026649708881993542,0.00048355739168547308,16
48,1.1780972450961724,0.0096035544000000004,4900.0000000605351,0.02673334948717403,0.00031068020797069435,16
48,1.1780972450961724,0.0096035544000000004,5000.0000000627178,0.026631547790330442,0.00035259341948282072,16
48,1.1780972450961724,0.0096035544000000004,5100.0000000649006,0.026963020854507649,0.00027183108358650175,16
48,1.1780972450961724,0.0096035544000000004,5200.0000000670834,0.026605510502940046,0.0003000211487325981,16
48,1.1780972450961724,0.0096035544000000004,5300.0000000692662,0.026580486522674973,0.00030070173862940249,16
48,1.1780972450961724,0.0096035544000000004,5400.000000071449,0.026547333127927328,0.00034099633324069636,16
48,1.1780972450961724,0.0096035544000000004,5500.0000000736318,0.025938030925331174,0.00032958695864728665,16
48,1.1780972450961724,0.0096035544000000004,5600.0000000758146,0.02649018942267577,0.00027395486803520982,16
48,1.1780972450961724,0.0096035544000000004,5700.0000000779974,0.026617900355902425,0.00033216211837885966,16
48,1.1780972450961724,0.0096035544000000004,5800.0000000801801,0.0260014466795521,0.00030840988670123825,16
48,1.1780972450961724,0.0096035544000000004,5900.0000000823629,0.026616227212775994,0.00039560209606322676,16
48,1.1780972450961724,0.0096035544000000004,6000.0000000845457,0.026068881858525062,0.00030789845493263239,16
48,1.1780972450961724,0.0096035544000000004,6100.0000000867285,0.025864799282286504,0.00035939181312414845,16
48,1.1780972450961724,0.0096035544000000004,6200.0000000889113,0.026766515102815008,0.00029157378284063666,16
48,1.1780972450961724,0.0096035544000000004,6300.0000000910941,0.026481190116961872,0.00027444952451429247,16
48,1.1780972450961724,0.0096035544000000004,6400.0000000932769,0.026578590051140258,0.00029725784297217572,16
48,1.1780972450961724,0.0096035544000000004,6500.0000000954597,0.026376462379744503,0.00022263662165884293,16
48,1.1780972450961724,0.0096035544000000004,6600.0000000976424,0.026425055027401813,0.00051922725070450591,16
48,1.1780972450961724,0.0096035544000000004,6700.0000000998252,0.026017129977455453,0.0003069537321748759,16
48,1.1780972450961724,0.0096035544000000004,6800.000000102008,0.026241013773055745,0.00035287469305523786,16
48,1.1780972450961724,0.0096035544000000004,6900.0000001041908,0.026397175680002306,0.00030855147300336148,16
48,1.1780972450961724,0.0096035544000000004,7000.0000001063736,0.026282155517236363,0.00024631797120005708,16
48,1.1780972450961724,0.0096035544000000004,7100.0000001085564,0.026499463331145966,0.00035126226990647643,16
48,1.1780972450961724,0.0096035544000000004,7200.0000001107392,0.02655933480779403,0.00035452180890927073,16
48,1.1780972450961724,0.0096035544000000004,7300.000000112922,0.026232824049986867,0.00032803329760040264,16
48,1.1780972450961724,0.0096035544000000004,7400.0000001151047,0.026145417032908114,0.00029714657840014102,16
48,1.1780972450961724,0.0096035544000000004,7500.0000001172875,0.026048856894130518,0.00022790407942182433,16
48,1.1780972450961724,0.0096035544000000004,7600.0000001194703,0.026193654188684582,0.00022601721757641499,16
48,1.1780972450961724,0.0096035544000000004,7700.0000001216531,0.02681032776422702,0.00032292494651070769,16
48,1.1780972450961724,0.0096035544000000004,7800.0000001238359,0.026625707968943133,0.00035328278180362407,16
48,1.1780972450961724,0.0096035544000000004,7900.0000001260187,0.02657197256467491,0.00039440720820879698,16
48,1.1780972450961724,0.0096035544000000004,8000.0000001282015,0.025706345299056965,0.00030927233798849838,16
48,1.1780972450961724,0.0096035544000000004,8100.0000001303843,0.026377301534298236,0.00037031297459371294,16
48,1.1780972450961724,0.0096035544000000004,8200.0000001325661,0.026209425810935941,0.00022914583342754368,16
48,1.1780972450961724,0.0096035544000000004,8300.0000001347489,0.02606691469588417,0.00031958022381054949,16
48,1.1780972450961724,0.0096035544000000004,8400.0000001369317,0.026293832303214429,0.00036410530500637116,16
48,1.1780972450961724,0.0096035544000000004,8500.0000001391145,0.026339653317398889,0.00024629850593593588,16
48,1.1780972450961724,0.0096035544000000004,8600.0000001412973,0.02644918977492379,0.00031735404673260091,16
48,1.1780972450961724,0.0096035544000000004,8700.0000001434801,0.026576121754322293,0.00025285750942701191,16
48,1.1780972450961724,0.0096035544000000004,8800.0000001456629,0.025986962482983905,0.00031477814427237518,16
48,1.1780972450961724,0.0096035544000000004,8900.0000001478456,0.025716624206035092,0.00036156694700160801,16
48,1.1780972450961724,0.0096035544000000004,9000.0000001500284,0.026419769149674855,0.0002495819369949414,16
48,1.1780972450961724,0.0096035544000000004,9100.0000001522112,0.026225246769159289,0.00035716697650814725,16
48,1.1780972450961724,0.0096035544000000004,9200.000000154394,0.026562553167479044,0.00032065213754158456,16
48,1.1780972450961724,0.0096035544000000004,9300.0000001565768,0.026767686218060527,0.00035641118361285902,16
48,1.1780972450961724,0.0096035544000000004,9400.0000001587596,0.026187215766947339,0.00031737587610640227,16
48,1.1780972450961724,0.0096035544000000004,9500.0000001609424,0.02641323922873736,0.00034718253656207122,16
48,1.1780972450961724,0.0096035544000000004,9600.0000001631252,0.027037537544469165,0.00033082669693834758,16
48,1.1780972450961724,0.0096035544000000004,9700.0000001653079,0.026232036995012462,0.00027748122127171622,16
48,1.1780972450961724,0.0096035544000000004,9800.0000001674907,0.026122326731810724,0.00021027706233914446,16
48,1.1780972450961724,0.0096035544000000004,9900.0000001696735,0.026568243964937427,0.00021042916752189565,16
48,1.1780972450961724,0.0096035544000000004,10000.000000171856,0.02601644264296182,0.00036285641796262924,16
48,1.1780972450961724,0.0096035544000000004,10100.000000174039,0.026469339512993309,0.00029796823151187382,16
48,1.1780972450961724,0.0096035544000000004,10200.000000176222,0.026018146551596164,0.00035535195098749422,16
48,1.1780972450961724,0.0096035544000000004,10300.000000178405,0.026525937143127998,0.00044383485756306667,16
48,1.1780972450961724,0.0096035544000000004,10400.000000180587,0.02582242000194505,0.00031408608656035241,16
48,1.1780972450961724,0.0096035544000000004,10500.00000018277,0.02676934474343454,0.00029638462892687939,16
48,1.1780972450961724,0.0096035544000000004,10600.000000184953,0.026193135897403404,0.00027008326050812805,16
48,1.1780972450961724,0.0096035544000000004,10700.000000187136,0.026639518005786175,0.00033345482866363593,16
48,1.1780972450961724,0.0096035544000000004,10800.000000189319,0.025902893519026582,0.00027633824178597248,16
48,1.1780972450961724,0.0096035544000000004,10900.000000191501,0.026142418467229957,0.00028101419349529683,16
48,1.1780972450961724,0.0096035544000000004,11000.000000193684,0.026174293599481462,0.00023644506375982476,16
48,1.1780972450961724,0.0096035544000000004,11100.000000195867,0.026476049959797802,0.00025569714701754862,16
48,1.1780972450961724,0.0096035544000000004,11200.00000019805,0.02660264512710608,0.00037637734719014188,16
48,1.1780972450961724,0.0096035544000000004,11300.000000200233,0.026523987714006131,0.00027716549991172574,16
48,1.1780972450961724,0.0096035544000000004,11400.000000202415,0.026044781750807832,0.00035842444443365035,16
48,1.1780972450961724,0.0096035544000000004,11500.000000204598,0.026353191982444468,0.00029710663974084206,16
48,1.1780972450961724,0.0096035544000000004,11600.000000206781,0.026280230212548661,0.00033005049031913726,16
48,1.1780972450961724,0.0096035544000000004,11700.000000208964,0.026322129638852432,0.00032269543757272823,16
48,1.1780972450961724,0.0096035544000000004,11800.000000211146,0.026450465516718737,0.0002043508970603024,16
48,1.1780972450961724,0.0096035544000000004,11900.000000213329,0.026176188521793091,0.00021444096936095702,16
48,1.1780972450961724,0.0096035544000000004,12000.000000215512,0.026025833517628442,0.00031359534407426133,16
48,1.1780972450961724,0.0096035544000000004,12100.000000217695,0.026094214825101169,0.00034830991024630041,16
48,1.1780972450961724,0.0096035544000000004,12200.000000219878,0.02601522284603297,0.00026244694227235162,16
48,1.1780972450961724,0.0096035544000000004,12300.00000022206,0.025707420533410446,0.00031960214573149392,16
48,1.1780972450961724,0.0096035544000000004,12400.000000224243,0.025990386605297764,0.00025502326846788334,16
48,1.1780972450961724,0.0096035544000000004,12500.000000226426,0.025966555099152112,0.00026190992267879741,16
48,1.1780972450961724,0.0096035544000000004,12600.000000228609,0.026769290602991543,0.00035483546781156251,16
48,1.1780972450961724,0.0096035544000000004,12700.000000230792,0.026609900016530214,0.00027590639812019694,16
48,1.1780972450961724,0.0096035544000000004,12800.000000232974,0.025999742500418234,0.00028373463457830918,16
48,1.1780972450961724,0.0096035544000000004,12900.000000235157,0.026827855975114934,0.00028345407958288324,16
48,1.1780972450961724,0.0096035544000000004,13000.00000023734,0.027641979065211649,0.00022650068438836255,16
48,1.1780972450961724,0.0096035544000000004,13100.000000239523,0.026302232805464596,0.00026358690583245511,16
48,1.1780972450961724,0.0096035544000000004,13200.000000241705,0.026294987140332075,0.00036025109644829349,16
48,1.1780972450961724,0.0096035544000000004,13300.000000243888,0.026587304673450406,0.00032835933137741045,16
48,1.1780972450961724,0.0096035544000000004,13400.000000246071,0.026327199131520214,0.0002487165309402519,16
48,1.1780972450961724,0.0096035544000000004,13500.000000248254,0.02601276475894404,0.00033535346545509714,16
48,1.1780972450961724,0.0096035544000000004,13600.000000250437,0.026832119053951827,0.00028371209939843863,16
48,1.1780972450961724,0.0096035544000000004,13700.000000252619,0.026994437606104135,0.00031776512379269915,16
48,1.1780972450961724,0.0096035544000000004,13800.000000254802,0.026073607185442754,0.00036188742133152357,16
48,1.1780972450961724,0.0096035544000000004,13900.000000256985,0.026851489578297739,0.00029842572317024781,16
48,1.1780972450961724,0.0096035544000000004,14000.000000259168,0.026147413246916593,0.00030160458041867668,16
48,1.1780972450961724,0.0096035544000000004,14100.000000261351,0.026243535971215266,0.0003671067246013478,16
48,1.1780972450961724,0.0096035544000000004,14200.000000263533,0.02643190677077159,0.00031295036767931813,16
48,1.1780972450961724,0.0096035544000000004,14300.000000265716,0.026229944412079997,0.00025299621841857513,16
48,1.1780972450961724,0.0096035544000000004,14400.000000267899,0.02592108320070851,0.000358773271915614,16
48,1.1780972450961724,0.0096035544000000004,14500.000000270082,0.026152695735841384,0.00027580472387178211,16
48,1.1780972450961724,0.0096035544000000004,14600.000000272265,0.025917045185831249,0.000304635455640506,16
48,1.1780972450961724,0.0096035544000000004,14700.000000274447,0.026469607490863946,0.00031717437193838253,16
48,1.1780972450961724,0.0096035544000000004,14800.00000027663,0.025782424816442502,0.00037325790264780459,16
48,1.1780972450961724,0.0096035544000000004,14900.000000278813,0.02680545388512437,0.0003311496331200214,16
48,1.1780972450961724,0.0096035544000000004,15000.000000280996,0.025973136301425954,0.0003285807121820299,16
48,1.1780972450961724,0.0096035544000000004,15100.000000283178,0.026498929913876899,0.00032948441790375777,16
48,1.1780972450961724,0.0096035544000000004,15200.000000285361,0.025756382245873018,0.00032826551071735182,16
48,1.1780972450961724,0.0096035544000000004,15300.000000287544,0.025815932240681891,0.00047569357578178029,16
48,1.1780972450961724,0.0096035544000000004,15400.000000289727,0.026259418633981114,0.000365309946755125,16
48,1.1780972450961724,0.0096035544000000004,15500.00000029191,0.026027719458089127,0.00021738970627441329,16
48,1.1780972450961724,0.0096035544000000004,15600.000000294092,0.026180487825640138,0.00018375240998689998,16
48,1.1780972450961724,0.0096035544000000004,15700.000000296275,0.025988688775798165,0.00037565049024347353,16
48,1.1780972450961724,0.0096035544000000004,15800.000000298458,0.026097379337213632,0.00029487179665083101,16
48,1.1780972450961724,0.0096035544000000004,15900.000000300641,0.026235774832267078,0.00029624652709234987,16
48,1.1780972450961724,0.0096035544000000004,16000.000000302824,0.025731551838484207,0.00036820694895474046,16
48,1.1780972450961724,0.0096035544000000004,16100.000000305006,0.026359680251042232,0.00029015637173263216,16
48,1.1780972450961724,0.0096035544000000004,16200.000000307189,0.026364820007905701,0.00046028709674054052,16
48,1.1780972450961724,0.0096035544000000004,16300.000000309372,0.026376495204994868,0.00029323417986400115,16
48,1.1780972450961724,0.0096035544000000004,16400.000000308642,0.026412858170345728,0.00022588671989055503,16
48,1.1780972450961724,0.0096035544000000004,16500.000000292635,0.025836834948115811,0.00038287119450822535,16
48,1.1780972450961724,0.0096035544000000004,16600.000000276628,0.026728546147115707,0.00037638411868206543,16
48,1.1780972450961724,0.0096035544000000004,16700.000000260621,0.026006074731554082,0.00041343050498116144,16
48,1.1780972450961724,0.0096035544000000004,16800.000000244614,0.026419929925041191,0.00031980585367801515,16
48,1.1780972450961724,0.0096035544000000004,16900.000000228607,0.026288945595102017,0.00030119013580866293,16
48,1.1780972450961724,0.0096035544000000004,17000.0000002126,0.026249794624283632,0.00035601018965818155,16
48,1.1780972450961724,0.0096035544000000004,17100.000000196593,0.025978569613509493,0.00021717873478894665,16
48,1.1780972450961724,0.0096035544000000004,17200.000000180586,0.026328802514402477,0.00029733251299733247,16
48,1.1780972450961724,0.0096035544000000004,17300.000000164579,0.026785066694433486,0.00023115004764463805,16
48,1.1780972450961724,0.0096035544000000004,17400.000000148571,0.026101205886808185,0.00030714806623551911,16
48,1.1780972450961724,0.0096035544000000004,17500.000000132564,0.02578224558062716,0.00031921792505961339,16
48,1.1780972450961724,0.0096035544000000004,17600.000000116557,0.026867103966644532,0.00026284947643384209,16
48,1.1780972450961724,0.0096035544000000004,17700.00000010055,0.026516250617606499,0.00029095402638474569,16
48,1.1780972450961724,0.0096035544000000004,17800.000000084543,0.02627137098715257,0.00023925380826614985,16
48,1.1780972450961724,0.0096035544000000004,17900.000000068536,0.026040934478161096,0.00024208536550725384,16
48,1.1780972450961724,0.0096035544000000004,18000.000000052529,0.026004068616945576,0.00027379052728119358,16
48,1.1780972450961724,0.0096035544000000004,18100.000000036522,0.026326027446679487,0.00031841398969185454,16
48,1.1780972450961724,0.0096035544000000004,18200.000000020515,0.026607427208906263,0.00039820176983055693,16
48,1.1780972450961724,0.0096035544000000004,18300.000000004507,0.026831842577993058,0.0003525258931592194,16
48,1.1780972450961724,0.0096035544000000004,18399.9999999885,0.026732763984357776,0.0003849848730964435,16
48,1.1780972450961724,0.0096035544000000004,18499.999999972493,0.026035704855202256,0.00035421441214485459,16
48,1.1780972450961724,0.0096035544000000004,18599.999999956486,0.026201020342099195,0.00024341735455395556,16
48,1.1780972450961724,0.0096035544000000004,18699.999999940479,0.025725691387998705,0.0003173560741651131,16
48,1.1780972450961724,0.0096035544000000004,18799.999999924472,0.026539641370259055,0.00036475251984060696,16
48,1.1780972450961724,0.0096035544000000004,18899.999999908465,0.026492363718141065,0.00028693606323064322,16
48,1.1780972450961724,0.0096035544000000004,18999.999999892458,0.025911412756768705,0.00035396331738290094,16
48,1.1780972450961724,0.0096035544000000004,19099.999999876451,0.026205134714435956,0.0003431665668593283,16
48,1.1780972450961724,0.0096035544000000004,19199.999999860443,0.025949909469396605,0.00033096992738425009,16
48,1.1780972450961724,0.0096035544000000004,19299.999999844436,0.02630752143081512,0.00028023432909312924,16
48,1.1780972450961724,0.0096035544000000004,19399.999999828429,0.026185912254156042,0.00036135967573659126,16
48,1.1780972450961724,0.0096035544000000004,19499.999999812422,0.026048932716199336,0.00035908314283554402,16
48,1.1780972450961724,0.0096035544000000004,19599.999999796415,0.025780213556968537,0.00037236045688703148,16
48,1.1780972450961724,0.0096035544000000004,19699.999999780408,0.026559940531106919,0.00027342910006153875,16
48,1.1780972450961724,0.0096035544000000004,19799.999999764401,0.026132790843402979,0.00038332332531210275,16
48,1.1780972450961724,0.0096035544000000004,19899.999999748394,0.026284293873987244,0.00033391580378822359,16
48,1.1780972450961724,0.0096035544000000004,19999.999999732387,0.02622896180295382,0.00024719909911762803,16
48,1.1780972450961724,0.0096035544000000004,20099.99999971638,0.026477589523330937,0.00030518925134127617,16
48,1.1780972450961724,0.0096035544000000004,20199.999999700372,0.026229858859330345,0.00029944007600235647,16
48,1.1780972450961724,0.0096035544000000004,20299.999999684365,0.026605381155814168,0.00020239598028607718,16
48,1.1780972450961724,0.0096035544000000004,20399.999999668358,0.026647403323017443,0.00028102414786412513,16
48,1.1780972450961724,0.0096035544000000004,20499.999999652351,0.026558647111238336,0.00033481105625786432,16
48,1.1780972450961724,0.0096035544000000004,20599.999999636344,0.026166558826434264,0.00037488487623122682,16
48,1.1780972450961724,0.0096035544000000004,20699.999999620337,0.025757145175744858,0.00026167246025260378,16
48,1.1780972450961724,0.0096035544000000004,20799.99999960433,0.026362146220514197,0.00019406490700270201,16
48,1.1780972450961724,0.0096035544000000004,20899.999999588323,0.026177051250306557,0.00020536798448190266,16
48,1.1780972450961724,0.0096035544000000004,20999.999999572316,0.026315589023896024,0.00034718461140250409,16
48,1.1780972450961724,0.0096035544000000004,21099.999999556308,0.026828729906779123,0.00030483613204993664,16
48,1.1780972450961724,0.0096035544000000004,21199.999999540301,0.025938008745602502,0.00030427175881597658,16
48,1.1780972450961724,0.0096035544000000004,21299.999999524294,0.02615751066651802,0.0003194313065989717,16
48,1.1780972450961724,0.0096035544000000004,21399.999999508287,0.026785924382930121,0.00034296810509398996,16
48,1.1780972450961724,0.0096035544000000004,21499.99999949228,0.026417195107333868,0.00037074239956720281,16
48,1.1780972450961724,0.0096035544000000004,21599.999999476273,0.026425751572406678,0.00030456375357581556,16
48,1.1780972450961724,0.0096035544000000004,21699.999999460266,0.026331283961047416,0.0003717760327363446,16
48,1.1780972450961724,0.0096035544000000004,21799.999999444259,0.026106676644113373,0.00027970872813173436,16
48,1.1780972450961724,0.0096035544000000004,21899.999999428252,0.02588549049076487,0.00032808133239793771,16
48,1.1780972450961724,0.0096035544000000004,21999.999999412245,0.025968716544439906,0.00031099084690963024,16
48,1.1780972450961724,0.0096035544000000004,22099.999999396237,0.026200682802634295,0.00040723144527339398,16
48,1.1780972450961724,0.0096035544000000004,22199.99999938023,0.025990924134667311,0.00031460780666898368,16
48,1.1780972450961724,0.0096035544000000004,22299.999999364223,0.02624553985082357,0.00030933124545249214,16
48,1.1780972450961724,0.0096035544000000004,22399.999999348216,0.026637819739075468,0.00034341112010223567,16
48,1.1780972450961724,0.0096035544000000004,22499.999999332209,0.026837820681751928,0.00021017299274903755,16
48,1.1780972450961724,0.0096035544000000004,22599.999999316202,0.026211960224965594,0.00025846490689226205,16
48,1.1780972450961724,0.0096035544000000004,22699.999999300195,0.025987745574500964,0.00038852675349284102,16
48,1.1780972450961724,0.0096035544000000004,22799.999999284188,0.026410861397969016,0.00029116829286283789,16
48,1.1780972450961724,0.0096035544000000004,22899.999999268181,0.026081427349821749,0.00032642473604942884,16
48,1.1780972450961724,0.0096035544000000004,22999.999999252173,0.026209885525635232,0.00025700231881918963,16
48,1.1780972450961724,0.0096035544000000004,23099.999999236166,0.026703864619676328,0.00023161818090086818,16
48,1.1780972450961724,0.0096035544000000004,23199.999999220159,0.026034695164792711,0.00024982857847169135,16
48,1.1780972450961724,0.0096035544000000004,23299.999999204152,0.026794975868283749,0.00034867304523788015,16
48,1.1780972450961724,0.0096035544000000004,23399.999999188145,0.026395222054871135,0.00034692285240981287,16
48,1.1780972450961724,0.0096035544000000004,23499.999999172138,0.026340455335292723,0.000309209194691051,16
48,1.1780972450961724,0.0096035544000000004,23599.999999156131,0.026123062657138357,0.00032886503023846382,16
48,1.1780972450961724,0.0096035544000000004,23699.999999140124,0.026407246460853479,0.00029703943777494864,16
48,1.1780972450961724,0.0096035544000000004,23799.999999124117,0.026717049639517605,0.0002741695755956806,16
48,1.1780972450961724,0.0096035544000000004,23899.999999108109,0.025506282481336118,0.00033522813522250092,16
48,1.1780972450961724,0.0096035544000000004,23999.999999092102,0.026792108697746349,0.00023239468852015904,16
48,1.1780972450961724,0.0096035544000000004,24099.999999076095,0.026585765518452452,0.00032236387818229705,16
48,1.1780972450961724,0.0096035544000000004,24199.999999060088,0.026571223851115572,0.00021981131460297441,16
48,1.1780972450961724,0.0096035544000000004,24299.999999044081,0.026846344590360956,0.00033508667586513676,16
48,1.1780972450961724,0.0096035544000000004,24399.999999028074,0.026114194851020355,0.00024695506953420639,16
48,1.1780972450961724,0.0096035544000000004,24499.999999012067,0.026095666102157154,0.00030591247043206909,16
48,1.1780972450961724,0.0096035544000000004,24599.99999899606,0.026355617319832929,0.00027484849879412591,16
48,1.1780972450961724,0.0096035544000000004,24699.999998980053,0.026276981709311222,0.00030809029852489953,16
48,1.1780972450961724,0.0096035544000000004,24799.999998964046,0.026432277081252259,0.00030021879615446868,16
48,1.1780972450961724,0.0096035544000000004,24899.999998948038,0.025964353017319784,0.00029700698900970204,16
48,1.1780972450961724,0.0096035544000000004,24999.999998932031,0.0267171290990235,0.00032846176717224283,16
48,1.1780972450961724,0.0096035544000000004,25099.999998916024,0.026237927415149864,0.00022652304866723735,16
48,1.1780972450961724,0.0096035544000000004,25199.999998900017,0.026523108601335967,0.00027772166968503939,16
48,1.1780972450961724,0.0096035544000000004,25299.99999888401,0.02623218272984015,0.00029830633986121456,16
48,1.1780972450961724,0.0096035544000000004,25399.999998868003,0.02606164642985451,0.00027604872576990271,16
48,1.1780972450961724,0.0096035544000000004,25499.999998851996,0.026146205505743855,0.00015641361131506608,16
48,1.1780972450961724,0.0096035544000000004,25599.999998835989,0.026357901761555919,0.00031061693504861492,16
48,1.1780972450961724,0.0096035544000000004,25699.999998819982,0.026058743539846961,0.00035502132079304866,16
48,1.1780972450961724,0.0096035544000000004,25799.999998803974,0.026404269102288807,0.00037915063268640075,16
48,1.1780972450961724,0.0096035544000000004,25899.999998787967,0.026428928817740956,0.00033784808459767291,16
48,1.1780972450961724,0.0096035544000000004,25999.99999877196,0.026667150279271964,0.00017423605066905817,16
48,1.1780972450961724,0.0096035544000000004,26099.999998755953,0.026495680670079704,0.00031500886729573358,16
48,1.1780972450961724,0.0096035544000000004,26199.999998739946,0.026756482909986452,0.0003758039589357397,16
48,1.1780972450961724,0.0096035544000000004,26299.999998723939,0.026268118871538473,0.00032878361846705033,16
48,1.1780972450961724,0.0096035544000000004,26399.999998707932,0.026133876454357968,0.0003208200993213255,16
48,1.1780972450961724,0.0096035544000000004,26499.999998691925,0.025907744601152728,0.00030063860419203201,16
48,1.1780972450961724,0.0096035544000000004,26599.999998675918,0.026420514204928618,0.00027316236472265808,16
48,1.1780972450961724,0.0096035544000000004,26699.99999865991,0.025873152196927315,0.00028313687982480776,16
48,1.1780972450961724,0.0096035544000000004,26799.999998643903,0.026637906498760411,0.00032608165924046331,16
48,1.1780972450961724,0.0096035544000000004,26899.999998627896,0.026136688874528066,0.00029952214867979394,16
48,1.1780972450961724,0.0096035544000000004,26999.999998611889,0.026258092416312006,0.00026611997456767032,16
48,1.1780972450961724,0.0096035544000000004,27099.999998595882,0.026046778497177667,0.0002583888232199671,16
48,1.1780972450961724,0.0096035544000000004,27199.999998579875,0.026347456252264326,0.00029579698170034528,16
48,1.1780972450961724,0.0096035544000000004,27299.999998563868,0.026659513884835832,0.00029475861597666746,16
48,1.1780972450961724,0.0096035544000000004,27399.999998547861,0.026587125411671953,0.00026650757336739753,16
48,1.1780972450961724,0.0096035544000000004,27499.999998531854,0.026861609885941256,0.00022311632962223086,16
48,1.1780972450961724,0.0096035544000000004,27599.999998515847,0.025711252374579885,0.00027558642013146692,16
48,1.1780972450961724,0.0096035544000000004,27699.999998499839,0.026126222262289233,0.00025389103198556455,16
48,1.1780972450961724,0.0096035544000000004,27799.999998483832,0.026402459281256202,0.00035565151501495078,16
48,1.1780972450961724,0.0096035544000000004,27899.999998467825,0.026770204270166117,0.00043366442549675865,16
48,1.1780972450961724,0.0096035544000000004,27999.999998451818,0.026899116226480616,0.00035643062085199235,16
48,1.1780972450961724,0.0096035544000000004,28099.999998435811,0.025864958075664055,0.00040122732833374337,16
48,1.1780972450961724,0.0096035544000000004,28199.999998419804,0.026222505683441387,0.00024605905107160698,16
48,1.1780972450961724,0.0096035544000000004,28299.999998403797,0.026774776808790209,0.00021321324896365782,16
48,1.1780972450961724,0.0096035544000000004,28399.99999838779,0.026662795220740675,0.00037917882595926299,16
48,1.1780972450961724,0.0096035544000000004,28499.999998371783,0.026468680824988773,0.00044003404038555743,16
48,1.1780972450961724,0.0096035544000000004,28599.999998355775,0.02651539150573776,0.00033101885861325041,16
48,1.1780972450961724,0.0096035544000000004,28699.999998339768,0.026502876439196826,0.0002284109650201514,16
48,1.1780972450961724,0.0096035544000000004,28799.999998323761,0.026295774272746708,0.0003071263554052706,16
48,1.1780972450961724,0.0096035544000000004,28899.999998307754,0.026087617952898157,0.00024447478025275342,16
48,1.1780972450961724,0.0096035544000000004,28999.999998291747,0.026305236903103907,0.00022631869086396655,16
48,1.1780972450961724,0.0096035544000000004,29099.99999827574,0.026217758814788737,0.00019826941825697319,16
48,1.1780972450961724,0.0096035544000000004,29199.999998259733,0.026468297138980485,0.00034073713186709697,16
48,1.1780972450961724,0.0096035544000000004,29299.999998243726,0.026749780439822384,0.00039830198068605026,16
48,1.1780972450961724,0.0096035544000000004,29399.999998227719,0.026005885999823598,0.00028648211003244671,16
48,1.1780972450961724,0.0096035544000000004,29499.999998211711,0.026187115530185653,0.00031583419696778358,16
48,1.1780972450961724,0.0096035544000000004,29599.999998195704,0.026272887512953778,0.00027225827688661866,16
48,1.1780972450961724,0.0096035544000000004,29699.999998179697,0.026088227126240433,0.00035361648345921576,16
48,1.1780972450961724,0.0096035544000000004,29799.99999816369,0.026237598960736561,0.00035140174399959619,16
48,1.1780972450961724,0.0096035544000000004,29899.999998147683,0.025976523952000848,0.00036681669038002675,16
48,1.1780972450961724,0.0096035544000000004,29999.999998131676,0.02656047837941251,0.00032364883015745493,16
48,1.1780972450961724,0.0096035544000000004,30099.999998115669,0.026219771538633963,0.00032007550019353754,16
48,1.1780972450961724,0.0096035544000000004,30199.999998099662,0.026824994971500211,0.00019078635188860777,16
48,1.1780972450961724,0.0096035544000000004,30299.999998083655,0.026465288841232885,0.00034290321120216213,16
48,1.1780972450961724,0.0096035544000000004,30399.999998067648,0.026391357646676956,0.00026011102063894974,16
48,1.1780972450961724,0.0096035544000000004,30499.99999805164,0.026673225698618769,0.00028412934607719673,16
48,1.1780972450961724,0.0096035544000000004,30599.999998035633,0.026014890153235909,0.00047619337546985955,16
48,1.1780972450961724,0.0096035544000000004,30699.999998019626,0.026041356342196401,0.00045173026272465411,16
48,1.1780972450961724,0.0096035544000000004,30799.999998003619,0.0262213118496709,0.00033393519219122739,16
48,1.1780972450961724,0.0096035544000000004,30899.999997987612,0.026326267494546689,0.00038964053134629451,16
48,1.1780972450961724,0.0096035544000000004,30999.999997971605,0.026584672086085843,0.00036679716816530333,16
48,1.1780972450961724,0.0096035544000000004,31099.999997955598,0.025888150004340651,0.00028814109617722765,16
48,1.1780972450961724,0.0096035544000000004,31199.999997939591,0.026602693453148214,0.00028435877901386049,16
48,1.1780972450961724,0.0096035544000000004,31299.999997923584,0.02724844902850062,0.00027825423580003067,16
48,1.1780972450961724,0.0096035544000000004,31399.999997907576,0.026690866119630584,0.00040969203848169637,16
48,1.1780972450961724,0.0096035544000000004,31499.999997891569,0.02598280134752616,0.00031524034581815238,16
48,1.1780972450961724,0.0096035544000000004,31599.999997875562,0.026900333860523429,0.00031841737429923037,16
48,1.1780972450961724,0.0096035544000000004,31699.999997859555,0.026295067685291398,0.00026103301036651221,16
48,1.1780972450961724,0.0096035544000000004,31799.999997843548,0.026534853290531644,0.0003232334745470956,16
48,1.1780972450961724,0.0096035544000000004,31899.999997827541,0.026328334545128954,0.00021199244577273753,16
48,1.1780972450961724,0.0096035544000000004,31999.999997811534,0.026196656005414425,0.0003366936943474497,16
48,1.1780972450961724,0.0096035544000000004,32099.999997795527,0.025743936754720472,0.00038785133023019978,16
48,1.1780972450961724,0.0096035544000000004,32199.99999777952,0.02643432575398507,0.00038695520560137964,16
48,1.1780972450961724,0.0096035544000000004,32299.999997763513,0.026520798774912417,0.00021889201921199828,16
48,1.1780972450961724,0.0096035544000000004,32399.999997747505,0.026165014777178787,0.00030316884923205564,16
48,1.1780972450961724,0.0096035544000000004,32499.999997731498,0.026561018169911726,0.00032848130867232407,16
48,1.1780972450961724,0.0096035544000000004,32599.999997715491,0.026673338592603138,0.00027150906664169657,16
48,1.1780972450961724,0.0096035544000000004,32699.999997699484,0.02573668523982018,0.00043511951826485614,16
48,1.1780972450961724,0.0096035544000000004,32799.999997695115,0.026103918422965978,0.0002695519129605446,16
48,1.1780972450961724,0.0096035544000000004,32899.999997715488,0.025992099987903,0.0003027892745635508,16
48,1.1780972450961724,0.0096035544000000004,32999.99999773586,0.026606582946321473,0.00027833175333638117,16
48,1.1780972450961724,0.0096035544000000004,33099.999997756233,0.026490315763420896,0.00031374915463726111,16
48,1.1780972450961724,0.0096035544000000004,33199.999997776606,0.026573469978942318,0.00032392399224839504,16
48,1.1780972450961724,0.0096035544000000004,33299.999997796978,0.026277473478051042,0.00027388409561470242,16
48,1.1780972450961724,0.0096035544000000004,33399.999997817351,0.026936826706788215,0.00036956612796258518,16
48,1.1780972450961724,0.0096035544000000004,33499.999997837724,0.02615463489927666,0.00031281492738475142,16
48,1.1780972450961724,0.0096035544000000004,33599.999997858096,0.025741128101949201,0.00036907540081688116,16
48,1.1780972450961724,0.0096035544000000004,33699.999997878469,0.026552551507111576,0.00034489059726957515,16
48,1.1780972450961724,0.0096035544000000004,33799.999997898842,0.026574204048989788,0.00040530878935320948,16
48,1.1780972450961724,0.0096035544000000004,33899.999997919214,0.026506176421841315,0.00030465714574305798,16
48,1.1780972450961724,0.0096035544000000004,33999.999997939587,0.026119963489669825,0.00031022212211566797,16
48,1.1780972450961724,0.0096035544000000004,34099.99999795996,0.026019489044717497,0.00040475028658195456,16
48,1.1780972450961724,0.0096035544000000004,34199.999997980332,0.026653661588988065,0.00031401834225666225,16
48,1.1780972450961724,0.0096035544000000004,34299.999998000705,0.026492340797863757,0.00036334582295409549,16
48,1.1780972450961724,0.0096035544000000004,34399.999998021078,0.026489503641342466,0.00031609793032354541,16
48,1.1780972450961724,0.0096035544000000004,34499.99999804145,0.026517915208836503,0.0004609181890428384,16
48,1.1780972450961724,0.0096035544000000004,34599.999998061823,0.025906384216479835,0.00033047343968914422,16
48,1.1780972450961724,0.0096035544000000004,34699.999998082196,0.025969632171645184,0.00029343875149380992,16
48,1.1780972450961724,0.0096035544000000004,34799.999998102568,0.026269470565867724,0.00018920453506747795,16
48,1.1780972450961724,0.0096035544000000004,34899.999998122941,0.026249420965989909,0.00034099149479403784,16
48,1.1780972450961724,0.0096035544000000004,34999.999998143314,0.026449517806234255,0.00030801492061954903,16
48,1.1780972450961724,0.0096035544000000004,35099.999998163687,0.026286860306678244,0.00032646061799233752,16
48,1.1780972450961724,0.0096035544000000004,35199.999998184059,0.026539304575475181,0.00030260920898713371,16
48,1.1780972450961724,0.0096035544000000004,35299.999998204432,0.026538254612484241,0.00031558005347918748,16
48,1.1780972450961724,0.0096035544000000004,35399.999998224805,0.026321947146488566,0.00030685051100378649,16
48,1.1780972450961724,0.0096035544000000004,35499.999998245177,0.026391980314003097,0.00025997687254807734,16
48,1.1780972450961724,0.0096035544000000004,35599.99999826555,0.026456733069727966,0.00021654550189039356,16
48,1.1780972450961724,0.0096035544000000004,35699.999998285923,0.026813786436267317,0.00038005146844257229,16
48,1.1780972450961724,0.0096035544000000004,35799.999998306295,0.026271878487802568,0.00035020838343451891,16
48,1.1780972450961724,0.0096035544000000004,35899.999998326668,0.026355764865831372,0.00029237725515375915,16
48,1.1780972450961724,0.0096035544000000004,35999.999998347041,0.026729834758102818,0.00035227616206545659,16
48,1.1780972450961724,0.0096035544000000004,36099.999998367413,0.026014770351543141,0.0003134855243473307,16
48,1.1780972450961724,0.0096035544000000004,36199.999998387786,0.026336791228777121,0.00031744969260706288,16
48,1.1780972450961724,0.0096035544000000004,36299.999998408159,0.026364449878679426,0.00027726492333855621,16
48,1.1780972450961724,0.0096035544000000004,36399.999998428531,0.026113354726672779,0.00029927089637358969,16
48,1.1780972450961724,0.0096035544000000004,36499.999998448904,0.025901781599674441,0.00026976608195279465,16
48,1.1780972450961724,0.0096035544000000004,36599.999998469277,0.02673173290549891,0.00035761569045933287,16
48,1.1780972450961724,0.0096035544000000004,36699.999998489649,0.025817614786549106,0.00034608749908124228,16
48,1.1780972450961724,0.0096035544000000004,36799.999998510022,0.025880935084634682,0.00026605785117611667,16
48,1.1780972450961724,0.0096035544000000004,36899.999998530395,0.025978045550293025,0.00036040086420249942,16
48,1.1780972450961724,0.0096035544000000004,36999.999998550767,0.026506535300322542,0.00030268568325563075,16
48,1.1780972450961724,0.0096035544000000004,37099.99999857114,0.026423386023244129,0.00041569606028726505,16
48,1.1780972450961724,0.0096035544000000004,37199.999998591513,0.026392585642748937,0.00032419448353817416,16
48,1.1780972450961724,0.0096035544000000004,37299.999998611886,0.026310083298992454,0.00023500431585623274,16
48,1.1780972450961724,0.0096035544000000004,37399.999998632258,0.026388603551106327,0.0003161260946746033,16
48,1.1780972450961724,0.0096035544000000004,37499.999998652631,0.0266886348794248,0.00027293446379464013,16
48,1.1780972450961724,0.0096035544000000004,37599.999998673004,0.026173869008285586,0.00037105509083976541,16
48,1.1780972450961724,0.0096035544000000004,37699.999998693376,0.026482423347905421,0.00033048511513096107,16
48,1.1780972450961724,0.0096035544000000004,37799.999998713749,0.026338242877252803,0.00039772869812826312,16
48,1.1780972450961724,0.0096035544000000004,37899.999998734122,0.026468734788732299,0.00024742464948863323,16
48,1.1780972450961724,0.0096035544000000004,37999.999998754494,0.026757052379864216,0.00032124248646409536,16
48,1.1780972450961724,0.0096035544000000004,38099.999998774867,0.026005169100847828,0.00041286345872942139,16
48,1.1780972450961724,0.0096035544000000004,38199.99999879524,0.025759373100116521,0.00041702013278077009,16
48,1.1780972450961724,0.0096035544000000004,38299.999998815612,0.026648619468332264,0.00038533254780359741,16
48,1.1780972450961724,0.0096035544000000004,38399.999998835985,0.026176854827710792,0.00039438995040947961,16
48,1.1780972450961724,0.0096035544000000004,38499.999998856358,0.026320603512381038,0.00032721469563460747,16
48,1.1780972450961724,0.0096035544000000004,38599.99999887673,0.026163767372144757,0.00029567459132572,16
48,1.1780972450961724,0.0096035544000000004,38699.999998897103,0.025979573643836348,0.00031812251028913831,16
48,1.1780972450961724,0.0096035544000000004,38799.999998917476,0.026458073817586421,0.0003087625725922126,16
48,1.1780972450961724,0.0096035544000000004,38899.999998937848,0.026478583389799915,0.00036145114379997583,16
48,1.1780972450961724,0.0096035544000000004,38999.999998958221,0.025795908988925143,0.00035010740452895618,16
48,1.1780972450961724,0.0096035544000000004,39099.999998978594,0.026611137434935372,0.00038257474438146586,16
48,1.1780972450961724,0.0096035544000000004,39199.999998998966,0.025842764552854603,0.00032076991373563852,16
48,1.1780972450961724,0.0096035544000000004,39299.999999019339,0.026277846680032677,0.00026092585952828851,16
48,1.1780972450961724,0.0096035544000000004,39399.999999039712,0.026760918100451697,0.00031706585005942254,16
48,1.1780972450961724,0.0096035544000000004,39499.999999060085,0.026094811329675238,0.00026699578848016545,16
48,1.1780972450961724,0.0096035544000000004,39599.999999080457,0.026127031561195734,0.00038051395271025224,16
48,1.1780972450961724,0.0096035544000000004,39699.99999910083,0.025780209844596641,0.00021820366944682416,16
48,1.1780972450961724,0.0096035544000000004,39799.999999121203,0.026341208022283787,0.00023639561914310528,16
48,1.1780972450961724,0.0096035544000000004,39899.999999141575,0.026401824380609774,0.00038849703682783979,16
48,1.1780972450961724,0.0096035544000000004,39999.999999161948,0.026292690545011474,0.00029767730250631382,16
48,1.1780972450961724,0.0096035544000000004,40099.999999182321,0.026891660272811344,0.00031267111756020418,16
48,1.1780972450961724,0.0096035544000000004,40199.999999202693,0.026174387769841208,0.00043730421597263909,16
48,1.1780972450961724,0.0096035544000000004,40299.999999223066,0.026736985660263248,0.00035277279414296125,16
48,1.1780972450961724,0.0096035544000000004,40399.999999243439,0.026292342414485352,0.00026491083214517171,16
48,1.1780972450961724,0.0096035544000000004,40499.999999263811,0.025874577307920622,0.00023557243989515608,16
48,1.1780972450961724,0.0096035544000000004,40599.999999284184,0.026372678207737966,0.00031835246653790482,16
48,1.1780972450961724,0.0096035544000000004,40699.999999304557,0.026336486108631423,0.00036222750164885463,16
48,1.1780972450961724,0.0096035544000000004,40799.999999324929,0.026207349566725976,0.00037950344004530109,16
48,1.1780972450961724,0.0096035544000000004,40899.999999345302,0.026034731458870003,0.00028267516576085369,16
48,1.1780972450961724,0.0096035544000000004,40999.999999365675,0.026127354130804574,0.00031212658222833951,16
48,1.1780972450961724,0.0096035544000000004,41099.999999386047,0.025991400205271482,0.00030694703282801181,16
48,1.1780972450961724,0.0096035544000000004,41199.99999940642,0.026384656531539978,0.00031243263417602774,16
48,1.1780972450961724,0.0096035544000000004,41299.999999426793,0.026238677519864983,0.0002929782624186569,16
48,1.1780972450961724,0.0096035544000000004,41399.999999447165,0.026158196301541089,0.00029475445290360784,16
48,1.1780972450961724,0.0096035544000000004,41499.999999467538,0.026125552475087979,0.00042394892475281079,16
48,1.1780972450961724,0.0096035544000000004,41599.999999487911,0.026498225613154822,0.00034502307378511758,16
48,1.1780972450961724,0.0096035544000000004,41699.999999508284,0.026560480407281685,0.00035403821650474565,16
48,1.1780972450961724,0.0096035544000000004,41799.999999528656,0.026299550987927911,0.00038698372254261946,16
48,1.1780972450961724,0.0096035544000000004,41899.999999549029,0.025706437764782174,0.00021403008931387721,16
48,1.1780972450961724,0.0096035544000000004,41999.999999569402,0.026469652978135035,0.00037536123127907076,16
48,1.1780972450961724,0.0096035544000000004,42099.999999589774,0.026330671330166967,0.0002359461303561654,16
48,1.1780972450961724,0.0096035544000000004,42199.999999610147,0.02659512137285798,0.00025623705721802701,16
48,1.1780972450961724,0.0096035544000000004,42299.99999963052,0.026056676523282897,0.00038898760396020209,16
48,1.1780972450961724,0.0096035544000000004,42399.999999650892,0.026036517709275956,0.00043841937468116858,16
48,1.1780972450961724,0.0096035544000000004,42499.999999671265,0.026374340907042701,0.00028580230563315646,16
48,1.1780972450961724,0.0096035544000000004,42599.999999691638,0.026763934271978047,0.00028322846422895807,16
48,1.1780972450961724,0.0096035544000000004,42699.99999971201,0.026774666236461339,0.00030534773141070677,16
48,1.1780972450961724,0.0096035544000000004,42799.999999732383,0.026106166629590737,0.00038983333412148424,16
48,1.1780972450961724,0.0096035544000000004,42899.999999752756,0.026630652517785392,0.00036342782457464911,16
48,1.1780972450961724,0.0096035544000000004,42999.999999773128,0.026375818669041498,0.00024653443917178549,16
48,1.1780972450961724,0.0096035544000000004,43099.999999793501,0.025705477742145984,0.00038146613231012473,16
48,1.1780972450961724,0.0096035544000000004,43199.999999813874,0.026027128669688416,0.00028299383839235965,16
48,1.1780972450961724,0.0096035544000000004,43299.999999834246,0.026289628361823004,0.0002946950992116577,16
48,1.1780972450961724,0.0096035544000000004,43399.999999854619,0.026076495632972731,0.00033118549640704926,16
48,1.1780972450961724,0.0096035544000000004,43499.999999874992,0.026226390433257661,0.0003433157820126549,16
48,1.1780972450961724,0.0096035544000000004,43599.999999895364,0.026164764836120968,0.00026750740545346529,16
48,1.1780972450961724,0.0096035544000000004,43699.999999915737,0.026513605014594967,0.00025588646424249821,16
48,1.1780972450961724,0.0096035544000000004,43799.99999993611,0.026275750103267347,0.00025404192798290378,16
48,1.1780972450961724,0.0096035544000000004,43899.999999956482,0.026133448735942862,0.00028520201520991614,16
48,1.1780972450961724,0.0096035544000000004,43999.999999976855,0.02635640237582932,0.00023022236225161659,16
48,1.1780972450961724,0.0096035544000000004,44099.999999997228,0.026756847233293541,0.00044012766139295447,16
48,1.1780972450961724,0.0096035544000000004,44200.000000017601,0.026934249956712352,0.00027177154898712943,16
48,1.1780972450961724,0.0096035544000000004,44300.000000037973,0.025848473259437597,0.00025834763688760567,16
48,1.1780972450961724,0.0096035544000000004,44400.000000058346,0.026029264686035516,0.00027132197601237811,16
48,1.1780972450961724,0.0096035544000000004,44500.000000078719,0.026555933662330937,0.00028632587327825974,16
48,1.1780972450961724,0.0096035544000000004,44600.000000099091,0.027238567519941973,0.00024363553531213164,16
48,1.1780972450961724,0.0096035544000000004,44700.000000119464,0.026609498554239181,0.00034104096086648206,16
48,1.1780972450961724,0.0096035544000000004,44800.000000139837,0.02639653377893128,0.00030968051881337909,16
48,1.1780972450961724,0.0096035544000000004,44900.000000160209,0.026676184172418432,0.0003591066128661987,16
48,1.1780972450961724,0.0096035544000000004,45000.000000180582,0.026661648760822384,0.0002896012427405925,16
48,1.1780972450961724,0.0096035544000000004,45100.000000200955,0.026160879224177005,0.00036292091445883713,16
48,1.1780972450961724,0.0096035544000000004,45200.000000221327,0.025914416308379644,0.00035962293702311777,16
48,1.1780972450961724,0.0096035544000000004,45300.0000002417,0.026402222012866513,0.00026177620061509254,16
48,1.1780972450961724,0.0096035544000000004,45400.000000262073,0.026550600378261131,0.00031947310217686497,16
48,1.1780972450961724,0.0096035544000000004,45500.000000282445,0.025900302696118774,0.00032055527483128629,16
48,1.1780972450961724,0.0096035544000000004,45600.000000302818,0.026223635811115188,0.00034500858722287233,16
48,1.1780972450961724,0.0096035544000000004,45700.000000323191,0.026232141636098834,0.00036168924993573937,16
48,1.1780972450961724,0.0096035544000000004,45800.000000343563,0.026537057826748429,0.00034528355049764762,16
48,1.1780972450961724,0.0096035544000000004,45900.000000363936,0.026640244726678607,0.00026143754259588895,16
48,1.1780972450961724,0.0096035544000000004,46000.000000384309,0.026508868988634981,0.00035071886679593887,16
48,1.1780972450961724,0.0096035544000000004,46100.000000404681,0.026361802117215605,0.00048895671776105049,16
48,1.1780972450961724,0.0096035544000000004,46200.000000425054,0.026413329217341897,0.000341400198553074,16
48,1.1780972450961724,0.0096035544000000004,46300.000000445427,0.026581863799717425,0.00031727224799695772,16
48,1.1780972450961724,0.0096035544000000004,46400.0000004658,0.026252815563609332,0.00030327570266187669,16
48,1.1780972450961724,0.0096035544000000004,46500.000000486172,0.026194601942691974,0.00044445604572040259,16
48,1.1780972450961724,0.0096035544000000004,46600.000000506545,0.026683829309906204,0.00033656251063914511,16
48,1.1780972450961724,0.0096035544000000004,46700.000000526918,0.026333737071768521,0.00036208736653508145,16
48,1.1780972450961724,0.0096035544000000004,46800.00000054729,0.02658816386554113,0.00027590118155095683,16
48,1.1780972450961724,0.0096035544000000004,46900.000000567663,0.026453883102661304,0.00028226631442567613,16
48,1.1780972450961724,0.0096035544000000004,47000.000000588036,0.026574833258847998,0.00025812106644133441,16
48,1.1780972450961724,0.0096035544000000004,47100.000000608408,0.027005978632681272,0.0002989431219302926,16
48,1.1780972450961724,0.0096035544000000004,47200.000000628781,0.026448679123894786,0.00031106916457677313,16
48,1.1780972450961724,0.0096035544000000004,47300.000000649154,0.026244323484145394,0.00033433408318507557,16
48,1.1780972450961724,0.0096035544000000004,47400.000000669526,0.026757826047672878,0.00027984524793062956,16
48,1.1780972450961724,0.0096035544000000004,47500.000000689899,0.026314796737669552,0.00030590724561899325,16
48,1.1780972450961724,0.0096035544000000004,47600.000000710272,0.026646669282891881,0.00026482249822328561,16
48,1.1780972450961724,0.0096035544000000004,47700.000000730644,0.027155059767968885,0.00044447754841984771,16
48,1.1780972450961724,0.0096035544000000004,47800.000000751017,0.026630076431740098,0.00039374509126570705,16
48,1.1780972450961724,0.0096035544000000004,47900.00000077139,0.026668539016832672,0.00031439577614307166,16
48,1.1780972450961724,0.0096035544000000004,48000.000000791762,0.026149444361404418,0.00035297999246041296,16
48,1.1780972450961724,0.0096035544000000004,48100.000000812135,0.026351130109353568,0.00030925602222148382,16
48,1.1780972450961724,0.0096035544000000004,48200.000000832508,0.026168706866793501,0.00026078459044996704,16
48,1.1780972450961724,0.0096035544000000004,48300.00000085288,0.026389080452418889,0.00026081683370593884,16
48,1.1780972450961724,0.0096035544000000004,48400.000000873253,0.026498911571438317,0.00026347232893502478,16
48,1.1780972450961724,0.0096035544000000004,48500.000000893626,0.026245934036668847,0.00031926987239885607,16
48,1.1780972450961724,0.0096035544000000004,48600.000000913999,0.026199894658947155,0.00034641997581882949,16
48,1.1780972450961724,0.0096035544000000004,48700.000000934371,0.025964277438349906,0.00034947386417746531,16
48,1.1780972450961724,0.0096035544000000004,48800.000000954744,0.026150782956884642,0.00037928405733502385,16
48,1.1780972450961724,0.0096035544000000004,48900.000000975117,0.026878107291419578,0.00026527218935446228,16
48,1.1780972450961724,0.0096035544000000004,49000.000000995489,0.026183351414457327,0.00028136287374606092,16
48,1.1780972450961724,0.0096035544000000004,49100.000001015862,0.026575339028649086,0.00041640156981680588,16
48,1.1780972450961724,0.0096035544000000004,49200.000001036235,0.026111589165318003,0.00032893101524007041,16
48,1.1780972450961724,0.0096035544000000004,49300.000001056607,0.025954637153991406,0.00038279392118649599,16
48,1.1780972450961724,0.0096035544000000004,49400.00000107698,0.026947777820992735,0.0002358390270071465,16
48,1.1780972450961724,0.0096035544000000004,49500.000001097353,0.026094967017578193,0.00029651518588578036,16
48,1.1780972450961724,0.0096035544000000004,49600.000001117725,0.026301724202239422,0.00022510915596896211,16
48,1.1780972450961724,0.0096035544000000004,49700.000001138098,0.026500693903835242,0.00026680488963092382,16
48,1.1780972450961724,0.0096035544000000004,49800.000001158471,0.025619718121115777,0.00029084371563343987,16
48,1.1780972450961724,0.0096035544000000004,49900.000001178843,0.026141518952834748,0.00028794086671882321,16
48,1.1780972450961724,0.0096035544000000004,50000.000001199216,0.026656930561835969,0.0002984358009804295,16
64,1.5707963267948966,0.015745868999999999,100.00000000001425,0.027757291374314128,0.00031088006007219665,16
64,1.5707963267948966,0.015745868999999999,199.99999999996308,0.02771364305726862,0.00030471404264548939,16
64,1.5707963267948966,0.015745868999999999,299.99999999987216,0.027218843584057628,0.00027955963586272838,16
64,1.5707963267948966,0.015745868999999999,399.99999999978121,0.027859527021021645,0.00021702614409896661,16
64,1.5707963267948966,0.015745868999999999,499.99999999969026,0.027501530911253288,0.00020696356409454289,16
64,1.5707963267948966,0.015745868999999999,599.99999999959937,0.027509666736513227,0.00027957068664331847,16
64,1.5707963267948966,0.015745868999999999,699.99999999950842,0.027539467113363508,0.00028672264910201682,16
64,1.5707963267948966,0.015745868999999999,799.99999999941747,0.027762615365466516,0.00017233923422313902,16
64,1.5707963267948966,0.015745868999999999,899.99999999932652,0.027446676446423297,0.00027611646742569063,16
64,1.5707963267948966,0.015745868999999999,999.99999999923557,0.027577888189071753,0.00025270068024351838,16
64,1.5707963267948966,0.015745868999999999,1099.9999999991446,0.027521505684907657,0.00018506421144497942,16
64,1.5707963267948966,0.015745868999999999,1199.9999999990537,0.02719786827628861,0.00021502897930270732,16
64,1.5707963267948966,0.015745868999999999,1299.9999999989627,0.027400872874089051,0.00030969777421976463,16
64,1.5707963267948966,0.015745868999999999,1399.9999999988718,0.027348554642492463,0.00023241640223248215,16
64,1.5707963267948966,0.015745868999999999,1499.9999999987808,0.027337957384252241,0.00026498293193380951,16
64,1.5707963267948966,0.015745868999999999,1599.9999999986899,0.027335032080672478,0.00026746856978676083,16
64,1.5707963267948966,0.015745868999999999,1699.9999999985989,0.027803579272301163,0.00031617732735126123,16
64,1.5707963267948966,0.015745868999999999,1799.999999998508,0.02769771036096863,0.00037171871101452248,16
64,1.5707963267948966,0.015745868999999999,1899.999999998417,0.027573486015506382,0.00028847608691351563,16
64,1.5707963267948966,0.015745868999999999,1999.9999999983261,0.027625638442637209,0.00030287660749551184,16
64,1.5707963267948966,0.015745868999999999,2099.9999999994175,0.027524537347988931,0.00015830338046027249,16
64,1.5707963267948966,0.015745868999999999,2200.0000000016003,0.027898000272780412,0.00024744361282640613,16
64,1.5707963267948966,0.015745868999999999,2300.000000003783,0.027676019871725972,0.00029543648079624732,16
64,1.5707963267948966,0.015745868999999999,2400.0000000059658,0.027629770500267423,0.00041523293280330256,16
64,1.5707963267948966,0.015745868999999999,2500.0000000081486,0.027233937104172212,0.00033623554247983861,16
64,1.5707963267948966,0.015745868999999999,2600.0000000103314,0.027704332490768219,0.00017886356724194669,16
64,1.5707963267948966,0.015745868999999999,2700.0000000125142,0.027362219522169731,0.00035527199672006764,16
64,1.5707963267948966,0.015745868999999999,2800.000000014697,0.027568871286571303,0.00022607864773930504,16
64,1.5707963267948966,0.015745868999999999,2900.0000000168798,0.027401978023655762,0.00023838806356535602,16
64,1.5707963267948966,0.015745868999999999,3000.0000000190626,0.027331363686895826,0.00027960321632129065,16
64,1.5707963267948966,0.015745868999999999,3100.0000000212453,0.027748914814199468,0.00020983001739688253,16
64,1.5707963267948966,0.015745868999999999,3200.0000000234281,0.027666570566886029,0.00017929229050752722,16
64,1.5707963267948966,0.015745868999999999,3300.0000000256109,0.027556629925535921,0.0003073879585188762,16
64,1.5707963267948966,0.015745868999999999,3400.0000000277937,0.027175632333586493,0.00025477036579257215,16
64,1.5707963267948966,0.015745868999999999,3500.0000000299765,0.027651680441870521,0.00032723079593661026,16
64,1.5707963267948966,0.015745868999999999,3600.0000000321593,0.027947213262094917,0.00027750596563185258,16
64,1.5707963267948966,0.015745868999999999,3700.0000000343421,0.027384011573110618,0.00026218629126383491,16
64,1.5707963267948966,0.015745868999999999,3800.0000000365249,0.027772799998072015,0.00023424948821136826,16
64,1.5707963267948966,0.015745868999999999,3900.0000000387076,0.028007842761136884,0.00021701146686657825,16
64,1.5707963267948966,0.015745868999999999,4000.0000000408904,0.02757792014942978,0.00026435784353390554,16
64,1.5707963267948966,0.015745868999999999,4100.0000000430728,0.027608987959179626,0.00022972022762441339,16
64,1.5707963267948966,0.015745868999999999,4200.0000000452555,0.027427312454403812,0.00024256760300213386,16
64,1.5707963267948966,0.015745868999999999,4300.0000000474383,0.027452456827976774,0.00025450548283754347,16
64,1.5707963267948966,0.015745868999999999,4400.0000000496211,0.027261764811969083,0.00026305777990578218,16
64,1.5707963267948966,0.015745868999999999,4500.0000000518039,0.02758595477252021,0.00018072354863308917,16
64,1.5707963267948966,0.015745868999999999,4600.0000000539867,0.027724294966857421,0.00026367375750269845,16
64,1.5707963267948966,0.015745868999999999,4700.0000000561695,0.02742703746339531,0.00017603347911162605,16
64,1.5707963267948966,0.015745868999999999,4800.0000000583523,0.027557920971243623,0.0001816143901413098,16
64,1.5707963267948966,0.015745868999999999,4900.0000000605351,0.027296693596265881,0.00024737205793318309,16
64,1.5707963267948966,0.015745868999999999,5000.0000000627178,0.027732378050069409,0.00024719682374303904,16
64,1.5707963267948966,0.015745868999999999,5100.0000000649006,0.027575828874250408,0.00028410286192616867,16
64,1.5707963267948966,0.015745868999999999,5200.0000000670834,0.027887754363471042,0.00030168407561486098,16
64,1.5707963267948966,0.015745868999999999,5300.0000000692662,0.027404148268719862,0.00026290987816937936,16
64,1.5707963267948966,0.015745868999999999,5400.000000071449,0.027593019114334153,0.00020015281156868391,16
64,1.5707963267948966,0.015745868999999999,5500.0000000736318,0.027142695509536144,0.00021841587658939332,16
64,1.5707963267948966,0.015745868999999999,5600.0000000758146,0.027328161069654095,0.00021241602293970593,16
64,1.5707963267948966,0.015745868999999999,5700.0000000779974,0.027474610173188016,0.00030524239982954111,16
64,1.5707963267948966,0.015745868999999999,5800.0000000801801,0.02766658396431234,0.00024401804893076385,16
64,1.5707963267948966,0.015745868999999999,5900.0000000823629,0.027450082028910017,0.00028089751137292562,16
64,1.5707963267948966,0.015745868999999999,6000.0000000845457,0.027610952487928001,0.00031228454481794978,16
64,1.5707963267948966,0.015745868999999999,6100.0000000867285,0.02741152665528682,0.00032917912379741099,16
64,1.5707963267948966,0.015745868999999999,6200.0000000889113,0.027362666626079422,0.00019678737401139179,16
64,1.5707963267948966,0.015745868999999999,6300.0000000910941,0.027436494491914057,0.00022106107866502796,16
64,1.5707963267948966,0.015745868999999999,6400.0000000932769,0.027530013411644828,0.00027467404028651016,16
64,1.5707963267948966,0.015745868999999999,6500.0000000954597,0.027817242673462576,0.0002458673275320871,16
64,1.5707963267948966,0.015745868999999999,6600.0000000976424,0.027607376315141253,0.00020746931094388073,16
64,1.5707963267948966,0.015745868999999999,6700.0000000998252,0.0276584691151079,0.00022271401254617812,16
64,1.5707963267948966,0.015745868999999999,6800.000000102008,0.027723349469915747,0.00020709719383522876,16
64,1.5707963267948966,0.015745868999999999,6900.0000001041908,0.027440357270673961,0.00030781805293044151,16
64,1.5707963267948966,0.015745868999999999,7000.0000001063736,0.026901062004233291,0.0002370851319999767,16
64,1.5707963267948966,0.015745868999999999,7100.0000001085564,0.027571292993005082,0.00021347595012156985,16
64,1.5707963267948966,0.015745868999999999,7200.0000001107392,0.027572877863911067,0.00027084354253340101,16
64,1.5707963267948966,0.015745868999999999,7300.000000112922,0.027553259357639158,0.00032821214927099924,16
64,1.5707963267948966,0.015745868999999999,7400.0000001151047,0.02758962794699962,0.00019399053301210386,16
64,1.5707963267948966,0.015745868999999999,7500.0000001172875,0.027518241969086317,0.00029125029229209082,16
64,1.5707963267948966,0.015745868999999999,7600.0000001194703,0.027311330775070662,0.00026669690861555662,16
64,1.5707963267948966,0.015745868999999999,7700.0000001216531,0.027429829209623061,0.00030249669026040528,16
64,1.5707963267948966,0.015745868999999999,7800.0000001238359,0.027930124900526716,0.00023903470341754427,16
64,1.5707963267948966,0.015745868999999999,7900.0000001260187,0.027427251648493189,0.00026026119822084005,16
64,1.5707963267948966,0.015745868999999999,8000.0000001282015,0.027339126463390741,0.00023546846262886503,16
64,1.5707963267948966,0.015745868999999999,8100.0000001303843,0.027707486974017224,0.00026495344829723387,16
64,1.5707963267948966,0.015745868999999999,8200.0000001325661,0.02840584918625895,0.00016924945211071945,16
64,1.5707963267948966,0.015745868999999999,8300.0000001347489,0.027652855194132492,0.00031983685118116287,16
64,1.5707963267948966,0.015745868999999999,8400.0000001369317,0.02752468235036766,0.0002505824335942072,16
64,1.5707963267948966,0.015745868999999999,8500.0000001391145,0.027660086148347428,0.00013796793305811012,16
64,1.5707963267948966,0.015745868999999999,8600.0000001412973,0.027885229013940062,0.00019985404734786281,16
64,1.5707963267948966,0.015745868999999999,8700.0000001434801,0.027735087494965102,0.00016983994664760855,16
64,1.5707963267948966,0.015745868999999999,8800.0000001456629,0.027632871951533935,0.00028142742954776075,16
64,1.5707963267948966,0.015745868999999999,8900.0000001478456,0.027852381977574597,0.00027929846614409818,16
64,1.5707963267948966,0.015745868999999999,9000.0000001500284,0.02716725805562225,0.00021627128616367834,16
64,1.5707963267948966,0.015745868999999999,9100.0000001522112,0.027578347347782216,0.00024613790299240286,16
64,1.5707963267948966,0.015745868999999999,9200.000000154394,0.027555545983375802,0.00025981193354881105,16
64,1.5707963267948966,0.015745868999999999,9300.0000001565768,0.027103476804134715,0.00023433226199060417,16
64,1.5707963267948966,0.015745868999999999,9400.0000001587596,0.027181606657600384,0.00025875982568025519,16
64,1.5707963267948966,0.015745868999999999,9500.0000001609424,0.02766122334716967,0.00026455552383425281,16
64,1.5707963267948966,0.015745868999999999,9600.0000001631252,0.027795787718142645,0.00025142716109866894,16
64,1.5707963267948966,0.015745868999999999,9700.0000001653079,0.027706719074065734,0.00024986743151799964,16
64,1.5707963267948966,0.015745868999999999,9800.0000001674907,0.027494595694918578,0.00027799902309537258,16
64,1.5707963267948966,0.015745868999999999,9900.0000001696735,0.027540699203381157,0.00032628994352188617,16
64,1.5707963267948966,0.015745868999999999,10000.000000171856,0.027376181523138282,0.00026185219558096519,16
64,1.5707963267948966,0.015745868999999999,10100.000000174039,0.027731807521328693,0.00023981891812862325,16
64,1.5707963267948966,0.015745868999999999,10200.000000176222,0.027136160002145526,0.00025954981319706012,16
64,1.5707963267948966,0.015745868999999999,10300.000000178405,0.027265237057792772,0.00035019352944430128,16
64,1.5707963267948966,0.015745868999999999,10400.000000180587,0.027215003120816261,0.00023706534579815894,16
64,1.5707963267948966,0.015745868999999999,10500.00000018277,0.027577879426092692,0.0002585264476942877,16
64,1.5707963267948966,0.015745868999999999,10600.000000184953,0.027902590351889106,0.00024125589848795372,16
64,1.5707963267948966,0.015745868999999999,10700.000000187136,0.028171308970931754,0.00024873004019453185,16
64,1.5707963267948966,0.015745868999999999,10800.000000189319,0.027363649513422114,0.00029403168014919927,16
64,1.5707963267948966,0.015745868999999999,10900.000000191501,0.027199797343624373,0.00030067569307040275,16
64,1.5707963267948966,0.015745868999999999,11000.000000193684,0.02768585129753208,0.00029512158622548913,16
64,1.5707963267948966,0.015745868999999999,11100.000000195867,0.027897498800817377,0.00031448608801210541,16
64,1.5707963267948966,0.015745868999999999,11200.00000019805,0.027972491472503139,0.00019596547600254845,16
64,1.5707963267948966,0.015745868999999999,11300.000000200233,0.027909043792369949,0.00016755734915646091,16
64,1.5707963267948966,0.015745868999999999,11400.000000202415,0.027328220312048589,0.00028672117646739629,16
64,1.5707963267948966,0.015745868999999999,11500.000000204598,0.027518203601024766,0.00022086563495955167,16
64,1.5707963267948966,0.015745868999999999,11600.000000206781,0.027454040794357717,0.00023759036548040043,16
64,1.5707963267948966,0.015745868999999999,11700.000000208964,0.027530873162390959,0.000310308796573995,16
64,1.5707963267948966,0.015745868999999999,11800.000000211146,0.027874868631813338,0.00018661021789459064,16
64,1.5707963267948966,0.015745868999999999,11900.000000213329,0.02777052189818472,0.00028849193140797173,16
64,1.5707963267948966,0.015745868999999999,12000.000000215512,0.027563816024131323,0.00018865666664118921,16
64,1.5707963267948966,0.015745868999999999,12100.000000217695,0.027498559043059215,0.00025020479962575582,16
64,1.5707963267948966,0.015745868999999999,12200.000000219878,0.028012437925038384,0.00019923163068341098,16
64,1.5707963267948966,0.015745868999999999,12300.00000022206,0.027323993990054106,0.00021628848843742408,16
64,1.5707963267948966,0.015745868999999999,12400.000000224243,0.027461859430295707,0.0002517408902592265,16
64,1.5707963267948966,0.015745868999999999,12500.000000226426,0.02788044167718114,0.0002867444212482725,16
64,1.5707963267948966,0.015745868999999999,12600.000000228609,0.027148493530485929,0.00024764069798892689,16
64,1.5707963267948966,0.015745868999999999,12700.000000230792,0.027249199243027961,0.00031647107874330525,16
64,1.5707963267948966,0.015745868999999999,12800.000000232974,0.027239632518978017,0.00030740782647987921,16
64,1.5707963267948966,0.015745868999999999,12900.000000235157,0.027841797727569111,0.00027659257728207038,16
64,1.5707963267948966,0.015745868999999999,13000.00000023734,0.027700230663540656,0.00016169253464366171,16
64,1.5707963267948966,0.015745868999999999,13100.000000239523,0.028060905520206948,0.00024375686112400701,16
64,1.5707963267948966,0.015745868999999999,13200.000000241705,0.028001427216565053,0.0002531932492924669,16
64,1.5707963267948966,0.015745868999999999,13300.000000243888,0.027710175556139582,0.0002408197541940637,16
64,1.5707963267948966,0.015745868999999999,13400.000000246071,0.027852517561148323,0.00027931712066133526,16
64,1.5707963267948966,0.015745868999999999,13500.000000248254,0.027428089391915943,0.00020154169835041221,16
64,1.5707963267948966,0.015745868999999999,13600.000000250437,0.027751312479090615,0.00026337495457901607,16
64,1.5707963267948966,0.015745868999999999,13700.000000252619,0.027688091936392763,0.00017517791601526168,16
64,1.5707963267948966,0.015745868999999999,13800.000000254802,0.027743321641206641,0.0002958910454606029,16
64,1.5707963267948966,0.015745868999999999,13900.000000256985,0.027146497204853424,0.00031880520927674548,16
64,1.5707963267948966,0.015745868999999999,14000.000000259168,0.027405098818012546,0.00022815102319420958,16
64,1.5707963267948966,0.015745868999999999,14100.000000261351,0.027899722487231583,0.00024493933049826613,16
64,1.5707963267948966,0.015745868999999999,14200.000000263533,0.027573221821371036,0.00021928590617421013,16
64,1.5707963267948966,0.015745868999999999,14300.000000265716,0.027449640664874486,0.00022103186484455638,16
64,1.5707963267948966,0.015745868999999999,14400.000000267899,0.027390281444135887,0.00024318962222936538,16
64,1.5707963267948966,0.015745868999999999,14500.000000270082,0.027666279942175132,0.00014958987513124465,16
64,1.5707963267948966,0.015745868999999999,14600.000000272265,0.027493325752558948,0.00029159763935950885,16
64,1.5707963267948966,0.015745868999999999,14700.000000274447,0.027920518059157039,0.00024287668843012055,16
64,1.5707963267948966,0.015745868999999999,14800.00000027663,0.027323722896211169,0.00020163321399773587,16
64,1.5707963267948966,0.015745868999999999,14900.000000278813,0.028017652635945686,0.00023120583254129502,16
64,1.5707963267948966,0.015745868999999999,15000.000000280996,0.027430800745955601,0.00022016566507734167,16
64,1.5707963267948966,0.015745868999999999,15100.000000283178,0.027607433173935207,0.00027312398960924807,16
64,1.5707963267948966,0.015745868999999999,15200.000000285361,0.027733570136944437,0.00031474976057586641,16
64,1.5707963267948966,0.015745868999999999,15300.000000287544,0.027507484357517781,0.0002070992945744086,16
64,1.5707963267948966,0.015745868999999999,15400.000000289727,0.027995866805270945,0.00032359540052566486,16
64,1.5707963267948966,0.015745868999999999,15500.00000029191,0.027521345759898373,0.00027709524888070537,16
64,1.5707963267948966,0.015745868999999999,15600.000000294092,0.027502826286022866,0.00015415057067728704,16
64,1.5707963267948966,0.015745868999999999,15700.000000296275,0.0278203944906871,0.00022920315483644069,16
64,1.5707963267948966,0.015745868999999999,15800.000000298458,0.02767375717347537,0.00016898524378132544,16
64,1.5707963267948966,0.015745868999999999,15900.000000300641,0.027378164356141026,0.00019114246717851345,16
64,1.5707963267948966,0.015745868999999999,16000.000000302824,0.027517842356747212,0.00031477953540087706,16
64,1.5707963267948966,0.015745868999999999,16100.000000305006,0.027352439150169626,0.00017571623812236105,16
64,1.5707963267948966,0.015745868999999999,16200.000000307189,0.027448008869382097,0.00017340455809036228,16
64,1.5707963267948966,0.015745868999999999,16300.000000309372,0.027193062689865863,0.00024432294602532784,16
64,1.5707963267948966,0.015745868999999999,16400.000000308642,0.027615174821441983,0.00020938908263767856,16
64,1.5707963267948966,0.015745868999999999,16500.000000292635,0.027446180398602058,0.00033790502840809976,16
64,1.5707963267948966,0.015745868999999999,16600.000000276628,0.027569784870510563,0.00017801123754617416,16
64,1.5707963267948966,0.015745868999999999,16700.000000260621,0.027341158120850695,0.00031004078672714278,16
64,1.5707963267948966,0.015745868999999999,16800.000000244614,0.027508780828175407,0.00026217247650451951,16
64,1.5707963267948966,0.015745868999999999,16900.000000228607,0.027495721967466823,0.00024995022376366247,16
64,1.5707963267948966,0.015745868999999999,17000.0000002126,0.027005877000432485,0.00030701323547319929,16
64,1.5707963267948966,0.015745868999999999,17100.000000196593,0.027607615462532965,0.0002720861654423658,16
64,1.5707963267948966,0.015745868999999999,17200.000000180586,0.027418690967031315,0.00023317733254174704,16
64,1.5707963267948966,0.015745868999999999,17300.000000164579,0.027925911333265149,0.00027998700642747275,16
64,1.5707963267948966,0.015745868999999999,17400.000000148571,0.027668284927093525,0.00024907649365726544,16
64,1.5707963267948966,0.015745868999999999,17500.000000132564,0.027014482112385923,0.00029183936997556978,16
64,1.5707963267948966,0.015745868999999999,17600.000000116557,0.027687943738908805,0.00020983663887115243,16
64,1.5707963267948966,0.015745868999999999,17700.00000010055,0.027591940730807934,0.00016992795571835098,16
64,1.5707963267948966,0.015745868999999999,17800.000000084543,0.02801090132251324,0.00010346701832133377,16
64,1.5707963267948966,0.015745868999999999,17900.000000068536,0.028203581049784814,0.00029291489238652413,16
64,1.5707963267948966,0.015745868999999999,18000.000000052529,0.027595762622468559,0.00024372015775117907,16
64,1.5707963267948966,0.015745868999999999,18100.000000036522,0.028004387936856823,0.00026989201045144986,16
64,1.5707963267948966,0.015745868999999999,18200.000000020515,0.027927780374023901,0.00023402985571039069,16
64,1.5707963267948966,0.015745868999999999,18300.000000004507,0.027339988612825581,0.00024476447403533016,16
64,1.5707963267948966,0.015745868999999999,18399.9999999885,0.027709685141153718,0.00024294497682943552,16
64,1.5707963267948966,0.015745868999999999,18499.999999972493,0.028050600053959988,0.00023198908002747861,16
64,1.5707963267948966,0.015745868999999999,18599.999999956486,0.027147144909847081,0.00023492470862501263,16
64,1.5707963267948966,0.015745868999999999,18699.999999940479,0.027699764614372915,0.00024220982321845899,16
64,1.5707963267948966,0.015745868999999999,18799.999999924472,0.027255097541645554,0.00022164359714259502,16
64,1.5707963267948966,0.015745868999999999,18899.999999908465,0.027465657410633344,0.00027793991663086442,16
64,1.5707963267948966,0.015745868999999999,18999.999999892458,0.027971701709052877,0.00024698431396094682,16
64,1.5707963267948966,0.015745868999999999,19099.999999876451,0.027697490646918104,0.00027581376400268417,16
64,1.5707963267948966,0.015745868999999999,19199.999999860443,0.027776105235386244,0.00024492131979732826,16
64,1.5707963267948966,0.015745868999999999,19299.999999844436,0.027684971049520585,0.00027162746538233638,16
64,1.5707963267948966,0.015745868999999999,19399.999999828429,0.027476158005881067,0.00024198253688443916,16
64,1.5707963267948966,0.015745868999999999,19499.999999812422,0.027526251071093556,0.00023867371566491588,16
64,1.5707963267948966,0.015745868999999999,19599.999999796415,0.027311744167421617,0.00023072575571495956,16
64,1.5707963267948966,0.015745868999999999,19699.999999780408,0.027739903896533025,0.00029188047290558487,16
64,1.5707963267948966,0.015745868999999999,19799.999999764401,0.027752878253870794,0.00028690346231125083,16
64,1.5707963267948966,0.015745868999999999,19899.999999748394,0.027895009995954758,0.00023249788259672232,16
64,1.5707963267948966,0.015745868999999999,19999.999999732387,0.027703157380307267,0.00017446094345607472,16
64,1.5707963267948966,0.015745868999999999,20099.99999971638,0.02756102867202647,0.00028253954789544527,16
64,1.5707963267948966,0.015745868999999999,20199.999999700372,0.027379209695826971,0.0003022376357286465,16
64,1.5707963267948966,0.015745868999999999,20299.999999684365,0.027618608311802562,0.00024780364079629368,16
64,1.5707963267948966,0.015745868999999999,20399.999999668358,0.027723260208301789,0.00021354276742737265,16
64,1.5707963267948966,0.015745868999999999,20499.999999652351,0.027759638146569759,0.00018287558666927806,16
64,1.5707963267948966,0.015745868999999999,20599.999999636344,0.027770325540615093,0.00029474870012000955,16
64,1.5707963267948966,0.015745868999999999,20699.999999620337,0.027516961208371327,0.00024724531837514205,16
64,1.5707963267948966,0.015745868999999999,20799.99999960433,0.027415645206349325,0.0002104132848446823,16
64,1.5707963267948966,0.015745868999999999,20899.999999588323,0.027644793777975119,0.00032436824162554114,16
64,1.5707963267948966,0.015745868999999999,20999.999999572316,0.027521342778736184,0.00032954835655572238,16
64,1.5707963267948966,0.015745868999999999,21099.999999556308,0.027474965575337039,0.00021270436016963891,16
64,1.5707963267948966,0.015745868999999999,21199.999999540301,0.027367583651478133,0.00027966807273812689,16
64,1.5707963267948966,0.015745868999999999,21299.999999524294,0.027747136960417279,0.00027021822127468501,16
64,1.5707963267948966,0.015745868999999999,21399.999999508287,0.027547210382576414,0.00033196865688786385,16
64,1.5707963267948966,0.015745868999999999,21499.99999949228,0.027941939891000508,0.00021390199331194844,16
64,1.5707963267948966,0.015745868999999999,21599.999999476273,0.027942031190277338,0.00027237323515351544,16
64,1.5707963267948966,0.015745868999999999,21699.999999460266,0.026999652246598903,0.00025125552928554934,16
64,1.5707963267948966,0.015745868999999999,21799.999999444259,0.02702644461146159,0.00024306670507050749,16
64,1.5707963267948966,0.015745868999999999,21899.999999428252,0.027444240561027407,0.00024403777289688853,16
64,1.5707963267948966,0.015745868999999999,21999.999999412245,0.027575351920517709,0.00032138046740817305,16
64,1.5707963267948966,0.015745868999999999,22099.999999396237,0.027461744817268801,0.00020484672830394117,16
64,1.5707963267948966,0.015745868999999999,22199.99999938023,0.027357949940641099,0.00030722804848857448,16
64,1.5707963267948966,0.015745868999999999,22299.999999364223,0.027779649375581163,0.00029692085659973293,16
64,1.5707963267948966,0.015745868999999999,22399.999999348216,0.027278019235330506,0.00026735483203698573,16
64,1.5707963267948966,0.015745868999999999,22499.999999332209,0.028442607223536264,0.00028830029863421974,16
64,1.5707963267948966,0.015745868999999999,22599.999999316202,0.027514311874116362,0.00021048922707200463,16
64,1.5707963267948966,0.015745868999999999,22699.999999300195,0.027715000321837355,0.00020984237633824151,16
64,1.5707963267948966,0.015745868999999999,22799.999999284188,0.027384587964400887,0.00026733925334302815,16
64,1.5707963267948966,0.015745868999999999,22899.999999268181,0.027775479551446658,0.00025633026468553058,16
64,1.5707963267948966,0.015745868999999999,22999.999999252173,0.027643610844479555,0.00032226221064979673,16
64,1.5707963267948966,0.015745868999999999,23099.999999236166,0.027541146335465547,0.00021306493118080567,16
64,1.5707963267948966,0.015745868999999999,23199.999999220159,0.027423327391850365,0.00032557609477980776,16
64,1.5707963267948966,0.015745868999999999,23299.999999204152,0.027500031569792679,0.00025176810960736288,16
64,1.5707963267948966,0.015745868999999999,23399.999999188145,0.027399222664049427,0.00023305026780810303,16
64,1.5707963267948966,0.015745868999999999,23499.999999172138,0.027457155375496013,0.00030452588197616169,16
64,1.5707963267948966,0.015745868999999999,23599.999999156131,0.027373977607897865,0.00016271723659393817,16
64,1.5707963267948966,0.015745868999999999,23699.999999140124,0.027669402769263982,0.00023399169187127218,16
64,1.5707963267948966,0.015745868999999999,23799.999999124117,0.027747868088725074,0.00029766246045566977,16
64,1.5707963267948966,0.015745868999999999,23899.999999108109,0.027643455257047127,0.00029572845080257879,16
64,1.5707963267948966,0.015745868999999999,23999.999999092102,0.027439668296834228,0.00021131438522841044,16
64,1.5707963267948966,0.015745868999999999,24099.999999076095,0.027272414700579197,0.00020651123504179217,16
64,1.5707963267948966,0.015745868999999999,24199.999999060088,0.027092327416357385,0.00019263908307668958,16
64,1.5707963267948966,0.015745868999999999,24299.999999044081,0.027068357628669718,0.00030496271793334823,16
64,1.5707963267948966,0.015745868999999999,24399.999999028074,0.027428622897193444,0.00028909342400975236,16
64,1.5707963267948966,0.015745868999999999,24499.999999012067,0.027639102899228062,0.00025902740665379083,16
64,1.5707963267948966,0.015745868999999999,24599.99999899606,0.027542756255581023,0.00018617001013878593,16
64,1.5707963267948966,0.015745868999999999,24699.999998980053,0.027478190806416142,0.00024146876256266365,16
64,1.5707963267948966,0.015745868999999999,24799.999998964046,0.027296277231144868,0.00027252553878377413,16
64,1.5707963267948966,0.015745868999999999,24899.999998948038,0.028000676371939946,0.00025458853241932655,16
64,1.5707963267948966,0.015745868999999999,24999.999998932031,0.02813222834931732,0.00025538784070209419,16
64,1.5707963267948966,0.015745868999999999,25099.999998916024,0.02752494011041498,0.00019743932102629779,16
64,1.5707963267948966,0.015745868999999999,25199.999998900017,0.027420090086189189,0.00024983547697656611,16
64,1.5707963267948966,0.015745868999999999,25299.99999888401,0.027771197024507831,0.00017368585121331997,16
64,1.5707963267948966,0.015745868999999999,25399.999998868003,0.02789688051914356,0.00025576569865485335,16
64,1.5707963267948966,0.015745868999999999,25499.999998851996,0.027506878077226408,0.00034220191631620568,16
64,1.5707963267948966,0.015745868999999999,25599.999998835989,0.027458167718129683,0.00030237036894523666,16
64,1.5707963267948966,0.015745868999999999,25699.999998819982,0.027856522982601838,0.00020052015079495566,16
64,1.5707963267948966,0.015745868999999999,25799.999998803974,0.027194343967018621,0.00020560020558720756,16
64,1.5707963267948966,0.015745868999999999,25899.999998787967,0.027867968923329021,0.00024173990394970858,16
64,1.5707963267948966,0.015745868999999999,25999.99999877196,0.027684734626651851,0.00026373352402394987,16
64,1.5707963267948966,0.015745868999999999,26099.999998755953,0.02768131768793234,0.00027195446980434509,16
64,1.5707963267948966,0.015745868999999999,26199.999998739946,0.027313097981474146,0.00019980730402860785,16
64,1.5707963267948966,0.015745868999999999,26299.999998723939,0.027643844921256554,0.00018891783900053434,16
64,1.5707963267948966,0.015745868999999999,26399.999998707932,0.028044544414300494,0.0001959666954849943,16
64,1.5707963267948966,0.015745868999999999,26499.999998691925,0.026931493799368302,0.00024985980334511797,16
64,1.5707963267948966,0.015745868999999999,26599.999998675918,0.027261915740562748,0.00027902781227827578,16
64,1.5707963267948966,0.015745868999999999,26699.99999865991,0.027470415498161371,0.00020962315838777735,16
64,1.5707963267948966,0.015745868999999999,26799.999998643903,0.027836008114988195,0.00022308814875486249,16
64,1.5707963267948966,0.015745868999999999,26899.999998627896,0.027916244297959088,0.00025964756547423726,16
64,1.5707963267948966,0.015745868999999999,26999.999998611889,0.027894602487022663,0.00028080575335459368,16
64,1.5707963267948966,0.015745868999999999,27099.999998595882,0.027720077444844796,0.00023933184369533177,16
64,1.5707963267948966,0.015745868999999999,27199.999998579875,0.027726770647916642,0.00023537798747561998,16
64,1.5707963267948966,0.015745868999999999,27299.999998563868,0.027563612257396116,0.00023530680906659889,16
64,1.5707963267948966,0.015745868999999999,27399.999998547861,0.027624304932866342,0.00031588310637303742,16
64,1.5707963267948966,0.015745868999999999,27499.999998531854,0.027337192693465635,0.00028227363492081339,16
64,1.5707963267948966,0.015745868999999999,27599.999998515847,0.027647555333157811,0.00024411539582617218,16
64,1.5707963267948966,0.015745868999999999,27699.999998499839,0.02779630132656764,0.00031921508124214157,16
64,1.5707963267948966,0.015745868999999999,27799.999998483832,0.027357417740851354,0.00024125741842242996,16
64,1.5707963267948966,0.015745868999999999,27899.999998467825,0.027450397223890158,0.00030363186789311827,16
64,1.5707963267948966,0.015745868999999999,27999.999998451818,0.027242416400548718,0.00019353922235082095,16
64,1.5707963267948966,0.015745868999999999,28099.999998435811,0.027479603341989171,0.00026090040131236528,16
64,1.5707963267948966,0.015745868999999999,28199.999998419804,0.027606767880628314,0.00029946401636341279,16
64,1.5707963267948966,0.015745868999999999,28299.999998403797,0.027064786136568271,0.00022588226280993094,16
64,1.5707963267948966,0.015745868999999999,28399.99999838779,0.027540932146386685,0.00026500842106285419,16
64,1.5707963267948966,0.015745868999999999,28499.999998371783,0.027665791871617565,0.00025249398448979021,16
64,1.5707963267948966,0.015745868999999999,28599.999998355775,0.027404114415662449,0.00021705066072326261,16
64,1.5707963267948966,0.015745868999999999,28699.999998339768,0.027500534841927732,0.00029917919092151515,16
64,1.5707963267948966,0.015745868999999999,28799.999998323761,0.027124840147596283,0.00025316447215841399,16
64,1.5707963267948966,0.015745868999999999,28899.999998307754,0.02763494961529445,0.00027725990241520893,16
64,1.5707963267948966,0.015745868999999999,28999.999998291747,0.02759933375590172,0.00017790940387743119,16
64,1.5707963267948966,0.015745868999999999,29099.99999827574,0.027178595008126475,0.0002628276813975015,16
64,1.5707963267948966,0.015745868999999999,29199.999998259733,0.027635520350096324,0.00026624506673808009,16
64,1.5707963267948966,0.015745868999999999,29299.999998243726,0.02711271064392742,0.00030027502099875251,16
64,1.5707963267948966,0.015745868999999999,29399.999998227719,0.026962064728374029,0.0002463372062517537,16
64,1.5707963267948966,0.015745868999999999,29499.999998211711,0.027731032328959342,0.00026451588873549389,16
64,1.5707963267948966,0.015745868999999999,29599.999998195704,0.02785110741361152,0.00023952905713579671,16
64,1.5707963267948966,0.015745868999999999,29699.999998179697,0.027743808287940895,0.00020059153458769325,16
64,1.5707963267948966,0.015745868999999999,29799.99999816369,0.027843027800353255,0.00025118753075693178,16
64,1.5707963267948966,0.015745868999999999,29899.999998147683,0.027367588374023973,0.00024851361328734545,16
64,1.5707963267948966,0.015745868999999999,29999.999998131676,0.027484991584086734,0.00029309938273996034,16
64,1.5707963267948966,0.015745868999999999,30099.999998115669,0.027583833557451646,0.00030490557380998668,16
64,1.5707963267948966,0.015745868999999999,30199.999998099662,0.027236274660825545,0.00028127600810895086,16
64,1.5707963267948966,0.015745868999999999,30299.999998083655,0.02773841142843576,0.00022393914973702994,16
64,1.5707963267948966,0.015745868999999999,30399.999998067648,0.027618584326970456,0.00026557248845537846,16
64,1.5707963267948966,0.015745868999999999,30499.99999805164,0.027701489355628741,0.00031155192973367896,16
64,1.5707963267948966,0.015745868999999999,30599.999998035633,0.027762545061494989,0.0002783047559881216,16
64,1.5707963267948966,0.015745868999999999,30699.999998019626,0.027446846244649815,0.00017443771471589085,16
64,1.5707963267948966,0.015745868999999999,30799.999998003619,0.027346911123902994,0.00020637431763628999,16
64,1.5707963267948966,0.015745868999999999,30899.999997987612,0.027395711681315042,0.00025404596389458356,16
64,1.5707963267948966,0.015745868999999999,30999.999997971605,0.027854596558253491,0.00022609478831546269,16
64,1.5707963267948966,0.015745868999999999,31099.999997955598,0.027533113930391387,0.00027646728144030506,16
64,1.5707963267948966,0.015745868999999999,31199.999997939591,0.027594502671565095,0.0002273061626002052,16
64,1.5707963267948966,0.015745868999999999,31299.999997923584,0.02778225900726736,0.00021777416066485523,16
64,1.5707963267948966,0.015745868999999999,31399.999997907576,0.027583731528571555,0.00027875547842920673,16
64,1.5707963267948966,0.015745868999999999,31499.999997891569,0.027671836695400305,0.00027045399596660333,16
64,1.5707963267948966,0.015745868999999999,31599.999997875562,0.027369630765902476,0.00028387060500434787,16
64,1.5707963267948966,0.015745868999999999,31699.999997859555,0.027557114067505113,0.0002829098339876949,16
64,1.5707963267948966,0.015745868999999999,31799.999997843548,0.027126290909385443,0.00022346119395927282,16
64,1.5707963267948966,0.015745868999999999,31899.999997827541,0.027680054056448009,0.00030453205581961178,16
64,1.5707963267948966,0.015745868999999999,31999.999997811534,0.027012943710959868,0.00026649126237881257,16
64,1.5707963267948966,0.015745868999999999,32099.999997795527,0.028156877190451124,0.0002633265448207157,16
64,1.5707963267948966,0.015745868999999999,32199.99999777952,0.027632187790977064,0.0003117124251794804,16
64,1.5707963267948966,0.015745868999999999,32299.999997763513,0.027557590462085099,0.00019286565465295477,16
64,1.5707963267948966,0.015745868999999999,32399.999997747505,0.027452554853377029,0.00016641316349421138,16
64,1.5707963267948966,0.015745868999999999,32499.999997731498,0.027506780115067148,0.00033207449426971404,16
64,1.5707963267948966,0.015745868999999999,32599.999997715491,0.027141579381447494,0.00022858586633072882,16
64,1.5707963267948966,0.015745868999999999,32699.999997699484,0.027209843773748812,0.0003205164396848047,16
64,1.5707963267948966,0.015745868999999999,32799.999997695115,0.027582748805461882,0.00022606237320252858,16
64,1.5707963267948966,0.015745868999999999,32899.999997715488,0.027290514789974192,0.00025415578629021967,16
64,1.5707963267948966,0.015745868999999999,32999.99999773586,0.027723835786502907,0.00027806996951013947,16
64,1.5707963267948966,0.015745868999999999,33099.999997756233,0.027198521057615856,0.00027995618013932651,16
64,1.5707963267948966,0.015745868999999999,33199.999997776606,0.027298460684999252,0.00023576534032902996,16
64,1.5707963267948966,0.015745868999999999,33299.999997796978,0.027846371259178351,0.00025948938416418219,16
64,1.5707963267948966,0.015745868999999999,33399.999997817351,0.027397639734373994,0.00024141664713395265,16
64,1.5707963267948966,0.015745868999999999,33499.999997837724,0.02786251703534251,0.00021376945241069378,16
64,1.5707963267948966,0.015745868999999999,33599.999997858096,0.027930928275356991,0.00024795856625520408,16
64,1.5707963267948966,0.015745868999999999,33699.999997878469,0.027621519757194138,0.00025743982553548295,16
64,1.5707963267948966,0.015745868999999999,33799.999997898842,0.027413468780123511,0.00020134995916295924,16
64,1.5707963267948966,0.015745868999999999,33899.999997919214,0.027811306946599213,0.00026415093005383971,16
64,1.5707963267948966,0.015745868999999999,33999.999997939587,0.027701781707177277,0.00036019952254282906,16
64,1.5707963267948966,0.015745868999999999,34099.99999795996,0.027810920134048716,0.00027677687166207353,16
64,1.5707963267948966,0.015745868999999999,34199.999997980332,0.027925519241197488,0.00017730368908492415,16
64,1.5707963267948966,0.015745868999999999,34299.999998000705,0.027535040318632565,0.00026421451612190544,16
64,1.5707963267948966,0.015745868999999999,34399.999998021078,0.02729314497594839,0.00024552928554965708,16
64,1.5707963267948966,0.015745868999999999,34499.99999804145,0.027869495316010639,0.00021401967416094462,16
64,1.5707963267948966,0.015745868999999999,34599.999998061823,0.027556021536212852,0.00027163707207379195,16
64,1.5707963267948966,0.015745868999999999,34699.999998082196,0.027312316359965099,0.00025464255768614495,16
64,1.5707963267948966,0.015745868999999999,34799.999998102568,0.02776309450296327,0.0002257619499770151,16
64,1.5707963267948966,0.015745868999999999,34899.999998122941,0.027564777785885258,0.00023856445587686477,16
64,1.5707963267948966,0.015745868999999999,34999.999998143314,0.027534395314711857,0.00030896145830941002,16
64,1.5707963267948966,0.015745868999999999,35099.999998163687,0.027480469750975612,0.0002883005928805049,16
64,1.5707963267948966,0.015745868999999999,35199.999998184059,0.027573916384704546,0.00027684460491776453,16
64,1.5707963267948966,0.015745868999999999,35299.999998204432,0.027295935233654048,0.00029710743372181553,16
64,1.5707963267948966,0.015745868999999999,35399.999998224805,0.027996309230084788,0.00025995671534613784,16
64,1.5707963267948966,0.015745868999999999,35499.999998245177,0.027420548529839946,0.00022076950482185587,16
64,1.5707963267948966,0.015745868999999999,35599.99999826555,0.027279016239484439,0.0003638948998067446,16
64,1.5707963267948966,0.015745868999999999,35699.999998285923,0.027057813028413005,0.00027814976045500235,16
64,1.5707963267948966,0.015745868999999999,35799.999998306295,0.027460316436467246,0.00028678539702195845,16
64,1.5707963267948966,0.015745868999999999,35899.999998326668,0.02772294344600762,0.00027320723237785126,16
64,1.5707963267948966,0.015745868999999999,35999.999998347041,0.027585683840596825,0.00025364322723855876,16
64,1.5707963267948966,0.015745868999999999,36099.999998367413,0.027445723256899219,0.00027394866045062695,16
64,1.5707963267948966,0.015745868999999999,36199.999998387786,0.028140693634907774,0.00028296417009782224,16
64,1.5707963267948966,0.015745868999999999,36299.999998408159,0.027724007175506861,0.00021482900004913194,16
64,1.5707963267948966,0.015745868999999999,36399.999998428531,0.02791904652996775,0.0002442840410042782,16
64,1.5707963267948966,0.015745868999999999,36499.999998448904,0.027575212713494512,0.00021567325769005961,16
64,1.5707963267948966,0.015745868999999999,36599.999998469277,0.027601536253692462,0.00025580450650124068,16
64,1.5707963267948966,0.015745868999999999,36699.999998489649,0.027618276501483921,0.0001313967039531565,16
64,1.5707963267948966,0.015745868999999999,36799.999998510022,0.027798094518632639,0.00033088900373958515,16
64,1.5707963267948966,0.015745868999999999,36899.999998530395,0.027710811624015598,0.00041724494539980178,16
64,1.5707963267948966,0.015745868999999999,36999.999998550767,0.027234786571953697,0.00021846290759937792,16
64,1.5707963267948966,0.015745868999999999,37099.99999857114,0.027167040724511753,0.00025891654309078403,16
64,1.5707963267948966,0.015745868999999999,37199.999998591513,0.027374398839004617,0.00026010898069643253,16
64,1.5707963267948966,0.015745868999999999,37299.999998611886,0.027056785069617596,0.00027224893599914711,16
64,1.5707963267948966,0.015745868999999999,37399.999998632258,0.027234220982577294,0.00022858413946548467,16
64,1.5707963267948966,0.015745868999999999,37499.999998652631,0.02790853624958458,0.00021529608192910957,16
64,1.5707963267948966,0.015745868999999999,37599.999998673004,0.027498756613988904,0.00025005973226339072,16
64,1.5707963267948966,0.015745868999999999,37699.999998693376,0.027808698463777658,0.00021210453117235712,16
64,1.5707963267948966,0.015745868999999999,37799.999998713749,0.027537250306385885,0.00028769204214611335,16
64,1.5707963267948966,0.015745868999999999,37899.999998734122,0.027585574663098949,0.00023082817216403361,16
64,1.5707963267948966,0.015745868999999999,37999.999998754494,0.02735273585916535,0.00018619049990334621,16
64,1.5707963267948966,0.015745868999999999,38099.999998774867,0.027941006965235809,0.0002590923657494831,16
64,1.5707963267948966,0.015745868999999999,38199.99999879524,0.027816390790937496,0.00023739778452711794,16
64,1.5707963267948966,0.015745868999999999,38299.999998815612,0.027808170787860763,0.00028755086138316192,16
64,1.5707963267948966,0.015745868999999999,38399.999998835985,0.027359460458928689,0.00025014298564229046,16
64,1.5707963267948966,0.015745868999999999,38499.999998856358,0.026965763279091785,0.00026535945396777657,16
64,1.5707963267948966,0.015745868999999999,38599.99999887673,0.027075958404611449,0.00019320071236148562,16
64,1.5707963267948966,0.015745868999999999,38699.999998897103,0.027239448388612555,0.00017847629247483236,16
64,1.5707963267948966,0.015745868999999999,38799.999998917476,0.027499032126907526,0.0003031892324126766,16
64,1.5707963267948966,0.015745868999999999,38899.999998937848,0.027708118310830764,0.00022706446985705617,16
64,1.5707963267948966,0.015745868999999999,38999.999998958221,0.027942443700326065,0.00024227989734980124,16
64,1.5707963267948966,0.015745868999999999,39099.999998978594,0.027650473154706253,0.00026277788934599209,16
64,1.5707963267948966,0.015745868999999999,39199.999998998966,0.027734885200107053,0.00021741196357310399,16
64,1.5707963267948966,0.015745868999999999,39299.999999019339,0.02796313660719808,0.00026706674813825821,16
64,1.5707963267948966,0.015745868999999999,39399.999999039712,0.027617002666620361,0.00020211439764553663,16
64,1.5707963267948966,0.015745868999999999,39499.999999060085,0.027149355962327863,0.00031829675527992408,16
64,1.5707963267948966,0.015745868999999999,39599.999999080457,0.02807953183119485,0.00030116582111854349,16
64,1.5707963267948966,0.015745868999999999,39699.99999910083,0.02742619156147336,0.00033956377612063551,16
64,1.5707963267948966,0.015745868999999999,39799.999999121203,0.02773495584058313,0.00025611395257993575,16
64,1.5707963267948966,0.015745868999999999,39899.999999141575,0.027489317609569432,0.00028911270414987226,16
64,1.5707963267948966,0.015745868999999999,39999.999999161948,0.027507163856246755,0.00021554172865494167,16
64,1.5707963267948966,0.015745868999999999,40099.999999182321,0.027345594600189319,0.0002377711240787951,16
64,1.5707963267948966,0.015745868999999999,40199.999999202693,0.027065630307952251,0.00020676772426860232,16
64,1.5707963267948966,0.015745868999999999,40299.999999223066,0.027828420955481766,0.00024584212092606806,16
64,1.5707963267948966,0.015745868999999999,40399.999999243439,0.027253182225001234,0.0002798734204124679,16
64,1.5707963267948966,0.015745868999999999,40499.999999263811,0.027469105002197534,0.00031073896403134538,16
64,1.5707963267948966,0.015745868999999999,40599.999999284184,0.027470713854443881,0.00028976838320352797,16
64,1.5707963267948966,0.015745868999999999,40699.999999304557,0.027610545202452937,0.00027933582984237843,16
64,1.5707963267948966,0.015745868999999999,40799.999999324929,0.027415312353109386,0.00027164540091651542,16
64,1.5707963267948966,0.015745868999999999,40899.999999345302,0.027737090244101151,0.00024368592264116794,16
64,1.5707963267948966,0.015745868999999999,40999.999999365675,0.027224456216388557,0.00036362080861810188,16
64,1.5707963267948966,0.015745868999999999,41099.999999386047,0.027520863381702163,0.00020172308353219226,16
64,1.5707963267948966,0.015745868999999999,41199.99999940642,0.027286483452263994,0.00015778301503955027,16
64,1.5707963267948966,0.015745868999999999,41299.999999426793,0.027186280196780155,0.00021543246107981625,16
64,1.5707963267948966,0.015745868999999999,41399.999999447165,0.027952540723493152,0.00024836907590165607,16
64,1.5707963267948966,0.015745868999999999,41499.999999467538,0.028172344197634033,0.00028296254288622078,16
64,1.5707963267948966,0.015745868999999999,41599.999999487911,0.027723306040057769,0.00025116759597325182,16
64,1.5707963267948966,0.015745868999999999,41699.999999508284,0.027281480700829704,0.0003142843465081321,16
64,1.5707963267948966,0.015745868999999999,41799.999999528656,0.027203926994285352,0.00026909907049832958,16
64,1.5707963267948966,0.015745868999999999,41899.999999549029,0.027228575813764692,0.00026582334107381946,16
64,1.5707963267948966,0.015745868999999999,41999.999999569402,0.027449483982392803,0.00017192733643787698,16
64,1.5707963267948966,0.015745868999999999,42099.999999589774,0.027229793050469381,0.00033974210897326149,16
64,1.5707963267948966,0.015745868999999999,42199.999999610147,0.027629479034702913,0.00020016870826713277,16
64,1.5707963267948966,0.015745868999999999,42299.99999963052,0.027756739653082035,0.00029407289382606214,16
64,1.5707963267948966,0.015745868999999999,42399.999999650892,0.027123219504127702,0.00030664678111730586,16
64,1.5707963267948966,0.015745868999999999,42499.999999671265,0.027407957371582487,0.00037688726235779181,16
64,1.5707963267948966,0.015745868999999999,42599.999999691638,0.027385900270547627,0.00029461772527563003,16
64,1.5707963267948966,0.015745868999999999,42699.99999971201,0.027941700281283885,0.00033446281934657442,16
64,1.5707963267948966,0.015745868999999999,42799.999999732383,0.027236594188803628,0.00023696045963012629,16
64,1.5707963267948966,0.015745868999999999,42899.999999752756,0.027649172800954851,0.00025502645692732204,16
64,1.5707963267948966,0.015745868999999999,42999.999999773128,0.027843073010024168,0.00022149099938574839,16
64,1.5707963267948966,0.015745868999999999,43099.999999793501,0.027427056912049125,0.00031901178396482834,16
64,1.5707963267948966,0.015745868999999999,43199.999999813874,0.027323224959488742,0.00025759238020558643,16
64,1.5707963267948966,0.015745868999999999,43299.999999834246,0.027314893462906633,0.00025076359907583889,16
64,1.5707963267948966,0.015745868999999999,43399.999999854619,0.027297122492554931,0.00021385121475663569,16
64,1.5707963267948966,0.015745868999999999,43499.999999874992,0.027717544548788168,0.00020868886182142621,16
64,1.5707963267948966,0.015745868999999999,43599.999999895364,0.027546791294228878,0.000267503147270307,16
64,1.5707963267948966,0.015745868999999999,43699.999999915737,0.027554283275901939,0.00028152296805008869,16
64,1.5707963267948966,0.015745868999999999,43799.99999993611,0.027105389123644116,0.00027942754023729588,16
64,1.5707963267948966,0.015745868999999999,43899.999999956482,0.027308544310315638,0.00029067257940724138,16
64,1.5707963267948966,0.015745868999999999,43999.999999976855,0.027402174077180281,0.00036163880101832308,16
64,1.5707963267948966,0.015745868999999999,44099.999999997228,0.027551681831102522,0.00023531723198911937,16
64,1.5707963267948966,0.015745868999999999,44200.000000017601,0.027425442594684313,0.00023152320209511191,16
64,1.5707963267948966,0.015745868999999999,44300.000000037973,0.027925517155639682,0.00021687878658844522,16
64,1.5707963267948966,0.015745868999999999,44400.000000058346,0.027452659977815711,0.00028976939323130635,16
64,1.5707963267948966,0.015745868999999999,44500.000000078719,0.02740815046792526,0.00022263734875544244,16
64,1.5707963267948966,0.015745868999999999,44600.000000099091,0.027346072455808758,0.00027836498339539503,16
64,1.5707963267948966,0.015745868999999999,44700.000000119464,0.027881888290640984,0.00031521603134251192,16
64,1.5707963267948966,0.015745868999999999,44800.000000139837,0.027213563620942752,0.00023582941290564743,16
64,1.5707963267948966,0.015745868999999999,44900.000000160209,0.027768840196051706,0.00025200738752070102,16
64,1.5707963267948966,0.015745868999999999,45000.000000180582,0.027599248607122179,0.00018940932393876397,16
64,1.5707963267948966,0.015745868999999999,45100.000000200955,0.027827622990139123,0.00033778379621268034,16
64,1.5707963267948966,0.015745868999999999,45200.000000221327,0.027928301851682241,0.00021759406050805076,16
64,1.5707963267948966,0.015745868999999999,45300.0000002417,0.027724576121391745,0.00028166302457811496,16
64,1.5707963267948966,0.015745868999999999,45400.000000262073,0.027410232462554959,0.00021975529295984028,16
64,1.5707963267948966,0.015745868999999999,45500.000000282445,0.027324180942455228,0.00021537095276245746,16
64,1.5707963267948966,0.015745868999999999,45600.000000302818,0.027363044216566337,0.00020880487975846705,16
64,1.5707963267948966,0.015745868999999999,45700.000000323191,0.02749206405559166,0.00014907753191258663,16
64,1.5707963267948966,0.015745868999999999,45800.000000343563,0.027701496533776918,0.00028114906770130416,16
64,1.5707963267948966,0.015745868999999999,45900.000000363936,0.026997767639826101,0.00018985579539703445,16
64,1.5707963267948966,0.015745868999999999,46000.000000384309,0.027731250440830506,0.00029815496049861339,16
64,1.5707963267948966,0.015745868999999999,46100.000000404681,0.027665188160992372,0.0002769801635539001,16
64,1.5707963267948966,0.015745868999999999,46200.000000425054,0.0274474975817398,0.00025154499280443207,16
64,1.5707963267948966,0.015745868999999999,46300.000000445427,0.027629753348019249,0.00027252128051801606,16
64,1.5707963267948966,0.015745868999999999,46400.0000004658,0.026999678548983892,0.00019808750508353587,16
64,1.5707963267948966,0.015745868999999999,46500.000000486172,0.02733139538030956,0.00023866913806618335,16
64,1.5707963267948966,0.015745868999999999,46600.000000506545,0.027648805204796557,0.00023874298895246415,16
64,1.5707963267948966,0.015745868999999999,46700.000000526918,0.027322415969288017,0.00020311048648782583,16
64,1.5707963267948966,0.015745868999999999,46800.00000054729,0.027862013605203392,0.00027190546094566181,16
64,1.5707963267948966,0.015745868999999999,46900.000000567663,0.027503868697559206,0.0002556817302729027,16
64,1.5707963267948966,0.015745868999999999,47000.000000588036,0.027319342268332228,0.00020458599677642089,16
64,1.5707963267948966,0.015745868999999999,47100.000000608408,0.027764813665148602,0.00022838295751270932,16
64,1.5707963267948966,0.015745868999999999,47200.000000628781,0.027225064212404369,0.00025852246678492388,16
64,1.5707963267948966,0.015745868999999999,47300.000000649154,0.027702837480725651,0.00028806730623347849,16
64,1.5707963267948966,0.015745868999999999,47400.000000669526,0.02765951227145751,0.00021741144833748713,16
64,1.5707963267948966,0.015745868999999999,47500.000000689899,0.027454617747310704,0.0003151180145129963,16
64,1.5707963267948966,0.015745868999999999,47600.000000710272,0.027417946371406911,0.00025148541095449853,16
64,1.5707963267948966,0.015745868999999999,47700.000000730644,0.02794790308296875,0.00031506913751318423,16
64,1.5707963267948966,0.015745868999999999,47800.000000751017,0.027951850655744129,0.00022483630566050032,16
64,1.5707963267948966,0.015745868999999999,47900.00000077139,0.027751127006013929,0.00025685722626516962,16
64,1.5707963267948966,0.015745868999999999,48000.000000791762,0.027665199567417781,0.00030755721408123649,16
64,1.5707963267948966,0.015745868999999999,48100.000000812135,0.027622436246329395,0.00013918921080064011,16
64,1.5707963267948966,0.015745868999999999,48200.000000832508,0.027794448755943273,0.00020280062427881234,16
64,1.5707963267948966,0.015745868999999999,48300.00000085288,0.027214507240250308,0.00027478533515925261,16
64,1.5707963267948966,0.015745868999999999,48400.000000873253,0.027602162437962728,0.00019896229593875786,16
64,1.5707963267948966,0.015745868999999999,48500.000000893626,0.027216232983705166,0.00023754770863285756,16
64,1.5707963267948966,0.015745868999999999,48600.000000913999,0.027818656509371858,0.00022993359314468309,16
64,1.5707963267948966,0.015745868999999999,48700.000000934371,0.027206954908491371,0.00027478176417717687,16
64,1.5707963267948966,0.015745868999999999,48800.000000954744,0.027802394964224143,0.00031619965226400022,16
64,1.5707963267948966,0.015745868999999999,48900.000000975117,0.027435265052112523,0.00023150133489945656,16
64,1.5707963267948966,0.015745868999999999,49000.000000995489,0.027431548082396989,0.00025069765750024243,16
64,1.5707963267948966,0.015745868999999999,49100.000001015862,0.027323394327225102,0.00034692303673541323,16
64,1.5707963267948966,0.015745868999999999,49200.000001036235,0.027118797194107265,0.00020423234252495951,16
64,1.5707963267948966,0.015745868999999999,49300.000001056607,0.027236364507859476,0.00027805840433742262,16
64,1.5707963267948966,0.015745868999999999,49400.00000107698,0.027539946099928443,0.00021370319772026433,16
64,1.5707963267948966,0.015745868999999999,49500.000001097353,0.027616749595698702,0.00023571393684819835,16
64,1.5707963267948966,0.015745868999999999,49600.000001117725,0.027767092827855604,0.00023713759326316933,16
64,1.5707963267948966,0.015745868999999999,49700.000001138098,0.027891322163737662,0.0002977506755827608,16
64,1.5707963267948966,0.015745868999999999,49800.000001158471,0.027652420040970238,0.00028744124883706558,16
64,1.5707963267948966,0.015745868999999999,49900.000001178843,0.027260292216777626,0.00023926861776583285,16
64,1.5707963267948966,0.015745868999999999,50000.000001199216,0.02801488764060699,0.00020353778922600567,16
