nk,k,amplitude,time,u_mean,u_sem,n_samples
1,0.024543692606170259,1.033147199e-05,100.00000000001425,0.00020693192943350421,0.00016441118874281982,32
1,0.024543692606170259,1.033147199e-05,199.99999999996308,0.00072503905588612474,0.00034070211796936661,32
1,0.024543692606170259,1.033147199e-05,299.99999999987216,0.0017428954013327127,0.00040720669225696602,32
1,0.024543692606170259,1.033147199e-05,399.99999999978121,0.0023616755603149677,0.00046866531277292654,32
1,0.024543692606170259,1.033147199e-05,499.99999999969026,0.0032744660842637442,0.00054333017458184233,32
1,0.024543692606170259,1.033147199e-05,599.99999999959937,0.0042204538641571164,0.0006301057076830266,32
1,0.024543692606170259,1.033147199e-05,699.99999999950842,0.0052698456920481215,0.00059261587977362635,32
1,0.024543692606170259,1.033147199e-05,799.99999999941747,0.0059504933800426955,0.00064300765832586248,32
1,0.024543692606170259,1.033147199e-05,899.99999999932652,0.0066661364982809647,0.00067096743071315239,32
1,0.024543692606170259,1.033147199e-05,999.99999999923557,0.007139993469909651,0.0007391242357322283,32
1,0.024543692606170259,1.033147199e-05,1099.9999999991446,0.0078989380627846467,0.00076769555058038509,32
1,0.024543692606170259,1.033147199e-05,1199.9999999990537,0.0087063932015460938,0.00077793373424215305,32
1,0.024543692606170259,1.033147199e-05,1299.9999999989627,0.0097217421993995665,0.00080414241508544994,32
1,0.024543692606170259,1.033147199e-05,1399.9999999988718,0.010862316812659444,0.00081720247659165519,32
1,0.024543692606170259,1.033147199e-05,1499.9999999987808,0.011309874484107153,0.0008608094572137311,32
1,0.024543692606170259,1.033147199e-05,1599.9999999986899,0.011702214486289032,0.00092331525985346195,32
1,0.024543692606170259,1.033147199e-05,1699.9999999985989,0.012642552131148812,0.00094172161421760209,32
1,0.024543692606170259,1.033147199e-05,1799.999999998508,0.013159825235822167,0.0010419372963114421,32
1,0.024543692606170259,1.033147199e-05,1899.999999998417,0.01373674549420343,0.0011332469574014306,32
1,0.024543692606170259,1.033147199e-05,1999.9999999983261,0.014376240814047654,0.0011022975983932064,32
1,0.024543692606170259,1.033147199e-05,2099.9999999994175,0.015038380193115779,0.0010987816674585945,32
1,0.024543692606170259,1.033147199e-05,2200.0000000016003,0.015679192985071044,0.0011485938011533614,32
1,0.024543692606170259,1.033147199e-05,2300.000000003783,0.015927479927206067,0.0011160304789551731,32
1,0.024543692606170259,1.033147199e-05,2400.0000000059658,0.016334597090794125,0.0011177066113621866,32
1,0.024543692606170259,1.033147199e-05,2500.0000000081486,0.016541583839144499,0.0011124044071359168,32
1,0.024543692606170259,1.033147199e-05,2600.0000000103314,0.016516600022924145,0.0011234054611650517,32
1,0.024543692606170259,1.033147199e-05,2700.0000000125142,0.016968345890159404,0.001130449050065945,32
1,0.024543692606170259,1.033147199e-05,2800.000000014697,0.017465944042411627,0.0011342563856144327,32
1,0.024543692606170259,1.033147199e-05,2900.0000000168798,0.017882329020157493,0.0011096804465843269,32
1,0.024543692606170259,1.033147199e-05,3000.0000000190626,0.01812076902763959,0.0011226284626359455,32
1,0.024543692606170259,1.033147199e-05,3100.0000000212453,0.018479422346838425,0.0010778676825040163,32
1,0.024543692606170259,1.033147199e-05,3200.0000000234281,0.018852538312206808,0.0010448702592341927,32
1,0.024543692606170259,1.033147199e-05,3300.0000000256109,0.019328310668892505,0.001038588392945648,32
1,0.024543692606170259,1.033147199e-05,3400.0000000277937,0.019695913382281695,0.0010581831278790525,32
1,0.024543692606170259,1.033147199e-05,3500.0000000299765,0.020232324700476458,0.0010894943384039623,32
1,0.024543692606170259,1.033147199e-05,3600.0000000321593,0.020751090920522151,0.0011411007031607273,32
1,0.024543692606170259,1.033147199e-05,3700.0000000343421,0.021142851320348474,0.0012115147667004032,32
1,0.024543692606170259,1.033147199e-05,3800.0000000365249,0.021383808621537555,0.0011902342082344189,32
1,0.024543692606170259,1.033147199e-05,3900.0000000387076,0.02128546273725325,0.0010957561050525327,32
1,0.024543692606170259,1.033147199e-05,4000.0000000408904,0.021564709617180801,0.0011196035435455383,32
1,0.024543692606170259,1.033147199e-05,4100.0000000430728,0.021962957221982285,0.0011257669621557286,32
1,0.024543692606170259,1.033147199e-05,4200.0000000452555,0.022147299860395736,0.0011630510901924176,32
1,0.024543692606170259,1.033147199e-05,4300.0000000474383,0.022650003257581455,0.0011506572146192579,32
1,0.024543692606170259,1.033147199e-05,4400.0000000496211,0.022964117853079991,0.00111246344936132,32
1,0.024543692606170259,1.033147199e-05,4500.0000000518039,0.023221508817577508,0.001148465036533985,32
1,0.024543692606170259,1.033147199e-05,4600.0000000539867,0.023215493451649662,0.001107520155690033,32
1,0.024543692606170259,1.033147199e-05,4700.0000000561695,0.023212937780906641,0.0011118132263053737,32
1,0.024543692606170259,1.033147199e-05,4800.0000000583523,0.02297924609526544,0.0010632579429511397,32
1,0.024543692606170259,1.033147199e-05,4900.0000000605351,0.023135706932362391,0.0010407984982169034,32
1,0.024543692606170259,1.033147199e-05,5000.0000000627178,0.023616689474600029,0.0010955473200304478,32
1,0.024543692606170259,1.033147199e-05,5100.0000000649006,0.023693290255944254,0.0011380452583154553,32
1,0.024543692606170259,1.033147199e-05,5200.0000000670834,0.024103028898351548,0.0011085043941622401,32
1,0.024543692606170259,1.033147199e-05,5300.0000000692662,0.024116866704374559,0.001059642546924871,32
1,0.024543692606170259,1.033147199e-05,5400.000000071449,0.023849250590745601,0.0010164318359564197,32
1,0.024543692606170259,1.033147199e-05,5500.0000000736318,0.023903269151680045,0.0010034982109150446,32
1,0.024543692606170259,1.033147199e-05,5600.0000000758146,0.024087306231166276,0.001064018572170372,32
1,0.024543692606170259,1.033147199e-05,5700.0000000779974,0.02438120314358554,0.0010593725492370669,32
1,0.024543692606170259,1.033147199e-05,5800.0000000801801,0.02461607330498183,0.0010455947685861478,32
1,0.024543692606170259,1.033147199e-05,5900.0000000823629,0.024454181455191171,0.0010653210307181935,32
1,0.024543692606170259,1.033147199e-05,6000.0000000845457,0.02413657485664493,0.0010401625912869489,32
1,0.024543692606170259,1.033147199e-05,6100.0000000867285,0.024172753363008836,0.0010177044642933264,32
1,0.024543692606170259,1.033147199e-05,6200.0000000889113,0.024144780245726239,0.00096847351127848143,32
1,0.024543692606170259,1.033147199e-05,6300.0000000910941,0.024443891792817665,0.00089929722273077151,32
1,0.024543692606170259,1.033147199e-05,6400.0000000932769,0.024638625070370273,0.00083425822767307955,32
1,0.024543692606170259,1.033147199e-05,6500.0000000954597,0.024536482858667857,0.00086631697657071059,32
1,0.024543692606170259,1.033147199e-05,6600.0000000976424,0.02439447249980543,0.00090556022414718803,32
1,0.024543692606170259,1.033147199e-05,6700.0000000998252,0.02436124752937549,0.00086184065425919381,32
1,0.024543692606170259,1.033147199e-05,6800.000000102008,0.023727564167031649,0.00082789939044829988,32
1,0.024543692606170259,1.033147199e-05,6900.0000001041908,0.023175196512638611,0.00080579947059869538,32
1,0.024543692606170259,1.033147199e-05,7000.0000001063736,0.022907136770335318,0.00082187545251018483,32
1,0.024543692606170259,1.033147199e-05,7100.0000001085564,0.02303889577393773,0.00084968055731043761,32
1,0.024543692606170259,1.033147199e-05,7200.0000001107392,0.02325873096787319,0.00086939197765619359,32
1,0.024543692606170259,1.033147199e-05,7300.000000112922,0.023195069538288544,0.00085229592629145954,32
1,0.024543692606170259,1.033147199e-05,7400.0000001151047,0.023456913652118622,0.00079826202161187299,32
1,0.024543692606170259,1.033147199e-05,7500.0000001172875,0.023833799363493207,0.00081096693282346256,32
1,0.024543692606170259,1.033147199e-05,7600.0000001194703,0.023807728245406553,0.00085017421720678303,32
1,0.024543692606170259,1.033147199e-05,7700.0000001216531,0.023893476926255174,0.00082756776238983093,32
1,0.024543692606170259,1.033147199e-05,7800.0000001238359,0.023822891241479179,0.00085980173699244612,32
1,0.024543692606170259,1.033147199e-05,7900.0000001260187,0.023903310750455098,0.00091095132947820168,32
1,0.024543692606170259,1.033147199e-05,8000.0000001282015,0.023737311397053311,0.00097211905308684083,32
1,0.024543692606170259,1.033147199e-05,8100.0000001303843,0.023692410788999103,0.0009490721920084402,32
1,0.024543692606170259,1.033147199e-05,8200.0000001325661,0.023607149817150935,0.00095103778330859774,32
1,0.024543692606170259,1.033147199e-05,8300.0000001347489,0.023681006754585704,0.00093358457016174963,32
1,0.024543692606170259,1.033147199e-05,8400.0000001369317,0.023923080010393984,0.00089046375795903872,32
1,0.024543692606170259,1.033147199e-05,8500.0000001391145,0.024073739651831922,0.00084837628201365936,32
1,0.024543692606170259,1.033147199e-05,8600.0000001412973,0.024177702420004745,0.00086167076931318589,32
1,0.024543692606170259,1.033147199e-05,8700.0000001434801,0.024324829880491082,0.00082073807968329751,32
1,0.024543692606170259,1.033147199e-05,8800.0000001456629,0.024611690756216935,0.00085143191883066719,32
1,0.024543692606170259,1.033147199e-05,8900.0000001478456,0.024657629958977363,0.00084240004001624269,32
1,0.024543692606170259,1.033147199e-05,9000.0000001500284,0.024545200354483872,0.00083465205651747567,32
1,0.024543692606170259,1.033147199e-05,9100.0000001522112,0.024461333413273535,0.0008702805499952262,32
1,0.024543692606170259,1.033147199e-05,9200.000000154394,0.024509203285774425,0.00091377866679453546,32
1,0.024543692606170259,1.033147199e-05,9300.0000001565768,0.024407287170157877,0.00096405117141541035,32
1,0.024543692606170259,1.033147199e-05,9400.0000001587596,0.024114496515879384,0.0010067557670257049,32
1,0.024543692606170259,1.033147199e-05,9500.0000001609424,0.024238655441009067,0.00093419301503883925,32
1,0.024543692606170259,1.033147199e-05,9600.0000001631252,0.02421529419165817,0.00089644097275183294,32
1,0.024543692606170259,1.033147199e-05,9700.0000001653079,0.024351144746151302,0.00094986154743503662,32
1,0.024543692606170259,1.033147199e-05,9800.0000001674907,0.024517926685824067,0.00091551468278613577,32
1,0.024543692606170259,1.033147199e-05,9900.0000001696735,0.024641535768815285,0.00089973944957252481,32
1,0.024543692606170259,1.033147199e-05,10000.000000171856,0.024570319838988282,0.00087005811189725009,32
1,0.024543692606170259,1.033147199e-05,10100.000000174039,0.024725516062874903,0.00086205578339233334,32
1,0.024543692606170259,1.033147199e-05,10200.000000176222,0.025211092902825357,0.00090000761448280348,32
1,0.024543692606170259,1.033147199e-05,10300.000000178405,0.025481163129313644,0.00088901311601227305,32
1,0.024543692606170259,1.033147199e-05,10400.000000180587,0.025573005356022391,0.00084377587896256804,32
1,0.024543692606170259,1.033147199e-05,10500.00000018277,0.025472793265264186,0.00077119221197607154,32
1,0.024543692606170259,1.033147199e-05,10600.000000184953,0.025162516078801128,0.0007265535377583692,32
1,0.024543692606170259,1.033147199e-05,10700.000000187136,0.025342525200517229,0.00068959774081988983,32
1,0.024543692606170259,1.033147199e-05,10800.000000189319,0.02537819997740556,0.000696616862825008,32
1,0.024543692606170259,1.033147199e-05,10900.000000191501,0.025511666616169125,0.0007072095695708294,32
1,0.024543692606170259,1.033147199e-05,11000.000000193684,0.025469058142580461,0.0006700018432194239,32
1,0.024543692606170259,1.033147199e-05,11100.000000195867,0.025839733848231891,0.0006457829009561773,32
1,0.024543692606170259,1.033147199e-05,11200.00000019805,0.025859222897496491,0.00069209447338805996,32
1,0.024543692606170259,1.033147199e-05,11300.000000200233,0.025682724770185378,0.00065354624556401006,32
1,0.024543692606170259,1.033147199e-05,11400.000000202415,0.025422225564928864,0.00067779528435103753,32
1,0.024543692606170259,1.033147199e-05,11500.000000204598,0.025787797241508835,0.00067727538333094855,32
1,0.024543692606170259,1.033147199e-05,11600.000000206781,0.026003306005896735,0.00066955426953010672,32
1,0.024543692606170259,1.033147199e-05,11700.000000208964,0.026217115969621663,0.00070719049623628591,32
1,0.024543692606170259,1.033147199e-05,11800.000000211146,0.026088502453266854,0.00081090226381539299,32
1,0.024543692606170259,1.033147199e-05,11900.000000213329,0.025962745056661712,0.00082734678243874234,32
1,0.024543692606170259,1.033147199e-05,12000.000000215512,0.0259717973324331,0.00081413584143409645,32
1,0.024543692606170259,1.033147199e-05,12100.000000217695,0.026031984335797197,0.00083128957328375839,32
1,0.024543692606170259,1.033147199e-05,12200.000000219878,0.025887070898575542,0.00088109615408732693,32
1,0.024543692606170259,1.033147199e-05,12300.00000022206,0.025600108567073145,0.00088320924945552691,32
1,0.024543692606170259,1.033147199e-05,12400.000000224243,0.025514613346388507,0.00091453366460713997,32
1,0.024543692606170259,1.033147199e-05,12500.000000226426,0.025613755222209933,0.0009254097349324018,32
1,0.024543692606170259,1.033147199e-05,12600.000000228609,0.025625381275825743,0.00089611790164026027,32
1,0.024543692606170259,1.033147199e-05,12700.000000230792,0.025533449408920054,0.00086447226734741832,32
1,0.024543692606170259,1.033147199e-05,12800.000000232974,0.025362060674802806,0.00086884356681564141,32
1,0.024543692606170259,1.033147199e-05,12900.000000235157,0.02552043368855916,0.00089499232038867441,32
1,0.024543692606170259,1.033147199e-05,13000.00000023734,0.025758390904706874,0.00097218342937842696,32
1,0.024543692606170259,1.033147199e-05,13100.000000239523,0.025858053790154059,0.0010040975271389458,32
1,0.024543692606170259,1.033147199e-05,13200.000000241705,0.025871561206324795,0.0010293411623053491,32
1,0.024543692606170259,1.033147199e-05,13300.000000243888,0.025684372074250325,0.0010391345160051138,32
1,0.024543692606170259,1.033147199e-05,13400.000000246071,0.025575521182778505,0.0010976030729013427,32
1,0.024543692606170259,1.033147199e-05,13500.000000248254,0.025178277124026281,0.0011303974391974842,32
1,0.024543692606170259,1.033147199e-05,13600.000000250437,0.025214343934112347,0.0011124782753726807,32
1,0.024543692606170259,1.033147199e-05,13700.000000252619,0.025366034680280512,0.0010030472496644555,32
1,0.024543692606170259,1.033147199e-05,13800.000000254802,0.025479184161415792,0.00089913583529327716,32
1,0.024543692606170259,1.033147199e-05,13900.000000256985,0.025441717219280124,0.0008622016819085092,32
1,0.024543692606170259,1.033147199e-05,14000.000000259168,0.02580182456861348,0.00082905712234250138,32
1,0.024543692606170259,1.033147199e-05,14100.000000261351,0.025753761844533919,0.00080012125844780254,32
1,0.024543692606170259,1.033147199e-05,14200.000000263533,0.025605904313397737,0.00075842215646915417,32
1,0.024543692606170259,1.033147199e-05,14300.000000265716,0.025754359305558139,0.00073614351225828243,32
1,0.024543692606170259,1.033147199e-05,14400.000000267899,0.025906017965054495,0.00080717065329091329,32
1,0.024543692606170259,1.033147199e-05,14500.000000270082,0.025372280672434962,0.00082694911091406873,32
1,0.024543692606170259,1.033147199e-05,14600.000000272265,0.025240009052274734,0.00090259871663761959,32
1,0.024543692606170259,1.033147199e-05,14700.000000274447,0.025431620965847338,0.00092595767754885116,32
1,0.024543692606170259,1.033147199e-05,14800.00000027663,0.025890269951428579,0.00099572076936083379,32
1,0.024543692606170259,1.033147199e-05,14900.000000278813,0.025903509573779911,0.00098145838368172283,32
1,0.024543692606170259,1.033147199e-05,15000.000000280996,0.02581648360593761,0.000914100889933674,32
1,0.024543692606170259,1.033147199e-05,15100.000000283178,0.025807273317224079,0.00091774210348678992,32
1,0.024543692606170259,1.033147199e-05,15200.000000285361,0.025835769425044824,0.00088475134060274298,32
1,0.024543692606170259,1.033147199e-05,15300.000000287544,0.025966891982496597,0.00089123329535746739,32
1,0.024543692606170259,1.033147199e-05,15400.000000289727,0.02603284093461343,0.00090513429385170939,32
1,0.024543692606170259,1.033147199e-05,15500.00000029191,0.026058800801790183,0.00090666491371378341,32
1,0.024543692606170259,1.033147199e-05,15600.000000294092,0.026081480149123794,0.00093541278691851109,32
1,0.024543692606170259,1.033147199e-05,15700.000000296275,0.026432360824731837,0.00093271038359000005,32
1,0.024543692606170259,1.033147199e-05,15800.000000298458,0.026380832986100989,0.00093522650086748892,32
1,0.024543692606170259,1.033147199e-05,15900.000000300641,0.025871128119509253,0.0008668548579691415,32
1,0.024543692606170259,1.033147199e-05,16000.000000302824,0.02595411479068432,0.00093831664166254452,32
1,0.024543692606170259,1.033147199e-05,16100.000000305006,0.026359828587003312,0.00088610655648294133,32
1,0.024543692606170259,1.033147199e-05,16200.000000307189,0.026294513345756765,0.00087120960888908885,32
1,0.024543692606170259,1.033147199e-05,16300.000000309372,0.026466328071243009,0.0008993026827985764,32
1,0.024543692606170259,1.033147199e-05,16400.000000308642,0.026299867161370644,0.00090156556006828396,32
1,0.024543692606170259,1.033147199e-05,16500.000000292635,0.02608578429283322,0.00097379613937230609,32
1,0.024543692606170259,1.033147199e-05,16600.000000276628,0.026389944333361837,0.0010014001355301253,32
1,0.024543692606170259,1.033147199e-05,16700.000000260621,0.026504534538273759,0.0010350258052828991,32
1,0.024543692606170259,1.033147199e-05,16800.000000244614,0.026743729518609673,0.0010782690104234084,32
1,0.024543692606170259,1.033147199e-05,16900.000000228607,0.026400943297505051,0.0010918148982627385,32
1,0.024543692606170259,1.033147199e-05,17000.0000002126,0.02656105102887734,0.0010436001167892881,32
1,0.024543692606170259,1.033147199e-05,17100.000000196593,0.026553155915228086,0.00097203221433306774,32
1,0.024543692606170259,1.033147199e-05,17200.000000180586,0.026368992197673451,0.00096785851414813503,32
1,0.024543692606170259,1.033147199e-05,17300.000000164579,0.026240093429683722,0.00095559554036783875,32
1,0.024543692606170259,1.033147199e-05,17400.000000148571,0.026169854516528018,0.00096188060333936981,32
1,0.024543692606170259,1.033147199e-05,17500.000000132564,0.026503120578825843,0.0010070751772506326,32
1,0.024543692606170259,1.033147199e-05,17600.000000116557,0.026575894255352256,0.0010183388399577357,32
1,0.024543692606170259,1.033147199e-05,17700.00000010055,0.026418934962302479,0.00098173660194187848,32
1,0.024543692606170259,1.033147199e-05,17800.000000084543,0.026528842254481044,0.0010375611025487375,32
1,0.024543692606170259,1.033147199e-05,17900.000000068536,0.026553411920985648,0.0011020858461818985,32
1,0.024543692606170259,1.033147199e-05,18000.000000052529,0.026610727241439959,0.0011552855544119485,32
1,0.024543692606170259,1.033147199e-05,18100.000000036522,0.026621036607758712,0.0011679042615995365,32
1,0.024543692606170259,1.033147199e-05,18200.000000020515,0.026444960989688088,0.0011350213889444979,32
1,0.024543692606170259,1.033147199e-05,18300.000000004507,0.026606979586966693,0.0011325367497680677,32
1,0.024543692606170259,1.033147199e-05,18399.9999999885,0.026241350198006157,0.0010711775257488184,32
1,0.024543692606170259,1.033147199e-05,18499.999999972493,0.025848321047158309,0.00098377375541876494,32
1,0.024543692606170259,1.033147199e-05,18599.999999956486,0.025557002508062612,0.0009724953337560924,32
1,0.024543692606170259,1.033147199e-05,18699.999999940479,0.025485390199200032,0.00090137693494392909,32
1,0.024543692606170259,1.033147199e-05,18799.999999924472,0.025566752086546862,0.00085479361940507157,32
1,0.024543692606170259,1.033147199e-05,18899.999999908465,0.025886815531252914,0.00083055440655833577,32
1,0.024543692606170259,1.033147199e-05,18999.999999892458,0.025995780246128735,0.0008397575752132246,32
1,0.024543692606170259,1.033147199e-05,19099.999999876451,0.026513383530056452,0.00085486328381472159,32
1,0.024543692606170259,1.033147199e-05,19199.999999860443,0.026734023776644873,0.00088306232783275194,32
1,0.024543692606170259,1.033147199e-05,19299.999999844436,0.026891890234580652,0.00087309601130050856,32
1,0.024543692606170259,1.033147199e-05,19399.999999828429,0.026552907780525596,0.00085176350523685372,32
1,0.024543692606170259,1.033147199e-05,19499.999999812422,0.026369025661810257,0.0008679625440681343,32
1,0.024543692606170259,1.033147199e-05,19599.999999796415,0.026578848056639237,0.0008115518625004802,32
1,0.024543692606170259,1.033147199e-05,19699.999999780408,0.027009060991334672,0.00076912491045498532,32
1,0.024543692606170259,1.033147199e-05,19799.999999764401,0.026751517284027779,0.00076077741341764595,32
1,0.024543692606170259,1.033147199e-05,19899.999999748394,0.026324656556458451,0.00080302435672229737,32
1,0.024543692606170259,1.033147199e-05,19999.999999732387,0.026276811833055205,0.00082518253641982267,32
1,0.024543692606170259,1.033147199e-05,20099.99999971638,0.026521344916290868,0.00081077367363893542,32
1,0.024543692606170259,1.033147199e-05,20199.999999700372,0.026228138609689967,0.00078740704053482458,32
1,0.024543692606170259,1.033147199e-05,20299.999999684365,0.02589837601610091,0.0007285538333500791,32
1,0.024543692606170259,1.033147199e-05,20399.999999668358,0.025648600541971253,0.00072853887816126781,32
1,0.024543692606170259,1.033147199e-05,20499.999999652351,0.025618127608418959,0.00077927869308160968,32
1,0.024543692606170259,1.033147199e-05,20599.999999636344,0.025636401051827112,0.00078555673526443947,32
1,0.024543692606170259,1.033147199e-05,20699.999999620337,0.025953512189187782,0.00077986504299634143,32
1,0.024543692606170259,1.033147199e-05,20799.99999960433,0.026386101032891202,0.00071023935195265884,32
1,0.024543692606170259,1.033147199e-05,20899.999999588323,0.026517224996204975,0.00066516923764092599,32
1,0.024543692606170259,1.033147199e-05,20999.999999572316,0.026524521261039612,0.00066270648097032996,32
1,0.024543692606170259,1.033147199e-05,21099.999999556308,0.026898540375240969,0.00072351255043953525,32
1,0.024543692606170259,1.033147199e-05,21199.999999540301,0.026887850105494333,0.00073518051842115365,32
1,0.024543692606170259,1.033147199e-05,21299.999999524294,0.026897295313936666,0.00075569021801259468,32
1,0.024543692606170259,1.033147199e-05,21399.999999508287,0.027007636554490559,0.00085255720016507613,32
1,0.024543692606170259,1.033147199e-05,21499.99999949228,0.026523169900800257,0.00085007200671636857,32
1,0.024543692606170259,1.033147199e-05,21599.999999476273,0.026383844852939296,0.00094460441585607975,32
1,0.024543692606170259,1.033147199e-05,21699.999999460266,0.026091328832650168,0.00095912160148114794,32
1,0.024543692606170259,1.033147199e-05,21799.999999444259,0.025966248079447168,0.00098420407012572166,32
1,0.024543692606170259,1.033147199e-05,21899.999999428252,0.025975250850595537,0.0010382743000422574,32
1,0.024543692606170259,1.033147199e-05,21999.999999412245,0.026216346066476541,0.0010128203573684905,32
1,0.024543692606170259,1.033147199e-05,22099.999999396237,0.02645163913894363,0.00096393990983494428,32
1,0.024543692606170259,1.033147199e-05,22199.99999938023,0.026677907821322035,0.0010030190198698032,32
1,0.024543692606170259,1.033147199e-05,22299.999999364223,0.02669448862839598,0.0010056378523758387,32
1,0.024543692606170259,1.033147199e-05,22399.999999348216,0.026775713367359594,0.0010266023105918172,32
1,0.024543692606170259,1.033147199e-05,22499.999999332209,0.027058681225109255,0.0010474946576942473,32
1,0.024543692606170259,1.033147199e-05,22599.999999316202,0.026929749883491515,0.0010523494629874723,32
1,0.024543692606170259,1.033147199e-05,22699.999999300195,0.027204876365115892,0.0010846139467771741,32
1,0.024543692606170259,1.033147199e-05,22799.999999284188,0.027146869143498922,0.001066472121121081,32
1,0.024543692606170259,1.033147199e-05,22899.999999268181,0.026628041573008177,0.0010068828425390706,32
1,0.024543692606170259,1.033147199e-05,22999.999999252173,0.026789235919014047,0.0010073409633577673,32
1,0.024543692606170259,1.033147199e-05,23099.999999236166,0.027106940716031962,0.0010274043037101445,32
1,0.024543692606170259,1.033147199e-05,23199.999999220159,0.027177344291505177,0.0010505945219021898,32
1,0.024543692606170259,1.033147199e-05,23299.999999204152,0.02735340862766119,0.0010512739683002734,32
1,0.024543692606170259,1.033147199e-05,23399.999999188145,0.027580532655819716,0.0010378339098329693,32
1,0.024543692606170259,1.033147199e-05,23499.999999172138,0.027957817454586829,0.0010561651843645269,32
1,0.024543692606170259,1.033147199e-05,23599.999999156131,0.027851983547599976,0.0010299438700257151,32
1,0.024543692606170259,1.033147199e-05,23699.999999140124,0.027771433079740962,0.0010410087884320874,32
1,0.024543692606170259,1.033147199e-05,23799.999999124117,0.027772122872467508,0.0010166853525901932,32
1,0.024543692606170259,1.033147199e-05,23899.999999108109,0.028014451118767117,0.00094524048673318498,32
1,0.024543692606170259,1.033147199e-05,23999.999999092102,0.027802067292633629,0.0008697135328174677,32
1,0.024543692606170259,1.033147199e-05,24099.999999076095,0.027415811154101393,0.00089924496172896556,32
1,0.024543692606170259,1.033147199e-05,24199.999999060088,0.027509277839808541,0.00094431360913828615,32
1,0.024543692606170259,1.033147199e-05,24299.999999044081,0.02750327020042783,0.0009815150984513511,32
1,0.024543692606170259,1.033147199e-05,24399.999999028074,0.027450335517857038,0.0010268415303369329,32
1,0.024543692606170259,1.033147199e-05,24499.999999012067,0.027397351750343298,0.0010625852293399251,32
1,0.024543692606170259,1.033147199e-05,24599.99999899606,0.027490490861973412,0.0011141086788495024,32
1,0.024543692606170259,1.033147199e-05,24699.999998980053,0.027517221748964378,0.0011026636622206557,32
1,0.024543692606170259,1.033147199e-05,24799.999998964046,0.027382221187850508,0.0010543085255752783,32
1,0.024543692606170259,1.033147199e-05,24899.999998948038,0.02742257015030964,0.0010429261873477189,32
1,0.024543692606170259,1.033147199e-05,24999.999998932031,0.027272599347745386,0.0010318460921620841,32
1,0.024543692606170259,1.033147199e-05,25099.999998916024,0.027360124211030928,0.0010436984988640549,32
1,0.024543692606170259,1.033147199e-05,25199.999998900017,0.027297131978886124,0.001021314513368551,32
1,0.024543692606170259,1.033147199e-05,25299.99999888401,0.027386199308905179,0.0010478575762801656,32
1,0.024543692606170259,1.033147199e-05,25399.999998868003,0.027517904214316734,0.001041444886282681,32
1,0.024543692606170259,1.033147199e-05,25499.999998851996,0.027652024621845201,0.0010539475039127635,32
1,0.024543692606170259,1.033147199e-05,25599.999998835989,0.027799585992712261,0.0010371018705402576,32
1,0.024543692606170259,1.033147199e-05,25699.999998819982,0.027719418597299296,0.00097200102544416458,32
1,0.024543692606170259,1.033147199e-05,25799.999998803974,0.027544558434293639,0.00089090298356619502,32
1,0.024543692606170259,1.033147199e-05,25899.999998787967,0.027806251603573903,0.00077005282297247708,32
1,0.024543692606170259,1.033147199e-05,25999.99999877196,0.027663090378812125,0.00074632228681847327,32
1,0.024543692606170259,1.033147199e-05,26099.999998755953,0.028057726133362909,0.00072059772405898477,32
1,0.024543692606170259,1.033147199e-05,26199.999998739946,0.028097633462499317,0.00077635741301382896,32
1,0.024543692606170259,1.033147199e-05,26299.999998723939,0.027912892935789475,0.00078028468358666873,32
1,0.024543692606170259,1.033147199e-05,26399.999998707932,0.027503432727551732,0.0008125262054828015,32
1,0.024543692606170259,1.033147199e-05,26499.999998691925,0.027488874020416578,0.00085255629763863084,32
1,0.024543692606170259,1.033147199e-05,26599.999998675918,0.027460720061598016,0.00082875702148732771,32
1,0.024543692606170259,1.033147199e-05,26699.99999865991,0.027152567995737752,0.00079282514477118922,32
1,0.024543692606170259,1.033147199e-05,26799.999998643903,0.027016150296438207,0.00080735301740167322,32
1,0.024543692606170259,1.033147199e-05,26899.999998627896,0.027404577953433516,0.00077958844442260495,32
1,0.024543692606170259,1.033147199e-05,26999.999998611889,0.027354014035324444,0.00073489176410502165,32
1,0.024543692606170259,1.033147199e-05,27099.999998595882,0.027217103592213653,0.000734230318152379,32
1,0.024543692606170259,1.033147199e-05,27199.999998579875,0.027168610154273392,0.00071307615317266486,32
1,0.024543692606170259,1.033147199e-05,27299.999998563868,0.027310246390512698,0.00074562866703071064,32
1,0.024543692606170259,1.033147199e-05,27399.999998547861,0.027313447672501278,0.00074072292410848708,32
1,0.024543692606170259,1.033147199e-05,27499.999998531854,0.027015989936592693,0.00075374711572469191,32
1,0.024543692606170259,1.033147199e-05,27599.999998515847,0.026984838961026547,0.00075308456258264768,32
1,0.024543692606170259,1.033147199e-05,27699.999998499839,0.027144762292204794,0.00080196944891539176,32
1,0.024543692606170259,1.033147199e-05,27799.999998483832,0.027317620061719863,0.00078511438106150403,32
1,0.024543692606170259,1.033147199e-05,27899.999998467825,0.027419301789030147,0.00080195482609268266,32
1,0.024543692606170259,1.033147199e-05,27999.999998451818,0.027697537790340388,0.00083275098388591506,32
1,0.024543692606170259,1.033147199e-05,28099.999998435811,0.027781776911759429,0.00086358195456378098,32
1,0.024543692606170259,1.033147199e-05,28199.999998419804,0.027586354175108387,0.00091112554220309139,32
1,0.024543692606170259,1.033147199e-05,28299.999998403797,0.027559714203350842,0.0009115618004893048,32
1,0.024543692606170259,1.033147199e-05,28399.99999838779,0.027556662165528552,0.00094721106488722721,32
1,0.024543692606170259,1.033147199e-05,28499.999998371783,0.027831234929761903,0.00089989517148524501,32
1,0.024543692606170259,1.033147199e-05,28599.999998355775,0.027968756453467077,0.00086942468529833494,32
1,0.024543692606170259,1.033147199e-05,28699.999998339768,0.028046842470074579,0.00083983375233503412,32
1,0.024543692606170259,1.033147199e-05,28799.999998323761,0.027659108212035322,0.00082731422871757439,32
1,0.024543692606170259,1.033147199e-05,28899.999998307754,0.027492095627623791,0.00077593335946157381,32
1,0.024543692606170259,1.033147199e-05,28999.999998291747,0.027187776094288955,0.00076376903193160902,32
1,0.024543692606170259,1.033147199e-05,29099.99999827574,0.026707434418754634,0.00078262167278568952,32
1,0.024543692606170259,1.033147199e-05,29199.999998259733,0.026251037702253253,0.00082919913972746785,32
1,0.024543692606170259,1.033147199e-05,29299.999998243726,0.026368742835043577,0.00090358373351549749,32
1,0.024543692606170259,1.033147199e-05,29399.999998227719,0.026274681460527648,0.00092901503268651479,32
1,0.024543692606170259,1.033147199e-05,29499.999998211711,0.02621691610339404,0.0008612624412851071,32
1,0.024543692606170259,1.033147199e-05,29599.999998195704,0.026657364364450084,0.0008827850402801158,32
1,0.024543692606170259,1.033147199e-05,29699.999998179697,0.026669231395105977,0.00090974638675659269,32
1,0.024543692606170259,1.033147199e-05,29799.99999816369,0.026261247608511465,0.00095266319549450456,32
1,0.024543692606170259,1.033147199e-05,29899.999998147683,0.026063557892847831,0.00090171913875091423,32
1,0.024543692606170259,1.033147199e-05,29999.999998131676,0.026231589577603871,0.00092753522332779132,32
1,0.024543692606170259,1.033147199e-05,30099.999998115669,0.026141702211550794,0.00094331480136883501,32
1,0.024543692606170259,1.033147199e-05,30199.999998099662,0.025961920686407972,0.00092484563713171879,32
1,0.024543692606170259,1.033147199e-05,30299.999998083655,0.025884032042641607,0.0009071116225178418,32
1,0.024543692606170259,1.033147199e-05,30399.999998067648,0.026017017577768489,0.00083570501967820347,32
1,0.024543692606170259,1.033147199e-05,30499.99999805164,0.026128299724735335,0.00076803501287487687,32
1,0.024543692606170259,1.033147199e-05,30599.999998035633,0.026397419589825638,0.00069307728523340727,32
1,0.024543692606170259,1.033147199e-05,30699.999998019626,0.026282252974614111,0.0007167991898076794,32
1,0.024543692606170259,1.033147199e-05,30799.999998003619,0.026181063994527971,0.00075922952565668554,32
1,0.024543692606170259,1.033147199e-05,30899.999997987612,0.026135705005390756,0.00084623405954661261,32
1,0.024543692606170259,1.033147199e-05,30999.999997971605,0.025837870613531495,0.00087685938228741235,32
1,0.024543692606170259,1.033147199e-05,31099.999997955598,0.025387520438366305,0.00088408886754089058,32
1,0.024543692606170259,1.033147199e-05,31199.999997939591,0.02561546862618562,0.00091986754987977636,32
1,0.024543692606170259,1.033147199e-05,31299.999997923584,0.025795959245001585,0.00096266051774791046,32
1,0.024543692606170259,1.033147199e-05,31399.999997907576,0.025669181551625442,0.00094270464728027955,32
1,0.024543692606170259,1.033147199e-05,31499.999997891569,0.025654414548589011,0.00091292378098513989,32
1,0.024543692606170259,1.033147199e-05,31599.999997875562,0.025776649152115791,0.00089514044617222763,32
1,0.024543692606170259,1.033147199e-05,31699.999997859555,0.025757297289908141,0.00095632508411162332,32
1,0.024543692606170259,1.033147199e-05,31799.999997843548,0.025744831647068974,0.0010141744421478945,32
1,0.024543692606170259,1.033147199e-05,31899.999997827541,0.025912004722584266,0.00097611983182519803,32
1,0.024543692606170259,1.033147199e-05,31999.999997811534,0.026359216454232812,0.0010001005730840089,32
1,0.024543692606170259,1.033147199e-05,32099.999997795527,0.026196932363823502,0.00098890249428054363,32
1,0.024543692606170259,1.033147199e-05,32199.99999777952,0.025916498346829235,0.00097565755301324934,32
1,0.024543692606170259,1.033147199e-05,32299.999997763513,0.025840457731662398,0.0010288855531487642,32
1,0.024543692606170259,1.033147199e-05,32399.999997747505,0.025318978556932995,0.001020667281745942,32
1,0.024543692606170259,1.033147199e-05,32499.999997731498,0.025170665401974976,0.00099348744954116876,32
1,0.024543692606170259,1.033147199e-05,32599.999997715491,0.025391420830327763,0.0010097126609994759,32
1,0.024543692606170259,1.033147199e-05,32699.999997699484,0.025671366985026561,0.00099228322582365584,32
1,0.024543692606170259,1.033147199e-05,32799.999997695115,0.025604195195287754,0.00096893025820048205,32
1,0.024543692606170259,1.033147199e-05,32899.999997715488,0.025590545719682983,0.00099335787089588779,32
1,0.024543692606170259,1.033147199e-05,32999.99999773586,0.025829881741656957,0.00098943683688975368,32
1,0.024543692606170259,1.033147199e-05,33099.999997756233,0.026133867695831665,0.0009900665604882597,32
1,0.024543692606170259,1.033147199e-05,33199.999997776606,0.026172580975784711,0.001002132176540206,32
1,0.024543692606170259,1.033147199e-05,33299.999997796978,0.026120088206398762,0.0010139373278368496,32
1,0.024543692606170259,1.033147199e-05,33399.999997817351,0.025944493716147127,0.0010377822386533017,32
1,0.024543692606170259,1.033147199e-05,33499.999997837724,0.025699755841470984,0.0010646777605343744,32
1,0.024543692606170259,1.033147199e-05,33599.999997858096,0.02593614208896175,0.0010496144419166822,32
1,0.024543692606170259,1.033147199e-05,33699.999997878469,0.026026984939276493,0.0010130231137101108,32
1,0.024543692606170259,1.033147199e-05,33799.999997898842,0.025955324842965383,0.00095014581480299938,32
1,0.024543692606170259,1.033147199e-05,33899.999997919214,0.026199923696576345,0.0008897303482025996,32
1,0.024543692606170259,1.033147199e-05,33999.999997939587,0.026539482201313084,0.00091690044072516449,32
1,0.024543692606170259,1.033147199e-05,34099.99999795996,0.026891128908484267,0.00092446801229549775,32
1,0.024543692606170259,1.033147199e-05,34199.999997980332,0.026933880124264495,0.0009613425817391098,32
1,0.024543692606170259,1.033147199e-05,34299.999998000705,0.026747879065934399,0.00093981378586850131,32
1,0.024543692606170259,1.033147199e-05,34399.999998021078,0.02684812926641663,0.00089853646687459228,32
1,0.024543692606170259,1.033147199e-05,34499.99999804145,0.026709212145567263,0.00088068750092659361,32
1,0.024543692606170259,1.033147199e-05,34599.999998061823,0.026634112787797568,0.0009695354054159958,32
1,0.024543692606170259,1.033147199e-05,34699.999998082196,0.026417676278496172,0.00096082169132391548,32
1,0.024543692606170259,1.033147199e-05,34799.999998102568,0.026171357737469432,0.00099270423864481882,32
1,0.024543692606170259,1.033147199e-05,34899.999998122941,0.026177399108105986,0.0010636102050155774,32
1,0.024543692606170259,1.033147199e-05,34999.999998143314,0.026222379457179614,0.0010776911782001128,32
1,0.024543692606170259,1.033147199e-05,35099.999998163687,0.026249333781846101,0.0010646427395604847,32
1,0.024543692606170259,1.033147199e-05,35199.999998184059,0.026472553309620683,0.0010333688152067116,32
1,0.024543692606170259,1.033147199e-05,35299.999998204432,0.026508417430881052,0.0010014458426421207,32
1,0.024543692606170259,1.033147199e-05,35399.999998224805,0.026489099995777178,0.00096324740726578509,32
1,0.024543692606170259,1.033147199e-05,35499.999998245177,0.02627930860773468,0.00099027578582149001,32
1,0.024543692606170259,1.033147199e-05,35599.99999826555,0.025742017684428135,0.00098826204020736755,32
1,0.024543692606170259,1.033147199e-05,35699.999998285923,0.02559267018732243,0.0009593802331794391,32
1,0.024543692606170259,1.033147199e-05,35799.999998306295,0.025284841815113524,0.00090773218328835516,32
1,0.024543692606170259,1.033147199e-05,35899.999998326668,0.02526687261543966,0.00091229816062130204,32
1,0.024543692606170259,1.033147199e-05,35999.999998347041,0.024934273913772644,0.00090494221783307758,32
1,0.024543692606170259,1.033147199e-05,36099.999998367413,0.024992707769717924,0.00091154873416534514,32
1,0.024543692606170259,1.033147199e-05,36199.999998387786,0.02471155639638991,0.00092265749371372465,32
1,0.024543692606170259,1.033147199e-05,36299.999998408159,0.024357502901676119,0.00090042445592030231,32
1,0.024543692606170259,1.033147199e-05,36399.999998428531,0.024646743561668263,0.00088365646154859375,32
1,0.024543692606170259,1.033147199e-05,36499.999998448904,0.024590904000427495,0.0008375545810534018,32
1,0.024543692606170259,1.033147199e-05,36599.999998469277,0.024831983919703492,0.00085523264733964005,32
1,0.024543692606170259,1.033147199e-05,36699.999998489649,0.025028303206396936,0.00080516512786570809,32
1,0.024543692606170259,1.033147199e-05,36799.999998510022,0.025277909362854688,0.00081515299232892127,32
1,0.024543692606170259,1.033147199e-05,36899.999998530395,0.025523010627674574,0.00081027477968054944,32
1,0.024543692606170259,1.033147199e-05,36999.999998550767,0.025437822623610017,0.00084499109535246747,32
1,0.024543692606170259,1.033147199e-05,37099.99999857114,0.02519720844110801,0.00085110486232622712,32
1,0.024543692606170259,1.033147199e-05,37199.999998591513,0.025388396973528737,0.00093809286704067479,32
1,0.024543692606170259,1.033147199e-05,37299.999998611886,0.025102765918033836,0.00088228886480112899,32
1,0.024543692606170259,1.033147199e-05,37399.999998632258,0.025041264453837943,0.00095947225591844828,32
1,0.024543692606170259,1.033147199e-05,37499.999998652631,0.025219952864695236,0.00096924035247730495,32
1,0.024543692606170259,1.033147199e-05,37599.999998673004,0.025113587657358508,0.00097948149128866766,32
1,0.024543692606170259,1.033147199e-05,37699.999998693376,0.025468176187136638,0.0009386275231612264,32
1,0.024543692606170259,1.033147199e-05,37799.999998713749,0.025659627492105576,0.00095064889645065721,32
1,0.024543692606170259,1.033147199e-05,37899.999998734122,0.025800488810592596,0.00091035701034088287,32
1,0.024543692606170259,1.033147199e-05,37999.999998754494,0.025810031021525095,0.0008732607790554104,32
1,0.024543692606170259,1.033147199e-05,38099.999998774867,0.025759834493309906,0.00085111670372838239,32
1,0.024543692606170259,1.033147199e-05,38199.99999879524,0.025745740006629075,0.00093514452220954053,32
1,0.024543692606170259,1.033147199e-05,38299.999998815612,0.025813892376945678,0.00095559507064965252,32
1,0.024543692606170259,1.033147199e-05,38399.999998835985,0.025655520202840232,0.00094966174873288133,32
1,0.024543692606170259,1.033147199e-05,38499.999998856358,0.02577056289628981,0.00092735451218708129,32
1,0.024543692606170259,1.033147199e-05,38599.99999887673,0.025790802369591928,0.00095447405168311674,32
1,0.024543692606170259,1.033147199e-05,38699.999998897103,0.025653986148667488,0.00093092803903764175,32
1,0.024543692606170259,1.033147199e-05,38799.999998917476,0.025386860465039116,0.00097672805436710614,32
1,0.024543692606170259,1.033147199e-05,38899.999998937848,0.025591935131537402,0.0010139474918936394,32
1,0.024543692606170259,1.033147199e-05,38999.999998958221,0.025904216416649181,0.0010318629185749422,32
1,0.024543692606170259,1.033147199e-05,39099.999998978594,0.026079184126395281,0.0010510001014629624,32
1,0.024543692606170259,1.033147199e-05,39199.999998998966,0.026249232313876127,0.0010268933894326036,32
1,0.024543692606170259,1.033147199e-05,39299.999999019339,0.026192534833737315,0.00097880542325268693,32
1,0.024543692606170259,1.033147199e-05,39399.999999039712,0.026529720403901079,0.0010266202334309007,32
1,0.024543692606170259,1.033147199e-05,39499.999999060085,0.02631534791869208,0.0010574100160137755,32
1,0.024543692606170259,1.033147199e-05,39599.999999080457,0.026367132349447209,0.001158472315094103,32
1,0.024543692606170259,1.033147199e-05,39699.99999910083,0.026734857133002003,0.0011493255643189452,32
1,0.024543692606170259,1.033147199e-05,39799.999999121203,0.02703707208902268,0.0011832946822520039,32
1,0.024543692606170259,1.033147199e-05,39899.999999141575,0.026757751225635135,0.00116421049088281,32
1,0.024543692606170259,1.033147199e-05,39999.999999161948,0.026802370017694092,0.0011248380845882658,32
1,0.024543692606170259,1.033147199e-05,40099.999999182321,0.026667082687577007,0.0011206081933696026,32
1,0.024543692606170259,1.033147199e-05,40199.999999202693,0.026165307115766041,0.0010903075786043641,32
1,0.024543692606170259,1.033147199e-05,40299.999999223066,0.026106126185213425,0.0011047103906206904,32
1,0.024543692606170259,1.033147199e-05,40399.999999243439,0.026128055850646051,0.0011454074501379848,32
1,0.024543692606170259,1.033147199e-05,40499.999999263811,0.025945208417439695,0.0011093765306346077,32
1,0.024543692606170259,1.033147199e-05,40599.999999284184,0.025800918014717778,0.0010923997634971598,32
1,0.024543692606170259,1.033147199e-05,40699.999999304557,0.025960499634694587,0.001123956712860194,32
1,0.024543692606170259,1.033147199e-05,40799.999999324929,0.025965530350241864,0.0011364489485571829,32
1,0.024543692606170259,1.033147199e-05,40899.999999345302,0.025719784522952913,0.001062566316677093,32
1,0.024543692606170259,1.033147199e-05,40999.999999365675,0.025504025060676186,0.0010556035140122054,32
1,0.024543692606170259,1.033147199e-05,41099.999999386047,0.025500311299713089,0.001088545070451501,32
1,0.024543692606170259,1.033147199e-05,41199.99999940642,0.025365285071779001,0.0010815767237363628,32
1,0.024543692606170259,1.033147199e-05,41299.999999426793,0.024926208556685463,0.0011081545174407932,32
1,0.024543692606170259,1.033147199e-05,41399.999999447165,0.024488353416951533,0.0011127802916412694,32
1,0.024543692606170259,1.033147199e-05,41499.999999467538,0.024031049197533832,0.0011069401378485744,32
1,0.024543692606170259,1.033147199e-05,41599.999999487911,0.024017070758664924,0.001131332819109405,32
1,0.024543692606170259,1.033147199e-05,41699.999999508284,0.02390408783634514,0.001167720980545554,32
1,0.024543692606170259,1.033147199e-05,41799.999999528656,0.02394137555950469,0.0011914818744400975,32
1,0.024543692606170259,1.033147199e-05,41899.999999549029,0.02359300527880185,0.0012049438439463707,32
1,0.024543692606170259,1.033147199e-05,41999.999999569402,0.02366960016853108,0.0012383638430585034,32
1,0.024543692606170259,1.033147199e-05,42099.999999589774,0.024131777722305549,0.0012575696217167625,32
1,0.024543692606170259,1.033147199e-05,42199.999999610147,0.024404474408149589,0.0012921975355957929,32
1,0.024543692606170259,1.033147199e-05,42299.99999963052,0.024393392228837157,0.0012648867206269793,32
1,0.024543692606170259,1.033147199e-05,42399.999999650892,0.024490455979491128,0.0012638242130211883,32
1,0.024543692606170259,1.033147199e-05,42499.999999671265,0.024630013392015818,0.0012458327686015048,32
1,0.024543692606170259,1.033147199e-05,42599.999999691638,0.024628023844461427,0.0012268840018538171,32
1,0.024543692606170259,1.033147199e-05,42699.99999971201,0.024784697704182221,0.0012272393749086171,32
1,0.024543692606170259,1.033147199e-05,42799.999999732383,0.024856356024305051,0.001195082090771263,32
1,0.024543692606170259,1.033147199e-05,42899.999999752756,0.025176393603037861,0.0011510459411666766,32
1,0.024543692606170259,1.033147199e-05,42999.999999773128,0.025144114272872577,0.0011188596363492171,32
1,0.024543692606170259,1.033147199e-05,43099.999999793501,0.025137529381350623,0.0010712212377640173,32
1,0.024543692606170259,1.033147199e-05,43199.999999813874,0.025241336860279719,0.0010624969486244082,32
1,0.024543692606170259,1.033147199e-05,43299.999999834246,0.024884770995687172,0.0011088471075188554,32
1,0.024543692606170259,1.033147199e-05,43399.999999854619,0.024987132112543897,0.0010962893654485831,32
1,0.024543692606170259,1.033147199e-05,43499.999999874992,0.025180735501801617,0.0010748862834247383,32
1,0.024543692606170259,1.033147199e-05,43599.999999895364,0.02526097561858872,0.0010548550591112018,32
1,0.024543692606170259,1.033147199e-05,43699.999999915737,0.025323895056902142,0.0010167652369718018,32
1,0.024543692606170259,1.033147199e-05,43799.99999993611,0.025232213659863414,0.00098662777486021322,32
1,0.024543692606170259,1.033147199e-05,43899.999999956482,0.025390393061190127,0.00096069726713890057,32
1,0.024543692606170259,1.033147199e-05,43999.999999976855,0.025510995403671397,0.0010170384436451309,32
1,0.024543692606170259,1.033147199e-05,44099.999999997228,0.025740921083963586,0.0010401243525089779,32
1,0.024543692606170259,1.033147199e-05,44200.000000017601,0.026042412436070209,0.0010248505646870223,32
1,0.024543692606170259,1.033147199e-05,44300.000000037973,0.026065211132881246,0.0010161567485546166,32
1,0.024543692606170259,1.033147199e-05,44400.000000058346,0.026235658517701186,0.0010130935894393288,32
1,0.024543692606170259,1.033147199e-05,44500.000000078719,0.026373973129861311,0.0010079512125567957,32
1,0.024543692606170259,1.033147199e-05,44600.000000099091,0.026606254348009666,0.00099377264093281873,32
1,0.024543692606170259,1.033147199e-05,44700.000000119464,0.026699516160549389,0.00095535996420328278,32
1,0.024543692606170259,1.033147199e-05,44800.000000139837,0.026585661770829959,0.0010350565116532897,32
1,0.024543692606170259,1.033147199e-05,44900.000000160209,0.026377463057569276,0.0011059917894870118,32
1,0.024543692606170259,1.033147199e-05,45000.000000180582,0.026062024176987907,0.0010858640237431695,32
1,0.024543692606170259,1.033147199e-05,45100.000000200955,0.025928697340134546,0.0010748388029375271,32
1,0.024543692606170259,1.033147199e-05,45200.000000221327,0.025617442052837613,0.0010926106998727187,32
1,0.024543692606170259,1.033147199e-05,45300.0000002417,0.025598230397306451,0.0010712989768020618,32
1,0.024543692606170259,1.033147199e-05,45400.000000262073,0.025510786860155787,0.0010175040481732202,32
1,0.024543692606170259,1.033147199e-05,45500.000000282445,0.025536417805639595,0.0010318312668619609,32
1,0.024543692606170259,1.033147199e-05,45600.000000302818,0.025675200098490888,0.0010691779321886983,32
1,0.024543692606170259,1.033147199e-05,45700.000000323191,0.025803263253675102,0.0011107175583726305,32
1,0.024543692606170259,1.033147199e-05,45800.000000343563,0.025753286221210082,0.001084656699798402,32
1,0.024543692606170259,1.033147199e-05,45900.000000363936,0.026103288002639457,0.0010660092479677051,32
1,0.024543692606170259,1.033147199e-05,46000.000000384309,0.026265143862308674,0.0010384014870461402,32
1,0.024543692606170259,1.033147199e-05,46100.000000404681,0.026167531680309657,0.0010452849974507978,32
1,0.024543692606170259,1.033147199e-05,46200.000000425054,0.026060129285836557,0.0010577597643238795,32
1,0.024543692606170259,1.033147199e-05,46300.000000445427,0.025806881814071696,0.0010876103928604704,32
1,0.024543692606170259,1.033147199e-05,46400.0000004658,0.025108694511289994,0.0010476233946844372,32
1,0.024543692606170259,1.033147199e-05,46500.000000486172,0.024729256891027597,0.001048993853854874,32
1,0.024543692606170259,1.033147199e-05,46600.000000506545,0.024835563474055231,0.0010110936409118167,32
1,0.024543692606170259,1.033147199e-05,46700.000000526918,0.025062888775474322,0.00094397662628786447,32
1,0.024543692606170259,1.033147199e-05,46800.00000054729,0.024456490375516695,0.00095881489892456185,32
1,0.024543692606170259,1.033147199e-05,46900.000000567663,0.024309656383946741,0.0010251003275733746,32
1,0.024543692606170259,1.033147199e-05,47000.000000588036,0.024362124765280286,0.00098168479011289506,32
1,0.024543692606170259,1.033147199e-05,47100.000000608408,0.02423680425908234,0.00096380989886788013,32
1,0.024543692606170259,1.033147199e-05,47200.000000628781,0.024346072972112418,0.00088886761885665938,32
1,0.024543692606170259,1.033147199e-05,47300.000000649154,0.024241588803171815,0.00086872017106099828,32
1,0.024543692606170259,1.033147199e-05,47400.000000669526,0.024274996516073653,0.00083840353661761855,32
1,0.024543692606170259,1.033147199e-05,47500.000000689899,0.02402825954811641,0.00084910813946908917,32
1,0.024543692606170259,1.033147199e-05,47600.000000710272,0.023531102826669332,0.00083655052087601997,32
1,0.024543692606170259,1.033147199e-05,47700.000000730644,0.023535196362926628,0.00084900546117672811,32
1,0.024543692606170259,1.033147199e-05,47800.000000751017,0.024138434568306045,0.00082371897524204497,32
1,0.024543692606170259,1.033147199e-05,47900.00000077139,0.024357834943915344,0.00080602382758332002,32
1,0.024543692606170259,1.033147199e-05,48000.000000791762,0.024538817824328096,0.00087362082422567304,32
1,0.024543692606170259,1.033147199e-05,48100.000000812135,0.025033614990824536,0.00084126114994919341,32
1,0.024543692606170259,1.033147199e-05,48200.000000832508,0.025499670503320471,0.00084116373678613061,32
1,0.024543692606170259,1.033147199e-05,48300.00000085288,0.025509591343829584,0.00083892694039273941,32
1,0.024543692606170259,1.033147199e-05,48400.000000873253,0.025389476235770009,0.00084943240243944679,32
1,0.024543692606170259,1.033147199e-05,48500.000000893626,0.025765051073961934,0.00090740077164314461,32
1,0.024543692606170259,1.033147199e-05,48600.000000913999,0.025927968327324274,0.00094490265573083352,32
1,0.024543692606170259,1.033147199e-05,48700.000000934371,0.02582684223301282,0.00097336923636312143,32
1,0.024543692606170259,1.033147199e-05,48800.000000954744,0.025658457780475194,0.00093011479923911587,32
1,0.024543692606170259,1.033147199e-05,48900.000000975117,0.025624713880843624,0.00098260483924096187,32
1,0.024543692606170259,1.033147199e-05,49000.000000995489,0.025292498403476485,0.0010124709103469353,32
1,0.024543692606170259,1.033147199e-05,49100.000001015862,0.025515992886062457,0.0010220868404561363,32
1,0.024543692606170259,1.033147199e-05,49200.000001036235,0.025560178017485915,0.0010169376899899019,32
1,0.024543692606170259,1.033147199e-05,49300.000001056607,0.025365423897468334,0.00096329217832420873,32
1,0.024543692606170259,1.033147199e-05,49400.00000107698,0.025495066326873806,0.00092952476940646718,32
1,0.024543692606170259,1.033147199e-05,49500.000001097353,0.025493014648942078,0.00087302053435895277,32
1,0.024543692606170259,1.033147199e-05,49600.000001117725,0.025371265372113566,0.00084749983464740808,32
1,0.024543692606170259,1.033147199e-05,49700.000001138098,0.024878855312425254,0.00081441505935272421,32
1,0.024543692606170259,1.033147199e-05,49800.000001158471,0.024814449700678528,0.00084729418186493366,32
1,0.024543692606170259,1.033147199e-05,49900.000001178843,0.024859659426461775,0.00087281940730075599,32
1,0.024543692606170259,1.033147199e-05,50000.000001199216,0.024613035465264357,0.00085163746600254876,32
2,0.049087385212340517,4.0096751670000003e-05,100.00000000001425,0.0021932922960584567,0.00026928314028017809,32
2,0.049087385212340517,4.0096751670000003e-05,199.99999999996308,0.0059274148559398205,0.00054113358496957729,32
2,0.049087385212340517,4.0096751670000003e-05,299.99999999987216,0.0092445382850086626,0.00064131400406565442,32
2,0.049087385212340517,4.0096751670000003e-05,399.99999999978121,0.011391228686807878,0.00064312650457119022,32
2,0.049087385212340517,4.0096751670000003e-05,499.99999999969026,0.013668185763829185,0.00078128680046479315,32
2,0.049087385212340517,4.0096751670000003e-05,599.99999999959937,0.015512893387198013,0.00081088877320244592,32
2,0.049087385212340517,4.0096751670000003e-05,699.99999999950842,0.016932849843125784,0.00085315119596742481,32
2,0.049087385212340517,4.0096751670000003e-05,799.99999999941747,0.018442282833725395,0.00088798315244695031,32
2,0.049087385212340517,4.0096751670000003e-05,899.99999999932652,0.019777541385192551,0.00087441112775746364,32
2,0.049087385212340517,4.0096751670000003e-05,999.99999999923557,0.020418727709048966,0.00090032914077608356,32
2,0.049087385212340517,4.0096751670000003e-05,1099.9999999991446,0.020970469603740119,0.00090799410445256549,32
2,0.049087385212340517,4.0096751670000003e-05,1199.9999999990537,0.021218479536120199,0.00092894267210869269,32
2,0.049087385212340517,4.0096751670000003e-05,1299.9999999989627,0.022056525935026175,0.000912790447306595,32
2,0.049087385212340517,4.0096751670000003e-05,1399.9999999988718,0.022924230385948104,0.00096955277298982204,32
2,0.049087385212340517,4.0096751670000003e-05,1499.9999999987808,0.0237679451154366,0.00099004372940173922,32
2,0.049087385212340517,4.0096751670000003e-05,1599.9999999986899,0.023782277633330726,0.00091396545891814663,32
2,0.049087385212340517,4.0096751670000003e-05,1699.9999999985989,0.024336703928615453,0.0008777851141784362,32
2,0.049087385212340517,4.0096751670000003e-05,1799.999999998508,0.024970186825073362,0.0010143937979958141,32
2,0.049087385212340517,4.0096751670000003e-05,1899.999999998417,0.025141552100281895,0.0010170275735312936,32
2,0.049087385212340517,4.0096751670000003e-05,1999.9999999983261,0.025168219895385188,0.0010462571115261584,32
2,0.049087385212340517,4.0096751670000003e-05,2099.9999999994175,0.024354867979744402,0.0011627946142224836,32
2,0.049087385212340517,4.0096751670000003e-05,2200.0000000016003,0.024511685149528235,0.0011619203910448932,32
2,0.049087385212340517,4.0096751670000003e-05,2300.000000003783,0.024691522297873629,0.0011637958647101861,32
2,0.049087385212340517,4.0096751670000003e-05,2400.0000000059658,0.02468494573522861,0.0011413039020244126,32
2,0.049087385212340517,4.0096751670000003e-05,2500.0000000081486,0.02485708740505789,0.0010571509664297546,32
2,0.049087385212340517,4.0096751670000003e-05,2600.0000000103314,0.024503969316284277,0.0010877095221292897,32
2,0.049087385212340517,4.0096751670000003e-05,2700.0000000125142,0.024287042216142047,0.0011792178682722447,32
2,0.049087385212340517,4.0096751670000003e-05,2800.000000014697,0.024160292965131339,0.0010515399084210944,32
2,0.049087385212340517,4.0096751670000003e-05,2900.0000000168798,0.024323234365184365,0.0010460417406189964,32
2,0.049087385212340517,4.0096751670000003e-05,3000.0000000190626,0.024704107253606625,0.0010159765148946987,32
2,0.049087385212340517,4.0096751670000003e-05,3100.0000000212453,0.025098588044207962,0.00091114006209765998,32
2,0.049087385212340517,4.0096751670000003e-05,3200.0000000234281,0.025270218447136318,0.00078136341247300387,32
2,0.049087385212340517,4.0096751670000003e-05,3300.0000000256109,0.025626907137733891,0.00070935099712827663,32
2,0.049087385212340517,4.0096751670000003e-05,3400.0000000277937,0.025508797365287047,0.00071430776509324935,32
2,0.049087385212340517,4.0096751670000003e-05,3500.0000000299765,0.024920742721878407,0.00089605465935703097,32
2,0.049087385212340517,4.0096751670000003e-05,3600.0000000321593,0.024408979835769864,0.0008684000911921598,32
2,0.049087385212340517,4.0096751670000003e-05,3700.0000000343421,0.02443418393655216,0.00087400003365229178,32
2,0.049087385212340517,4.0096751670000003e-05,3800.0000000365249,0.024539400318627731,0.00087599611778895858,32
2,0.049087385212340517,4.0096751670000003e-05,3900.0000000387076,0.024500605595232077,0.00094678259569885034,32
2,0.049087385212340517,4.0096751670000003e-05,4000.0000000408904,0.023974358175459332,0.00084972190928617305,32
2,0.049087385212340517,4.0096751670000003e-05,4100.0000000430728,0.024137526782570133,0.0009535790952980948,32
2,0.049087385212340517,4.0096751670000003e-05,4200.0000000452555,0.024440701943240911,0.0011040923107976694,32
2,0.049087385212340517,4.0096751670000003e-05,4300.0000000474383,0.024262807588089429,0.0011396445436297447,32
2,0.049087385212340517,4.0096751670000003e-05,4400.0000000496211,0.024484893929933974,0.0011127514928919338,32
2,0.049087385212340517,4.0096751670000003e-05,4500.0000000518039,0.025096106118530602,0.0010809404321753316,32
2,0.049087385212340517,4.0096751670000003e-05,4600.0000000539867,0.025743347059293605,0.001104882929263787,32
2,0.049087385212340517,4.0096751670000003e-05,4700.0000000561695,0.025438845924465627,0.0011172790760478691,32
2,0.049087385212340517,4.0096751670000003e-05,4800.0000000583523,0.025235203928292552,0.001205602444048337,32
2,0.049087385212340517,4.0096751670000003e-05,4900.0000000605351,0.025055390484494892,0.0011260471482187838,32
2,0.049087385212340517,4.0096751670000003e-05,5000.0000000627178,0.024482743326237306,0.0011247540615311256,32
2,0.049087385212340517,4.0096751670000003e-05,5100.0000000649006,0.024172617668103226,0.001035901071810434,32
2,0.049087385212340517,4.0096751670000003e-05,5200.0000000670834,0.024123640268463142,0.00097227405583016533,32
2,0.049087385212340517,4.0096751670000003e-05,5300.0000000692662,0.024707504592209498,0.00085083873343991907,32
2,0.049087385212340517,4.0096751670000003e-05,5400.000000071449,0.024605794158618185,0.00092677875482058902,32
2,0.049087385212340517,4.0096751670000003e-05,5500.0000000736318,0.024516244767699515,0.00088203914587451054,32
2,0.049087385212340517,4.0096751670000003e-05,5600.0000000758146,0.02456660670077326,0.0009151047360861415,32
2,0.049087385212340517,4.0096751670000003e-05,5700.0000000779974,0.025094893503987949,0.00095135387932275702,32
2,0.049087385212340517,4.0096751670000003e-05,5800.0000000801801,0.025320342950556685,0.00095690286575741848,32
2,0.049087385212340517,4.0096751670000003e-05,5900.0000000823629,0.025082245727893845,0.00092182358008002817,32
2,0.049087385212340517,4.0096751670000003e-05,6000.0000000845457,0.025243034639162328,0.00086626237934957185,32
2,0.049087385212340517,4.0096751670000003e-05,6100.0000000867285,0.025082074475116442,0.0008212829739527121,32
2,0.049087385212340517,4.0096751670000003e-05,6200.0000000889113,0.024673128948656073,0.00078914790021593904,32
2,0.049087385212340517,4.0096751670000003e-05,6300.0000000910941,0.024743831879124097,0.00076745703750928976,32
2,0.049087385212340517,4.0096751670000003e-05,6400.0000000932769,0.024051616235810435,0.00079340481156734712,32
2,0.049087385212340517,4.0096751670000003e-05,6500.0000000954597,0.024005375244375869,0.00080283207679110089,32
2,0.049087385212340517,4.0096751670000003e-05,6600.0000000976424,0.024677453171950511,0.0008222136808789342,32
2,0.049087385212340517,4.0096751670000003e-05,6700.0000000998252,0.025102202189678149,0.00091794348863500307,32
2,0.049087385212340517,4.0096751670000003e-05,6800.000000102008,0.024512639507256833,0.00089230665740410331,32
2,0.049087385212340517,4.0096751670000003e-05,6900.0000001041908,0.024088893208979691,0.0010193822417988645,32
2,0.049087385212340517,4.0096751670000003e-05,7000.0000001063736,0.024390586920298708,0.0011025236372950468,32
2,0.049087385212340517,4.0096751670000003e-05,7100.0000001085564,0.024981284424652032,0.00099248379462753516,32
2,0.049087385212340517,4.0096751670000003e-05,7200.0000001107392,0.025282538925932848,0.00093747858393435275,32
2,0.049087385212340517,4.0096751670000003e-05,7300.000000112922,0.025462746755139317,0.0010571118491932926,32
2,0.049087385212340517,4.0096751670000003e-05,7400.0000001151047,0.025415222549894294,0.0011171900969155848,32
2,0.049087385212340517,4.0096751670000003e-05,7500.0000001172875,0.025334560213811509,0.00096057945808698873,32
2,0.049087385212340517,4.0096751670000003e-05,7600.0000001194703,0.025139755413066157,0.00087179639297259651,32
2,0.049087385212340517,4.0096751670000003e-05,7700.0000001216531,0.025484560126589752,0.00088259006844254194,32
2,0.049087385212340517,4.0096751670000003e-05,7800.0000001238359,0.025155267098868339,0.00085155401870705882,32
2,0.049087385212340517,4.0096751670000003e-05,7900.0000001260187,0.025610397601623862,0.00080008800483053638,32
2,0.049087385212340517,4.0096751670000003e-05,8000.0000001282015,0.025112983574786762,0.00069553900477483635,32
2,0.049087385212340517,4.0096751670000003e-05,8100.0000001303843,0.024327244733681537,0.00072706694477752581,32
2,0.049087385212340517,4.0096751670000003e-05,8200.0000001325661,0.023779570326416814,0.0009215136612512443,32
2,0.049087385212340517,4.0096751670000003e-05,8300.0000001347489,0.023976042215274513,0.0011011923655319395,32
2,0.049087385212340517,4.0096751670000003e-05,8400.0000001369317,0.024082403522648448,0.001098805817683009,32
2,0.049087385212340517,4.0096751670000003e-05,8500.0000001391145,0.023983992829500832,0.0011326436003862778,32
2,0.049087385212340517,4.0096751670000003e-05,8600.0000001412973,0.023863551703949454,0.0010786329335892794,32
2,0.049087385212340517,4.0096751670000003e-05,8700.0000001434801,0.023782370420281584,0.0010745949958630287,32
2,0.049087385212340517,4.0096751670000003e-05,8800.0000001456629,0.023699792846542909,0.00093848040362727451,32
2,0.049087385212340517,4.0096751670000003e-05,8900.0000001478456,0.024332316378250427,0.00097202970223254589,32
2,0.049087385212340517,4.0096751670000003e-05,9000.0000001500284,0.024321084878405948,0.0010528613961341392,32
2,0.049087385212340517,4.0096751670000003e-05,9100.0000001522112,0.024162615386332974,0.0010548692456356203,32
2,0.049087385212340517,4.0096751670000003e-05,9200.000000154394,0.024246623274471833,0.0011133764267432088,32
2,0.049087385212340517,4.0096751670000003e-05,9300.0000001565768,0.024684190974444929,0.0010044760748701878,32
2,0.049087385212340517,4.0096751670000003e-05,9400.0000001587596,0.025540437193367131,0.00089970452266830304,32
2,0.049087385212340517,4.0096751670000003e-05,9500.0000001609424,0.025550775322661617,0.00085923618005980798,32
2,0.049087385212340517,4.0096751670000003e-05,9600.0000001631252,0.025426867301561129,0.00086994027593843913,32
2,0.049087385212340517,4.0096751670000003e-05,9700.0000001653079,0.025236718913433494,0.00087060879546256131,32
2,0.049087385212340517,4.0096751670000003e-05,9800.0000001674907,0.024855073992932016,0.00078179765502673683,32
2,0.049087385212340517,4.0096751670000003e-05,9900.0000001696735,0.024652110318702503,0.00077294411421165578,32
2,0.049087385212340517,4.0096751670000003e-05,10000.000000171856,0.024998383253129232,0.00084291966563916729,32
2,0.049087385212340517,4.0096751670000003e-05,10100.000000174039,0.025236883101845131,0.00096830757870087158,32
2,0.049087385212340517,4.0096751670000003e-05,10200.000000176222,0.024936637836706278,0.00094097972260637067,32
2,0.049087385212340517,4.0096751670000003e-05,10300.000000178405,0.024635728796520266,0.00092589868026204361,32
2,0.049087385212340517,4.0096751670000003e-05,10400.000000180587,0.024991385920171531,0.00094722740965898602,32
2,0.049087385212340517,4.0096751670000003e-05,10500.00000018277,0.024337546625550627,0.0010298858831390423,32
2,0.049087385212340517,4.0096751670000003e-05,10600.000000184953,0.024107291302109052,0.001089873994090578,32
2,0.049087385212340517,4.0096751670000003e-05,10700.000000187136,0.024564549293267283,0.00109068072812214,32
2,0.049087385212340517,4.0096751670000003e-05,10800.000000189319,0.024637200992293013,0.00092795881901111825,32
2,0.049087385212340517,4.0096751670000003e-05,10900.000000191501,0.024782789011419049,0.00081899640299745334,32
2,0.049087385212340517,4.0096751670000003e-05,11000.000000193684,0.025248661349962939,0.00076504984342244556,32
2,0.049087385212340517,4.0096751670000003e-05,11100.000000195867,0.025106406610724011,0.00086659031352135025,32
2,0.049087385212340517,4.0096751670000003e-05,11200.00000019805,0.024307662148743921,0.00099440176612980457,32
2,0.049087385212340517,4.0096751670000003e-05,11300.000000200233,0.02489805125640572,0.00097802255160098824,32
2,0.049087385212340517,4.0096751670000003e-05,11400.000000202415,0.025365333469340692,0.00083420031971411196,32
2,0.049087385212340517,4.0096751670000003e-05,11500.000000204598,0.025519405222975248,0.00085734163840226472,32
2,0.049087385212340517,4.0096751670000003e-05,11600.000000206781,0.026145159636719817,0.00087696901558606121,32
2,0.049087385212340517,4.0096751670000003e-05,11700.000000208964,0.026239071535234991,0.00086645055344264442,32
2,0.049087385212340517,4.0096751670000003e-05,11800.000000211146,0.026418633828764485,0.00088045536225103401,32
2,0.049087385212340517,4.0096751670000003e-05,11900.000000213329,0.026022764999389374,0.00086696617548571336,32
2,0.049087385212340517,4.0096751670000003e-05,12000.000000215512,0.025532650930644857,0.0008102925785668535,32
2,0.049087385212340517,4.0096751670000003e-05,12100.000000217695,0.025533296199349829,0.0007703613557962603,32
2,0.049087385212340517,4.0096751670000003e-05,12200.000000219878,0.025547797961290836,0.00078367854077613004,32
2,0.049087385212340517,4.0096751670000003e-05,12300.00000022206,0.025788374698184655,0.00076381387385473652,32
2,0.049087385212340517,4.0096751670000003e-05,12400.000000224243,0.025457912310523811,0.00090006557853055335,32
2,0.049087385212340517,4.0096751670000003e-05,12500.000000226426,0.024750491532805084,0.00085340449497282791,32
2,0.049087385212340517,4.0096751670000003e-05,12600.000000228609,0.024704351129287636,0.00095919001106094639,32
2,0.049087385212340517,4.0096751670000003e-05,12700.000000230792,0.024884173644846241,0.0010747743658104543,32
2,0.049087385212340517,4.0096751670000003e-05,12800.000000232974,0.024645695862664362,0.0010347327202667538,32
2,0.049087385212340517,4.0096751670000003e-05,12900.000000235157,0.024716619700692454,0.0010651816435355459,32
2,0.049087385212340517,4.0096751670000003e-05,13000.00000023734,0.025741543386002593,0.00097402686311735874,32
2,0.049087385212340517,4.0096751670000003e-05,13100.000000239523,0.026434095153771951,0.0010043152531264248,32
2,0.049087385212340517,4.0096751670000003e-05,13200.000000241705,0.026422921415268072,0.00094876264205782772,32
2,0.049087385212340517,4.0096751670000003e-05,13300.000000243888,0.026590121537576228,0.00092033778537013863,32
2,0.049087385212340517,4.0096751670000003e-05,13400.000000246071,0.026490810673303444,0.00092139769047986763,32
2,0.049087385212340517,4.0096751670000003e-05,13500.000000248254,0.025915313137532522,0.00078245784967565944,32
2,0.049087385212340517,4.0096751670000003e-05,13600.000000250437,0.025477323686346587,0.00084075936790678062,32
2,0.049087385212340517,4.0096751670000003e-05,13700.000000252619,0.024762197790485104,0.00092884245115437897,32
2,0.049087385212340517,4.0096751670000003e-05,13800.000000254802,0.024623834906024437,0.00092794048387870298,32
2,0.049087385212340517,4.0096751670000003e-05,13900.000000256985,0.024061460036194554,0.00083959538636237975,32
2,0.049087385212340517,4.0096751670000003e-05,14000.000000259168,0.024678114789966489,0.00083113517755502167,32
2,0.049087385212340517,4.0096751670000003e-05,14100.000000261351,0.02448924122600573,0.00082077390474021841,32
2,0.049087385212340517,4.0096751670000003e-05,14200.000000263533,0.024111678755734757,0.00071076916720934336,32
2,0.049087385212340517,4.0096751670000003e-05,14300.000000265716,0.023926077231688846,0.00077364518424289264,32
2,0.049087385212340517,4.0096751670000003e-05,14400.000000267899,0.024686260101238502,0.00083439118142788864,32
2,0.049087385212340517,4.0096751670000003e-05,14500.000000270082,0.02431474572235624,0.00088959851264460918,32
2,0.049087385212340517,4.0096751670000003e-05,14600.000000272265,0.024596080680715372,0.00097729015926960468,32
2,0.049087385212340517,4.0096751670000003e-05,14700.000000274447,0.025032142915387291,0.00099300650533178992,32
2,0.049087385212340517,4.0096751670000003e-05,14800.00000027663,0.025398612671308718,0.0009308986816676301,32
2,0.049087385212340517,4.0096751670000003e-05,14900.000000278813,0.025557140506046069,0.00090230161344527807,32
2,0.049087385212340517,4.0096751670000003e-05,15000.000000280996,0.02518683901819762,0.00092862605672566257,32
2,0.049087385212340517,4.0096751670000003e-05,15100.000000283178,0.026014129664189849,0.00090880984871354693,32
2,0.049087385212340517,4.0096751670000003e-05,15200.000000285361,0.025467434704843115,0.00086341825178342085,32
2,0.049087385212340517,4.0096751670000003e-05,15300.000000287544,0.026046055409666171,0.0010267566481625624,32
2,0.049087385212340517,4.0096751670000003e-05,15400.000000289727,0.026160572039000431,0.0010852199613986043,32
2,0.049087385212340517,4.0096751670000003e-05,15500.00000029191,0.026379671104034625,0.0011205054138133069,32
2,0.049087385212340517,4.0096751670000003e-05,15600.000000294092,0.026641910300592229,0.0011399005426262591,32
2,0.049087385212340517,4.0096751670000003e-05,15700.000000296275,0.026145255348449786,0.0010595582398126196,32
2,0.049087385212340517,4.0096751670000003e-05,15800.000000298458,0.025990478641957106,0.0010209577088959366,32
2,0.049087385212340517,4.0096751670000003e-05,15900.000000300641,0.02620253326205348,0.0009405107919531917,32
2,0.049087385212340517,4.0096751670000003e-05,16000.000000302824,0.025842325427674544,0.00088082429067470858,32
2,0.049087385212340517,4.0096751670000003e-05,16100.000000305006,0.026081034127277393,0.00084291139955052581,32
2,0.049087385212340517,4.0096751670000003e-05,16200.000000307189,0.026256508923777469,0.00083638116876647505,32
2,0.049087385212340517,4.0096751670000003e-05,16300.000000309372,0.025532563010768526,0.0010231122137507084,32
2,0.049087385212340517,4.0096751670000003e-05,16400.000000308642,0.025214310137047731,0.0010627146865179243,32
2,0.049087385212340517,4.0096751670000003e-05,16500.000000292635,0.025301490258183304,0.0010127016516645515,32
2,0.049087385212340517,4.0096751670000003e-05,16600.000000276628,0.025243496629495613,0.0010196669526472298,32
2,0.049087385212340517,4.0096751670000003e-05,16700.000000260621,0.025277928897678093,0.00096025655063438091,32
2,0.049087385212340517,4.0096751670000003e-05,16800.000000244614,0.025254541707899616,0.001033418059634127,32
2,0.049087385212340517,4.0096751670000003e-05,16900.000000228607,0.025258316884279895,0.0010812431890320183,32
2,0.049087385212340517,4.0096751670000003e-05,17000.0000002126,0.025758069971539822,0.0010232396676483455,32
2,0.049087385212340517,4.0096751670000003e-05,17100.000000196593,0.025846645940320188,0.0011289815278872101,32
2,0.049087385212340517,4.0096751670000003e-05,17200.000000180586,0.025902003841753125,0.0011418520514377111,32
2,0.049087385212340517,4.0096751670000003e-05,17300.000000164579,0.024555850688881817,0.0010937758181484725,32
2,0.049087385212340517,4.0096751670000003e-05,17400.000000148571,0.024298883079213632,0.0011462339102558828,32
2,0.049087385212340517,4.0096751670000003e-05,17500.000000132564,0.024147588126508992,0.0011392071428437513,32
2,0.049087385212340517,4.0096751670000003e-05,17600.000000116557,0.024451963278171132,0.0010396452242503705,32
2,0.049087385212340517,4.0096751670000003e-05,17700.00000010055,0.024628170727319577,0.00091593231831585897,32
2,0.049087385212340517,4.0096751670000003e-05,17800.000000084543,0.024550610062500117,0.00089830699529767932,32
2,0.049087385212340517,4.0096751670000003e-05,17900.000000068536,0.024272099194217883,0.00084988260939708416,32
2,0.049087385212340517,4.0096751670000003e-05,18000.000000052529,0.02471358996185553,0.00093577328633624973,32
2,0.049087385212340517,4.0096751670000003e-05,18100.000000036522,0.02515485545546799,0.0010981736688477504,32
2,0.049087385212340517,4.0096751670000003e-05,18200.000000020515,0.024580510338798347,0.0010990563470353975,32
2,0.049087385212340517,4.0096751670000003e-05,18300.000000004507,0.024353087216049372,0.0012774267522582764,32
2,0.049087385212340517,4.0096751670000003e-05,18399.9999999885,0.024175547596658419,0.0012351855123050662,32
2,0.049087385212340517,4.0096751670000003e-05,18499.999999972493,0.024011079987901786,0.001081011113806114,32
2,0.049087385212340517,4.0096751670000003e-05,18599.999999956486,0.024055607965601154,0.00099697939085184139,32
2,0.049087385212340517,4.0096751670000003e-05,18699.999999940479,0.024263374041276514,0.0010338197689529474,32
2,0.049087385212340517,4.0096751670000003e-05,18799.999999924472,0.024320211727365541,0.0011204121410592655,32
2,0.049087385212340517,4.0096751670000003e-05,18899.999999908465,0.024138362133705332,0.0010829002351026744,32
2,0.049087385212340517,4.0096751670000003e-05,18999.999999892458,0.024147833367797064,0.0011468295518262677,32
2,0.049087385212340517,4.0096751670000003e-05,19099.999999876451,0.02451957341808585,0.0012034316139885909,32
2,0.049087385212340517,4.0096751670000003e-05,19199.999999860443,0.024157302385345965,0.0012157681765182237,32
2,0.049087385212340517,4.0096751670000003e-05,19299.999999844436,0.023976270736202426,0.0010167185042181063,32
2,0.049087385212340517,4.0096751670000003e-05,19399.999999828429,0.02417082092771719,0.00095855804366462246,32
2,0.049087385212340517,4.0096751670000003e-05,19499.999999812422,0.024243762614306053,0.00093871518919773226,32
2,0.049087385212340517,4.0096751670000003e-05,19599.999999796415,0.024150606969949195,0.00096609673582263953,32
2,0.049087385212340517,4.0096751670000003e-05,19699.999999780408,0.024616950525611095,0.0010297147473364938,32
2,0.049087385212340517,4.0096751670000003e-05,19799.999999764401,0.024923354117801253,0.0010132142598230935,32
2,0.049087385212340517,4.0096751670000003e-05,19899.999999748394,0.025177787949758543,0.0009182498806343932,32
2,0.049087385212340517,4.0096751670000003e-05,19999.999999732387,0.025010432629677629,0.00093975243873182449,32
2,0.049087385212340517,4.0096751670000003e-05,20099.99999971638,0.025203258183366568,0.0010546085557570518,32
2,0.049087385212340517,4.0096751670000003e-05,20199.999999700372,0.025218783414049924,0.00095778024049314296,32
2,0.049087385212340517,4.0096751670000003e-05,20299.999999684365,0.025303605929455963,0.00094274022695848604,32
2,0.049087385212340517,4.0096751670000003e-05,20399.999999668358,0.02504801128126851,0.00098760584496433235,32
2,0.049087385212340517,4.0096751670000003e-05,20499.999999652351,0.024638515365717473,0.0010294478372513904,32
2,0.049087385212340517,4.0096751670000003e-05,20599.999999636344,0.024578010066126029,0.00097956843518864564,32
2,0.049087385212340517,4.0096751670000003e-05,20699.999999620337,0.024682274815635785,0.0010398706253207989,32
2,0.049087385212340517,4.0096751670000003e-05,20799.99999960433,0.02490426760549664,0.0011276789836958034,32
2,0.049087385212340517,4.0096751670000003e-05,20899.999999588323,0.024775229716143692,0.0010678230387776741,32
2,0.049087385212340517,4.0096751670000003e-05,20999.999999572316,0.025160654721074888,0.00097259765159422363,32
2,0.049087385212340517,4.0096751670000003e-05,21099.999999556308,0.025554340995856677,0.0010703811051919825,32
2,0.049087385212340517,4.0096751670000003e-05,21199.999999540301,0.025400505524310033,0.001114703749092486,32
2,0.049087385212340517,4.0096751670000003e-05,21299.999999524294,0.02472982808998293,0.00099748160741678499,32
2,0.049087385212340517,4.0096751670000003e-05,21399.999999508287,0.02474434103088707,0.00087536760810650346,32
2,0.049087385212340517,4.0096751670000003e-05,21499.99999949228,0.024423191495582162,0.00090859797691000116,32
2,0.049087385212340517,4.0096751670000003e-05,21599.999999476273,0.023703415395843596,0.00096839227436438862,32
2,0.049087385212340517,4.0096751670000003e-05,21699.999999460266,0.023728826180258678,0.00098395325956100797,32
2,0.049087385212340517,4.0096751670000003e-05,21799.999999444259,0.023920749074801902,0.00089153233371688497,32
2,0.049087385212340517,4.0096751670000003e-05,21899.999999428252,0.024207138096269312,0.00088107051117795312,32
2,0.049087385212340517,4.0096751670000003e-05,21999.999999412245,0.024326518477395632,0.00096168250558587172,32
2,0.049087385212340517,4.0096751670000003e-05,22099.999999396237,0.02465086313936278,0.00097167616588461332,32
2,0.049087385212340517,4.0096751670000003e-05,22199.99999938023,0.024695087164379334,0.00101328868757492,32
2,0.049087385212340517,4.0096751670000003e-05,22299.999999364223,0.02473486173286709,0.00091863582809864196,32
2,0.049087385212340517,4.0096751670000003e-05,22399.999999348216,0.025241605131515247,0.00077893046128165008,32
2,0.049087385212340517,4.0096751670000003e-05,22499.999999332209,0.025458156139385867,0.00088366673216511583,32
2,0.049087385212340517,4.0096751670000003e-05,22599.999999316202,0.024642997155966889,0.0010133653154271007,32
2,0.049087385212340517,4.0096751670000003e-05,22699.999999300195,0.024884426290042439,0.00090942420644688946,32
2,0.049087385212340517,4.0096751670000003e-05,22799.999999284188,0.024933345400789748,0.00082138836223905878,32
2,0.049087385212340517,4.0096751670000003e-05,22899.999999268181,0.025329836534132118,0.00088968034683640509,32
2,0.049087385212340517,4.0096751670000003e-05,22999.999999252173,0.02550391035402453,0.00077197629160035265,32
2,0.049087385212340517,4.0096751670000003e-05,23099.999999236166,0.025360882069027795,0.00075243249645371997,32
2,0.049087385212340517,4.0096751670000003e-05,23199.999999220159,0.024088954658234126,0.00080347284562278421,32
2,0.049087385212340517,4.0096751670000003e-05,23299.999999204152,0.023759776349046399,0.00081786472208880429,32
2,0.049087385212340517,4.0096751670000003e-05,23399.999999188145,0.023516497865858181,0.00084010755931551988,32
2,0.049087385212340517,4.0096751670000003e-05,23499.999999172138,0.024161416858183966,0.00079519450434610182,32
2,0.049087385212340517,4.0096751670000003e-05,23599.999999156131,0.024483524111529896,0.0008476595731577235,32
2,0.049087385212340517,4.0096751670000003e-05,23699.999999140124,0.024354926041062749,0.00093122807407684371,32
2,0.049087385212340517,4.0096751670000003e-05,23799.999999124117,0.024801664306096233,0.00079716878401220391,32
2,0.049087385212340517,4.0096751670000003e-05,23899.999999108109,0.024418299941212661,0.0007489454202333479,32
2,0.049087385212340517,4.0096751670000003e-05,23999.999999092102,0.024860020848360004,0.00071813078739729199,32
2,0.049087385212340517,4.0096751670000003e-05,24099.999999076095,0.025221885976250497,0.00089640067444328377,32
2,0.049087385212340517,4.0096751670000003e-05,24199.999999060088,0.024936893328011026,0.00096247024756022643,32
2,0.049087385212340517,4.0096751670000003e-05,24299.999999044081,0.02479553283677215,0.00088717843669236713,32
2,0.049087385212340517,4.0096751670000003e-05,24399.999999028074,0.024636429553325644,0.00089850034976181401,32
2,0.049087385212340517,4.0096751670000003e-05,24499.999999012067,0.024501794670544752,0.00087860249640261164,32
2,0.049087385212340517,4.0096751670000003e-05,24599.99999899606,0.02440174556895042,0.00088800319131793377,32
2,0.049087385212340517,4.0096751670000003e-05,24699.999998980053,0.024359893018718975,0.00082444853969633686,32
2,0.049087385212340517,4.0096751670000003e-05,24799.999998964046,0.024575572762460668,0.00078325147186637312,32
2,0.049087385212340517,4.0096751670000003e-05,24899.999998948038,0.024898880111238083,0.00084521466911957914,32
2,0.049087385212340517,4.0096751670000003e-05,24999.999998932031,0.024685821456844129,0.00086541798589288984,32
2,0.049087385212340517,4.0096751670000003e-05,25099.999998916024,0.024317967815460553,0.00092573409249183851,32
2,0.049087385212340517,4.0096751670000003e-05,25199.999998900017,0.024398888987544849,0.00090556171131431435,32
2,0.049087385212340517,4.0096751670000003e-05,25299.99999888401,0.024407301687529175,0.00080761098457345743,32
2,0.049087385212340517,4.0096751670000003e-05,25399.999998868003,0.024344057991289161,0.0008730948892151537,32
2,0.049087385212340517,4.0096751670000003e-05,25499.999998851996,0.024579092250915108,0.00097230388453439884,32
2,0.049087385212340517,4.0096751670000003e-05,25599.999998835989,0.026067357881413299,0.00085988504003558413,32
2,0.049087385212340517,4.0096751670000003e-05,25699.999998819982,0.025923275579813929,0.00081535944106449459,32
2,0.049087385212340517,4.0096751670000003e-05,25799.999998803974,0.0252582933130534,0.00078812971366966909,32
2,0.049087385212340517,4.0096751670000003e-05,25899.999998787967,0.025382787705132279,0.00078743785241447884,32
2,0.049087385212340517,4.0096751670000003e-05,25999.99999877196,0.025988806580368742,0.00093341347372561409,32
2,0.049087385212340517,4.0096751670000003e-05,26099.999998755953,0.026534979054852095,0.00095285667951263428,32
2,0.049087385212340517,4.0096751670000003e-05,26199.999998739946,0.026093272354578232,0.0010151238451639468,32
2,0.049087385212340517,4.0096751670000003e-05,26299.999998723939,0.025500371846936938,0.0010218984948839891,32
2,0.049087385212340517,4.0096751670000003e-05,26399.999998707932,0.025510011098401963,0.0010537918009225623,32
2,0.049087385212340517,4.0096751670000003e-05,26499.999998691925,0.025463945352480453,0.0010932105247542399,32
2,0.049087385212340517,4.0096751670000003e-05,26599.999998675918,0.025432934222484868,0.0011574775682391886,32
2,0.049087385212340517,4.0096751670000003e-05,26699.99999865991,0.025503802173082016,0.0011889830480682842,32
2,0.049087385212340517,4.0096751670000003e-05,26799.999998643903,0.025784836720264128,0.001135510698718962,32
2,0.049087385212340517,4.0096751670000003e-05,26899.999998627896,0.025249011592057138,0.0011863678690962637,32
2,0.049087385212340517,4.0096751670000003e-05,26999.999998611889,0.025224418225521385,0.0011964058857831467,32
2,0.049087385212340517,4.0096751670000003e-05,27099.999998595882,0.024693687393024827,0.0012607728459524019,32
2,0.049087385212340517,4.0096751670000003e-05,27199.999998579875,0.024000284304285056,0.0012155761425580237,32
2,0.049087385212340517,4.0096751670000003e-05,27299.999998563868,0.024468174829807701,0.0010812352248661017,32
2,0.049087385212340517,4.0096751670000003e-05,27399.999998547861,0.025219454968486498,0.00097976948231607913,32
2,0.049087385212340517,4.0096751670000003e-05,27499.999998531854,0.025205297992162388,0.00080329817198599763,32
2,0.049087385212340517,4.0096751670000003e-05,27599.999998515847,0.025312910390981117,0.000631954850701416,32
2,0.049087385212340517,4.0096751670000003e-05,27699.999998499839,0.025399884040818464,0.00063570375557298118,32
2,0.049087385212340517,4.0096751670000003e-05,27799.999998483832,0.02471080336682259,0.00066538760045505355,32
2,0.049087385212340517,4.0096751670000003e-05,27899.999998467825,0.024199802826715175,0.00068617844073037826,32
2,0.049087385212340517,4.0096751670000003e-05,27999.999998451818,0.024289863677054338,0.00072548651603578985,32
2,0.049087385212340517,4.0096751670000003e-05,28099.999998435811,0.024733386902111687,0.00078277327917870691,32
2,0.049087385212340517,4.0096751670000003e-05,28199.999998419804,0.025274928297098865,0.00085079256324809721,32
2,0.049087385212340517,4.0096751670000003e-05,28299.999998403797,0.024684246497558779,0.00083014512943729922,32
2,0.049087385212340517,4.0096751670000003e-05,28399.99999838779,0.025165970549736304,0.00087075725820755744,32
2,0.049087385212340517,4.0096751670000003e-05,28499.999998371783,0.025439340678315304,0.00079591926741841605,32
2,0.049087385212340517,4.0096751670000003e-05,28599.999998355775,0.025579848259736752,0.0009025116944097858,32
2,0.049087385212340517,4.0096751670000003e-05,28699.999998339768,0.026314478995281228,0.00078251250212980439,32
2,0.049087385212340517,4.0096751670000003e-05,28799.999998323761,0.026302742491674098,0.00077034623166187771,32
2,0.049087385212340517,4.0096751670000003e-05,28899.999998307754,0.026046751237335755,0.00089515312853500478,32
2,0.049087385212340517,4.0096751670000003e-05,28999.999998291747,0.025232769768674987,0.00093248866462620301,32
2,0.049087385212340517,4.0096751670000003e-05,29099.99999827574,0.025322557917777419,0.00094949769161645366,32
2,0.049087385212340517,4.0096751670000003e-05,29199.999998259733,0.025052199965784842,0.00091048481018515728,32
2,0.049087385212340517,4.0096751670000003e-05,29299.999998243726,0.02487927747749695,0.00092231943455723102,32
2,0.049087385212340517,4.0096751670000003e-05,29399.999998227719,0.024463484045546328,0.00099449816917916082,32
2,0.049087385212340517,4.0096751670000003e-05,29499.999998211711,0.024721319320026656,0.0010849150556604657,32
2,0.049087385212340517,4.0096751670000003e-05,29599.999998195704,0.024532306225500424,0.0011047893467941222,32
2,0.049087385212340517,4.0096751670000003e-05,29699.999998179697,0.024955908813277781,0.0011204826563978791,32
2,0.049087385212340517,4.0096751670000003e-05,29799.99999816369,0.025957509052469765,0.0010784673386398905,32
2,0.049087385212340517,4.0096751670000003e-05,29899.999998147683,0.025675819713350818,0.001008504113082465,32
2,0.049087385212340517,4.0096751670000003e-05,29999.999998131676,0.025385760953650641,0.00095272667486364867,32
2,0.049087385212340517,4.0096751670000003e-05,30099.999998115669,0.025363611463577743,0.0009902895183777397,32
2,0.049087385212340517,4.0096751670000003e-05,30199.999998099662,0.024826054859563216,0.0010035034077047003,32
2,0.049087385212340517,4.0096751670000003e-05,30299.999998083655,0.02491750097052526,0.0010750049397009172,32
2,0.049087385212340517,4.0096751670000003e-05,30399.999998067648,0.025039462846494564,0.00095178003831036372,32
2,0.049087385212340517,4.0096751670000003e-05,30499.99999805164,0.024394226001431731,0.00086454200850086033,32
2,0.049087385212340517,4.0096751670000003e-05,30599.999998035633,0.023953951185314487,0.00085176398688362176,32
2,0.049087385212340517,4.0096751670000003e-05,30699.999998019626,0.023844109882140477,0.00086387915568557209,32
2,0.049087385212340517,4.0096751670000003e-05,30799.999998003619,0.024266242048028429,0.00087928295595503974,32
2,0.049087385212340517,4.0096751670000003e-05,30899.999997987612,0.024924109803420014,0.00088741453631623187,32
2,0.049087385212340517,4.0096751670000003e-05,30999.999997971605,0.025720727942478244,0.00090695624613977099,32
2,0.049087385212340517,4.0096751670000003e-05,31099.999997955598,0.026221567323472843,0.0008736766966218238,32
2,0.049087385212340517,4.0096751670000003e-05,31199.999997939591,0.026512422152993691,0.00091886177745857515,32
2,0.049087385212340517,4.0096751670000003e-05,31299.999997923584,0.026461821176124334,0.0010045946375782291,32
2,0.049087385212340517,4.0096751670000003e-05,31399.999997907576,0.026235629085337709,0.0010248408264643932,32
2,0.049087385212340517,4.0096751670000003e-05,31499.999997891569,0.026015126084637789,0.00094922356604817731,32
2,0.049087385212340517,4.0096751670000003e-05,31599.999997875562,0.025952022886012397,0.00099681411569036435,32
2,0.049087385212340517,4.0096751670000003e-05,31699.999997859555,0.026043080336000148,0.00092777384515781017,32
2,0.049087385212340517,4.0096751670000003e-05,31799.999997843548,0.02619007119949587,0.00089030940236912667,32
2,0.049087385212340517,4.0096751670000003e-05,31899.999997827541,0.025714892468039371,0.00091340207720938538,32
2,0.049087385212340517,4.0096751670000003e-05,31999.999997811534,0.02582918651825588,0.00091791261572075509,32
2,0.049087385212340517,4.0096751670000003e-05,32099.999997795527,0.026025212078154676,0.00093946274964339658,32
2,0.049087385212340517,4.0096751670000003e-05,32199.99999777952,0.02546852051103695,0.00091194298765672963,32
2,0.049087385212340517,4.0096751670000003e-05,32299.999997763513,0.025346168632215289,0.00090025727079020787,32
2,0.049087385212340517,4.0096751670000003e-05,32399.999997747505,0.025102279149793558,0.00091489681137079445,32
2,0.049087385212340517,4.0096751670000003e-05,32499.999997731498,0.02464579833517876,0.00091156684359852854,32
2,0.049087385212340517,4.0096751670000003e-05,32599.999997715491,0.024915504515223945,0.00084483271403281335,32
2,0.049087385212340517,4.0096751670000003e-05,32699.999997699484,0.025168963369383551,0.00094376491173981791,32
2,0.049087385212340517,4.0096751670000003e-05,32799.999997695115,0.025531054409003204,0.00095846500952092434,32
2,0.049087385212340517,4.0096751670000003e-05,32899.999997715488,0.025518004418227731,0.0010227547149532709,32
2,0.049087385212340517,4.0096751670000003e-05,32999.99999773586,0.025046693715194725,0.00095704570978638462,32
2,0.049087385212340517,4.0096751670000003e-05,33099.999997756233,0.024233722576403643,0.00098398877164788956,32
2,0.049087385212340517,4.0096751670000003e-05,33199.999997776606,0.024277519825936494,0.0010191468255209026,32
2,0.049087385212340517,4.0096751670000003e-05,33299.999997796978,0.024647584725759876,0.00092068638515240746,32
2,0.049087385212340517,4.0096751670000003e-05,33399.999997817351,0.024736178347391176,0.00075999806614529682,32
2,0.049087385212340517,4.0096751670000003e-05,33499.999997837724,0.024813168010538632,0.00062826019306877197,32
2,0.049087385212340517,4.0096751670000003e-05,33599.999997858096,0.025033871829479651,0.00056718060933875906,32
2,0.049087385212340517,4.0096751670000003e-05,33699.999997878469,0.025522444336875189,0.00060776636212160693,32
2,0.049087385212340517,4.0096751670000003e-05,33799.999997898842,0.025110368966430784,0.00075769704514907794,32
2,0.049087385212340517,4.0096751670000003e-05,33899.999997919214,0.024967380117664351,0.00089406062819623073,32
2,0.049087385212340517,4.0096751670000003e-05,33999.999997939587,0.024833976862189397,0.00095575820638849605,32
2,0.049087385212340517,4.0096751670000003e-05,34099.99999795996,0.024353062957368995,0.00098259958913977604,32
2,0.049087385212340517,4.0096751670000003e-05,34199.999997980332,0.024133443639987331,0.00102091276339908,32
2,0.049087385212340517,4.0096751670000003e-05,34299.999998000705,0.023959309840212255,0.001016520478376018,32
2,0.049087385212340517,4.0096751670000003e-05,34399.999998021078,0.023943460762247386,0.00097848535664997417,32
2,0.049087385212340517,4.0096751670000003e-05,34499.99999804145,0.023967212913615591,0.00094588321266584805,32
2,0.049087385212340517,4.0096751670000003e-05,34599.999998061823,0.024283139555662577,0.00097012202684715841,32
2,0.049087385212340517,4.0096751670000003e-05,34699.999998082196,0.024057186177532674,0.0010189746342461072,32
2,0.049087385212340517,4.0096751670000003e-05,34799.999998102568,0.024793706210722147,0.0010393615998602087,32
2,0.049087385212340517,4.0096751670000003e-05,34899.999998122941,0.025506214904142035,0.0010539531430430135,32
2,0.049087385212340517,4.0096751670000003e-05,34999.999998143314,0.025030985099293752,0.0010717247027271014,32
2,0.049087385212340517,4.0096751670000003e-05,35099.999998163687,0.025017079861086765,0.0010254823893305685,32
2,0.049087385212340517,4.0096751670000003e-05,35199.999998184059,0.025302022467817282,0.00098074991456284337,32
2,0.049087385212340517,4.0096751670000003e-05,35299.999998204432,0.025296726361799814,0.00097211874935699432,32
2,0.049087385212340517,4.0096751670000003e-05,35399.999998224805,0.025538020454623327,0.001050847859975857,32
2,0.049087385212340517,4.0096751670000003e-05,35499.999998245177,0.024754823182145138,0.0010961697692856657,32
2,0.049087385212340517,4.0096751670000003e-05,35599.99999826555,0.025268623464115621,0.0010160738982734235,32
2,0.049087385212340517,4.0096751670000003e-05,35699.999998285923,0.025119319148850502,0.0010513410856207879,32
2,0.049087385212340517,4.0096751670000003e-05,35799.999998306295,0.024757044828512629,0.001015803821177753,32
2,0.049087385212340517,4.0096751670000003e-05,35899.999998326668,0.025243298240573756,0.00095168616067468795,32
2,0.049087385212340517,4.0096751670000003e-05,35999.999998347041,0.025502202496659455,0.0010079547844654079,32
2,0.049087385212340517,4.0096751670000003e-05,36099.999998367413,0.025555407870427323,0.00092237148005553564,32
2,0.049087385212340517,4.0096751670000003e-05,36199.999998387786,0.025234058600249493,0.00083393268683605701,32
2,0.049087385212340517,4.0096751670000003e-05,36299.999998408159,0.024487271880407984,0.0008938047382596162,32
2,0.049087385212340517,4.0096751670000003e-05,36399.999998428531,0.025244873084681031,0.0008628556048203154,32
2,0.049087385212340517,4.0096751670000003e-05,36499.999998448904,0.025456431581656124,0.00078782403663299851,32
2,0.049087385212340517,4.0096751670000003e-05,36599.999998469277,0.024996885444555701,0.00075476384510891122,32
2,0.049087385212340517,4.0096751670000003e-05,36699.999998489649,0.024773198506671076,0.0008673933972294628,32
2,0.049087385212340517,4.0096751670000003e-05,36799.999998510022,0.024461230850598509,0.00093196025122176541,32
2,0.049087385212340517,4.0096751670000003e-05,36899.999998530395,0.024352228059203476,0.0010155817829065317,32
2,0.049087385212340517,4.0096751670000003e-05,36999.999998550767,0.024649941744159513,0.0011326671286291245,32
2,0.049087385212340517,4.0096751670000003e-05,37099.99999857114,0.024515681551567404,0.0010492042315367288,32
2,0.049087385212340517,4.0096751670000003e-05,37199.999998591513,0.024921782015273699,0.00094850160855623668,32
2,0.049087385212340517,4.0096751670000003e-05,37299.999998611886,0.025147113389023597,0.00092106422679361782,32
2,0.049087385212340517,4.0096751670000003e-05,37399.999998632258,0.02473308123701605,0.001014233119875166,32
2,0.049087385212340517,4.0096751670000003e-05,37499.999998652631,0.024549494771201202,0.0010300841111647422,32
2,0.049087385212340517,4.0096751670000003e-05,37599.999998673004,0.024478919242050496,0.0010256837265223333,32
2,0.049087385212340517,4.0096751670000003e-05,37699.999998693376,0.024480478059606695,0.00097917686205627034,32
2,0.049087385212340517,4.0096751670000003e-05,37799.999998713749,0.024628780309590058,0.0010312769122487657,32
2,0.049087385212340517,4.0096751670000003e-05,37899.999998734122,0.025275339118724496,0.0011225018036462103,32
2,0.049087385212340517,4.0096751670000003e-05,37999.999998754494,0.02541059590426941,0.0012600225441358583,32
2,0.049087385212340517,4.0096751670000003e-05,38099.999998774867,0.025194211488856037,0.0011493333969277029,32
2,0.049087385212340517,4.0096751670000003e-05,38199.99999879524,0.024944495373285986,0.0010260881477889034,32
2,0.049087385212340517,4.0096751670000003e-05,38299.999998815612,0.025222291678248923,0.0009810599898349493,32
2,0.049087385212340517,4.0096751670000003e-05,38399.999998835985,0.025219007686540784,0.00094851187782107188,32
2,0.049087385212340517,4.0096751670000003e-05,38499.999998856358,0.025228072840200479,0.00096835621648415728,32
2,0.049087385212340517,4.0096751670000003e-05,38599.99999887673,0.025228605175636624,0.00084751338099679796,32
2,0.049087385212340517,4.0096751670000003e-05,38699.999998897103,0.024962360193073452,0.00086479763947544769,32
2,0.049087385212340517,4.0096751670000003e-05,38799.999998917476,0.02499663525986787,0.00091613914426824487,32
2,0.049087385212340517,4.0096751670000003e-05,38899.999998937848,0.024924874619262127,0.00096447338708818082,32
2,0.049087385212340517,4.0096751670000003e-05,38999.999998958221,0.025605747856628946,0.00086420580194232922,32
2,0.049087385212340517,4.0096751670000003e-05,39099.999998978594,0.025696732151014343,0.00085577295322423477,32
2,0.049087385212340517,4.0096751670000003e-05,39199.999998998966,0.025736787236900181,0.00092245217527312786,32
2,0.049087385212340517,4.0096751670000003e-05,39299.999999019339,0.025303204043928527,0.00096068246708963837,32
2,0.049087385212340517,4.0096751670000003e-05,39399.999999039712,0.025561874872532468,0.00087358204030070106,32
2,0.049087385212340517,4.0096751670000003e-05,39499.999999060085,0.02586095584341451,0.00082163410551895329,32
2,0.049087385212340517,4.0096751670000003e-05,39599.999999080457,0.02641798939715638,0.00091592504800221857,32
2,0.049087385212340517,4.0096751670000003e-05,39699.99999910083,0.026496345838985101,0.00099045835169137139,32
2,0.049087385212340517,4.0096751670000003e-05,39799.999999121203,0.025793746420652689,0.0010189806117192623,32
2,0.049087385212340517,4.0096751670000003e-05,39899.999999141575,0.025608846897739349,0.0010818962815503867,32
2,0.049087385212340517,4.0096751670000003e-05,39999.999999161948,0.025608455602386556,0.0010880247918144135,32
2,0.049087385212340517,4.0096751670000003e-05,40099.999999182321,0.025952066891387873,0.0010509192897856733,32
2,0.049087385212340517,4.0096751670000003e-05,40199.999999202693,0.026155469436918606,0.0010729411956130817,32
2,0.049087385212340517,4.0096751670000003e-05,40299.999999223066,0.026219898572658475,0.0011056672662867098,32
2,0.049087385212340517,4.0096751670000003e-05,40399.999999243439,0.025690440179861825,0.0010387301365039543,32
2,0.049087385212340517,4.0096751670000003e-05,40499.999999263811,0.025983443334298615,0.0010096383157158328,32
2,0.049087385212340517,4.0096751670000003e-05,40599.999999284184,0.025269854827086463,0.0010009597158157635,32
2,0.049087385212340517,4.0096751670000003e-05,40699.999999304557,0.024723297568134382,0.00096179936315982757,32
2,0.049087385212340517,4.0096751670000003e-05,40799.999999324929,0.025197031310485639,0.0008661080638161482,32
2,0.049087385212340517,4.0096751670000003e-05,40899.999999345302,0.025073521372883323,0.000875834513442595,32
2,0.049087385212340517,4.0096751670000003e-05,40999.999999365675,0.025310873269286639,0.00082368163206038866,32
2,0.049087385212340517,4.0096751670000003e-05,41099.999999386047,0.025749694452860419,0.00087267512623156573,32
2,0.049087385212340517,4.0096751670000003e-05,41199.99999940642,0.024978034337351317,0.0008572850625717883,32
2,0.049087385212340517,4.0096751670000003e-05,41299.999999426793,0.024418884519176582,0.00076722865393610026,32
2,0.049087385212340517,4.0096751670000003e-05,41399.999999447165,0.024102802384233648,0.00066641757289328217,32
2,0.049087385212340517,4.0096751670000003e-05,41499.999999467538,0.024488151140689071,0.00072956965010749465,32
2,0.049087385212340517,4.0096751670000003e-05,41599.999999487911,0.024160644866722949,0.00078743050089562672,32
2,0.049087385212340517,4.0096751670000003e-05,41699.999999508284,0.023528859590208416,0.00098653567112687323,32
2,0.049087385212340517,4.0096751670000003e-05,41799.999999528656,0.022685298485334661,0.00098670119084693481,32
2,0.049087385212340517,4.0096751670000003e-05,41899.999999549029,0.023237355430561341,0.00096098864351960433,32
2,0.049087385212340517,4.0096751670000003e-05,41999.999999569402,0.023728042873105534,0.00090858844586630351,32
2,0.049087385212340517,4.0096751670000003e-05,42099.999999589774,0.023977422163971491,0.00095897472717984078,32
2,0.049087385212340517,4.0096751670000003e-05,42199.999999610147,0.023767363317353185,0.00088914287798042685,32
2,0.049087385212340517,4.0096751670000003e-05,42299.99999963052,0.023588049242306189,0.00095961874149036572,32
2,0.049087385212340517,4.0096751670000003e-05,42399.999999650892,0.024812982660702112,0.00099838791184878517,32
2,0.049087385212340517,4.0096751670000003e-05,42499.999999671265,0.024388936698017796,0.001029402233482909,32
2,0.049087385212340517,4.0096751670000003e-05,42599.999999691638,0.02505346261722553,0.001058651724601117,32
2,0.049087385212340517,4.0096751670000003e-05,42699.99999971201,0.025629602066549954,0.0010646889803093088,32
2,0.049087385212340517,4.0096751670000003e-05,42799.999999732383,0.0253225807028091,0.0010050081788054485,32
2,0.049087385212340517,4.0096751670000003e-05,42899.999999752756,0.025550080882887811,0.00097262528127793862,32
2,0.049087385212340517,4.0096751670000003e-05,42999.999999773128,0.02557153143944917,0.001005890865166276,32
2,0.049087385212340517,4.0096751670000003e-05,43099.999999793501,0.025464268362167541,0.00093675774608329224,32
2,0.049087385212340517,4.0096751670000003e-05,43199.999999813874,0.024696679925787526,0.0010230007998917362,32
2,0.049087385212340517,4.0096751670000003e-05,43299.999999834246,0.024257239331764123,0.0011269645820369458,32
2,0.049087385212340517,4.0096751670000003e-05,43399.999999854619,0.024826456500188141,0.0012514375702744039,32
2,0.049087385212340517,4.0096751670000003e-05,43499.999999874992,0.02565111540608114,0.0011820392127826016,32
2,0.049087385212340517,4.0096751670000003e-05,43599.999999895364,0.025634218890568619,0.0011246422034900875,32
2,0.049087385212340517,4.0096751670000003e-05,43699.999999915737,0.026091322730764484,0.0010635850163748628,32
2,0.049087385212340517,4.0096751670000003e-05,43799.99999993611,0.026111753017368691,0.0011681738761367224,32
2,0.049087385212340517,4.0096751670000003e-05,43899.999999956482,0.027076474575674078,0.00113091005251683,32
2,0.049087385212340517,4.0096751670000003e-05,43999.999999976855,0.027213385342868587,0.0010330669171356036,32
2,0.049087385212340517,4.0096751670000003e-05,44099.999999997228,0.027002897423532974,0.0010407131381449395,32
2,0.049087385212340517,4.0096751670000003e-05,44200.000000017601,0.027145753347368295,0.0011304273195961567,32
2,0.049087385212340517,4.0096751670000003e-05,44300.000000037973,0.026853377991817577,0.0011430942057319439,32
2,0.049087385212340517,4.0096751670000003e-05,44400.000000058346,0.026650741989991154,0.0011525813389381997,32
2,0.049087385212340517,4.0096751670000003e-05,44500.000000078719,0.026545033452316187,0.0010619694638744745,32
2,0.049087385212340517,4.0096751670000003e-05,44600.000000099091,0.026697483720591685,0.00094569280777495059,32
2,0.049087385212340517,4.0096751670000003e-05,44700.000000119464,0.026241492605896796,0.00099430320334911162,32
2,0.049087385212340517,4.0096751670000003e-05,44800.000000139837,0.025821507692566529,0.0010803382213992205,32
2,0.049087385212340517,4.0096751670000003e-05,44900.000000160209,0.025524789194795759,0.0010459120636544729,32
2,0.049087385212340517,4.0096751670000003e-05,45000.000000180582,0.02494343697200908,0.001068880344632122,32
2,0.049087385212340517,4.0096751670000003e-05,45100.000000200955,0.024791601905991102,0.0010425339561449974,32
2,0.049087385212340517,4.0096751670000003e-05,45200.000000221327,0.024832714399367888,0.00098842629968868287,32
2,0.049087385212340517,4.0096751670000003e-05,45300.0000002417,0.024356965220442141,0.0010424378796232755,32
2,0.049087385212340517,4.0096751670000003e-05,45400.000000262073,0.024276263904503426,0.00098194019619445298,32
2,0.049087385212340517,4.0096751670000003e-05,45500.000000282445,0.024191864993200404,0.0010103293042786792,32
2,0.049087385212340517,4.0096751670000003e-05,45600.000000302818,0.024014880633785179,0.0010531345269763084,32
2,0.049087385212340517,4.0096751670000003e-05,45700.000000323191,0.02443073423634835,0.0010437600590065483,32
2,0.049087385212340517,4.0096751670000003e-05,45800.000000343563,0.024042950232073562,0.0011352817501372944,32
2,0.049087385212340517,4.0096751670000003e-05,45900.000000363936,0.023771403795063879,0.0011201970108348884,32
2,0.049087385212340517,4.0096751670000003e-05,46000.000000384309,0.023400502679534793,0.0010561122838586572,32
2,0.049087385212340517,4.0096751670000003e-05,46100.000000404681,0.024021378444099864,0.00099667635306818791,32
2,0.049087385212340517,4.0096751670000003e-05,46200.000000425054,0.025065089557965655,0.0010582655410020991,32
2,0.049087385212340517,4.0096751670000003e-05,46300.000000445427,0.025190525877218893,0.00094488769908099301,32
2,0.049087385212340517,4.0096751670000003e-05,46400.0000004658,0.025769804327397838,0.00090900800317468826,32
2,0.049087385212340517,4.0096751670000003e-05,46500.000000486172,0.025793876129941672,0.0010191466348379561,32
2,0.049087385212340517,4.0096751670000003e-05,46600.000000506545,0.025326028382084916,0.0011545274244867279,32
2,0.049087385212340517,4.0096751670000003e-05,46700.000000526918,0.024759929819751871,0.0010695576426306391,32
2,0.049087385212340517,4.0096751670000003e-05,46800.00000054729,0.024236716923378601,0.0010026292283622843,32
2,0.049087385212340517,4.0096751670000003e-05,46900.000000567663,0.024046160175466583,0.00092144887778519257,32
2,0.049087385212340517,4.0096751670000003e-05,47000.000000588036,0.024250137244354528,0.00079102468928826674,32
2,0.049087385212340517,4.0096751670000003e-05,47100.000000608408,0.025000738963045523,0.00086617231836609815,32
2,0.049087385212340517,4.0096751670000003e-05,47200.000000628781,0.025326187537616372,0.0010664881154188862,32
2,0.049087385212340517,4.0096751670000003e-05,47300.000000649154,0.024435216640054182,0.00098665429011605466,32
2,0.049087385212340517,4.0096751670000003e-05,47400.000000669526,0.023856690179966597,0.0010510843002993701,32
2,0.049087385212340517,4.0096751670000003e-05,47500.000000689899,0.023741105513144393,0.00097704715921619338,32
2,0.049087385212340517,4.0096751670000003e-05,47600.000000710272,0.024136095562988957,0.00095930605418012625,32
2,0.049087385212340517,4.0096751670000003e-05,47700.000000730644,0.02408855777086857,0.001027750046282663,32
2,0.049087385212340517,4.0096751670000003e-05,47800.000000751017,0.02379479663658747,0.0011382035734951118,32
2,0.049087385212340517,4.0096751670000003e-05,47900.00000077139,0.023645859750636145,0.0011391632870066378,32
2,0.049087385212340517,4.0096751670000003e-05,48000.000000791762,0.024205789097347882,0.0013983429473145754,32
2,0.049087385212340517,4.0096751670000003e-05,48100.000000812135,0.02470396532602159,0.0014622891029726327,32
2,0.049087385212340517,4.0096751670000003e-05,48200.000000832508,0.02504573999931875,0.0012800261906612243,32
2,0.049087385212340517,4.0096751670000003e-05,48300.00000085288,0.025552137812955754,0.001154717167238084,32
2,0.049087385212340517,4.0096751670000003e-05,48400.000000873253,0.025701567572551629,0.0011161469160770562,32
2,0.049087385212340517,4.0096751670000003e-05,48500.000000893626,0.025968052580424963,0.0010916533305517933,32
2,0.049087385212340517,4.0096751670000003e-05,48600.000000913999,0.024842672953001198,0.0011075679393608769,32
2,0.049087385212340517,4.0096751670000003e-05,48700.000000934371,0.024331033444209716,0.00099576127396274199,32
2,0.049087385212340517,4.0096751670000003e-05,48800.000000954744,0.024114525793169819,0.00090236499432639619,32
2,0.049087385212340517,4.0096751670000003e-05,48900.000000975117,0.023724878106228246,0.00096501393667912947,32
2,0.049087385212340517,4.0096751670000003e-05,49000.000000995489,0.024030318895715247,0.0009977941072909606,32
2,0.049087385212340517,4.0096751670000003e-05,49100.000001015862,0.024595608384974991,0.00092657907196192109,32
2,0.049087385212340517,4.0096751670000003e-05,49200.000001036235,0.025327821897872537,0.00090102278332794788,32
2,0.049087385212340517,4.0096751670000003e-05,49300.000001056607,0.025536535630399541,0.0008699581602503219,32
2,0.049087385212340517,4.0096751670000003e-05,49400.00000107698,0.025817132977126993,0.00075289201479150853,32
2,0.049087385212340517,4.0096751670000003e-05,49500.000001097353,0.026155034581061127,0.00078221565363864132,32
2,0.049087385212340517,4.0096751670000003e-05,49600.000001117725,0.025926384262457993,0.00081070287044617841,32
2,0.049087385212340517,4.0096751670000003e-05,49700.000001138098,0.025934425973105121,0.00080230372135135005,32
2,0.049087385212340517,4.0096751670000003e-05,49800.000001158471,0.026441773594648454,0.00068979045053301456,32
2,0.049087385212340517,4.0096751670000003e-05,49900.000001178843,0.026072330660557051,0.00075341549643017541,32
2,0.049087385212340517,4.0096751670000003e-05,50000.000001199216,0.026350738587103316,0.00074203727010351158,32
3,0.073631077818510776,8.8559917910000006e-05,100.00000000001425,0.0040357991946726214,0.00043651544986555692,32
3,0.073631077818510776,8.8559917910000006e-05,199.99999999996308,0.010616738853402682,0.00075419094994336861,32
3,0.073631077818510776,8.8559917910000006e-05,299.99999999987216,0.015593693479215496,0.00087359604223386878,32
3,0.073631077818510776,8.8559917910000006e-05,399.99999999978121,0.018603578421307474,0.00094820295905523148,32
3,0.073631077818510776,8.8559917910000006e-05,499.99999999969026,0.019573339179873594,0.0010260261825514555,32
3,0.073631077818510776,8.8559917910000006e-05,599.99999999959937,0.020970230155684267,0.0011940117104004369,32
3,0.073631077818510776,8.8559917910000006e-05,699.99999999950842,0.022738848083519995,0.00085543608281491075,32
3,0.073631077818510776,8.8559917910000006e-05,799.99999999941747,0.025181212939393079,0.00083479892361113385,32
3,0.073631077818510776,8.8559917910000006e-05,899.99999999932652,0.024906573901470601,0.00083386966716339495,32
3,0.073631077818510776,8.8559917910000006e-05,999.99999999923557,0.025431902338536361,0.00090799088213987093,32
3,0.073631077818510776,8.8559917910000006e-05,1099.9999999991446,0.025637718160144523,0.00079057405817460125,32
3,0.073631077818510776,8.8559917910000006e-05,1199.9999999990537,0.025260524337697342,0.00094973466788166342,32
3,0.073631077818510776,8.8559917910000006e-05,1299.9999999989627,0.025390327066717622,0.0011222747313343975,32
3,0.073631077818510776,8.8559917910000006e-05,1399.9999999988718,0.02498802120238431,0.001032640140743273,32
3,0.073631077818510776,8.8559917910000006e-05,1499.9999999987808,0.024866807300104328,0.0009386454078199139,32
3,0.073631077818510776,8.8559917910000006e-05,1599.9999999986899,0.025192289458096741,0.00086642167356654459,32
3,0.073631077818510776,8.8559917910000006e-05,1699.9999999985989,0.025561758752730996,0.00085788254143107361,32
3,0.073631077818510776,8.8559917910000006e-05,1799.999999998508,0.026031474027097434,0.00086827375239145624,32
3,0.073631077818510776,8.8559917910000006e-05,1899.999999998417,0.025481997834807559,0.00078813036556648242,32
3,0.073631077818510776,8.8559917910000006e-05,1999.9999999983261,0.025237536128912438,0.00084444332113872743,32
3,0.073631077818510776,8.8559917910000006e-05,2099.9999999994175,0.025331143039805992,0.00097939364487165505,32
3,0.073631077818510776,8.8559917910000006e-05,2200.0000000016003,0.024962102872141921,0.0010214866137028393,32
3,0.073631077818510776,8.8559917910000006e-05,2300.000000003783,0.025361532554229609,0.0011207843452638406,32
3,0.073631077818510776,8.8559917910000006e-05,2400.0000000059658,0.025092179757970023,0.0011450054679766517,32
3,0.073631077818510776,8.8559917910000006e-05,2500.0000000081486,0.025493196733641432,0.001131225522429036,32
3,0.073631077818510776,8.8559917910000006e-05,2600.0000000103314,0.025865729186639787,0.0012543245446749447,32
3,0.073631077818510776,8.8559917910000006e-05,2700.0000000125142,0.025538269649437565,0.0010556410176376949,32
3,0.073631077818510776,8.8559917910000006e-05,2800.000000014697,0.025186321658801143,0.00095386537477407172,32
3,0.073631077818510776,8.8559917910000006e-05,2900.0000000168798,0.025885140309470173,0.0010299375345816247,32
3,0.073631077818510776,8.8559917910000006e-05,3000.0000000190626,0.026167915437949989,0.00095209442837675769,32
3,0.073631077818510776,8.8559917910000006e-05,3100.0000000212453,0.025780839204712275,0.00095558194927322486,32
3,0.073631077818510776,8.8559917910000006e-05,3200.0000000234281,0.025008769503318731,0.0010219434754250535,32
3,0.073631077818510776,8.8559917910000006e-05,3300.0000000256109,0.024233314989717161,0.0010230985702135542,32
3,0.073631077818510776,8.8559917910000006e-05,3400.0000000277937,0.024723317429939065,0.00089800531185525365,32
3,0.073631077818510776,8.8559917910000006e-05,3500.0000000299765,0.024951705739719221,0.00093390697909974125,32
3,0.073631077818510776,8.8559917910000006e-05,3600.0000000321593,0.025028276302374204,0.0009514672394671487,32
3,0.073631077818510776,8.8559917910000006e-05,3700.0000000343421,0.024302669892586982,0.00088078053890646595,32
3,0.073631077818510776,8.8559917910000006e-05,3800.0000000365249,0.024802871286189455,0.0009613659557209575,32
3,0.073631077818510776,8.8559917910000006e-05,3900.0000000387076,0.024601506822618378,0.00089067352776993965,32
3,0.073631077818510776,8.8559917910000006e-05,4000.0000000408904,0.023608609657324461,0.0008776050578155225,32
3,0.073631077818510776,8.8559917910000006e-05,4100.0000000430728,0.023813033579538432,0.00097096819969287498,32
3,0.073631077818510776,8.8559917910000006e-05,4200.0000000452555,0.02362775611521142,0.00097350290010263848,32
3,0.073631077818510776,8.8559917910000006e-05,4300.0000000474383,0.024235487697399204,0.0012150411892532626,32
3,0.073631077818510776,8.8559917910000006e-05,4400.0000000496211,0.025043545861414204,0.0011269416559709694,32
3,0.073631077818510776,8.8559917910000006e-05,4500.0000000518039,0.024473583891409377,0.0010681291000115725,32
3,0.073631077818510776,8.8559917910000006e-05,4600.0000000539867,0.024737825160277945,0.00093027964733759987,32
3,0.073631077818510776,8.8559917910000006e-05,4700.0000000561695,0.025097578063190809,0.0009487483437984189,32
3,0.073631077818510776,8.8559917910000006e-05,4800.0000000583523,0.026031974071033821,0.001055198834599634,32
3,0.073631077818510776,8.8559917910000006e-05,4900.0000000605351,0.025737277351226294,0.001050098958499508,32
3,0.073631077818510776,8.8559917910000006e-05,5000.0000000627178,0.025505078239046873,0.0010801538051678512,32
3,0.073631077818510776,8.8559917910000006e-05,5100.0000000649006,0.025185579150548299,0.0010412485182611825,32
3,0.073631077818510776,8.8559917910000006e-05,5200.0000000670834,0.02517914330092064,0.0011934271751438505,32
3,0.073631077818510776,8.8559917910000006e-05,5300.0000000692662,0.024811712646954552,0.0010463553103854932,32
3,0.073631077818510776,8.8559917910000006e-05,5400.000000071449,0.024941703653928459,0.0010044741384043162,32
3,0.073631077818510776,8.8559917910000006e-05,5500.0000000736318,0.024991660492013748,0.0010329874718564738,32
3,0.073631077818510776,8.8559917910000006e-05,5600.0000000758146,0.024465778962645939,0.00095199021243861271,32
3,0.073631077818510776,8.8559917910000006e-05,5700.0000000779974,0.023717163586357965,0.00094355342913201342,32
3,0.073631077818510776,8.8559917910000006e-05,5800.0000000801801,0.024537836808468154,0.001059416968512697,32
3,0.073631077818510776,8.8559917910000006e-05,5900.0000000823629,0.023953831941932683,0.00098129161365860377,32
3,0.073631077818510776,8.8559917910000006e-05,6000.0000000845457,0.024580873609118616,0.0010948405316654637,32
3,0.073631077818510776,8.8559917910000006e-05,6100.0000000867285,0.024578475195179736,0.0011157168241068009,32
3,0.073631077818510776,8.8559917910000006e-05,6200.0000000889113,0.024371809882958298,0.00095891178861650566,32
3,0.073631077818510776,8.8559917910000006e-05,6300.0000000910941,0.024821670036173693,0.0008501718515732526,32
3,0.073631077818510776,8.8559917910000006e-05,6400.0000000932769,0.025702919209127595,0.00083986736130415565,32
3,0.073631077818510776,8.8559917910000006e-05,6500.0000000954597,0.026145863459513943,0.00085955876351472341,32
3,0.073631077818510776,8.8559917910000006e-05,6600.0000000976424,0.026867976912242235,0.00076161855914634753,32
3,0.073631077818510776,8.8559917910000006e-05,6700.0000000998252,0.027251778328558331,0.00067778569931076108,32
3,0.073631077818510776,8.8559917910000006e-05,6800.000000102008,0.026771012239732002,0.00082381117983813844,32
3,0.073631077818510776,8.8559917910000006e-05,6900.0000001041908,0.026497388642721571,0.00086113031371139149,32
3,0.073631077818510776,8.8559917910000006e-05,7000.0000001063736,0.026274883117697066,0.00094401435522235779,32
3,0.073631077818510776,8.8559917910000006e-05,7100.0000001085564,0.026554519611165065,0.0010219676966498554,32
3,0.073631077818510776,8.8559917910000006e-05,7200.0000001107392,0.02571902516590693,0.0011199052554902837,32
3,0.073631077818510776,8.8559917910000006e-05,7300.000000112922,0.024840368634267463,0.0011474284543246322,32
3,0.073631077818510776,8.8559917910000006e-05,7400.0000001151047,0.023492718699717662,0.0011587402149605651,32
3,0.073631077818510776,8.8559917910000006e-05,7500.0000001172875,0.024062589081707129,0.00079305374952616081,32
3,0.073631077818510776,8.8559917910000006e-05,7600.0000001194703,0.024881260848678071,0.00083448011236540547,32
3,0.073631077818510776,8.8559917910000006e-05,7700.0000001216531,0.026090732499479342,0.00091321130849886798,32
3,0.073631077818510776,8.8559917910000006e-05,7800.0000001238359,0.026256546660812983,0.00095120043679102384,32
3,0.073631077818510776,8.8559917910000006e-05,7900.0000001260187,0.025664926011253763,0.00085329203487590724,32
3,0.073631077818510776,8.8559917910000006e-05,8000.0000001282015,0.025121870472745427,0.0009620690443533634,32
3,0.073631077818510776,8.8559917910000006e-05,8100.0000001303843,0.024605930711298029,0.00088926284972435483,32
3,0.073631077818510776,8.8559917910000006e-05,8200.0000001325661,0.024487348834115002,0.0010363216922885307,32
3,0.073631077818510776,8.8559917910000006e-05,8300.0000001347489,0.024453149258120099,0.0009401137235575533,32
3,0.073631077818510776,8.8559917910000006e-05,8400.0000001369317,0.025053819193923011,0.00099774033281495637,32
3,0.073631077818510776,8.8559917910000006e-05,8500.0000001391145,0.025255651197771147,0.00083765414678137651,32
3,0.073631077818510776,8.8559917910000006e-05,8600.0000001412973,0.024799113606456175,0.00083848285642910546,32
3,0.073631077818510776,8.8559917910000006e-05,8700.0000001434801,0.025349802196106823,0.00098596265936536391,32
3,0.073631077818510776,8.8559917910000006e-05,8800.0000001456629,0.025947069790371823,0.0008836569660434769,32
3,0.073631077818510776,8.8559917910000006e-05,8900.0000001478456,0.026393636555252668,0.0010113885316448826,32
3,0.073631077818510776,8.8559917910000006e-05,9000.0000001500284,0.026462043665765621,0.00086720093269029939,32
3,0.073631077818510776,8.8559917910000006e-05,9100.0000001522112,0.025673446195786861,0.00093663015218759763,32
3,0.073631077818510776,8.8559917910000006e-05,9200.000000154394,0.024850096552502806,0.00088593064669108431,32
3,0.073631077818510776,8.8559917910000006e-05,9300.0000001565768,0.024455882651546034,0.00069198836300871807,32
3,0.073631077818510776,8.8559917910000006e-05,9400.0000001587596,0.024177048598157218,0.00071011161419155225,32
3,0.073631077818510776,8.8559917910000006e-05,9500.0000001609424,0.024056026458185571,0.00091261699076837749,32
3,0.073631077818510776,8.8559917910000006e-05,9600.0000001631252,0.024047320581909223,0.0010190422721420048,32
3,0.073631077818510776,8.8559917910000006e-05,9700.0000001653079,0.024487839557872034,0.00095856586435001786,32
3,0.073631077818510776,8.8559917910000006e-05,9800.0000001674907,0.025137810361473879,0.00089732113570185641,32
3,0.073631077818510776,8.8559917910000006e-05,9900.0000001696735,0.024964335010914988,0.00098821529523264191,32
3,0.073631077818510776,8.8559917910000006e-05,10000.000000171856,0.024423897962156264,0.00090479334748333994,32
3,0.073631077818510776,8.8559917910000006e-05,10100.000000174039,0.024044043172819222,0.00080449391672504395,32
3,0.073631077818510776,8.8559917910000006e-05,10200.000000176222,0.023415770651312423,0.00085135598941460465,32
3,0.073631077818510776,8.8559917910000006e-05,10300.000000178405,0.023484394200234671,0.0009115103797483656,32
3,0.073631077818510776,8.8559917910000006e-05,10400.000000180587,0.0248571210412349,0.00072594831579200119,32
3,0.073631077818510776,8.8559917910000006e-05,10500.00000018277,0.02385125730098062,0.00069529923032334733,32
3,0.073631077818510776,8.8559917910000006e-05,10600.000000184953,0.023845804326795127,0.00075460701705484714,32
3,0.073631077818510776,8.8559917910000006e-05,10700.000000187136,0.024041617399161601,0.00097426184224522108,32
3,0.073631077818510776,8.8559917910000006e-05,10800.000000189319,0.023515531207447041,0.0010301663485893799,32
3,0.073631077818510776,8.8559917910000006e-05,10900.000000191501,0.024117275455464375,0.0010038608042458087,32
3,0.073631077818510776,8.8559917910000006e-05,11000.000000193684,0.024442930682725787,0.00086835774380508658,32
3,0.073631077818510776,8.8559917910000006e-05,11100.000000195867,0.025283033688006159,0.00073490575791760509,32
3,0.073631077818510776,8.8559917910000006e-05,11200.00000019805,0.025521107997712785,0.00081372750451396119,32
3,0.073631077818510776,8.8559917910000006e-05,11300.000000200233,0.024964664638202697,0.00095981985842968172,32
3,0.073631077818510776,8.8559917910000006e-05,11400.000000202415,0.025671861922996128,0.00092130409075390912,32
3,0.073631077818510776,8.8559917910000006e-05,11500.000000204598,0.026500526724315184,0.00068704446847959056,32
3,0.073631077818510776,8.8559917910000006e-05,11600.000000206781,0.026870872887624943,0.00070549291190727067,32
3,0.073631077818510776,8.8559917910000006e-05,11700.000000208964,0.026823977065155543,0.00082503077147654208,32
3,0.073631077818510776,8.8559917910000006e-05,11800.000000211146,0.026035137332893768,0.00093380058646132897,32
3,0.073631077818510776,8.8559917910000006e-05,11900.000000213329,0.026157844935825895,0.0010406384906718206,32
3,0.073631077818510776,8.8559917910000006e-05,12000.000000215512,0.025551307585951838,0.001086565177684184,32
3,0.073631077818510776,8.8559917910000006e-05,12100.000000217695,0.025563600918558044,0.00094426653531110385,32
3,0.073631077818510776,8.8559917910000006e-05,12200.000000219878,0.025534868106154768,0.001018575058379769,32
3,0.073631077818510776,8.8559917910000006e-05,12300.00000022206,0.025811207646344359,0.00099678269393416847,32
3,0.073631077818510776,8.8559917910000006e-05,12400.000000224243,0.026312763681238836,0.0010008004685207357,32
3,0.073631077818510776,8.8559917910000006e-05,12500.000000226426,0.02607311969374922,0.00095540272106464901,32
3,0.073631077818510776,8.8559917910000006e-05,12600.000000228609,0.025253094224146937,0.0008590239901684392,32
3,0.073631077818510776,8.8559917910000006e-05,12700.000000230792,0.024417103064194243,0.0010439405803367714,32
3,0.073631077818510776,8.8559917910000006e-05,12800.000000232974,0.024182741329583972,0.00099966207366387503,32
3,0.073631077818510776,8.8559917910000006e-05,12900.000000235157,0.024908626363040063,0.00097189156290838127,32
3,0.073631077818510776,8.8559917910000006e-05,13000.00000023734,0.025711307360445794,0.00093500165072451613,32
3,0.073631077818510776,8.8559917910000006e-05,13100.000000239523,0.025092902787038532,0.00090646868076752201,32
3,0.073631077818510776,8.8559917910000006e-05,13200.000000241705,0.025589627956322192,0.00087905135040219017,32
3,0.073631077818510776,8.8559917910000006e-05,13300.000000243888,0.02492066989690998,0.00091483155890911057,32
3,0.073631077818510776,8.8559917910000006e-05,13400.000000246071,0.024771176688418349,0.0010211326135539066,32
3,0.073631077818510776,8.8559917910000006e-05,13500.000000248254,0.025334261566323089,0.0010722518945052903,32
3,0.073631077818510776,8.8559917910000006e-05,13600.000000250437,0.025652852489296329,0.0010148676466787529,32
3,0.073631077818510776,8.8559917910000006e-05,13700.000000252619,0.024965250421277257,0.00099204037282141872,32
3,0.073631077818510776,8.8559917910000006e-05,13800.000000254802,0.024524413860907989,0.00086276971592217451,32
3,0.073631077818510776,8.8559917910000006e-05,13900.000000256985,0.024301665935767752,0.0006802566890983711,32
3,0.073631077818510776,8.8559917910000006e-05,14000.000000259168,0.024154971620214554,0.00071378930817733873,32
3,0.073631077818510776,8.8559917910000006e-05,14100.000000261351,0.024585533689870504,0.00087772790777562802,32
3,0.073631077818510776,8.8559917910000006e-05,14200.000000263533,0.026030474262168053,0.00080713333401066225,32
3,0.073631077818510776,8.8559917910000006e-05,14300.000000265716,0.026143443248906162,0.00062507860945442458,32
3,0.073631077818510776,8.8559917910000006e-05,14400.000000267899,0.026326374321515026,0.00068252193707924694,32
3,0.073631077818510776,8.8559917910000006e-05,14500.000000270082,0.026312817544592214,0.00068868116572133055,32
3,0.073631077818510776,8.8559917910000006e-05,14600.000000272265,0.026940280566837189,0.00086442327583133988,32
3,0.073631077818510776,8.8559917910000006e-05,14700.000000274447,0.027083750806208895,0.00082948345668547969,32
3,0.073631077818510776,8.8559917910000006e-05,14800.00000027663,0.026371957267040114,0.00084046720297343929,32
3,0.073631077818510776,8.8559917910000006e-05,14900.000000278813,0.025949704571822919,0.00099258092948437474,32
3,0.073631077818510776,8.8559917910000006e-05,15000.000000280996,0.025521527169362783,0.00088839812532893558,32
3,0.073631077818510776,8.8559917910000006e-05,15100.000000283178,0.026486884141774653,0.00096006773333764354,32
3,0.073631077818510776,8.8559917910000006e-05,15200.000000285361,0.025590682572973509,0.00088083952847043735,32
3,0.073631077818510776,8.8559917910000006e-05,15300.000000287544,0.025976068026990387,0.001003356067933058,32
3,0.073631077818510776,8.8559917910000006e-05,15400.000000289727,0.026131323632710247,0.00087886816617733306,32
3,0.073631077818510776,8.8559917910000006e-05,15500.00000029191,0.026915741018017018,0.00083929868220748011,32
3,0.073631077818510776,8.8559917910000006e-05,15600.000000294092,0.026025983882062835,0.0010183716792569449,32
3,0.073631077818510776,8.8559917910000006e-05,15700.000000296275,0.025852851420515226,0.00094532490208059446,32
3,0.073631077818510776,8.8559917910000006e-05,15800.000000298458,0.026079510770290099,0.00086527648947888451,32
3,0.073631077818510776,8.8559917910000006e-05,15900.000000300641,0.026621125799040208,0.00089619421700770337,32
3,0.073631077818510776,8.8559917910000006e-05,16000.000000302824,0.025619258520471415,0.00092238899762063595,32
3,0.073631077818510776,8.8559917910000006e-05,16100.000000305006,0.025344354564315576,0.0008743450289297347,32
3,0.073631077818510776,8.8559917910000006e-05,16200.000000307189,0.024654573171475118,0.00076017162411849074,32
3,0.073631077818510776,8.8559917910000006e-05,16300.000000309372,0.023626494033024727,0.00066191289163488318,32
3,0.073631077818510776,8.8559917910000006e-05,16400.000000308642,0.023456300559004929,0.00081414760721533897,32
3,0.073631077818510776,8.8559917910000006e-05,16500.000000292635,0.023138939728042845,0.00089925480500560682,32
3,0.073631077818510776,8.8559917910000006e-05,16600.000000276628,0.023160926825409458,0.0010546870819153596,32
3,0.073631077818510776,8.8559917910000006e-05,16700.000000260621,0.022970174717795944,0.0011465553848633565,32
3,0.073631077818510776,8.8559917910000006e-05,16800.000000244614,0.02305043520743371,0.001037669338425314,32
3,0.073631077818510776,8.8559917910000006e-05,16900.000000228607,0.023129838148221105,0.00095309272472510729,32
3,0.073631077818510776,8.8559917910000006e-05,17000.0000002126,0.024040559916404265,0.00098506996627838834,32
3,0.073631077818510776,8.8559917910000006e-05,17100.000000196593,0.025374446748434587,0.0010781758395300221,32
3,0.073631077818510776,8.8559917910000006e-05,17200.000000180586,0.025296197601294323,0.0012302266901026814,32
3,0.073631077818510776,8.8559917910000006e-05,17300.000000164579,0.024914712882163421,0.00097848977915466128,32
3,0.073631077818510776,8.8559917910000006e-05,17400.000000148571,0.025193424531002758,0.00099736256307935236,32
3,0.073631077818510776,8.8559917910000006e-05,17500.000000132564,0.025641653382645561,0.0012206486634853237,32
3,0.073631077818510776,8.8559917910000006e-05,17600.000000116557,0.025947608389800276,0.0012394231502942509,32
3,0.073631077818510776,8.8559917910000006e-05,17700.00000010055,0.025085559460801821,0.0011596241780908343,32
3,0.073631077818510776,8.8559917910000006e-05,17800.000000084543,0.024954561748672992,0.0011893617401768897,32
3,0.073631077818510776,8.8559917910000006e-05,17900.000000068536,0.025516120154837472,0.0010362733274625177,32
3,0.073631077818510776,8.8559917910000006e-05,18000.000000052529,0.025341995872112957,0.0010760924179386735,32
3,0.073631077818510776,8.8559917910000006e-05,18100.000000036522,0.025019080501316182,0.001070100888745078,32
3,0.073631077818510776,8.8559917910000006e-05,18200.000000020515,0.024364281208780855,0.0010498665033014563,32
3,0.073631077818510776,8.8559917910000006e-05,18300.000000004507,0.024255611461960005,0.00094749039416360198,32
3,0.073631077818510776,8.8559917910000006e-05,18399.9999999885,0.024409564366825138,0.00089667261865268707,32
3,0.073631077818510776,8.8559917910000006e-05,18499.999999972493,0.024227543477314494,0.00073252231795698029,32
3,0.073631077818510776,8.8559917910000006e-05,18599.999999956486,0.024002411828714057,0.00067200242547349476,32
3,0.073631077818510776,8.8559917910000006e-05,18699.999999940479,0.024798595452024844,0.00070869228307440238,32
3,0.073631077818510776,8.8559917910000006e-05,18799.999999924472,0.02520006077961575,0.00085317149652726321,32
3,0.073631077818510776,8.8559917910000006e-05,18899.999999908465,0.024889597570255832,0.0010795582334033804,32
3,0.073631077818510776,8.8559917910000006e-05,18999.999999892458,0.024964911664124605,0.0010512918477689713,32
3,0.073631077818510776,8.8559917910000006e-05,19099.999999876451,0.025010160298578353,0.00099269653789174476,32
3,0.073631077818510776,8.8559917910000006e-05,19199.999999860443,0.024232774596178053,0.00098604032112394914,32
3,0.073631077818510776,8.8559917910000006e-05,19299.999999844436,0.024840500533009388,0.00096470265393032049,32
3,0.073631077818510776,8.8559917910000006e-05,19399.999999828429,0.025241896352036261,0.00089561499755757819,32
3,0.073631077818510776,8.8559917910000006e-05,19499.999999812422,0.025561556696305658,0.00088483165850324953,32
3,0.073631077818510776,8.8559917910000006e-05,19599.999999796415,0.025711605916181268,0.00096531907484983203,32
3,0.073631077818510776,8.8559917910000006e-05,19699.999999780408,0.0258010809062004,0.0010955493443596861,32
3,0.073631077818510776,8.8559917910000006e-05,19799.999999764401,0.025340651564742196,0.0011261831787323393,32
3,0.073631077818510776,8.8559917910000006e-05,19899.999999748394,0.025743737403435305,0.0010603819671071578,32
3,0.073631077818510776,8.8559917910000006e-05,19999.999999732387,0.02672526938604108,0.0010713144680117052,32
3,0.073631077818510776,8.8559917910000006e-05,20099.99999971638,0.026469275494162517,0.0011063275345193295,32
3,0.073631077818510776,8.8559917910000006e-05,20199.999999700372,0.02618503149973167,0.0010454266825585836,32
3,0.073631077818510776,8.8559917910000006e-05,20299.999999684365,0.025658081328679798,0.00091577146390575865,32
3,0.073631077818510776,8.8559917910000006e-05,20399.999999668358,0.025569451993536517,0.00096813588100402967,32
3,0.073631077818510776,8.8559917910000006e-05,20499.999999652351,0.025663755316926488,0.00098006451553836905,32
3,0.073631077818510776,8.8559917910000006e-05,20599.999999636344,0.025631978587539728,0.00090893674695615085,32
3,0.073631077818510776,8.8559917910000006e-05,20699.999999620337,0.025309226773850904,0.00079479075452564007,32
3,0.073631077818510776,8.8559917910000006e-05,20799.99999960433,0.025869609194766184,0.00075357601339585392,32
3,0.073631077818510776,8.8559917910000006e-05,20899.999999588323,0.026768536257753561,0.0006459786853938419,32
3,0.073631077818510776,8.8559917910000006e-05,20999.999999572316,0.025352850602812255,0.00084925109611389438,32
3,0.073631077818510776,8.8559917910000006e-05,21099.999999556308,0.025232205838973825,0.00092450021353449009,32
3,0.073631077818510776,8.8559917910000006e-05,21199.999999540301,0.024705742369167224,0.00083398221685582555,32
3,0.073631077818510776,8.8559917910000006e-05,21299.999999524294,0.024726898564802497,0.00072777692353315844,32
3,0.073631077818510776,8.8559917910000006e-05,21399.999999508287,0.025427538575092137,0.00077493690847620805,32
3,0.073631077818510776,8.8559917910000006e-05,21499.99999949228,0.0258739559473335,0.00074309545691228105,32
3,0.073631077818510776,8.8559917910000006e-05,21599.999999476273,0.026162135509184448,0.00074810902377175545,32
3,0.073631077818510776,8.8559917910000006e-05,21699.999999460266,0.025463486663827663,0.00082166910596120414,32
3,0.073631077818510776,8.8559917910000006e-05,21799.999999444259,0.024881091737032811,0.00084784907034670136,32
3,0.073631077818510776,8.8559917910000006e-05,21899.999999428252,0.024474448990180569,0.00085274764686449464,32
3,0.073631077818510776,8.8559917910000006e-05,21999.999999412245,0.024342378106763887,0.00089479399568585458,32
3,0.073631077818510776,8.8559917910000006e-05,22099.999999396237,0.025227380454656469,0.00084483254780339098,32
3,0.073631077818510776,8.8559917910000006e-05,22199.99999938023,0.025521129068169199,0.00097082900864655806,32
3,0.073631077818510776,8.8559917910000006e-05,22299.999999364223,0.025505173471123268,0.00096303068230557752,32
3,0.073631077818510776,8.8559917910000006e-05,22399.999999348216,0.024794604904763075,0.0010269222032006414,32
3,0.073631077818510776,8.8559917910000006e-05,22499.999999332209,0.024486353328630799,0.0010160560308068146,32
3,0.073631077818510776,8.8559917910000006e-05,22599.999999316202,0.024982872759631125,0.00092492522008798901,32
3,0.073631077818510776,8.8559917910000006e-05,22699.999999300195,0.024805016509656087,0.00094643791730531141,32
3,0.073631077818510776,8.8559917910000006e-05,22799.999999284188,0.024753961710379965,0.00094268548892524867,32
3,0.073631077818510776,8.8559917910000006e-05,22899.999999268181,0.024286502562845386,0.0010464972425637588,32
3,0.073631077818510776,8.8559917910000006e-05,22999.999999252173,0.026084113300949271,0.00090028583023557388,32
3,0.073631077818510776,8.8559917910000006e-05,23099.999999236166,0.026243829679788142,0.00080250783290693433,32
3,0.073631077818510776,8.8559917910000006e-05,23199.999999220159,0.025029058159298359,0.00085657630854105334,32
3,0.073631077818510776,8.8559917910000006e-05,23299.999999204152,0.024639139568129992,0.00078349677272679895,32
3,0.073631077818510776,8.8559917910000006e-05,23399.999999188145,0.025234156779138844,0.00075993801332557701,32
3,0.073631077818510776,8.8559917910000006e-05,23499.999999172138,0.024707816776961575,0.00080672731784227011,32
3,0.073631077818510776,8.8559917910000006e-05,23599.999999156131,0.023571125932650403,0.00098227631630858872,32
3,0.073631077818510776,8.8559917910000006e-05,23699.999999140124,0.023867634579966941,0.00087752124877477338,32
3,0.073631077818510776,8.8559917910000006e-05,23799.999999124117,0.02488420426823516,0.00082205487520007475,32
3,0.073631077818510776,8.8559917910000006e-05,23899.999999108109,0.024896171441870969,0.00078485418191926934,32
3,0.073631077818510776,8.8559917910000006e-05,23999.999999092102,0.024847572973397736,0.00079569250759210818,32
3,0.073631077818510776,8.8559917910000006e-05,24099.999999076095,0.023842044672239954,0.00081108832486227137,32
3,0.073631077818510776,8.8559917910000006e-05,24199.999999060088,0.023092840519041216,0.00089429354685451675,32
3,0.073631077818510776,8.8559917910000006e-05,24299.999999044081,0.023252729780046139,0.00093963906997545439,32
3,0.073631077818510776,8.8559917910000006e-05,24399.999999028074,0.02360184191544128,0.00083115468231653256,32
3,0.073631077818510776,8.8559917910000006e-05,24499.999999012067,0.023077606722044015,0.00087693921652902624,32
3,0.073631077818510776,8.8559917910000006e-05,24599.99999899606,0.022428280814574642,0.00082125781560963749,32
3,0.073631077818510776,8.8559917910000006e-05,24699.999998980053,0.023807365801022988,0.00081018504493823613,32
3,0.073631077818510776,8.8559917910000006e-05,24799.999998964046,0.02455720676978311,0.00072457247652383064,32
3,0.073631077818510776,8.8559917910000006e-05,24899.999998948038,0.024708898261280515,0.00075849066669673928,32
3,0.073631077818510776,8.8559917910000006e-05,24999.999998932031,0.025266739553389511,0.00087877565776125371,32
3,0.073631077818510776,8.8559917910000006e-05,25099.999998916024,0.02563892091971828,0.00091477574283056621,32
3,0.073631077818510776,8.8559917910000006e-05,25199.999998900017,0.026629906989897128,0.00091937444864279049,32
3,0.073631077818510776,8.8559917910000006e-05,25299.99999888401,0.025854943018489441,0.00098108145750045285,32
3,0.073631077818510776,8.8559917910000006e-05,25399.999998868003,0.025328648945694386,0.0010313289586695023,32
3,0.073631077818510776,8.8559917910000006e-05,25499.999998851996,0.02612130070179694,0.00092402940757105344,32
3,0.073631077818510776,8.8559917910000006e-05,25599.999998835989,0.026906288810624131,0.0010192054862727185,32
3,0.073631077818510776,8.8559917910000006e-05,25699.999998819982,0.025818498191119386,0.00095924901395518316,32
3,0.073631077818510776,8.8559917910000006e-05,25799.999998803974,0.024775543892828173,0.00069766245350687142,32
3,0.073631077818510776,8.8559917910000006e-05,25899.999998787967,0.02419185126518331,0.00090241326427862255,32
3,0.073631077818510776,8.8559917910000006e-05,25999.99999877196,0.025559540800925821,0.0010347020031231282,32
3,0.073631077818510776,8.8559917910000006e-05,26099.999998755953,0.025930065296328551,0.00092996987835879358,32
3,0.073631077818510776,8.8559917910000006e-05,26199.999998739946,0.026235956777486996,0.00088462056239422475,32
3,0.073631077818510776,8.8559917910000006e-05,26299.999998723939,0.02587890080880494,0.0007823362751052538,32
3,0.073631077818510776,8.8559917910000006e-05,26399.999998707932,0.025447278355731594,0.00091636727954619052,32
3,0.073631077818510776,8.8559917910000006e-05,26499.999998691925,0.025407612468452093,0.00089610125969836541,32
3,0.073631077818510776,8.8559917910000006e-05,26599.999998675918,0.025097696040907679,0.0010826010093255142,32
3,0.073631077818510776,8.8559917910000006e-05,26699.99999865991,0.024974078158377908,0.00097790091658663089,32
3,0.073631077818510776,8.8559917910000006e-05,26799.999998643903,0.026012189882841583,0.0010226052188142562,32
3,0.073631077818510776,8.8559917910000006e-05,26899.999998627896,0.026135324231206476,0.0010234915984154997,32
3,0.073631077818510776,8.8559917910000006e-05,26999.999998611889,0.026065079941120329,0.0011868748446234438,32
3,0.073631077818510776,8.8559917910000006e-05,27099.999998595882,0.025640014051095214,0.0011692483208813002,32
3,0.073631077818510776,8.8559917910000006e-05,27199.999998579875,0.025258356802189349,0.0010851108665203149,32
3,0.073631077818510776,8.8559917910000006e-05,27299.999998563868,0.024521965798794072,0.0010775295638041367,32
3,0.073631077818510776,8.8559917910000006e-05,27399.999998547861,0.024661149129924752,0.00093376390100146386,32
3,0.073631077818510776,8.8559917910000006e-05,27499.999998531854,0.024599090363416693,0.00087442027685674965,32
3,0.073631077818510776,8.8559917910000006e-05,27599.999998515847,0.023469961878373101,0.00081156327138970212,32
3,0.073631077818510776,8.8559917910000006e-05,27699.999998499839,0.02302933999685064,0.00084927155559393769,32
3,0.073631077818510776,8.8559917910000006e-05,27799.999998483832,0.023426382275114503,0.00087616906532993102,32
3,0.073631077818510776,8.8559917910000006e-05,27899.999998467825,0.025312514300041212,0.00085224329446813047,32
3,0.073631077818510776,8.8559917910000006e-05,27999.999998451818,0.025907462162424309,0.00087149726838497076,32
3,0.073631077818510776,8.8559917910000006e-05,28099.999998435811,0.02477491193029064,0.00092314914082335412,32
3,0.073631077818510776,8.8559917910000006e-05,28199.999998419804,0.024998351926799386,0.0010017322848974491,32
3,0.073631077818510776,8.8559917910000006e-05,28299.999998403797,0.024665560919213389,0.0010642017164319251,32
3,0.073631077818510776,8.8559917910000006e-05,28399.99999838779,0.024603668552764461,0.00093055815017368355,32
3,0.073631077818510776,8.8559917910000006e-05,28499.999998371783,0.024287963625813151,0.0010039737536985281,32
3,0.073631077818510776,8.8559917910000006e-05,28599.999998355775,0.023700906962234154,0.00097235498582701641,32
3,0.073631077818510776,8.8559917910000006e-05,28699.999998339768,0.023625488602272166,0.0009151016772993816,32
3,0.073631077818510776,8.8559917910000006e-05,28799.999998323761,0.024813765573017586,0.00086760975451691442,32
3,0.073631077818510776,8.8559917910000006e-05,28899.999998307754,0.025493013904808896,0.00093057862186266417,32
3,0.073631077818510776,8.8559917910000006e-05,28999.999998291747,0.025402863062645765,0.00089052031331137251,32
3,0.073631077818510776,8.8559917910000006e-05,29099.99999827574,0.026618506259009536,0.00091570548444519896,32
3,0.073631077818510776,8.8559917910000006e-05,29199.999998259733,0.027283001970847532,0.0009209132874194411,32
3,0.073631077818510776,8.8559917910000006e-05,29299.999998243726,0.026717668639492081,0.00092331516193803304,32
3,0.073631077818510776,8.8559917910000006e-05,29399.999998227719,0.026720933688487651,0.00093658834407056514,32
3,0.073631077818510776,8.8559917910000006e-05,29499.999998211711,0.026612632849801386,0.0010647897883383445,32
3,0.073631077818510776,8.8559917910000006e-05,29599.999998195704,0.027012837345655467,0.0011283480812225573,32
3,0.073631077818510776,8.8559917910000006e-05,29699.999998179697,0.027608887880410941,0.00099071869447138819,32
3,0.073631077818510776,8.8559917910000006e-05,29799.99999816369,0.027588402387427099,0.00091132920074825385,32
3,0.073631077818510776,8.8559917910000006e-05,29899.999998147683,0.027237269003307942,0.0010252876946864884,32
3,0.073631077818510776,8.8559917910000006e-05,29999.999998131676,0.026244385521638863,0.0011445169263932199,32
3,0.073631077818510776,8.8559917910000006e-05,30099.999998115669,0.025458547644472505,0.0011827357209618472,32
3,0.073631077818510776,8.8559917910000006e-05,30199.999998099662,0.025469038801938997,0.001131299017429145,32
3,0.073631077818510776,8.8559917910000006e-05,30299.999998083655,0.025515253385711017,0.0010605845030264745,32
3,0.073631077818510776,8.8559917910000006e-05,30399.999998067648,0.025168495813227797,0.00094689008836022575,32
3,0.073631077818510776,8.8559917910000006e-05,30499.99999805164,0.02443136019029022,0.00079063686754438523,32
3,0.073631077818510776,8.8559917910000006e-05,30599.999998035633,0.025360782986281558,0.00089114288515584222,32
3,0.073631077818510776,8.8559917910000006e-05,30699.999998019626,0.025167143476117246,0.00083900539733323021,32
3,0.073631077818510776,8.8559917910000006e-05,30799.999998003619,0.025836997304013998,0.00093746901819220297,32
3,0.073631077818510776,8.8559917910000006e-05,30899.999997987612,0.025664424625634688,0.00090914109315139895,32
3,0.073631077818510776,8.8559917910000006e-05,30999.999997971605,0.025072415946033707,0.00090066191228371859,32
3,0.073631077818510776,8.8559917910000006e-05,31099.999997955598,0.024115570114823924,0.00098215120263349712,32
3,0.073631077818510776,8.8559917910000006e-05,31199.999997939591,0.024444904181230256,0.00088912879688793681,32
3,0.073631077818510776,8.8559917910000006e-05,31299.999997923584,0.025368926993664897,0.00088205860937990961,32
3,0.073631077818510776,8.8559917910000006e-05,31399.999997907576,0.025359693252741521,0.00089150181027531771,32
3,0.073631077818510776,8.8559917910000006e-05,31499.999997891569,0.025306030287083378,0.00089330244317132896,32
3,0.073631077818510776,8.8559917910000006e-05,31599.999997875562,0.025319488784265251,0.00099067989973061115,32
3,0.073631077818510776,8.8559917910000006e-05,31699.999997859555,0.024985607771204954,0.0011378035407176624,32
3,0.073631077818510776,8.8559917910000006e-05,31799.999997843548,0.024887156452108372,0.0010925583802809922,32
3,0.073631077818510776,8.8559917910000006e-05,31899.999997827541,0.024005627263920176,0.0010025023074737747,32
3,0.073631077818510776,8.8559917910000006e-05,31999.999997811534,0.024780052967475985,0.00068027381649260856,32
3,0.073631077818510776,8.8559917910000006e-05,32099.999997795527,0.024646710429282723,0.00080499941605985739,32
3,0.073631077818510776,8.8559917910000006e-05,32199.99999777952,0.025475529936623897,0.00098307225660416542,32
3,0.073631077818510776,8.8559917910000006e-05,32299.999997763513,0.025713601313310568,0.00090188183540192233,32
3,0.073631077818510776,8.8559917910000006e-05,32399.999997747505,0.025162658600530199,0.00084212620832954405,32
3,0.073631077818510776,8.8559917910000006e-05,32499.999997731498,0.025847887143343438,0.00081715975021527209,32
3,0.073631077818510776,8.8559917910000006e-05,32599.999997715491,0.025870989216330426,0.00090528586438737789,32
3,0.073631077818510776,8.8559917910000006e-05,32699.999997699484,0.025759120760189911,0.00085186954584173737,32
3,0.073631077818510776,8.8559917910000006e-05,32799.999997695115,0.026067417915454517,0.00097499913431100778,32
3,0.073631077818510776,8.8559917910000006e-05,32899.999997715488,0.025335291867193157,0.0010064959621994725,32
3,0.073631077818510776,8.8559917910000006e-05,32999.99999773586,0.026190734105901246,0.00080429090687780022,32
3,0.073631077818510776,8.8559917910000006e-05,33099.999997756233,0.025955258375840458,0.00084100648534269642,32
3,0.073631077818510776,8.8559917910000006e-05,33199.999997776606,0.025682877126228115,0.00088641637312974933,32
3,0.073631077818510776,8.8559917910000006e-05,33299.999997796978,0.025153363019233377,0.00095476393314949731,32
3,0.073631077818510776,8.8559917910000006e-05,33399.999997817351,0.024610720702217006,0.0010087267891437785,32
3,0.073631077818510776,8.8559917910000006e-05,33499.999997837724,0.024965884989142317,0.00093953706813761713,32
3,0.073631077818510776,8.8559917910000006e-05,33599.999997858096,0.024141320022598656,0.00092306699004752893,32
3,0.073631077818510776,8.8559917910000006e-05,33699.999997878469,0.023937673047582896,0.00097174319325773887,32
3,0.073631077818510776,8.8559917910000006e-05,33799.999997898842,0.023423350218379699,0.0010136686824183008,32
3,0.073631077818510776,8.8559917910000006e-05,33899.999997919214,0.02287088054108535,0.00098135582261716682,32
3,0.073631077818510776,8.8559917910000006e-05,33999.999997939587,0.022846662302065831,0.00084697568219777497,32
3,0.073631077818510776,8.8559917910000006e-05,34099.99999795996,0.022511491293361142,0.00086670396418411615,32
3,0.073631077818510776,8.8559917910000006e-05,34199.999997980332,0.023276057543105053,0.00080747298183994501,32
3,0.073631077818510776,8.8559917910000006e-05,34299.999998000705,0.023357869188968497,0.00085210722300147867,32
3,0.073631077818510776,8.8559917910000006e-05,34399.999998021078,0.024050297117342811,0.00079897009296115481,32
3,0.073631077818510776,8.8559917910000006e-05,34499.99999804145,0.024419960995664073,0.00091471212485488753,32
3,0.073631077818510776,8.8559917910000006e-05,34599.999998061823,0.024277751119917902,0.00095992828069400458,32
3,0.073631077818510776,8.8559917910000006e-05,34699.999998082196,0.025440252384619236,0.00094236767510717746,32
3,0.073631077818510776,8.8559917910000006e-05,34799.999998102568,0.025649883173362968,0.00093999526764071146,32
3,0.073631077818510776,8.8559917910000006e-05,34899.999998122941,0.024940093811549973,0.0008158774134178952,32
3,0.073631077818510776,8.8559917910000006e-05,34999.999998143314,0.023653236612920587,0.00087230323560884293,32
3,0.073631077818510776,8.8559917910000006e-05,35099.999998163687,0.022834665670680543,0.00093446705113451147,32
3,0.073631077818510776,8.8559917910000006e-05,35199.999998184059,0.02264150252605816,0.00083819963474657721,32
3,0.073631077818510776,8.8559917910000006e-05,35299.999998204432,0.02416159714212247,0.00086248732537031923,32
3,0.073631077818510776,8.8559917910000006e-05,35399.999998224805,0.024564724710873925,0.0009079022414007434,32
3,0.073631077818510776,8.8559917910000006e-05,35499.999998245177,0.025070749081580083,0.00081616074874183678,32
3,0.073631077818510776,8.8559917910000006e-05,35599.99999826555,0.024153106814423755,0.00090557663915373087,32
3,0.073631077818510776,8.8559917910000006e-05,35699.999998285923,0.023518736573043739,0.00081868899219418915,32
3,0.073631077818510776,8.8559917910000006e-05,35799.999998306295,0.024397592169289103,0.00086944904107307474,32
3,0.073631077818510776,8.8559917910000006e-05,35899.999998326668,0.025395608153957475,0.00085395546729799337,32
3,0.073631077818510776,8.8559917910000006e-05,35999.999998347041,0.025378937836529405,0.0011601534863723965,32
3,0.073631077818510776,8.8559917910000006e-05,36099.999998367413,0.026168256050504653,0.0010891677551699555,32
3,0.073631077818510776,8.8559917910000006e-05,36199.999998387786,0.02583350921906746,0.00096671066650311015,32
3,0.073631077818510776,8.8559917910000006e-05,36299.999998408159,0.025177343155831478,0.00097319717838489732,32
3,0.073631077818510776,8.8559917910000006e-05,36399.999998428531,0.025914473229915195,0.00098961884993118083,32
3,0.073631077818510776,8.8559917910000006e-05,36499.999998448904,0.025813260118843311,0.00099660213974021579,32
3,0.073631077818510776,8.8559917910000006e-05,36599.999998469277,0.02631644696286177,0.0010302642159277103,32
3,0.073631077818510776,8.8559917910000006e-05,36699.999998489649,0.025377102737009754,0.00093297914533841688,32
3,0.073631077818510776,8.8559917910000006e-05,36799.999998510022,0.024505114213409632,0.00092861726145977491,32
3,0.073631077818510776,8.8559917910000006e-05,36899.999998530395,0.024716660581705956,0.00086079343528525424,32
3,0.073631077818510776,8.8559917910000006e-05,36999.999998550767,0.025187064036033616,0.0010480878210332133,32
3,0.073631077818510776,8.8559917910000006e-05,37099.99999857114,0.025485357038257075,0.00092479440061330668,32
3,0.073631077818510776,8.8559917910000006e-05,37199.999998591513,0.025635780811362009,0.0010036272624917666,32
3,0.073631077818510776,8.8559917910000006e-05,37299.999998611886,0.026057874740318135,0.00094130388180235661,32
3,0.073631077818510776,8.8559917910000006e-05,37399.999998632258,0.02545396010210511,0.0010118637325871687,32
3,0.073631077818510776,8.8559917910000006e-05,37499.999998652631,0.025141921419368392,0.0010131684468122665,32
3,0.073631077818510776,8.8559917910000006e-05,37599.999998673004,0.025096705660043687,0.0010502196074227467,32
3,0.073631077818510776,8.8559917910000006e-05,37699.999998693376,0.024837668880284429,0.00092001943451867484,32
3,0.073631077818510776,8.8559917910000006e-05,37799.999998713749,0.025109365545743872,0.00096544403940027664,32
3,0.073631077818510776,8.8559917910000006e-05,37899.999998734122,0.024832635200540288,0.0008507024310273096,32
3,0.073631077818510776,8.8559917910000006e-05,37999.999998754494,0.024750463140431198,0.00089222143147624602,32
3,0.073631077818510776,8.8559917910000006e-05,38099.999998774867,0.025424711294026969,0.00091047961186843359,32
3,0.073631077818510776,8.8559917910000006e-05,38199.99999879524,0.025198483278715031,0.0011355713449790587,32
3,0.073631077818510776,8.8559917910000006e-05,38299.999998815612,0.024879437024184305,0.00098799403032372125,32
3,0.073631077818510776,8.8559917910000006e-05,38399.999998835985,0.024795424100545443,0.0008782679063980436,32
3,0.073631077818510776,8.8559917910000006e-05,38499.999998856358,0.02515933080636025,0.00072029569814122769,32
3,0.073631077818510776,8.8559917910000006e-05,38599.99999887673,0.025460396168540546,0.00079014947720016022,32
3,0.073631077818510776,8.8559917910000006e-05,38699.999998897103,0.024752713294435968,0.00065253093096460794,32
3,0.073631077818510776,8.8559917910000006e-05,38799.999998917476,0.024965153747054415,0.00072929797983538271,32
3,0.073631077818510776,8.8559917910000006e-05,38899.999998937848,0.024662815535021178,0.00086479496304406756,32
3,0.073631077818510776,8.8559917910000006e-05,38999.999998958221,0.024280675757748765,0.00092651724759789007,32
3,0.073631077818510776,8.8559917910000006e-05,39099.999998978594,0.02474519821342543,0.00092792134453144142,32
3,0.073631077818510776,8.8559917910000006e-05,39199.999998998966,0.0251309451561922,0.00091375548600514448,32
3,0.073631077818510776,8.8559917910000006e-05,39299.999999019339,0.025069166051517607,0.0009043070726539456,32
3,0.073631077818510776,8.8559917910000006e-05,39399.999999039712,0.02553095966864909,0.00090867454129680213,32
3,0.073631077818510776,8.8559917910000006e-05,39499.999999060085,0.024804619532045147,0.00089975352879377427,32
3,0.073631077818510776,8.8559917910000006e-05,39599.999999080457,0.0244636212280534,0.00089622205677718507,32
3,0.073631077818510776,8.8559917910000006e-05,39699.99999910083,0.024688678865598494,0.00083268154058972548,32
3,0.073631077818510776,8.8559917910000006e-05,39799.999999121203,0.024807727213956483,0.000747060994913474,32
3,0.073631077818510776,8.8559917910000006e-05,39899.999999141575,0.024627093929660403,0.00082481729592505566,32
3,0.073631077818510776,8.8559917910000006e-05,39999.999999161948,0.024569896003232165,0.0010232260987884292,32
3,0.073631077818510776,8.8559917910000006e-05,40099.999999182321,0.024457038740254709,0.0010381164725973397,32
3,0.073631077818510776,8.8559917910000006e-05,40199.999999202693,0.024966240641174087,0.00098611524717705321,32
3,0.073631077818510776,8.8559917910000006e-05,40299.999999223066,0.024275539530943718,0.0010248404509314137,32
3,0.073631077818510776,8.8559917910000006e-05,40399.999999243439,0.024848172877018383,0.0011019864940640675,32
3,0.073631077818510776,8.8559917910000006e-05,40499.999999263811,0.024822133039243591,0.00092722309593698668,32
3,0.073631077818510776,8.8559917910000006e-05,40599.999999284184,0.025854747884463278,0.00072035098803969056,32
3,0.073631077818510776,8.8559917910000006e-05,40699.999999304557,0.026492103787905348,0.00067500110691108052,32
3,0.073631077818510776,8.8559917910000006e-05,40799.999999324929,0.025862826225585642,0.00072156349136230842,32
3,0.073631077818510776,8.8559917910000006e-05,40899.999999345302,0.026354038537597907,0.0010694236977580626,32
3,0.073631077818510776,8.8559917910000006e-05,40999.999999365675,0.026867041423169678,0.0011466537143365882,32
3,0.073631077818510776,8.8559917910000006e-05,41099.999999386047,0.026716811725453128,0.0010935088845517545,32
3,0.073631077818510776,8.8559917910000006e-05,41199.99999940642,0.027909454544561684,0.0011752032854998719,32
3,0.073631077818510776,8.8559917910000006e-05,41299.999999426793,0.027570693469031311,0.00097719202230636356,32
3,0.073631077818510776,8.8559917910000006e-05,41399.999999447165,0.028570377327787288,0.00079926956526438382,32
3,0.073631077818510776,8.8559917910000006e-05,41499.999999467538,0.027603129312283987,0.00089589981029476783,32
3,0.073631077818510776,8.8559917910000006e-05,41599.999999487911,0.026649277439516377,0.00090230001186176404,32
3,0.073631077818510776,8.8559917910000006e-05,41699.999999508284,0.026062284248216341,0.00080676993684042624,32
3,0.073631077818510776,8.8559917910000006e-05,41799.999999528656,0.025224434893896426,0.00082756474329519181,32
3,0.073631077818510776,8.8559917910000006e-05,41899.999999549029,0.025370291664242837,0.00080437702424476993,32
3,0.073631077818510776,8.8559917910000006e-05,41999.999999569402,0.025118561634772038,0.00082786157469461909,32
3,0.073631077818510776,8.8559917910000006e-05,42099.999999589774,0.024679236628972801,0.00094782829330995559,32
3,0.073631077818510776,8.8559917910000006e-05,42199.999999610147,0.023688457419643042,0.00093237208616203193,32
3,0.073631077818510776,8.8559917910000006e-05,42299.99999963052,0.023333060363643233,0.00078783180534515711,32
3,0.073631077818510776,8.8559917910000006e-05,42399.999999650892,0.023336683938711821,0.00082173913364900076,32
3,0.073631077818510776,8.8559917910000006e-05,42499.999999671265,0.023395202631637864,0.00088641036389852993,32
3,0.073631077818510776,8.8559917910000006e-05,42599.999999691638,0.023795480315595089,0.00093260999009517364,32
3,0.073631077818510776,8.8559917910000006e-05,42699.99999971201,0.024294548591730903,0.00094810426996849067,32
3,0.073631077818510776,8.8559917910000006e-05,42799.999999732383,0.024573496823271306,0.00095403069362753055,32
3,0.073631077818510776,8.8559917910000006e-05,42899.999999752756,0.023975136207347536,0.00086157402912152923,32
3,0.073631077818510776,8.8559917910000006e-05,42999.999999773128,0.023510666192668801,0.0010195342871602371,32
3,0.073631077818510776,8.8559917910000006e-05,43099.999999793501,0.02402521059041339,0.0010219517267403373,32
3,0.073631077818510776,8.8559917910000006e-05,43199.999999813874,0.023933298950637717,0.0011019124655183854,32
3,0.073631077818510776,8.8559917910000006e-05,43299.999999834246,0.023584361765003784,0.0010939774844414664,32
3,0.073631077818510776,8.8559917910000006e-05,43399.999999854619,0.023324575948932551,0.00099051382589408223,32
3,0.073631077818510776,8.8559917910000006e-05,43499.999999874992,0.023117863770126118,0.00095367385603958204,32
3,0.073631077818510776,8.8559917910000006e-05,43599.999999895364,0.023465721702873834,0.0010031126194990235,32
3,0.073631077818510776,8.8559917910000006e-05,43699.999999915737,0.024224502847138403,0.0011085219732942912,32
3,0.073631077818510776,8.8559917910000006e-05,43799.99999993611,0.023516267567582388,0.0010346290793811842,32
3,0.073631077818510776,8.8559917910000006e-05,43899.999999956482,0.023783868174681824,0.0007187127605403329,32
3,0.073631077818510776,8.8559917910000006e-05,43999.999999976855,0.023388533038220902,0.00086772281376334005,32
3,0.073631077818510776,8.8559917910000006e-05,44099.999999997228,0.023264107904162976,0.00082090359528955636,32
3,0.073631077818510776,8.8559917910000006e-05,44200.000000017601,0.02341846928401321,0.00097857791671646923,32
3,0.073631077818510776,8.8559917910000006e-05,44300.000000037973,0.024242653828540357,0.001006060766447004,32
3,0.073631077818510776,8.8559917910000006e-05,44400.000000058346,0.024463019094927301,0.0010286470851700613,32
3,0.073631077818510776,8.8559917910000006e-05,44500.000000078719,0.025149616894204394,0.00095774776297531802,32
3,0.073631077818510776,8.8559917910000006e-05,44600.000000099091,0.024776553149383172,0.00096848727913288149,32
3,0.073631077818510776,8.8559917910000006e-05,44700.000000119464,0.024451279556981821,0.00076572024318415728,32
3,0.073631077818510776,8.8559917910000006e-05,44800.000000139837,0.024263099349533943,0.00079775950185567354,32
3,0.073631077818510776,8.8559917910000006e-05,44900.000000160209,0.024735238998275358,0.00083555965640563703,32
3,0.073631077818510776,8.8559917910000006e-05,45000.000000180582,0.025696298671503141,0.00082446015635804799,32
3,0.073631077818510776,8.8559917910000006e-05,45100.000000200955,0.025798434739901673,0.00079807773772267549,32
3,0.073631077818510776,8.8559917910000006e-05,45200.000000221327,0.024587316666574825,0.00066396633690178695,32
3,0.073631077818510776,8.8559917910000006e-05,45300.0000002417,0.023258744535821448,0.00074747261266582443,32
3,0.073631077818510776,8.8559917910000006e-05,45400.000000262073,0.023873356456288176,0.00081443399146857362,32
3,0.073631077818510776,8.8559917910000006e-05,45500.000000282445,0.024059827710958284,0.0010327359298212939,32
3,0.073631077818510776,8.8559917910000006e-05,45600.000000302818,0.025179003250724981,0.0008107251902051293,32
3,0.073631077818510776,8.8559917910000006e-05,45700.000000323191,0.026327809349238809,0.00077560959903157252,32
3,0.073631077818510776,8.8559917910000006e-05,45800.000000343563,0.026803918937168204,0.00078974035084044278,32
3,0.073631077818510776,8.8559917910000006e-05,45900.000000363936,0.026511596342453987,0.00080682544146890738,32
3,0.073631077818510776,8.8559917910000006e-05,46000.000000384309,0.025138577537014799,0.00093155877805101628,32
3,0.073631077818510776,8.8559917910000006e-05,46100.000000404681,0.024216975633519124,0.00092395887454817043,32
3,0.073631077818510776,8.8559917910000006e-05,46200.000000425054,0.024420885713007892,0.00083484398941650721,32
3,0.073631077818510776,8.8559917910000006e-05,46300.000000445427,0.025114000932263719,0.00072583517957683136,32
3,0.073631077818510776,8.8559917910000006e-05,46400.0000004658,0.025142327037848279,0.00086751126618252454,32
3,0.073631077818510776,8.8559917910000006e-05,46500.000000486172,0.025469346581642033,0.00070097513744172809,32
3,0.073631077818510776,8.8559917910000006e-05,46600.000000506545,0.02502761927295577,0.00071169197891943258,32
3,0.073631077818510776,8.8559917910000006e-05,46700.000000526918,0.024719554621241958,0.00086980743337380939,32
3,0.073631077818510776,8.8559917910000006e-05,46800.00000054729,0.024372604338659416,0.0009213989096367724,32
3,0.073631077818510776,8.8559917910000006e-05,46900.000000567663,0.025246869822829525,0.0009726730219799352,32
3,0.073631077818510776,8.8559917910000006e-05,47000.000000588036,0.025484623960030761,0.0009830999129137874,32
3,0.073631077818510776,8.8559917910000006e-05,47100.000000608408,0.025811171425664133,0.00092324693643814498,32
3,0.073631077818510776,8.8559917910000006e-05,47200.000000628781,0.025335427223946924,0.00087251278208822782,32
3,0.073631077818510776,8.8559917910000006e-05,47300.000000649154,0.025402881840550798,0.00082285914187326412,32
3,0.073631077818510776,8.8559917910000006e-05,47400.000000669526,0.02580980434463152,0.00084752748225503641,32
3,0.073631077818510776,8.8559917910000006e-05,47500.000000689899,0.02620922493191008,0.00092234073118053952,32
3,0.073631077818510776,8.8559917910000006e-05,47600.000000710272,0.027024738885951895,0.00089207896269113041,32
3,0.073631077818510776,8.8559917910000006e-05,47700.000000730644,0.027032061144118973,0.00096901173672866894,32
3,0.073631077818510776,8.8559917910000006e-05,47800.000000751017,0.026464702638985038,0.00098867990688785378,32
3,0.073631077818510776,8.8559917910000006e-05,47900.00000077139,0.025645364363546252,0.0011213845681107215,32
3,0.073631077818510776,8.8559917910000006e-05,48000.000000791762,0.025296010877429515,0.0010971326828765407,32
3,0.073631077818510776,8.8559917910000006e-05,48100.000000812135,0.02492137102288779,0.0011543395529027042,32
3,0.073631077818510776,8.8559917910000006e-05,48200.000000832508,0.024792522808990306,0.0011252489917994274,32
3,0.073631077818510776,8.8559917910000006e-05,48300.00000085288,0.025073590577793844,0.0011200628090584466,32
3,0.073631077818510776,8.8559917910000006e-05,48400.000000873253,0.024986862325153663,0.0011564360890042775,32
3,0.073631077818510776,8.8559917910000006e-05,48500.000000893626,0.025103405867354964,0.0010936564343513404,32
3,0.073631077818510776,8.8559917910000006e-05,48600.000000913999,0.02502780972776484,0.0010692844809926394,32
3,0.073631077818510776,8.8559917910000006e-05,48700.000000934371,0.025505433581958,0.00089757004077572729,32
3,0.073631077818510776,8.8559917910000006e-05,48800.000000954744,0.025362398208156757,0.00069689459815777265,32
3,0.073631077818510776,8.8559917910000006e-05,48900.000000975117,0.026155115353527561,0.00080569807028238937,32
3,0.073631077818510776,8.8559917910000006e-05,49000.000000995489,0.027451002403432685,0.00082460261017660327,32
3,0.073631077818510776,8.8559917910000006e-05,49100.000001015862,0.028238419031417755,0.00084938756056323738,32
3,0.073631077818510776,8.8559917910000006e-05,49200.000001036235,0.028116694995455785,0.00078092751101263883,32
3,0.073631077818510776,8.8559917910000006e-05,49300.000001056607,0.026309611895554079,0.00080095942606170432,32
3,0.073631077818510776,8.8559917910000006e-05,49400.00000107698,0.024918348649953615,0.00083974839981119974,32
3,0.073631077818510776,8.8559917910000006e-05,49500.000001097353,0.02479145864407465,0.00075385986582597922,32
3,0.073631077818510776,8.8559917910000006e-05,49600.000001117725,0.025386279519591038,0.0010092440822561377,32
3,0.073631077818510776,8.8559917910000006e-05,49700.000001138098,0.025860679062899038,0.0010028309347855171,32
3,0.073631077818510776,8.8559917910000006e-05,49800.000001158471,0.025471078540281265,0.0010402009327518395,32
3,0.073631077818510776,8.8559917910000006e-05,49900.000001178843,0.025631501501679612,0.00097817878007254531,32
3,0.073631077818510776,8.8559917910000006e-05,50000.000001199216,0.024703027541761364,0.0011172446016387374,32
4,0.098174770424681035,0.00015531490460000001,100.00000000001425,0.005679119786599374,0.00052676127104750285,32
4,0.098174770424681035,0.00015531490460000001,199.99999999996308,0.013056207642157413,0.00074303718844312059,32
4,0.098174770424681035,0.00015531490460000001,299.99999999987216,0.018050985765890856,0.00092909853921847483,32
4,0.098174770424681035,0.00015531490460000001,399.99999999978121,0.02036406912626236,0.0010365392334416089,32
4,0.098174770424681035,0.00015531490460000001,499.99999999969026,0.02207217254610265,0.0010593273260931322,32
4,0.098174770424681035,0.00015531490460000001,599.99999999959937,0.02285161282952131,0.0010664457892833349,32
4,0.098174770424681035,0.00015531490460000001,699.99999999950842,0.023388673703918866,0.00091441921190810009,32
4,0.098174770424681035,0.00015531490460000001,799.99999999941747,0.023789806754033575,0.0010071185281129416,32
4,0.098174770424681035,0.00015531490460000001,899.99999999932652,0.023986506054264296,0.00088225956216472572,32
4,0.098174770424681035,0.00015531490460000001,999.99999999923557,0.024196465287269143,0.00078595460038740673,32
4,0.098174770424681035,0.00015531490460000001,1099.9999999991446,0.02467162556476506,0.00096887443180370726,32
4,0.098174770424681035,0.00015531490460000001,1199.9999999990537,0.025975971403801167,0.0010712407398473735,32
4,0.098174770424681035,0.00015531490460000001,1299.9999999989627,0.02596955958099724,0.00093620317709715371,32
4,0.098174770424681035,0.00015531490460000001,1399.9999999988718,0.025210686915412419,0.00081031581561693124,32
4,0.098174770424681035,0.00015531490460000001,1499.9999999987808,0.02529253396586497,0.00088947524144123683,32
4,0.098174770424681035,0.00015531490460000001,1599.9999999986899,0.025750681627419513,0.00088951885612253794,32
4,0.098174770424681035,0.00015531490460000001,1699.9999999985989,0.025442361079185453,0.00074795867798650533,32
4,0.098174770424681035,0.00015531490460000001,1799.999999998508,0.025655622305484849,0.00088543223548144838,32
4,0.098174770424681035,0.00015531490460000001,1899.999999998417,0.026079524417514349,0.00080430311260029001,32
4,0.098174770424681035,0.00015531490460000001,1999.9999999983261,0.025466376349436479,0.00080034901617804198,32
4,0.098174770424681035,0.00015531490460000001,2099.9999999994175,0.025170932241609354,0.00091931824831807652,32
4,0.098174770424681035,0.00015531490460000001,2200.0000000016003,0.026118413339959935,0.00098115432607639736,32
4,0.098174770424681035,0.00015531490460000001,2300.000000003783,0.025755931871130167,0.0010196159946204207,32
4,0.098174770424681035,0.00015531490460000001,2400.0000000059658,0.024955226674247079,0.00070364181074151393,32
4,0.098174770424681035,0.00015531490460000001,2500.0000000081486,0.024555289941640017,0.00068293697210172126,32
4,0.098174770424681035,0.00015531490460000001,2600.0000000103314,0.025214696890585787,0.00095303003408406023,32
4,0.098174770424681035,0.00015531490460000001,2700.0000000125142,0.025227044023814298,0.00088610543964366619,32
4,0.098174770424681035,0.00015531490460000001,2800.000000014697,0.025227303103977389,0.00088328825988119369,32
4,0.098174770424681035,0.00015531490460000001,2900.0000000168798,0.024219790794137431,0.00094011222903596218,32
4,0.098174770424681035,0.00015531490460000001,3000.0000000190626,0.024514620775800182,0.00090188356769411104,32
4,0.098174770424681035,0.00015531490460000001,3100.0000000212453,0.023647836450370312,0.00087514806442943235,32
4,0.098174770424681035,0.00015531490460000001,3200.0000000234281,0.024360224451229019,0.00092791536707546244,32
4,0.098174770424681035,0.00015531490460000001,3300.0000000256109,0.023788685182813313,0.00089033939222097681,32
4,0.098174770424681035,0.00015531490460000001,3400.0000000277937,0.02644508271366169,0.0009148837476909929,32
4,0.098174770424681035,0.00015531490460000001,3500.0000000299765,0.026951100602969978,0.00082322302760270158,32
4,0.098174770424681035,0.00015531490460000001,3600.0000000321593,0.025641184191448309,0.00096400400939685598,32
4,0.098174770424681035,0.00015531490460000001,3700.0000000343421,0.025162595281578212,0.00086968203203775676,32
4,0.098174770424681035,0.00015531490460000001,3800.0000000365249,0.025123659002477101,0.00087701812739853554,32
4,0.098174770424681035,0.00015531490460000001,3900.0000000387076,0.025001528239763138,0.00082533273474514658,32
4,0.098174770424681035,0.00015531490460000001,4000.0000000408904,0.024427986595363101,0.00098178361503746731,32
4,0.098174770424681035,0.00015531490460000001,4100.0000000430728,0.024270083865158224,0.00098212548173974784,32
4,0.098174770424681035,0.00015531490460000001,4200.0000000452555,0.024753026682759569,0.00081235132878610522,32
4,0.098174770424681035,0.00015531490460000001,4300.0000000474383,0.026402964758531728,0.00085538965812062193,32
4,0.098174770424681035,0.00015531490460000001,4400.0000000496211,0.02564898594670038,0.00091469513008258173,32
4,0.098174770424681035,0.00015531490460000001,4500.0000000518039,0.025135383963719823,0.0010026454112384187,32
4,0.098174770424681035,0.00015531490460000001,4600.0000000539867,0.024326186714341752,0.0011131727501844468,32
4,0.098174770424681035,0.00015531490460000001,4700.0000000561695,0.023580152088070339,0.00080821883007988057,32
4,0.098174770424681035,0.00015531490460000001,4800.0000000583523,0.023487011050587484,0.00065308906688254836,32
4,0.098174770424681035,0.00015531490460000001,4900.0000000605351,0.025287735882344741,0.00081843277776678588,32
4,0.098174770424681035,0.00015531490460000001,5000.0000000627178,0.025193765223303237,0.0008428126793494767,32
4,0.098174770424681035,0.00015531490460000001,5100.0000000649006,0.025321163081890422,0.0008251778623509378,32
4,0.098174770424681035,0.00015531490460000001,5200.0000000670834,0.025461893239821988,0.00094408752944734515,32
4,0.098174770424681035,0.00015531490460000001,5300.0000000692662,0.025170906502644627,0.00079142218240328287,32
4,0.098174770424681035,0.00015531490460000001,5400.000000071449,0.025503459277848296,0.00083910893414961419,32
4,0.098174770424681035,0.00015531490460000001,5500.0000000736318,0.025539699198910616,0.00074715445290932201,32
4,0.098174770424681035,0.00015531490460000001,5600.0000000758146,0.024620135797818653,0.00072233330233452745,32
4,0.098174770424681035,0.00015531490460000001,5700.0000000779974,0.02641952396110496,0.00084008672638051832,32
4,0.098174770424681035,0.00015531490460000001,5800.0000000801801,0.026253574071565536,0.0006922057865155494,32
4,0.098174770424681035,0.00015531490460000001,5900.0000000823629,0.025675211486224432,0.00083185040137653962,32
4,0.098174770424681035,0.00015531490460000001,6000.0000000845457,0.026360970946179233,0.00080641842812632382,32
4,0.098174770424681035,0.00015531490460000001,6100.0000000867285,0.026760797450374116,0.00092626642567261459,32
4,0.098174770424681035,0.00015531490460000001,6200.0000000889113,0.026304658127360932,0.00077116403335408725,32
4,0.098174770424681035,0.00015531490460000001,6300.0000000910941,0.026007304867424783,0.00098786455670751231,32
4,0.098174770424681035,0.00015531490460000001,6400.0000000932769,0.026534668262069315,0.00088485613004601719,32
4,0.098174770424681035,0.00015531490460000001,6500.0000000954597,0.026269260074909557,0.00085105128316234906,32
4,0.098174770424681035,0.00015531490460000001,6600.0000000976424,0.025243595917843756,0.00073068665279418354,32
4,0.098174770424681035,0.00015531490460000001,6700.0000000998252,0.026062851861567597,0.00084880307298022253,32
4,0.098174770424681035,0.00015531490460000001,6800.000000102008,0.025762703005962301,0.00086168579267327256,32
4,0.098174770424681035,0.00015531490460000001,6900.0000001041908,0.025654789635703838,0.00080479253864274198,32
4,0.098174770424681035,0.00015531490460000001,7000.0000001063736,0.024850727584580866,0.00082029325510457748,32
4,0.098174770424681035,0.00015531490460000001,7100.0000001085564,0.02535041441003269,0.00065583593219354546,32
4,0.098174770424681035,0.00015531490460000001,7200.0000001107392,0.025823692776213516,0.00083315710117994176,32
4,0.098174770424681035,0.00015531490460000001,7300.000000112922,0.025159911943160612,0.00097441391162700472,32
4,0.098174770424681035,0.00015531490460000001,7400.0000001151047,0.024991822837101243,0.00086973432084458977,32
4,0.098174770424681035,0.00015531490460000001,7500.0000001172875,0.024139753421705414,0.00100958746374415,32
4,0.098174770424681035,0.00015531490460000001,7600.0000001194703,0.023543230054762963,0.0011522600707182806,32
4,0.098174770424681035,0.00015531490460000001,7700.0000001216531,0.023914227115361866,0.0010284750626197994,32
4,0.098174770424681035,0.00015531490460000001,7800.0000001238359,0.024752767738087295,0.0012477820973990552,32
4,0.098174770424681035,0.00015531490460000001,7900.0000001260187,0.024733018843375646,0.00094469452490671005,32
4,0.098174770424681035,0.00015531490460000001,8000.0000001282015,0.024565449445255391,0.0007987939413428264,32
4,0.098174770424681035,0.00015531490460000001,8100.0000001303843,0.025227676463401495,0.00088470605611286671,32
4,0.098174770424681035,0.00015531490460000001,8200.0000001325661,0.025276808242197454,0.0007823017627812789,32
4,0.098174770424681035,0.00015531490460000001,8300.0000001347489,0.025739404731938625,0.00089967178648896261,32
4,0.098174770424681035,0.00015531490460000001,8400.0000001369317,0.025029973248536459,0.00078144367585176978,32
4,0.098174770424681035,0.00015531490460000001,8500.0000001391145,0.024663163419835064,0.00069511534501862462,32
4,0.098174770424681035,0.00015531490460000001,8600.0000001412973,0.023814756451549592,0.00084926423697093676,32
4,0.098174770424681035,0.00015531490460000001,8700.0000001434801,0.024147960977422923,0.00087355624849555025,32
4,0.098174770424681035,0.00015531490460000001,8800.0000001456629,0.024764405851443468,0.00070915091586248738,32
4,0.098174770424681035,0.00015531490460000001,8900.0000001478456,0.024784947044947787,0.00075401780722332296,32
4,0.098174770424681035,0.00015531490460000001,9000.0000001500284,0.025463042708602508,0.00088156662271575979,32
4,0.098174770424681035,0.00015531490460000001,9100.0000001522112,0.025308527150823799,0.00096349661335384481,32
4,0.098174770424681035,0.00015531490460000001,9200.000000154394,0.025196735862224477,0.00099614278670933244,32
4,0.098174770424681035,0.00015531490460000001,9300.0000001565768,0.025332679755816462,0.00075895998237809155,32
4,0.098174770424681035,0.00015531490460000001,9400.0000001587596,0.025522540074990149,0.00067188523733873926,32
4,0.098174770424681035,0.00015531490460000001,9500.0000001609424,0.025024916584760793,0.00090956722034184092,32
4,0.098174770424681035,0.00015531490460000001,9600.0000001631252,0.024619388073625438,0.00089842515484657372,32
4,0.098174770424681035,0.00015531490460000001,9700.0000001653079,0.024177177497378678,0.00088835093169075253,32
4,0.098174770424681035,0.00015531490460000001,9800.0000001674907,0.024619599224278366,0.00094682169994295573,32
4,0.098174770424681035,0.00015531490460000001,9900.0000001696735,0.024036094853774646,0.0010708655993731666,32
4,0.098174770424681035,0.00015531490460000001,10000.000000171856,0.024310100473263874,0.0011342720284314841,32
4,0.098174770424681035,0.00015531490460000001,10100.000000174039,0.024668451330022836,0.00083103172667305808,32
4,0.098174770424681035,0.00015531490460000001,10200.000000176222,0.024518229744019803,0.00090218468724710058,32
4,0.098174770424681035,0.00015531490460000001,10300.000000178405,0.025177226244032611,0.00080905149365169025,32
4,0.098174770424681035,0.00015531490460000001,10400.000000180587,0.024639289156121836,0.00072611562132519783,32
4,0.098174770424681035,0.00015531490460000001,10500.00000018277,0.025379961604279556,0.00081562142908759281,32
4,0.098174770424681035,0.00015531490460000001,10600.000000184953,0.025517730572220849,0.0010056821194135911,32
4,0.098174770424681035,0.00015531490460000001,10700.000000187136,0.026716351167896175,0.0012578746156340218,32
4,0.098174770424681035,0.00015531490460000001,10800.000000189319,0.026938979417671257,0.0010785798448607474,32
4,0.098174770424681035,0.00015531490460000001,10900.000000191501,0.026107796726184532,0.00090121811240723138,32
4,0.098174770424681035,0.00015531490460000001,11000.000000193684,0.02604298272345942,0.00077352666131375546,32
4,0.098174770424681035,0.00015531490460000001,11100.000000195867,0.025129499540945541,0.0009462627306090867,32
4,0.098174770424681035,0.00015531490460000001,11200.00000019805,0.025307307836986408,0.00097488183742755539,32
4,0.098174770424681035,0.00015531490460000001,11300.000000200233,0.025159672341049707,0.001013079933002459,32
4,0.098174770424681035,0.00015531490460000001,11400.000000202415,0.025135490811564506,0.00091551004727004706,32
4,0.098174770424681035,0.00015531490460000001,11500.000000204598,0.02626260912785338,0.00095564617796060295,32
4,0.098174770424681035,0.00015531490460000001,11600.000000206781,0.02558349483944616,0.0010917800653853361,32
4,0.098174770424681035,0.00015531490460000001,11700.000000208964,0.024429246314190078,0.0010002010711985189,32
4,0.098174770424681035,0.00015531490460000001,11800.000000211146,0.024096789269502723,0.00065426759725890329,32
4,0.098174770424681035,0.00015531490460000001,11900.000000213329,0.024686198875791921,0.00069545827179757081,32
4,0.098174770424681035,0.00015531490460000001,12000.000000215512,0.024338744368609853,0.001032423476336346,32
4,0.098174770424681035,0.00015531490460000001,12100.000000217695,0.025224136597962202,0.0010090308998275755,32
4,0.098174770424681035,0.00015531490460000001,12200.000000219878,0.025443276966493133,0.00065577931280725091,32
4,0.098174770424681035,0.00015531490460000001,12300.00000022206,0.025965899177121242,0.00069271545685304064,32
4,0.098174770424681035,0.00015531490460000001,12400.000000224243,0.026043412565330614,0.00086122683150108704,32
4,0.098174770424681035,0.00015531490460000001,12500.000000226426,0.026267801709687382,0.00097308932407922267,32
4,0.098174770424681035,0.00015531490460000001,12600.000000228609,0.026080892473080385,0.00099632545445665823,32
4,0.098174770424681035,0.00015531490460000001,12700.000000230792,0.025624096285969573,0.00078692917404054197,32
4,0.098174770424681035,0.00015531490460000001,12800.000000232974,0.026184798214334486,0.00093010415155613977,32
4,0.098174770424681035,0.00015531490460000001,12900.000000235157,0.0256099823523947,0.0011058245573875916,32
4,0.098174770424681035,0.00015531490460000001,13000.00000023734,0.025827820630282876,0.0010226365273870383,32
4,0.098174770424681035,0.00015531490460000001,13100.000000239523,0.025739056013027367,0.0008063854443187726,32
4,0.098174770424681035,0.00015531490460000001,13200.000000241705,0.025645941305235367,0.00091759687557865734,32
4,0.098174770424681035,0.00015531490460000001,13300.000000243888,0.025515868199347723,0.00092867170480235217,32
4,0.098174770424681035,0.00015531490460000001,13400.000000246071,0.025863503511399918,0.00084030706148170069,32
4,0.098174770424681035,0.00015531490460000001,13500.000000248254,0.025320050917301461,0.00100990199660509,32
4,0.098174770424681035,0.00015531490460000001,13600.000000250437,0.024678929352351664,0.0010737734340573349,32
4,0.098174770424681035,0.00015531490460000001,13700.000000252619,0.024927918848975918,0.0010118130082061808,32
4,0.098174770424681035,0.00015531490460000001,13800.000000254802,0.025243166590222417,0.00092115413014213067,32
4,0.098174770424681035,0.00015531490460000001,13900.000000256985,0.025180337317294955,0.0010445850974518148,32
4,0.098174770424681035,0.00015531490460000001,14000.000000259168,0.025045182859422536,0.00082496754520332771,32
4,0.098174770424681035,0.00015531490460000001,14100.000000261351,0.024568273058070883,0.00079910358169819949,32
4,0.098174770424681035,0.00015531490460000001,14200.000000263533,0.024960848422998595,0.00095014627488949086,32
4,0.098174770424681035,0.00015531490460000001,14300.000000265716,0.025459940134331078,0.00080661771589228559,32
4,0.098174770424681035,0.00015531490460000001,14400.000000267899,0.025416099300933363,0.0007631837170227751,32
4,0.098174770424681035,0.00015531490460000001,14500.000000270082,0.025327702889021884,0.00082508718476660529,32
4,0.098174770424681035,0.00015531490460000001,14600.000000272265,0.02542007206503338,0.00078127586087281238,32
4,0.098174770424681035,0.00015531490460000001,14700.000000274447,0.024596457331140784,0.00087475202002381053,32
4,0.098174770424681035,0.00015531490460000001,14800.00000027663,0.024822410098497345,0.00066328848481230157,32
4,0.098174770424681035,0.00015531490460000001,14900.000000278813,0.024666643550897004,0.00085798459420790988,32
4,0.098174770424681035,0.00015531490460000001,15000.000000280996,0.025440414580740707,0.00091988694956709354,32
4,0.098174770424681035,0.00015531490460000001,15100.000000283178,0.025583725617679614,0.0010494325958420919,32
4,0.098174770424681035,0.00015531490460000001,15200.000000285361,0.02534981580619719,0.00084784032584572018,32
4,0.098174770424681035,0.00015531490460000001,15300.000000287544,0.026561938256320517,0.00084444174534042038,32
4,0.098174770424681035,0.00015531490460000001,15400.000000289727,0.027091316913742128,0.00085810012856001538,32
4,0.098174770424681035,0.00015531490460000001,15500.00000029191,0.026609914394501978,0.00079569135115604354,32
4,0.098174770424681035,0.00015531490460000001,15600.000000294092,0.02564358661213675,0.00085818448332704907,32
4,0.098174770424681035,0.00015531490460000001,15700.000000296275,0.025060932480664946,0.0010308986904346677,32
4,0.098174770424681035,0.00015531490460000001,15800.000000298458,0.025126285724748561,0.00095622783542822056,32
4,0.098174770424681035,0.00015531490460000001,15900.000000300641,0.024367071601267571,0.00072807869255241857,32
4,0.098174770424681035,0.00015531490460000001,16000.000000302824,0.024190290654437473,0.00082113291479416633,32
4,0.098174770424681035,0.00015531490460000001,16100.000000305006,0.024215091766135056,0.00072121376491372791,32
4,0.098174770424681035,0.00015531490460000001,16200.000000307189,0.024356890278094078,0.00075271963305912693,32
4,0.098174770424681035,0.00015531490460000001,16300.000000309372,0.025889681862426392,0.00058030850219264985,32
4,0.098174770424681035,0.00015531490460000001,16400.000000308642,0.026562165204886985,0.00075237562184557862,32
4,0.098174770424681035,0.00015531490460000001,16500.000000292635,0.027714429818776035,0.00077767942911088775,32
4,0.098174770424681035,0.00015531490460000001,16600.000000276628,0.027786489783864041,0.00076318561914288073,32
4,0.098174770424681035,0.00015531490460000001,16700.000000260621,0.026517982615132277,0.00073196252935381009,32
4,0.098174770424681035,0.00015531490460000001,16800.000000244614,0.026190334658902387,0.00078778305674023633,32
4,0.098174770424681035,0.00015531490460000001,16900.000000228607,0.02621704814617935,0.00093004329557186643,32
4,0.098174770424681035,0.00015531490460000001,17000.0000002126,0.02556788789484165,0.0010693934090065568,32
4,0.098174770424681035,0.00015531490460000001,17100.000000196593,0.025814292126359474,0.00093550654294847092,32
4,0.098174770424681035,0.00015531490460000001,17200.000000180586,0.026626673579846688,0.0011356430825210518,32
4,0.098174770424681035,0.00015531490460000001,17300.000000164579,0.025378292013065021,0.0011206320411904979,32
4,0.098174770424681035,0.00015531490460000001,17400.000000148571,0.02561051294569152,0.00079846673471264777,32
4,0.098174770424681035,0.00015531490460000001,17500.000000132564,0.024491983554411945,0.00087430858641661629,32
4,0.098174770424681035,0.00015531490460000001,17600.000000116557,0.024549007777187489,0.00091135821320239728,32
4,0.098174770424681035,0.00015531490460000001,17700.00000010055,0.025537296097968908,0.00094998629811286089,32
4,0.098174770424681035,0.00015531490460000001,17800.000000084543,0.025103856673633431,0.00090951856685423846,32
4,0.098174770424681035,0.00015531490460000001,17900.000000068536,0.024676231274812329,0.00090779967256134075,32
4,0.098174770424681035,0.00015531490460000001,18000.000000052529,0.025269264112780736,0.0011119872467374992,32
4,0.098174770424681035,0.00015531490460000001,18100.000000036522,0.025272637460129727,0.0010217612424368735,32
4,0.098174770424681035,0.00015531490460000001,18200.000000020515,0.025149953600970366,0.00082120803641206512,32
4,0.098174770424681035,0.00015531490460000001,18300.000000004507,0.02543999112832614,0.00080653674053518488,32
4,0.098174770424681035,0.00015531490460000001,18399.9999999885,0.025980178072207989,0.00080287605788796526,32
4,0.098174770424681035,0.00015531490460000001,18499.999999972493,0.026310204408725283,0.0006994703371608511,32
4,0.098174770424681035,0.00015531490460000001,18599.999999956486,0.025910533344608064,0.00092415827162232328,32
4,0.098174770424681035,0.00015531490460000001,18699.999999940479,0.024644854573528496,0.0010179076036363778,32
4,0.098174770424681035,0.00015531490460000001,18799.999999924472,0.024659829427082166,0.0009927393260069574,32
4,0.098174770424681035,0.00015531490460000001,18899.999999908465,0.025790933414773325,0.0011712173994138278,32
4,0.098174770424681035,0.00015531490460000001,18999.999999892458,0.025603423861972001,0.0010119986318864855,32
4,0.098174770424681035,0.00015531490460000001,19099.999999876451,0.024354768403482451,0.00086067379837334601,32
4,0.098174770424681035,0.00015531490460000001,19199.999999860443,0.024045786553586707,0.00075473600586628987,32
4,0.098174770424681035,0.00015531490460000001,19299.999999844436,0.024468996907995699,0.00056956901984472094,32
4,0.098174770424681035,0.00015531490460000001,19399.999999828429,0.025449956914000264,0.00081712461178775318,32
4,0.098174770424681035,0.00015531490460000001,19499.999999812422,0.026125260473156747,0.00073740552151814551,32
4,0.098174770424681035,0.00015531490460000001,19599.999999796415,0.026904464775997911,0.00071789694430532218,32
4,0.098174770424681035,0.00015531490460000001,19699.999999780408,0.026792216380592454,0.00084835012719511435,32
4,0.098174770424681035,0.00015531490460000001,19799.999999764401,0.026287450371711062,0.00098546650554825121,32
4,0.098174770424681035,0.00015531490460000001,19899.999999748394,0.02490375408643954,0.00078167913358666752,32
4,0.098174770424681035,0.00015531490460000001,19999.999999732387,0.025412700525750419,0.00082929681040538525,32
4,0.098174770424681035,0.00015531490460000001,20099.99999971638,0.025840860414599036,0.00061277664979691917,32
4,0.098174770424681035,0.00015531490460000001,20199.999999700372,0.025157214673646528,0.00089352117413856759,32
4,0.098174770424681035,0.00015531490460000001,20299.999999684365,0.024605625086860931,0.00099942249383909464,32
4,0.098174770424681035,0.00015531490460000001,20399.999999668358,0.025846991294979312,0.00090743644219726857,32
4,0.098174770424681035,0.00015531490460000001,20499.999999652351,0.025023370046822258,0.00081581801558588333,32
4,0.098174770424681035,0.00015531490460000001,20599.999999636344,0.024554519075190642,0.00080190511600795498,32
4,0.098174770424681035,0.00015531490460000001,20699.999999620337,0.025323402788735055,0.00089520698866576314,32
4,0.098174770424681035,0.00015531490460000001,20799.99999960433,0.025120553866517129,0.00086764664900710036,32
4,0.098174770424681035,0.00015531490460000001,20899.999999588323,0.024770941457161456,0.00066097718641111884,32
4,0.098174770424681035,0.00015531490460000001,20999.999999572316,0.024238691301601605,0.00072002480770293794,32
4,0.098174770424681035,0.00015531490460000001,21099.999999556308,0.024978333133005119,0.00089405013502540348,32
4,0.098174770424681035,0.00015531490460000001,21199.999999540301,0.024604575688900777,0.0011414195780852967,32
4,0.098174770424681035,0.00015531490460000001,21299.999999524294,0.025254905866761081,0.0011372624030873131,32
4,0.098174770424681035,0.00015531490460000001,21399.999999508287,0.025728087466380674,0.0010695751780572236,32
4,0.098174770424681035,0.00015531490460000001,21499.99999949228,0.025899511756534613,0.00095976753736469846,32
4,0.098174770424681035,0.00015531490460000001,21599.999999476273,0.025753891563184715,0.00088010681804969642,32
4,0.098174770424681035,0.00015531490460000001,21699.999999460266,0.025840699638936079,0.00096758170394622999,32
4,0.098174770424681035,0.00015531490460000001,21799.999999444259,0.025457221393946846,0.00091355395482820869,32
4,0.098174770424681035,0.00015531490460000001,21899.999999428252,0.025313567755164943,0.0011243015087260893,32
4,0.098174770424681035,0.00015531490460000001,21999.999999412245,0.025121295696347516,0.0010200489979324634,32
4,0.098174770424681035,0.00015531490460000001,22099.999999396237,0.024479059438882216,0.00098746947556538887,32
4,0.098174770424681035,0.00015531490460000001,22199.99999938023,0.025000075684254813,0.00086361704417683895,32
4,0.098174770424681035,0.00015531490460000001,22299.999999364223,0.02541383425779958,0.00077973687630892381,32
4,0.098174770424681035,0.00015531490460000001,22399.999999348216,0.02468256779711156,0.00096769233584045856,32
4,0.098174770424681035,0.00015531490460000001,22499.999999332209,0.024570412732588372,0.00082412708434808984,32
4,0.098174770424681035,0.00015531490460000001,22599.999999316202,0.025023903374008054,0.00081983974286035488,32
4,0.098174770424681035,0.00015531490460000001,22699.999999300195,0.024152132727943306,0.00093089573794234617,32
4,0.098174770424681035,0.00015531490460000001,22799.999999284188,0.024076860672985513,0.0010484085534734435,32
4,0.098174770424681035,0.00015531490460000001,22899.999999268181,0.025430484638989139,0.0010420916910928179,32
4,0.098174770424681035,0.00015531490460000001,22999.999999252173,0.025315004402259193,0.00084252884879354646,32
4,0.098174770424681035,0.00015531490460000001,23099.999999236166,0.026048926677272724,0.00089738480702924702,32
4,0.098174770424681035,0.00015531490460000001,23199.999999220159,0.026107837284212124,0.00080631758802208119,32
4,0.098174770424681035,0.00015531490460000001,23299.999999204152,0.025338017666715118,0.00087889357406761826,32
4,0.098174770424681035,0.00015531490460000001,23399.999999188145,0.024984907533173541,0.00088754132162823006,32
4,0.098174770424681035,0.00015531490460000001,23499.999999172138,0.024497369690005485,0.00087313010603911126,32
4,0.098174770424681035,0.00015531490460000001,23599.999999156131,0.026200601133646362,0.00081212810553445169,32
4,0.098174770424681035,0.00015531490460000001,23699.999999140124,0.027205148786988383,0.00089047805244705743,32
4,0.098174770424681035,0.00015531490460000001,23799.999999124117,0.026456834874017041,0.00087514315027521685,32
4,0.098174770424681035,0.00015531490460000001,23899.999999108109,0.026662167936713069,0.00088642537601776514,32
4,0.098174770424681035,0.00015531490460000001,23999.999999092102,0.026226041555293674,0.0010085842988837861,32
4,0.098174770424681035,0.00015531490460000001,24099.999999076095,0.025508139209860996,0.00096139853775662441,32
4,0.098174770424681035,0.00015531490460000001,24199.999999060088,0.023544115506139673,0.00079721680702852919,32
4,0.098174770424681035,0.00015531490460000001,24299.999999044081,0.022984687622771477,0.00082921231145408427,32
4,0.098174770424681035,0.00015531490460000001,24399.999999028074,0.024213443902925343,0.00072077831838275347,32
4,0.098174770424681035,0.00015531490460000001,24499.999999012067,0.023455479760658943,0.00081297300826173541,32
4,0.098174770424681035,0.00015531490460000001,24599.99999899606,0.023461967300914037,0.0006557510540047901,32
4,0.098174770424681035,0.00015531490460000001,24699.999998980053,0.024749309205934898,0.00085667574939963305,32
4,0.098174770424681035,0.00015531490460000001,24799.999998964046,0.024784155640374742,0.00078479006484972363,32
4,0.098174770424681035,0.00015531490460000001,24899.999998948038,0.024273387374040788,0.00067196021865027333,32
4,0.098174770424681035,0.00015531490460000001,24999.999998932031,0.025686459963185478,0.0009535860909232124,32
4,0.098174770424681035,0.00015531490460000001,25099.999998916024,0.025546954570377325,0.00087173202233209338,32
4,0.098174770424681035,0.00015531490460000001,25199.999998900017,0.025911034484057655,0.00086267681528364121,32
4,0.098174770424681035,0.00015531490460000001,25299.99999888401,0.026588784239704705,0.00093863724233040106,32
4,0.098174770424681035,0.00015531490460000001,25399.999998868003,0.025928152094619877,0.00090940152259487916,32
4,0.098174770424681035,0.00015531490460000001,25499.999998851996,0.02640692782922089,0.00076707357487902118,32
4,0.098174770424681035,0.00015531490460000001,25599.999998835989,0.025074445574790334,0.00080817521546687238,32
4,0.098174770424681035,0.00015531490460000001,25699.999998819982,0.024806668765532881,0.00092083544808039175,32
4,0.098174770424681035,0.00015531490460000001,25799.999998803974,0.025389650278251054,0.0010174919932325088,32
4,0.098174770424681035,0.00015531490460000001,25899.999998787967,0.025679932820240146,0.00094909451846979709,32
4,0.098174770424681035,0.00015531490460000001,25999.99999877196,0.025408523263723622,0.00099958034534138539,32
4,0.098174770424681035,0.00015531490460000001,26099.999998755953,0.025389977077625886,0.00095442108589682893,32
4,0.098174770424681035,0.00015531490460000001,26199.999998739946,0.025526372504664073,0.0010177974848939173,32
4,0.098174770424681035,0.00015531490460000001,26299.999998723939,0.025790312008750572,0.00094926025994885655,32
4,0.098174770424681035,0.00015531490460000001,26399.999998707932,0.02527307359259064,0.00099020197552577779,32
4,0.098174770424681035,0.00015531490460000001,26499.999998691925,0.023859589044694554,0.0011031015794320336,32
4,0.098174770424681035,0.00015531490460000001,26599.999998675918,0.024290192461386122,0.0010607894297433279,32
4,0.098174770424681035,0.00015531490460000001,26699.99999865991,0.024709094985908311,0.00077388698926791498,32
4,0.098174770424681035,0.00015531490460000001,26799.999998643903,0.025523170724663771,0.00089638633671798617,32
4,0.098174770424681035,0.00015531490460000001,26899.999998627896,0.025110496656264053,0.00091091346694938526,32
4,0.098174770424681035,0.00015531490460000001,26999.999998611889,0.02599294989206585,0.00095645447316679007,32
4,0.098174770424681035,0.00015531490460000001,27099.999998595882,0.025448888365398707,0.00094585513568578466,32
4,0.098174770424681035,0.00015531490460000001,27199.999998579875,0.02514970962606549,0.001034887941376292,32
4,0.098174770424681035,0.00015531490460000001,27299.999998563868,0.024389828567011568,0.00075778617393173629,32
4,0.098174770424681035,0.00015531490460000001,27399.999998547861,0.0237470143309353,0.00075416303378103913,32
4,0.098174770424681035,0.00015531490460000001,27499.999998531854,0.024299928030811248,0.00073719521104948784,32
4,0.098174770424681035,0.00015531490460000001,27599.999998515847,0.02567748924324325,0.0008182340264556295,32
4,0.098174770424681035,0.00015531490460000001,27699.999998499839,0.026194272527361031,0.00085072641448317261,32
4,0.098174770424681035,0.00015531490460000001,27799.999998483832,0.025861317365550265,0.00077292428292497948,32
4,0.098174770424681035,0.00015531490460000001,27899.999998467825,0.024954244167689776,0.00067931353793883819,32
4,0.098174770424681035,0.00015531490460000001,27999.999998451818,0.025412817980714226,0.00088471697225460996,32
4,0.098174770424681035,0.00015531490460000001,28099.999998435811,0.02427058363127171,0.00095646239463353217,32
4,0.098174770424681035,0.00015531490460000001,28199.999998419804,0.024597150239519583,0.00091295186161492205,32
4,0.098174770424681035,0.00015531490460000001,28299.999998403797,0.025677454067634119,0.00099236061288638646,32
4,0.098174770424681035,0.00015531490460000001,28399.99999838779,0.02602961387045144,0.0010126204593032312,32
4,0.098174770424681035,0.00015531490460000001,28499.999998371783,0.0252853889064634,0.00092128334052660936,32
4,0.098174770424681035,0.00015531490460000001,28599.999998355775,0.02507805940442126,0.00083763470115137879,32
4,0.098174770424681035,0.00015531490460000001,28699.999998339768,0.024654604779947079,0.0010382213970921942,32
4,0.098174770424681035,0.00015531490460000001,28799.999998323761,0.024515594257978765,0.0011504941797492903,32
4,0.098174770424681035,0.00015531490460000001,28899.999998307754,0.023589204422731502,0.00084608694173378418,32
4,0.098174770424681035,0.00015531490460000001,28999.999998291747,0.023784820413284075,0.00075221025857390655,32
4,0.098174770424681035,0.00015531490460000001,29099.99999827574,0.023961375585303493,0.00065462637620476531,32
4,0.098174770424681035,0.00015531490460000001,29199.999998259733,0.02435825565561623,0.00065345521646454849,32
4,0.098174770424681035,0.00015531490460000001,29299.999998243726,0.024826842649022667,0.000584139704773589,32
4,0.098174770424681035,0.00015531490460000001,29399.999998227719,0.024694317942006893,0.00082946422782885119,32
4,0.098174770424681035,0.00015531490460000001,29499.999998211711,0.025241240076775851,0.00079365530314286312,32
4,0.098174770424681035,0.00015531490460000001,29599.999998195704,0.025944590735349153,0.0010354013357051072,32
4,0.098174770424681035,0.00015531490460000001,29699.999998179697,0.026504727597316754,0.00090918014472050066,32
4,0.098174770424681035,0.00015531490460000001,29799.99999816369,0.026642445610630821,0.00084934429516055337,32
4,0.098174770424681035,0.00015531490460000001,29899.999998147683,0.026309810842354897,0.00097430914846731345,32
4,0.098174770424681035,0.00015531490460000001,29999.999998131676,0.025789044457909065,0.0010134995474651433,32
4,0.098174770424681035,0.00015531490460000001,30099.999998115669,0.024962454187464539,0.00095196998568614468,32
4,0.098174770424681035,0.00015531490460000001,30199.999998099662,0.024093303593880875,0.00085609497800025202,32
4,0.098174770424681035,0.00015531490460000001,30299.999998083655,0.02512360969509057,0.00073519659596080439,32
4,0.098174770424681035,0.00015531490460000001,30399.999998067648,0.026493510048764587,0.00070623677036212148,32
4,0.098174770424681035,0.00015531490460000001,30499.99999805164,0.027210582688240472,0.0008505757817391657,32
4,0.098174770424681035,0.00015531490460000001,30599.999998035633,0.026560351546888267,0.0010155254778230916,32
4,0.098174770424681035,0.00015531490460000001,30699.999998019626,0.025508513936431918,0.00071608394624063777,32
4,0.098174770424681035,0.00015531490460000001,30799.999998003619,0.025986679179059266,0.00073606853299449553,32
4,0.098174770424681035,0.00015531490460000001,30899.999997987612,0.026743298508584128,0.00091041290870048626,32
4,0.098174770424681035,0.00015531490460000001,30999.999997971605,0.026652848320164579,0.00094652291714033415,32
4,0.098174770424681035,0.00015531490460000001,31099.999997955598,0.026470144647993656,0.0010225535068773563,32
4,0.098174770424681035,0.00015531490460000001,31199.999997939591,0.026426909471181849,0.0010853908302038062,32
4,0.098174770424681035,0.00015531490460000001,31299.999997923584,0.025645097693210134,0.00096969352104734783,32
4,0.098174770424681035,0.00015531490460000001,31399.999997907576,0.024904427679984097,0.00092253684875224856,32
4,0.098174770424681035,0.00015531490460000001,31499.999997891569,0.026503974889194939,0.0009248912496855208,32
4,0.098174770424681035,0.00015531490460000001,31599.999997875562,0.026377653396896829,0.00096099012855681439,32
4,0.098174770424681035,0.00015531490460000001,31699.999997859555,0.025760155629208248,0.00073937227452663132,32
4,0.098174770424681035,0.00015531490460000001,31799.999997843548,0.025890429411389332,0.00070594546519991746,32
4,0.098174770424681035,0.00015531490460000001,31899.999997827541,0.025835461299785197,0.00084320320670789315,32
4,0.098174770424681035,0.00015531490460000001,31999.999997811534,0.026290753925458706,0.0010050520516717151,32
4,0.098174770424681035,0.00015531490460000001,32099.999997795527,0.0260101459948309,0.00091888114339396031,32
4,0.098174770424681035,0.00015531490460000001,32199.99999777952,0.026784516959049546,0.00089708292877938608,32
4,0.098174770424681035,0.00015531490460000001,32299.999997763513,0.026049056119491685,0.00093328110501899513,32
4,0.098174770424681035,0.00015531490460000001,32399.999997747505,0.026314312150714964,0.00074928521683604568,32
4,0.098174770424681035,0.00015531490460000001,32499.999997731498,0.026023155531940872,0.00080585674359155517,32
4,0.098174770424681035,0.00015531490460000001,32599.999997715491,0.024571186664672815,0.00075671053708370104,32
4,0.098174770424681035,0.00015531490460000001,32699.999997699484,0.025312486138409827,0.00074543708783164154,32
4,0.098174770424681035,0.00015531490460000001,32799.999997695115,0.02561474116712199,0.00078812272384824798,32
4,0.098174770424681035,0.00015531490460000001,32899.999997715488,0.025672824792382691,0.00063375128634532462,32
4,0.098174770424681035,0.00015531490460000001,32999.99999773586,0.023938039875152393,0.00078581568964791499,32
4,0.098174770424681035,0.00015531490460000001,33099.999997756233,0.024612707292339144,0.00084544165620744824,32
4,0.098174770424681035,0.00015531490460000001,33199.999997776606,0.025378916530985843,0.00074644845612477622,32
4,0.098174770424681035,0.00015531490460000001,33299.999997796978,0.025270887053385434,0.0006979395262501503,32
4,0.098174770424681035,0.00015531490460000001,33399.999997817351,0.024905122252489618,0.00076226487710710691,32
4,0.098174770424681035,0.00015531490460000001,33499.999997837724,0.023914366322295211,0.00078139637768124572,32
4,0.098174770424681035,0.00015531490460000001,33599.999997858096,0.024529944841659254,0.0010317126261844083,32
4,0.098174770424681035,0.00015531490460000001,33699.999997878469,0.0236251314413005,0.001075935099986054,32
4,0.098174770424681035,0.00015531490460000001,33799.999997898842,0.023584595013833112,0.0011630854701248682,32
4,0.098174770424681035,0.00015531490460000001,33899.999997919214,0.022752575638698265,0.0011118820590899888,32
4,0.098174770424681035,0.00015531490460000001,33999.999997939587,0.023166233549581968,0.0010696615435966945,32
4,0.098174770424681035,0.00015531490460000001,34099.99999795996,0.023582964605744803,0.00098984531251716497,32
4,0.098174770424681035,0.00015531490460000001,34199.999997980332,0.023720862564254454,0.00088431196049272847,32
4,0.098174770424681035,0.00015531490460000001,34299.999998000705,0.024691373282932222,0.00088625306576780823,32
4,0.098174770424681035,0.00015531490460000001,34399.999998021078,0.024880179601740049,0.001012817425656473,32
4,0.098174770424681035,0.00015531490460000001,34499.99999804145,0.025193988773176256,0.00097718669645401003,32
4,0.098174770424681035,0.00015531490460000001,34599.999998061823,0.025994905684813541,0.00088643907438802367,32
4,0.098174770424681035,0.00015531490460000001,34699.999998082196,0.025910592812782435,0.0008726171057402499,32
4,0.098174770424681035,0.00015531490460000001,34799.999998102568,0.02464790560833624,0.00096287321263442715,32
4,0.098174770424681035,0.00015531490460000001,34899.999998122941,0.023834000299894992,0.0010502830513321934,32
4,0.098174770424681035,0.00015531490460000001,34999.999998143314,0.024297931030735256,0.00070244999351822012,32
4,0.098174770424681035,0.00015531490460000001,35099.999998163687,0.025354101153168565,0.00051318730686179587,32
4,0.098174770424681035,0.00015531490460000001,35199.999998184059,0.02454932591666242,0.00092623781358793086,32
4,0.098174770424681035,0.00015531490460000001,35299.999998204432,0.02520684228526468,0.00091957009645733244,32
4,0.098174770424681035,0.00015531490460000001,35399.999998224805,0.024864806319660315,0.00080398847860383674,32
4,0.098174770424681035,0.00015531490460000001,35499.999998245177,0.024808418988729024,0.00077430565260004939,32
4,0.098174770424681035,0.00015531490460000001,35599.99999826555,0.02438107490874681,0.00083644129880112951,32
4,0.098174770424681035,0.00015531490460000001,35699.999998285923,0.025002959134525302,0.00082288697583556664,32
4,0.098174770424681035,0.00015531490460000001,35799.999998306295,0.02501927790151914,0.00093132974157558658,32
4,0.098174770424681035,0.00015531490460000001,35899.999998326668,0.024687190961742388,0.00093291084672375893,32
4,0.098174770424681035,0.00015531490460000001,35999.999998347041,0.025561009331894022,0.0009162836493852069,32
4,0.098174770424681035,0.00015531490460000001,36099.999998367413,0.025510931750780716,0.00099445767597987865,32
4,0.098174770424681035,0.00015531490460000001,36199.999998387786,0.025367130698344106,0.0010227348450501798,32
4,0.098174770424681035,0.00015531490460000001,36299.999998408159,0.026418610930963732,0.00083059732986883914,32
4,0.098174770424681035,0.00015531490460000001,36399.999998428531,0.026420918079217266,0.0006706793322380489,32
4,0.098174770424681035,0.00015531490460000001,36499.999998448904,0.026292828612808121,0.00068701733903808618,32
4,0.098174770424681035,0.00015531490460000001,36599.999998469277,0.026503730107647946,0.00087653250597068708,32
4,0.098174770424681035,0.00015531490460000001,36699.999998489649,0.026467360376386931,0.00085094246170832114,32
4,0.098174770424681035,0.00015531490460000001,36799.999998510022,0.02641619950720326,0.00082613410764711091,32
4,0.098174770424681035,0.00015531490460000001,36899.999998530395,0.026738688965848804,0.00092077726562937712,32
4,0.098174770424681035,0.00015531490460000001,36999.999998550767,0.02693744002639414,0.00077393163608636159,32
4,0.098174770424681035,0.00015531490460000001,37099.99999857114,0.026350309474301271,0.00068165164827893609,32
4,0.098174770424681035,0.00015531490460000001,37199.999998591513,0.026217686930703844,0.0007076030410886943,32
4,0.098174770424681035,0.00015531490460000001,37299.999998611886,0.026144968521749412,0.00087384984733981962,32
4,0.098174770424681035,0.00015531490460000001,37399.999998632258,0.026422942242814846,0.00112388872170534,32
4,0.098174770424681035,0.00015531490460000001,37499.999998652631,0.026574215390530544,0.0011473574919447496,32
4,0.098174770424681035,0.00015531490460000001,37599.999998673004,0.025407859492358902,0.0010674030722823754,32
4,0.098174770424681035,0.00015531490460000001,37699.999998693376,0.022878271889516435,0.00091111023826235117,32
4,0.098174770424681035,0.00015531490460000001,37799.999998713749,0.022373914556526164,0.0010480960770148495,32
4,0.098174770424681035,0.00015531490460000001,37899.999998734122,0.023967710989166512,0.00098355416299998003,32
4,0.098174770424681035,0.00015531490460000001,37999.999998754494,0.025046365335502585,0.00094655995778819199,32
4,0.098174770424681035,0.00015531490460000001,38099.999998774867,0.024576813282770782,0.00098178953180372438,32
4,0.098174770424681035,0.00015531490460000001,38199.99999879524,0.024812875916429788,0.0011087706653332874,32
4,0.098174770424681035,0.00015531490460000001,38299.999998815612,0.025551285430362166,0.0012487515065283524,32
4,0.098174770424681035,0.00015531490460000001,38399.999998835985,0.024663763004973339,0.0011459001662928005,32
4,0.098174770424681035,0.00015531490460000001,38499.999998856358,0.023883540887388744,0.00093620163861034538,32
4,0.098174770424681035,0.00015531490460000001,38599.99999887673,0.023797099381105809,0.0009878043305097887,32
4,0.098174770424681035,0.00015531490460000001,38699.999998897103,0.024110013748728058,0.0010663420716926142,32
4,0.098174770424681035,0.00015531490460000001,38799.999998917476,0.025446710577306488,0.00095353416306855922,32
4,0.098174770424681035,0.00015531490460000001,38899.999998937848,0.026453698586206529,0.00097841305237567956,32
4,0.098174770424681035,0.00015531490460000001,38999.999998958221,0.026895656781556192,0.00080207889575588604,32
4,0.098174770424681035,0.00015531490460000001,39099.999998978594,0.026438201509784567,0.00088069840298142456,32
4,0.098174770424681035,0.00015531490460000001,39199.999998998966,0.025610761219662895,0.00083470266699122277,32
4,0.098174770424681035,0.00015531490460000001,39299.999999019339,0.025711922233756089,0.0007936674619029682,32
4,0.098174770424681035,0.00015531490460000001,39399.999999039712,0.02565084473319184,0.00071430369654038105,32
4,0.098174770424681035,0.00015531490460000001,39499.999999060085,0.024988447712331847,0.00063402503463745651,32
4,0.098174770424681035,0.00015531490460000001,39599.999999080457,0.025202027481710118,0.00063459146588749232,32
4,0.098174770424681035,0.00015531490460000001,39699.99999910083,0.025205407975745303,0.00088287167127901428,32
4,0.098174770424681035,0.00015531490460000001,39799.999999121203,0.025060693798262267,0.00074881483634920548,32
4,0.098174770424681035,0.00015531490460000001,39899.999999141575,0.025759126637680138,0.00083534024448183284,32
4,0.098174770424681035,0.00015531490460000001,39999.999999161948,0.025558920635124639,0.00089645029615319769,32
4,0.098174770424681035,0.00015531490460000001,40099.999999182321,0.024942535079336876,0.0010630218606727318,32
4,0.098174770424681035,0.00015531490460000001,40199.999999202693,0.024748082571521154,0.0010137427232147431,32
4,0.098174770424681035,0.00015531490460000001,40299.999999223066,0.025525749006498028,0.00093848626836607978,32
4,0.098174770424681035,0.00015531490460000001,40399.999999243439,0.024803043497862956,0.00080575388820342518,32
4,0.098174770424681035,0.00015531490460000001,40499.999999263811,0.024248683382733203,0.00077938840465288553,32
4,0.098174770424681035,0.00015531490460000001,40599.999999284184,0.025361273238745909,0.00081332246775564347,32
4,0.098174770424681035,0.00015531490460000001,40699.999999304557,0.025880135767567331,0.00097677875657230977,32
4,0.098174770424681035,0.00015531490460000001,40799.999999324929,0.026114961156435874,0.00074917633793483306,32
4,0.098174770424681035,0.00015531490460000001,40899.999999345302,0.026392560024428267,0.00073862935387810421,32
4,0.098174770424681035,0.00015531490460000001,40999.999999365675,0.026012196949303675,0.00078131841695135986,32
4,0.098174770424681035,0.00015531490460000001,41099.999999386047,0.024600991003597347,0.00099485719361531327,32
4,0.098174770424681035,0.00015531490460000001,41199.99999940642,0.024915436863506821,0.00087621831799616619,32
4,0.098174770424681035,0.00015531490460000001,41299.999999426793,0.024874817143154294,0.00079067635262394971,32
4,0.098174770424681035,0.00015531490460000001,41399.999999447165,0.025625246987507153,0.00097820985028898295,32
4,0.098174770424681035,0.00015531490460000001,41499.999999467538,0.025800871986703194,0.0009417485187208761,32
4,0.098174770424681035,0.00015531490460000001,41599.999999487911,0.025288849759524001,0.00088303000103445825,32
4,0.098174770424681035,0.00015531490460000001,41699.999999508284,0.02522247414251642,0.00079703829599289168,32
4,0.098174770424681035,0.00015531490460000001,41799.999999528656,0.025200561975968795,0.00074212798783506546,32
4,0.098174770424681035,0.00015531490460000001,41899.999999549029,0.02435901897283161,0.00085224278343959826,32
4,0.098174770424681035,0.00015531490460000001,41999.999999569402,0.024583271719819277,0.00093949279897972764,32
4,0.098174770424681035,0.00015531490460000001,42099.999999589774,0.024627295101525427,0.00091440340833829595,32
4,0.098174770424681035,0.00015531490460000001,42199.999999610147,0.024732332046415787,0.00085424613933478754,32
4,0.098174770424681035,0.00015531490460000001,42299.99999963052,0.023665355451660687,0.0010177857719348299,32
4,0.098174770424681035,0.00015531490460000001,42399.999999650892,0.022982729037354651,0.0011272142341763548,32
4,0.098174770424681035,0.00015531490460000001,42499.999999671265,0.023545472836144315,0.0011284156340525416,32
4,0.098174770424681035,0.00015531490460000001,42599.999999691638,0.024375581956823711,0.0008630597888424291,32
4,0.098174770424681035,0.00015531490460000001,42699.99999971201,0.025226984731447862,0.00080336677741905103,32
4,0.098174770424681035,0.00015531490460000001,42799.999999732383,0.026147982515398526,0.00081872272678735645,32
4,0.098174770424681035,0.00015531490460000001,42899.999999752756,0.025910753966432942,0.0010083812543510483,32
4,0.098174770424681035,0.00015531490460000001,42999.999999773128,0.026470777200652416,0.0010265681376131737,32
4,0.098174770424681035,0.00015531490460000001,43099.999999793501,0.025465000542286606,0.00095062763927081522,32
4,0.098174770424681035,0.00015531490460000001,43199.999999813874,0.025234175137811461,0.00080605015014918898,32
4,0.098174770424681035,0.00015531490460000001,43299.999999834246,0.024597594988618444,0.0007903909612095697,32
4,0.098174770424681035,0.00015531490460000001,43399.999999854619,0.023498322259040392,0.00094078423954691676,32
4,0.098174770424681035,0.00015531490460000001,43499.999999874992,0.022858050798278517,0.0009218103452780052,32
4,0.098174770424681035,0.00015531490460000001,43599.999999895364,0.022848496242488039,0.00076883137208932353,32
4,0.098174770424681035,0.00015531490460000001,43699.999999915737,0.024654158431954166,0.00076373953568216902,32
4,0.098174770424681035,0.00015531490460000001,43799.99999993611,0.024903940134417324,0.00089893446221510245,32
4,0.098174770424681035,0.00015531490460000001,43899.999999956482,0.024603238752658248,0.0011659990990439729,32
4,0.098174770424681035,0.00015531490460000001,43999.999999976855,0.024308842021160876,0.0010064832976840979,32
4,0.098174770424681035,0.00015531490460000001,44099.999999997228,0.024807011984861495,0.00084602628799910107,32
4,0.098174770424681035,0.00015531490460000001,44200.000000017601,0.024523891325933755,0.00096471296866117303,32
4,0.098174770424681035,0.00015531490460000001,44300.000000037973,0.024676325751046505,0.0010038448717938566,32
4,0.098174770424681035,0.00015531490460000001,44400.000000058346,0.025676105263470392,0.0009101924745339192,32
4,0.098174770424681035,0.00015531490460000001,44500.000000078719,0.025108970441295481,0.00085115771625079452,32
4,0.098174770424681035,0.00015531490460000001,44600.000000099091,0.02414385483235184,0.00085250663164679026,32
4,0.098174770424681035,0.00015531490460000001,44700.000000119464,0.02419230695414594,0.00084613474074244016,32
4,0.098174770424681035,0.00015531490460000001,44800.000000139837,0.024655512322452177,0.00079300623729369182,32
4,0.098174770424681035,0.00015531490460000001,44900.000000160209,0.024510009319399576,0.00087036018659789917,32
4,0.098174770424681035,0.00015531490460000001,45000.000000180582,0.024724553293730356,0.00080655370936400178,32
4,0.098174770424681035,0.00015531490460000001,45100.000000200955,0.024705703549307165,0.00085296857858045748,32
4,0.098174770424681035,0.00015531490460000001,45200.000000221327,0.025539916976459794,0.0008840838624531816,32
4,0.098174770424681035,0.00015531490460000001,45300.0000002417,0.024907933316302422,0.00099060846802188473,32
4,0.098174770424681035,0.00015531490460000001,45400.000000262073,0.02504275766373976,0.00089472990414243901,32
4,0.098174770424681035,0.00015531490460000001,45500.000000282445,0.025481730936838028,0.00082019292519221795,32
4,0.098174770424681035,0.00015531490460000001,45600.000000302818,0.024187495663863579,0.00087239632825980356,32
4,0.098174770424681035,0.00015531490460000001,45700.000000323191,0.024637981924390699,0.00095671822658754924,32
4,0.098174770424681035,0.00015531490460000001,45800.000000343563,0.0245466072414031,0.0010001447783026007,32
4,0.098174770424681035,0.00015531490460000001,45900.000000363936,0.022521571928316608,0.0010991788508172614,32
4,0.098174770424681035,0.00015531490460000001,46000.000000384309,0.024771101627116786,0.00099648765956255117,32
4,0.098174770424681035,0.00015531490460000001,46100.000000404681,0.024476061184356933,0.0010102003758710614,32
4,0.098174770424681035,0.00015531490460000001,46200.000000425054,0.023804469550652827,0.0010306907077754705,32
4,0.098174770424681035,0.00015531490460000001,46300.000000445427,0.023586100378767485,0.00088219765379204409,32
4,0.098174770424681035,0.00015531490460000001,46400.0000004658,0.023710083054606645,0.00079019605483588102,32
4,0.098174770424681035,0.00015531490460000001,46500.000000486172,0.023032980503389564,0.00066322575912824749,32
4,0.098174770424681035,0.00015531490460000001,46600.000000506545,0.023972905304338536,0.00095683715793392417,32
4,0.098174770424681035,0.00015531490460000001,46700.000000526918,0.023837648905950422,0.00077446195003917509,32
4,0.098174770424681035,0.00015531490460000001,46800.00000054729,0.02388407130938346,0.0010087070678891921,32
4,0.098174770424681035,0.00015531490460000001,46900.000000567663,0.024631376654309572,0.00094981366885506073,32
4,0.098174770424681035,0.00015531490460000001,47000.000000588036,0.026115911355108965,0.00081499424898402934,32
4,0.098174770424681035,0.00015531490460000001,47100.000000608408,0.026498270489625591,0.00072370384664550752,32
4,0.098174770424681035,0.00015531490460000001,47200.000000628781,0.025479265065201633,0.00076475999183892517,32
4,0.098174770424681035,0.00015531490460000001,47300.000000649154,0.025120695929641154,0.00085981614531609369,32
4,0.098174770424681035,0.00015531490460000001,47400.000000669526,0.026186281603638804,0.00086400731948685361,32
4,0.098174770424681035,0.00015531490460000001,47500.000000689899,0.026195625496067826,0.00083012184532951186,32
4,0.098174770424681035,0.00015531490460000001,47600.000000710272,0.025213651749265414,0.00085918685173239442,32
4,0.098174770424681035,0.00015531490460000001,47700.000000730644,0.025184469572436058,0.00080210538781683594,32
4,0.098174770424681035,0.00015531490460000001,47800.000000751017,0.026122861454806929,0.00093210638635286868,32
4,0.098174770424681035,0.00015531490460000001,47900.00000077139,0.025665663729928151,0.00087972640363870281,32
4,0.098174770424681035,0.00015531490460000001,48000.000000791762,0.025461949840802547,0.00092315312972761744,32
4,0.098174770424681035,0.00015531490460000001,48100.000000812135,0.025799863108454585,0.00083097724036147876,32
4,0.098174770424681035,0.00015531490460000001,48200.000000832508,0.026257566495774147,0.00081166904412219895,32
4,0.098174770424681035,0.00015531490460000001,48300.00000085288,0.02634206823452186,0.00099838562730862677,32
4,0.098174770424681035,0.00015531490460000001,48400.000000873253,0.025593662481538316,0.0010210280550859156,32
4,0.098174770424681035,0.00015531490460000001,48500.000000893626,0.026013857905618554,0.00096228845419947355,32
4,0.098174770424681035,0.00015531490460000001,48600.000000913999,0.02644669606201706,0.00082528637453813125,32
4,0.098174770424681035,0.00015531490460000001,48700.000000934371,0.026387320194914056,0.00087718221966752484,32
4,0.098174770424681035,0.00015531490460000001,48800.000000954744,0.025688578846120174,0.00081133361647501938,32
4,0.098174770424681035,0.00015531490460000001,48900.000000975117,0.025934664045491041,0.000904413463193214,32
4,0.098174770424681035,0.00015531490460000001,49000.000000995489,0.025369211426495685,0.0010156951092504913,32
4,0.098174770424681035,0.00015531490460000001,49100.000001015862,0.025886316327296113,0.00095586792979295292,32
4,0.098174770424681035,0.00015531490460000001,49200.000001036235,0.025779018761691863,0.00092977661044531875,32
4,0.098174770424681035,0.00015531490460000001,49300.000001056607,0.025651029878007957,0.00082340869500258877,32
4,0.098174770424681035,0.00015531490460000001,49400.00000107698,0.027060353086343417,0.0010088265915272144,32
4,0.098174770424681035,0.00015531490460000001,49500.000001097353,0.026197569922615394,0.0011179958726872403,32
4,0.098174770424681035,0.00015531490460000001,49600.000001117725,0.026675634505750518,0.0010973658879301824,32
4,0.098174770424681035,0.00015531490460000001,49700.000001138098,0.025848648598017391,0.0010965244535218008,32
4,0.098174770424681035,0.00015531490460000001,49800.000001158471,0.025007166341936483,0.0011027714817736258,32
4,0.098174770424681035,0.00015531490460000001,49900.000001178843,0.02565978616396036,0.0010313268445926596,32
4,0.098174770424681035,0.00015531490460000001,50000.000001199216,0.024819784915357919,0.0010204971295918171,32
5,0.12271846303085129,0.00024007254480000001,100.00000000001425,0.0091818026433046814,0.00057329450634840224,32
5,0.12271846303085129,0.00024007254480000001,199.99999999996308,0.020463347572556807,0.00078609093987867611,32
5,0.12271846303085129,0.00024007254480000001,299.99999999987216,0.023802865846548563,0.00079333827438122248,32
5,0.12271846303085129,0.00024007254480000001,399.99999999978121,0.025147883280724759,0.00064417830386167771,32
5,0.12271846303085129,0.00024007254480000001,499.99999999969026,0.02582701663535323,0.00090343281114550777,32
5,0.12271846303085129,0.00024007254480000001,599.99999999959937,0.025611916015052267,0.0009379265182408406,32
5,0.12271846303085129,0.00024007254480000001,699.99999999950842,0.024335950326422984,0.00078184520437094723,32
5,0.12271846303085129,0.00024007254480000001,799.99999999941747,0.024448200366625018,0.0010179072685042897,32
5,0.12271846303085129,0.00024007254480000001,899.99999999932652,0.024776282877565104,0.00080186166766181403,32
5,0.12271846303085129,0.00024007254480000001,999.99999999923557,0.025619153002856717,0.00078365555308586418,32
5,0.12271846303085129,0.00024007254480000001,1099.9999999991446,0.025332812066045186,0.00065731722842502752,32
5,0.12271846303085129,0.00024007254480000001,1199.9999999990537,0.025674752449831747,0.00085396122172273368,32
5,0.12271846303085129,0.00024007254480000001,1299.9999999989627,0.026535833435334329,0.00096995646165110581,32
5,0.12271846303085129,0.00024007254480000001,1399.9999999988718,0.026404706263630236,0.0010623695520045142,32
5,0.12271846303085129,0.00024007254480000001,1499.9999999987808,0.026378967738002197,0.00098198820375079059,32
5,0.12271846303085129,0.00024007254480000001,1599.9999999986899,0.026544192699748028,0.00083558361793579974,32
5,0.12271846303085129,0.00024007254480000001,1699.9999999985989,0.027012542770488666,0.00080608823827497283,32
5,0.12271846303085129,0.00024007254480000001,1799.999999998508,0.025722347810850203,0.00081937497618070516,32
5,0.12271846303085129,0.00024007254480000001,1899.999999998417,0.026343967285534901,0.00079130962243223382,32
5,0.12271846303085129,0.00024007254480000001,1999.9999999983261,0.025863508464712935,0.00095955092042735726,32
5,0.12271846303085129,0.00024007254480000001,2099.9999999994175,0.025940427583040174,0.0009008995133177681,32
5,0.12271846303085129,0.00024007254480000001,2200.0000000016003,0.025631574617429501,0.00079688907489706821,32
5,0.12271846303085129,0.00024007254480000001,2300.000000003783,0.025260817493147705,0.00079882036717483979,32
5,0.12271846303085129,0.00024007254480000001,2400.0000000059658,0.025298672408960523,0.00087048495851028626,32
5,0.12271846303085129,0.00024007254480000001,2500.0000000081486,0.025670043239915275,0.00078241373797879659,32
5,0.12271846303085129,0.00024007254480000001,2600.0000000103314,0.027152288834899823,0.00069370433574386561,32
5,0.12271846303085129,0.00024007254480000001,2700.0000000125142,0.026813281599394154,0.00072213748382980692,32
5,0.12271846303085129,0.00024007254480000001,2800.000000014697,0.02570204078021416,0.0009274247262853391,32
5,0.12271846303085129,0.00024007254480000001,2900.0000000168798,0.026779183382826095,0.0010242733372089327,32
5,0.12271846303085129,0.00024007254480000001,3000.0000000190626,0.026252749312233557,0.00090387463599376952,32
5,0.12271846303085129,0.00024007254480000001,3100.0000000212453,0.026458546175083673,0.00083266757772806801,32
5,0.12271846303085129,0.00024007254480000001,3200.0000000234281,0.025832439756257188,0.00082606760741884351,32
5,0.12271846303085129,0.00024007254480000001,3300.0000000256109,0.024038102293275708,0.0006892711879840994,32
5,0.12271846303085129,0.00024007254480000001,3400.0000000277937,0.025580453130714248,0.00070573539318270751,32
5,0.12271846303085129,0.00024007254480000001,3500.0000000299765,0.026176977748220042,0.00080091214561076778,32
5,0.12271846303085129,0.00024007254480000001,3600.0000000321593,0.025910727224461378,0.00074091799164387542,32
5,0.12271846303085129,0.00024007254480000001,3700.0000000343421,0.02553469637298917,0.00093088772882419634,32
5,0.12271846303085129,0.00024007254480000001,3800.0000000365249,0.025776576430708343,0.00075346929933256751,32
5,0.12271846303085129,0.00024007254480000001,3900.0000000387076,0.025143786096466534,0.00081818567315626329,32
5,0.12271846303085129,0.00024007254480000001,4000.0000000408904,0.025014634099690805,0.00086621541622469819,32
5,0.12271846303085129,0.00024007254480000001,4100.0000000430728,0.025261162909635749,0.00083508882572906899,32
5,0.12271846303085129,0.00024007254480000001,4200.0000000452555,0.023631131310281703,0.00079927731504758561,32
5,0.12271846303085129,0.00024007254480000001,4300.0000000474383,0.024345442014585199,0.00075553621863500107,32
5,0.12271846303085129,0.00024007254480000001,4400.0000000496211,0.024622292435964244,0.00075375923863305223,32
5,0.12271846303085129,0.00024007254480000001,4500.0000000518039,0.023497358723922768,0.00090529318986727354,32
5,0.12271846303085129,0.00024007254480000001,4600.0000000539867,0.023170171375608058,0.00064171009587818493,32
5,0.12271846303085129,0.00024007254480000001,4700.0000000561695,0.023827625778842159,0.00070524413465935891,32
5,0.12271846303085129,0.00024007254480000001,4800.0000000583523,0.025170531485415315,0.00074228381716889044,32
5,0.12271846303085129,0.00024007254480000001,4900.0000000605351,0.024626113631526465,0.00068879960308057433,32
5,0.12271846303085129,0.00024007254480000001,5000.0000000627178,0.024243501143020766,0.00076389748378316623,32
5,0.12271846303085129,0.00024007254480000001,5100.0000000649006,0.025893485365398563,0.00076713954608051567,32
5,0.12271846303085129,0.00024007254480000001,5200.0000000670834,0.026364869656895717,0.00081503460532775772,32
5,0.12271846303085129,0.00024007254480000001,5300.0000000692662,0.026618358910891256,0.00081149700597855077,32
5,0.12271846303085129,0.00024007254480000001,5400.000000071449,0.026272423245471022,0.00077783104854009587,32
5,0.12271846303085129,0.00024007254480000001,5500.0000000736318,0.025341538496253598,0.00062754870315291698,32
5,0.12271846303085129,0.00024007254480000001,5600.0000000758146,0.024764183161242768,0.00096538004042683598,32
5,0.12271846303085129,0.00024007254480000001,5700.0000000779974,0.023890766933483212,0.0010062649229957692,32
5,0.12271846303085129,0.00024007254480000001,5800.0000000801801,0.025139497186198703,0.00092329226986274731,32
5,0.12271846303085129,0.00024007254480000001,5900.0000000823629,0.025597089358512813,0.00081278345676965365,32
5,0.12271846303085129,0.00024007254480000001,6000.0000000845457,0.023984269552102665,0.00099475123742731337,32
5,0.12271846303085129,0.00024007254480000001,6100.0000000867285,0.024968527927917629,0.00088034332271662036,32
5,0.12271846303085129,0.00024007254480000001,6200.0000000889113,0.026235487670460952,0.00073856724737516482,32
5,0.12271846303085129,0.00024007254480000001,6300.0000000910941,0.025995486230386163,0.00091021213522457772,32
5,0.12271846303085129,0.00024007254480000001,6400.0000000932769,0.026590408613407661,0.00082893004402232536,32
5,0.12271846303085129,0.00024007254480000001,6500.0000000954597,0.025394474475405146,0.00073631508531520702,32
5,0.12271846303085129,0.00024007254480000001,6600.0000000976424,0.024000063649093087,0.00072131694603725434,32
5,0.12271846303085129,0.00024007254480000001,6700.0000000998252,0.025147075106930625,0.00087486763860168194,32
5,0.12271846303085129,0.00024007254480000001,6800.000000102008,0.024925395902188289,0.00070430015203995066,32
5,0.12271846303085129,0.00024007254480000001,6900.0000001041908,0.025740549579138582,0.00067120006122325427,32
5,0.12271846303085129,0.00024007254480000001,7000.0000001063736,0.026455599452675463,0.00064363766700362786,32
5,0.12271846303085129,0.00024007254480000001,7100.0000001085564,0.026073837444720416,0.00084589395177404674,32
5,0.12271846303085129,0.00024007254480000001,7200.0000001107392,0.025940443783866431,0.00083692581521239789,32
5,0.12271846303085129,0.00024007254480000001,7300.000000112922,0.025712118489906326,0.00085534283985996959,32
5,0.12271846303085129,0.00024007254480000001,7400.0000001151047,0.024254384724520101,0.0011302457599585394,32
5,0.12271846303085129,0.00024007254480000001,7500.0000001172875,0.025007783676974683,0.00085042155608813005,32
5,0.12271846303085129,0.00024007254480000001,7600.0000001194703,0.025547470925010387,0.00092446282424224892,32
5,0.12271846303085129,0.00024007254480000001,7700.0000001216531,0.025975636872187784,0.0008421829009838121,32
5,0.12271846303085129,0.00024007254480000001,7800.0000001238359,0.024821781834744643,0.0007044560668659157,32
5,0.12271846303085129,0.00024007254480000001,7900.0000001260187,0.024209630063529962,0.00083293410983913704,32
5,0.12271846303085129,0.00024007254480000001,8000.0000001282015,0.024878222489695206,0.001012220573659279,32
5,0.12271846303085129,0.00024007254480000001,8100.0000001303843,0.025253091174273105,0.00077752708298353213,32
5,0.12271846303085129,0.00024007254480000001,8200.0000001325661,0.025016084433069997,0.00081443009321498954,32
5,0.12271846303085129,0.00024007254480000001,8300.0000001347489,0.025122227207250433,0.00077612046480420591,32
5,0.12271846303085129,0.00024007254480000001,8400.0000001369317,0.024757025560528719,0.00089116675239721299,32
5,0.12271846303085129,0.00024007254480000001,8500.0000001391145,0.025279147064959973,0.00073110330487378028,32
5,0.12271846303085129,0.00024007254480000001,8600.0000001412973,0.025387760881201479,0.00099692095513935226,32
5,0.12271846303085129,0.00024007254480000001,8700.0000001434801,0.025468359027629135,0.00083926457921176215,32
5,0.12271846303085129,0.00024007254480000001,8800.0000001456629,0.026149703393273018,0.00083115859426160382,32
5,0.12271846303085129,0.00024007254480000001,8900.0000001478456,0.026262876628647909,0.00068172812335582332,32
5,0.12271846303085129,0.00024007254480000001,9000.0000001500284,0.026037199446277342,0.00075833162985671507,32
5,0.12271846303085129,0.00024007254480000001,9100.0000001522112,0.026424411370261771,0.0008344324581722217,32
5,0.12271846303085129,0.00024007254480000001,9200.000000154394,0.026670819222850445,0.00070891767761745151,32
5,0.12271846303085129,0.00024007254480000001,9300.0000001565768,0.025194647645557275,0.0008769537744756225,32
5,0.12271846303085129,0.00024007254480000001,9400.0000001587596,0.024951234741922769,0.00079380221588932023,32
5,0.12271846303085129,0.00024007254480000001,9500.0000001609424,0.024299804306572231,0.00079094187303319974,32
5,0.12271846303085129,0.00024007254480000001,9600.0000001631252,0.024761063401646646,0.00092614146411938345,32
5,0.12271846303085129,0.00024007254480000001,9700.0000001653079,0.025529094293939819,0.0010472352474840377,32
5,0.12271846303085129,0.00024007254480000001,9800.0000001674907,0.025911040146874047,0.00089416503547576896,32
5,0.12271846303085129,0.00024007254480000001,9900.0000001696735,0.026101339626868777,0.00074542309733550006,32
5,0.12271846303085129,0.00024007254480000001,10000.000000171856,0.024758621899576151,0.00080718256191242104,32
5,0.12271846303085129,0.00024007254480000001,10100.000000174039,0.02450981395942136,0.0010229648615211046,32
5,0.12271846303085129,0.00024007254480000001,10200.000000176222,0.026102369341626828,0.00092039002187251963,32
5,0.12271846303085129,0.00024007254480000001,10300.000000178405,0.025307792298460498,0.00085329269506815002,32
5,0.12271846303085129,0.00024007254480000001,10400.000000180587,0.02723599153955187,0.00088590578753289251,32
5,0.12271846303085129,0.00024007254480000001,10500.00000018277,0.025949834291839224,0.00091603507622231779,32
5,0.12271846303085129,0.00024007254480000001,10600.000000184953,0.025809929672873915,0.00080495389860230505,32
5,0.12271846303085129,0.00024007254480000001,10700.000000187136,0.024559856397741591,0.00070732718317540637,32
5,0.12271846303085129,0.00024007254480000001,10800.000000189319,0.025366053850388502,0.00076227348523403844,32
5,0.12271846303085129,0.00024007254480000001,10900.000000191501,0.024743652320457183,0.00096528734870615239,32
5,0.12271846303085129,0.00024007254480000001,11000.000000193684,0.025185133076915757,0.00094186391886938187,32
5,0.12271846303085129,0.00024007254480000001,11100.000000195867,0.024611569536290803,0.0010580487317776257,32
5,0.12271846303085129,0.00024007254480000001,11200.00000019805,0.02509565635900151,0.0010400647969365413,32
5,0.12271846303085129,0.00024007254480000001,11300.000000200233,0.025358216427017459,0.0010985740941855142,32
5,0.12271846303085129,0.00024007254480000001,11400.000000202415,0.025166062824999735,0.0010967317420277308,32
5,0.12271846303085129,0.00024007254480000001,11500.000000204598,0.025922233775851396,0.00078505433095899348,32
5,0.12271846303085129,0.00024007254480000001,11600.000000206781,0.025032386672669046,0.00070032191375468114,32
5,0.12271846303085129,0.00024007254480000001,11700.000000208964,0.024823469476926572,0.00096482268349671349,32
5,0.12271846303085129,0.00024007254480000001,11800.000000211146,0.026034040603629176,0.00091127786681077468,32
5,0.12271846303085129,0.00024007254480000001,11900.000000213329,0.025202443828384199,0.00080813836190530295,32
5,0.12271846303085129,0.00024007254480000001,12000.000000215512,0.025556242542021212,0.0009112408948653961,32
5,0.12271846303085129,0.00024007254480000001,12100.000000217695,0.024727998591087,0.00076605211103249085,32
5,0.12271846303085129,0.00024007254480000001,12200.000000219878,0.024842379469686281,0.00088822103118286848,32
5,0.12271846303085129,0.00024007254480000001,12300.00000022206,0.024834038175589188,0.00086119636189090065,32
5,0.12271846303085129,0.00024007254480000001,12400.000000224243,0.025324405834143599,0.00073966089235724967,32
5,0.12271846303085129,0.00024007254480000001,12500.000000226426,0.024865710666435177,0.00088214852215991939,32
5,0.12271846303085129,0.00024007254480000001,12600.000000228609,0.026030978125383155,0.00067395595407391911,32
5,0.12271846303085129,0.00024007254480000001,12700.000000230792,0.024608354852353232,0.00090401974604765176,32
5,0.12271846303085129,0.00024007254480000001,12800.000000232974,0.023839134572687597,0.00082286626365711915,32
5,0.12271846303085129,0.00024007254480000001,12900.000000235157,0.024567440379102762,0.00071826316734388649,32
5,0.12271846303085129,0.00024007254480000001,13000.00000023734,0.024366488700504785,0.00069581916347444121,32
5,0.12271846303085129,0.00024007254480000001,13100.000000239523,0.025989958241821976,0.0007732216548337824,32
5,0.12271846303085129,0.00024007254480000001,13200.000000241705,0.025975436749944136,0.00083161055526285868,32
5,0.12271846303085129,0.00024007254480000001,13300.000000243888,0.025392598475242507,0.0008570890434362765,32
5,0.12271846303085129,0.00024007254480000001,13400.000000246071,0.02630851730571758,0.00063256051968174241,32
5,0.12271846303085129,0.00024007254480000001,13500.000000248254,0.025589209207130544,0.00061246665716502941,32
5,0.12271846303085129,0.00024007254480000001,13600.000000250437,0.025081118930729208,0.00070546004932352789,32
5,0.12271846303085129,0.00024007254480000001,13700.000000252619,0.024917740568732673,0.00069433015970226666,32
5,0.12271846303085129,0.00024007254480000001,13800.000000254802,0.025102446625598886,0.0007825244562009423,32
5,0.12271846303085129,0.00024007254480000001,13900.000000256985,0.024387280213386122,0.00079225422436433564,32
5,0.12271846303085129,0.00024007254480000001,14000.000000259168,0.024792254457016619,0.00091685181645705571,32
5,0.12271846303085129,0.00024007254480000001,14100.000000261351,0.02603071504438749,0.00076536226634444033,32
5,0.12271846303085129,0.00024007254480000001,14200.000000263533,0.026216956285189753,0.001015224539104821,32
5,0.12271846303085129,0.00024007254480000001,14300.000000265716,0.025682943965657692,0.00088366501754535423,32
5,0.12271846303085129,0.00024007254480000001,14400.000000267899,0.025388270078260784,0.00077956993936870633,32
5,0.12271846303085129,0.00024007254480000001,14500.000000270082,0.025435307801818133,0.00092587914939307094,32
5,0.12271846303085129,0.00024007254480000001,14600.000000272265,0.02535686381736783,0.00094623483923811282,32
5,0.12271846303085129,0.00024007254480000001,14700.000000274447,0.025384002220219484,0.00077709802464154645,32
5,0.12271846303085129,0.00024007254480000001,14800.00000027663,0.026095035082355358,0.00078710178624617538,32
5,0.12271846303085129,0.00024007254480000001,14900.000000278813,0.025103464254366888,0.00086985872409875149,32
5,0.12271846303085129,0.00024007254480000001,15000.000000280996,0.024617611072590501,0.00086495876930261367,32
5,0.12271846303085129,0.00024007254480000001,15100.000000283178,0.024066334835576745,0.00087787213075083976,32
5,0.12271846303085129,0.00024007254480000001,15200.000000285361,0.025047113984264589,0.00095897726980973626,32
5,0.12271846303085129,0.00024007254480000001,15300.000000287544,0.024455912254332482,0.00091399695498622967,32
5,0.12271846303085129,0.00024007254480000001,15400.000000289727,0.024403831889331446,0.00076562275369652932,32
5,0.12271846303085129,0.00024007254480000001,15500.00000029191,0.024243706596269496,0.00072803638585638248,32
5,0.12271846303085129,0.00024007254480000001,15600.000000294092,0.023711836550164147,0.00087548357346512297,32
5,0.12271846303085129,0.00024007254480000001,15700.000000296275,0.023183553211549014,0.00086166284471473373,32
5,0.12271846303085129,0.00024007254480000001,15800.000000298458,0.024039301212581573,0.00093690598540595402,32
5,0.12271846303085129,0.00024007254480000001,15900.000000300641,0.02426159622522531,0.00076330108288206837,32
5,0.12271846303085129,0.00024007254480000001,16000.000000302824,0.025565913832950603,0.00078581612972571178,32
5,0.12271846303085129,0.00024007254480000001,16100.000000305006,0.025450247390993171,0.00082200282400969463,32
5,0.12271846303085129,0.00024007254480000001,16200.000000307189,0.026114087018216225,0.00078217481878022901,32
5,0.12271846303085129,0.00024007254480000001,16300.000000309372,0.025691011769885919,0.00084781673549226349,32
5,0.12271846303085129,0.00024007254480000001,16400.000000308642,0.023997478548834539,0.00084074399834196565,32
5,0.12271846303085129,0.00024007254480000001,16500.000000292635,0.025414387801338475,0.00072135147256124346,32
5,0.12271846303085129,0.00024007254480000001,16600.000000276628,0.02534157410104125,0.00069739688668541138,32
5,0.12271846303085129,0.00024007254480000001,16700.000000260621,0.025272264230009701,0.00058251367190932017,32
5,0.12271846303085129,0.00024007254480000001,16800.000000244614,0.025268381941826085,0.00077790854338784807,32
5,0.12271846303085129,0.00024007254480000001,16900.000000228607,0.024995882738317807,0.00073697592869702267,32
5,0.12271846303085129,0.00024007254480000001,17000.0000002126,0.023732964881683163,0.0010091372808928682,32
5,0.12271846303085129,0.00024007254480000001,17100.000000196593,0.024329733198443719,0.0008786411158864442,32
5,0.12271846303085129,0.00024007254480000001,17200.000000180586,0.02480658193615368,0.001031843545269069,32
5,0.12271846303085129,0.00024007254480000001,17300.000000164579,0.024615899636535699,0.0009514784782599803,32
5,0.12271846303085129,0.00024007254480000001,17400.000000148571,0.024773291381112852,0.0010307132227502678,32
5,0.12271846303085129,0.00024007254480000001,17500.000000132564,0.026106548092193465,0.00089323250714465319,32
5,0.12271846303085129,0.00024007254480000001,17600.000000116557,0.027375498233243221,0.00072198329546827001,32
5,0.12271846303085129,0.00024007254480000001,17700.00000010055,0.027340122561546384,0.0011200825210223723,32
5,0.12271846303085129,0.00024007254480000001,17800.000000084543,0.026085830914201257,0.0011110376626491858,32
5,0.12271846303085129,0.00024007254480000001,17900.000000068536,0.025602687065758585,0.00081266363897218152,32
5,0.12271846303085129,0.00024007254480000001,18000.000000052529,0.02563038935816378,0.00088075971649656233,32
5,0.12271846303085129,0.00024007254480000001,18100.000000036522,0.024154048044613768,0.00098156389520640897,32
5,0.12271846303085129,0.00024007254480000001,18200.000000020515,0.024363803832563591,0.00091890663549423052,32
5,0.12271846303085129,0.00024007254480000001,18300.000000004507,0.026330905141471125,0.00089153031019750871,32
5,0.12271846303085129,0.00024007254480000001,18399.9999999885,0.026017603999151998,0.00099577763754564452,32
5,0.12271846303085129,0.00024007254480000001,18499.999999972493,0.0261157648304749,0.00072668040085083305,32
5,0.12271846303085129,0.00024007254480000001,18599.999999956486,0.024395724271160296,0.0008498911773490961,32
5,0.12271846303085129,0.00024007254480000001,18699.999999940479,0.024832511355565679,0.00075559607989961251,32
5,0.12271846303085129,0.00024007254480000001,18799.999999924472,0.025154717173688029,0.00078532722240239028,32
5,0.12271846303085129,0.00024007254480000001,18899.999999908465,0.025000191508969836,0.00073501852266711785,32
5,0.12271846303085129,0.00024007254480000001,18999.999999892458,0.025566123089465476,0.00095761215103938992,32
5,0.12271846303085129,0.00024007254480000001,19099.999999876451,0.024952409754647849,0.00080555587820535697,32
5,0.12271846303085129,0.00024007254480000001,19199.999999860443,0.02608611371773983,0.001035841231071044,32
5,0.12271846303085129,0.00024007254480000001,19299.999999844436,0.025865887584577175,0.00085093989186296292,32
5,0.12271846303085129,0.00024007254480000001,19399.999999828429,0.026048450740616614,0.00082368948909146758,32
5,0.12271846303085129,0.00024007254480000001,19499.999999812422,0.026341684860617037,0.00094193160815061344,32
5,0.12271846303085129,0.00024007254480000001,19599.999999796415,0.026027783154308454,0.00089554002860070992,32
5,0.12271846303085129,0.00024007254480000001,19699.999999780408,0.024206308437083886,0.00098626640131530387,32
5,0.12271846303085129,0.00024007254480000001,19799.999999764401,0.025656815443517219,0.0008436425862240923,32
5,0.12271846303085129,0.00024007254480000001,19899.999999748394,0.025021324283188512,0.00083095096215195338,32
5,0.12271846303085129,0.00024007254480000001,19999.999999732387,0.024241713674306827,0.00088708958621138963,32
5,0.12271846303085129,0.00024007254480000001,20099.99999971638,0.024492331542484924,0.00086020014928427525,32
5,0.12271846303085129,0.00024007254480000001,20199.999999700372,0.025401889745037806,0.00077986142117065008,32
5,0.12271846303085129,0.00024007254480000001,20299.999999684365,0.024824609205853984,0.00087923917164225149,32
5,0.12271846303085129,0.00024007254480000001,20399.999999668358,0.024470221829965388,0.00077152704043121256,32
5,0.12271846303085129,0.00024007254480000001,20499.999999652351,0.024355095319435908,0.0005567324831350774,32
5,0.12271846303085129,0.00024007254480000001,20599.999999636344,0.023992831159626686,0.00060888813442855447,32
5,0.12271846303085129,0.00024007254480000001,20699.999999620337,0.024650223909058008,0.00060369151094043108,32
5,0.12271846303085129,0.00024007254480000001,20799.99999960433,0.026331999296826201,0.0010984596185362786,32
5,0.12271846303085129,0.00024007254480000001,20899.999999588323,0.0262888964574635,0.00096899930165706815,32
5,0.12271846303085129,0.00024007254480000001,20999.999999572316,0.026422011385846458,0.00085014143528371652,32
5,0.12271846303085129,0.00024007254480000001,21099.999999556308,0.025426810041502063,0.0010469620386141423,32
5,0.12271846303085129,0.00024007254480000001,21199.999999540301,0.024534944597076679,0.00088201716300291783,32
5,0.12271846303085129,0.00024007254480000001,21299.999999524294,0.02471278789618566,0.00081631975932375679,32
5,0.12271846303085129,0.00024007254480000001,21399.999999508287,0.024444555422989282,0.00067424832026486813,32
5,0.12271846303085129,0.00024007254480000001,21499.99999949228,0.025673217052453918,0.00084313438381995243,32
5,0.12271846303085129,0.00024007254480000001,21599.999999476273,0.024700639707677288,0.00077331730707423175,32
5,0.12271846303085129,0.00024007254480000001,21699.999999460266,0.025835546538135003,0.00088058032244703083,32
5,0.12271846303085129,0.00024007254480000001,21799.999999444259,0.024892129649908064,0.00096789965939272937,32
5,0.12271846303085129,0.00024007254480000001,21899.999999428252,0.024712709783203918,0.00090816426967169214,32
5,0.12271846303085129,0.00024007254480000001,21999.999999412245,0.02493341890785325,0.00080801017013615024,32
5,0.12271846303085129,0.00024007254480000001,22099.999999396237,0.025216899349529035,0.00078359351796965173,32
5,0.12271846303085129,0.00024007254480000001,22199.99999938023,0.02519428014924122,0.00083626296821977838,32
5,0.12271846303085129,0.00024007254480000001,22299.999999364223,0.02588867663037903,0.00099884766189842146,32
5,0.12271846303085129,0.00024007254480000001,22399.999999348216,0.025736777756396399,0.00090971074593101345,32
5,0.12271846303085129,0.00024007254480000001,22499.999999332209,0.02586714760743121,0.00083600490118629269,32
5,0.12271846303085129,0.00024007254480000001,22599.999999316202,0.026244368077186324,0.00081632197622892263,32
5,0.12271846303085129,0.00024007254480000001,22699.999999300195,0.025694338512049421,0.00080237218667117167,32
5,0.12271846303085129,0.00024007254480000001,22799.999999284188,0.025541249159902985,0.00081817393636484553,32
5,0.12271846303085129,0.00024007254480000001,22899.999999268181,0.025229753021611043,0.00078575952023810024,32
5,0.12271846303085129,0.00024007254480000001,22999.999999252173,0.025626935730149233,0.00083579548163232502,32
5,0.12271846303085129,0.00024007254480000001,23099.999999236166,0.024690459706362557,0.00076586967637036246,32
5,0.12271846303085129,0.00024007254480000001,23199.999999220159,0.025805092477181799,0.00069746827765080049,32
5,0.12271846303085129,0.00024007254480000001,23299.999999204152,0.025530759249080114,0.00062876141828207264,32
5,0.12271846303085129,0.00024007254480000001,23399.999999188145,0.025227900178706263,0.00077966003514185909,32
5,0.12271846303085129,0.00024007254480000001,23499.999999172138,0.02397317833360085,0.00077583838689190452,32
5,0.12271846303085129,0.00024007254480000001,23599.999999156131,0.023029218070542801,0.00092836776398470583,32
5,0.12271846303085129,0.00024007254480000001,23699.999999140124,0.024078857389116786,0.00093795593463427511,32
5,0.12271846303085129,0.00024007254480000001,23799.999999124117,0.024400877481029728,0.0011318754625674499,32
5,0.12271846303085129,0.00024007254480000001,23899.999999108109,0.024509915666265009,0.00097049339255506496,32
5,0.12271846303085129,0.00024007254480000001,23999.999999092102,0.024368547397797848,0.00093016745436430993,32
5,0.12271846303085129,0.00024007254480000001,24099.999999076095,0.025316915097163231,0.00080843203918032726,32
5,0.12271846303085129,0.00024007254480000001,24199.999999060088,0.02452800074136657,0.0007565035465930749,32
5,0.12271846303085129,0.00024007254480000001,24299.999999044081,0.026440515780498601,0.00079255242637132862,32
5,0.12271846303085129,0.00024007254480000001,24399.999999028074,0.026685922756363306,0.00093335644026675804,32
5,0.12271846303085129,0.00024007254480000001,24499.999999012067,0.026309600536579495,0.00088887140673314603,32
5,0.12271846303085129,0.00024007254480000001,24599.99999899606,0.024689771819483071,0.00087017571653552866,32
5,0.12271846303085129,0.00024007254480000001,24699.999998980053,0.0250126049753151,0.00079076116278932256,32
5,0.12271846303085129,0.00024007254480000001,24799.999998964046,0.02331498709713949,0.0008573264979613211,32
5,0.12271846303085129,0.00024007254480000001,24899.999998948038,0.024068273761079489,0.00081467043258834566,32
5,0.12271846303085129,0.00024007254480000001,24999.999998932031,0.024512426548907142,0.00087742325169994106,32
5,0.12271846303085129,0.00024007254480000001,25099.999998916024,0.024934400143090368,0.00061402435848301748,32
5,0.12271846303085129,0.00024007254480000001,25199.999998900017,0.024603792126461917,0.00079565183979118568,32
5,0.12271846303085129,0.00024007254480000001,25299.99999888401,0.025365136786482799,0.00099470234371099356,32
5,0.12271846303085129,0.00024007254480000001,25399.999998868003,0.025625487470861741,0.00087178001136347608,32
5,0.12271846303085129,0.00024007254480000001,25499.999998851996,0.025517892981282552,0.00076150707956714673,32
5,0.12271846303085129,0.00024007254480000001,25599.999998835989,0.023900841333692125,0.00083342267447903155,32
5,0.12271846303085129,0.00024007254480000001,25699.999998819982,0.023886259933584123,0.00095535420752695401,32
5,0.12271846303085129,0.00024007254480000001,25799.999998803974,0.024708207680273427,0.00090718305495450329,32
5,0.12271846303085129,0.00024007254480000001,25899.999998787967,0.025125468926840845,0.00097308683866717332,32
5,0.12271846303085129,0.00024007254480000001,25999.99999877196,0.025414251756359803,0.0008400351154573037,32
5,0.12271846303085129,0.00024007254480000001,26099.999998755953,0.024674819725197559,0.00071064581704803446,32
5,0.12271846303085129,0.00024007254480000001,26199.999998739946,0.024167744926319894,0.0007896404825526043,32
5,0.12271846303085129,0.00024007254480000001,26299.999998723939,0.023867837633458466,0.00096709107786513708,32
5,0.12271846303085129,0.00024007254480000001,26399.999998707932,0.024171937972095697,0.00078407572797921789,32
5,0.12271846303085129,0.00024007254480000001,26499.999998691925,0.024366483454116114,0.00097561870257128374,32
5,0.12271846303085129,0.00024007254480000001,26599.999998675918,0.024582013700609563,0.0010655381544162348,32
5,0.12271846303085129,0.00024007254480000001,26699.99999865991,0.023973123791037092,0.00098487280007209573,32
5,0.12271846303085129,0.00024007254480000001,26799.999998643903,0.022978121452837327,0.0010939512124446312,32
5,0.12271846303085129,0.00024007254480000001,26899.999998627896,0.025551619623624771,0.0010479905025974094,32
5,0.12271846303085129,0.00024007254480000001,26999.999998611889,0.025614774306462938,0.00089440339858097519,32
5,0.12271846303085129,0.00024007254480000001,27099.999998595882,0.025063375497013558,0.0010184568593390984,32
5,0.12271846303085129,0.00024007254480000001,27199.999998579875,0.024638676506955812,0.00089794509512062344,32
5,0.12271846303085129,0.00024007254480000001,27299.999998563868,0.025453133915014844,0.00087692824680602106,32
5,0.12271846303085129,0.00024007254480000001,27399.999998547861,0.025548606293842972,0.0009107522686492486,32
5,0.12271846303085129,0.00024007254480000001,27499.999998531854,0.026026626546801809,0.0007308493537168671,32
5,0.12271846303085129,0.00024007254480000001,27599.999998515847,0.025960472728518622,0.00095493591946456023,32
5,0.12271846303085129,0.00024007254480000001,27699.999998499839,0.025852118890899781,0.00099476198100958654,32
5,0.12271846303085129,0.00024007254480000001,27799.999998483832,0.026442004499471608,0.0007306400822046815,32
5,0.12271846303085129,0.00024007254480000001,27899.999998467825,0.025607166358330359,0.00093920955609398465,32
5,0.12271846303085129,0.00024007254480000001,27999.999998451818,0.025881289962944493,0.0010339145548167456,32
5,0.12271846303085129,0.00024007254480000001,28099.999998435811,0.024507580932881148,0.0008607415913988903,32
5,0.12271846303085129,0.00024007254480000001,28199.999998419804,0.024187385805822238,0.00099274412901896375,32
5,0.12271846303085129,0.00024007254480000001,28299.999998403797,0.024962185328469874,0.00095512342914032223,32
5,0.12271846303085129,0.00024007254480000001,28399.99999838779,0.025230711374164601,0.0010258042974877963,32
5,0.12271846303085129,0.00024007254480000001,28499.999998371783,0.026126896700061644,0.0008895300077332648,32
5,0.12271846303085129,0.00024007254480000001,28599.999998355775,0.025879371642157506,0.00096992289554603188,32
5,0.12271846303085129,0.00024007254480000001,28699.999998339768,0.027091737738859301,0.00082403658833930088,32
5,0.12271846303085129,0.00024007254480000001,28799.999998323761,0.02685060816603816,0.0010346669833618026,32
5,0.12271846303085129,0.00024007254480000001,28899.999998307754,0.025840654196861223,0.00087799309026196932,32
5,0.12271846303085129,0.00024007254480000001,28999.999998291747,0.024970826524852642,0.00088519535165968507,32
5,0.12271846303085129,0.00024007254480000001,29099.99999827574,0.024547459672733613,0.00085372641277339941,32
5,0.12271846303085129,0.00024007254480000001,29199.999998259733,0.023874273753170194,0.0011163715174422001,32
5,0.12271846303085129,0.00024007254480000001,29299.999998243726,0.0238793728237978,0.00091149276760935799,32
5,0.12271846303085129,0.00024007254480000001,29399.999998227719,0.023958651731561777,0.00076788258767761177,32
5,0.12271846303085129,0.00024007254480000001,29499.999998211711,0.024417741961719759,0.00078299946193004049,32
5,0.12271846303085129,0.00024007254480000001,29599.999998195704,0.024243789421860572,0.00078526134317955323,32
5,0.12271846303085129,0.00024007254480000001,29699.999998179697,0.023349212073381299,0.00066240572521772834,32
5,0.12271846303085129,0.00024007254480000001,29799.99999816369,0.022952581301602333,0.00082656007445259876,32
5,0.12271846303085129,0.00024007254480000001,29899.999998147683,0.02492954393888773,0.00090452232499023421,32
5,0.12271846303085129,0.00024007254480000001,29999.999998131676,0.024587207557638765,0.00073174398306243016,32
5,0.12271846303085129,0.00024007254480000001,30099.999998115669,0.024427794084318853,0.00072762315023056166,32
5,0.12271846303085129,0.00024007254480000001,30199.999998099662,0.025332709274868227,0.00059084131887946856,32
5,0.12271846303085129,0.00024007254480000001,30299.999998083655,0.025163995143300578,0.00088505281341065914,32
5,0.12271846303085129,0.00024007254480000001,30399.999998067648,0.0246953219897014,0.00078650999210591295,32
5,0.12271846303085129,0.00024007254480000001,30499.99999805164,0.023626707052825966,0.00066647578356333025,32
5,0.12271846303085129,0.00024007254480000001,30599.999998035633,0.025285104836668727,0.0006555999362131068,32
5,0.12271846303085129,0.00024007254480000001,30699.999998019626,0.024404879504712131,0.00080024894634843434,32
5,0.12271846303085129,0.00024007254480000001,30799.999998003619,0.025092791026841352,0.00074106952590815309,32
5,0.12271846303085129,0.00024007254480000001,30899.999997987612,0.026323202253710411,0.00091197207364657326,32
5,0.12271846303085129,0.00024007254480000001,30999.999997971605,0.026237199875548661,0.00085799671004230563,32
5,0.12271846303085129,0.00024007254480000001,31099.999997955598,0.024643051268705442,0.00074485357019667554,32
5,0.12271846303085129,0.00024007254480000001,31199.999997939591,0.023966486381246276,0.00089036858103554509,32
5,0.12271846303085129,0.00024007254480000001,31299.999997923584,0.024345386426024088,0.00095407913984375846,32
5,0.12271846303085129,0.00024007254480000001,31399.999997907576,0.024777174383301834,0.00087344044892871924,32
5,0.12271846303085129,0.00024007254480000001,31499.999997891569,0.025751417848614164,0.0007692535394801047,32
5,0.12271846303085129,0.00024007254480000001,31599.999997875562,0.025490595590766208,0.00082723156105202038,32
5,0.12271846303085129,0.00024007254480000001,31699.999997859555,0.02569642437918419,0.00094887019244438919,32
5,0.12271846303085129,0.00024007254480000001,31799.999997843548,0.025346154527259045,0.00079767938778833977,32
5,0.12271846303085129,0.00024007254480000001,31899.999997827541,0.023961886797294177,0.00064842952819145364,32
5,0.12271846303085129,0.00024007254480000001,31999.999997811534,0.025235890166350809,0.0010406312734338287,32
5,0.12271846303085129,0.00024007254480000001,32099.999997795527,0.026852784021599359,0.00085209812245247625,32
5,0.12271846303085129,0.00024007254480000001,32199.99999777952,0.026834286531075412,0.00067196651557807445,32
5,0.12271846303085129,0.00024007254480000001,32299.999997763513,0.02625796770563938,0.0007822047107085893,32
5,0.12271846303085129,0.00024007254480000001,32399.999997747505,0.025421207615137224,0.00087370732959820554,32
5,0.12271846303085129,0.00024007254480000001,32499.999997731498,0.025559341194009016,0.0010182393505851453,32
5,0.12271846303085129,0.00024007254480000001,32599.999997715491,0.024570494951844012,0.00093924543946389042,32
5,0.12271846303085129,0.00024007254480000001,32699.999997699484,0.024778602932394103,0.00075594079192455889,32
5,0.12271846303085129,0.00024007254480000001,32799.999997695115,0.023411577837307126,0.00094492256210211502,32
5,0.12271846303085129,0.00024007254480000001,32899.999997715488,0.025067477877534605,0.00089744378993590179,32
5,0.12271846303085129,0.00024007254480000001,32999.99999773586,0.025851135250621615,0.00088635467185484466,32
5,0.12271846303085129,0.00024007254480000001,33099.999997756233,0.026744541285337438,0.00072395377044430173,32
5,0.12271846303085129,0.00024007254480000001,33199.999997776606,0.02595728084979897,0.00089855304041554479,32
5,0.12271846303085129,0.00024007254480000001,33299.999997796978,0.024799381700138678,0.00098566743186804173,32
5,0.12271846303085129,0.00024007254480000001,33399.999997817351,0.024326528891989309,0.00074689475366579569,32
5,0.12271846303085129,0.00024007254480000001,33499.999997837724,0.023743281018785471,0.00081185433289788329,32
5,0.12271846303085129,0.00024007254480000001,33599.999997858096,0.024878493833901269,0.00075849045249441781,32
5,0.12271846303085129,0.00024007254480000001,33699.999997878469,0.025242947173561795,0.00099079818319141514,32
5,0.12271846303085129,0.00024007254480000001,33799.999997898842,0.026081323170911119,0.00086536701554476689,32
5,0.12271846303085129,0.00024007254480000001,33899.999997919214,0.025194684260611767,0.00071866537594586987,32
5,0.12271846303085129,0.00024007254480000001,33999.999997939587,0.024995336033549691,0.00083437732506568333,32
5,0.12271846303085129,0.00024007254480000001,34099.99999795996,0.025990000476282457,0.00090011116619196654,32
5,0.12271846303085129,0.00024007254480000001,34199.999997980332,0.024987622398363985,0.00097356612337516765,32
5,0.12271846303085129,0.00024007254480000001,34299.999998000705,0.024805835814634389,0.00092745555046774581,32
5,0.12271846303085129,0.00024007254480000001,34399.999998021078,0.024476624754819532,0.00082509897691843137,32
5,0.12271846303085129,0.00024007254480000001,34499.99999804145,0.023889701763130985,0.00076701404223709468,32
5,0.12271846303085129,0.00024007254480000001,34599.999998061823,0.024080560672294051,0.00081633723961529222,32
5,0.12271846303085129,0.00024007254480000001,34699.999998082196,0.02567295983962432,0.00087316364092170724,32
5,0.12271846303085129,0.00024007254480000001,34799.999998102568,0.024526319504905573,0.00087863017156176776,32
5,0.12271846303085129,0.00024007254480000001,34899.999998122941,0.023899079623764551,0.00089147356449074413,32
5,0.12271846303085129,0.00024007254480000001,34999.999998143314,0.023686853162144483,0.00097162373881152868,32
5,0.12271846303085129,0.00024007254480000001,35099.999998163687,0.027257010825919685,0.00099289081906522966,32
5,0.12271846303085129,0.00024007254480000001,35199.999998184059,0.027540218207315646,0.00087547152380116179,32
5,0.12271846303085129,0.00024007254480000001,35299.999998204432,0.026041274475080665,0.00077798988226757441,32
5,0.12271846303085129,0.00024007254480000001,35399.999998224805,0.025972229868733192,0.00079787863424175148,32
5,0.12271846303085129,0.00024007254480000001,35499.999998245177,0.025778355947887119,0.00063822854443218501,32
5,0.12271846303085129,0.00024007254480000001,35599.99999826555,0.025453178759903654,0.00082944689294342597,32
5,0.12271846303085129,0.00024007254480000001,35699.999998285923,0.025418485331344356,0.00075495230632677799,32
5,0.12271846303085129,0.00024007254480000001,35799.999998306295,0.024317837831152208,0.00086093928599345095,32
5,0.12271846303085129,0.00024007254480000001,35899.999998326668,0.023348955170158975,0.00078352389501170358,32
5,0.12271846303085129,0.00024007254480000001,35999.999998347041,0.024876443079234721,0.00092843827380477916,32
5,0.12271846303085129,0.00024007254480000001,36099.999998367413,0.025033270632700239,0.00091699756125902679,32
5,0.12271846303085129,0.00024007254480000001,36199.999998387786,0.024776703872833789,0.00090724609342248211,32
5,0.12271846303085129,0.00024007254480000001,36299.999998408159,0.025499285886687505,0.00099075770816762056,32
5,0.12271846303085129,0.00024007254480000001,36399.999998428531,0.024975908999112728,0.0010002662643100947,32
5,0.12271846303085129,0.00024007254480000001,36499.999998448904,0.02566141091304109,0.0011019467702713314,32
5,0.12271846303085129,0.00024007254480000001,36599.999998469277,0.026079021131357603,0.00092698079899326683,32
5,0.12271846303085129,0.00024007254480000001,36699.999998489649,0.026018677814512406,0.00094431345037290803,32
5,0.12271846303085129,0.00024007254480000001,36799.999998510022,0.025421226688155236,0.0007221843265796912,32
5,0.12271846303085129,0.00024007254480000001,36899.999998530395,0.026011446068817043,0.00081565659178609701,32
5,0.12271846303085129,0.00024007254480000001,36999.999998550767,0.025881502812670008,0.00088892405516662076,32
5,0.12271846303085129,0.00024007254480000001,37099.99999857114,0.025486766036350743,0.0007166693840517757,32
5,0.12271846303085129,0.00024007254480000001,37199.999998591513,0.026323101689060813,0.00077978143115147347,32
5,0.12271846303085129,0.00024007254480000001,37299.999998611886,0.025391658640521571,0.00079131850430504537,32
5,0.12271846303085129,0.00024007254480000001,37399.999998632258,0.024931044339111232,0.00091193483806558599,32
5,0.12271846303085129,0.00024007254480000001,37499.999998652631,0.026198781260654738,0.00072182705033734126,32
5,0.12271846303085129,0.00024007254480000001,37599.999998673004,0.025482851012236307,0.00083895441862921684,32
5,0.12271846303085129,0.00024007254480000001,37699.999998693376,0.025001659162722401,0.00070413059870646556,32
5,0.12271846303085129,0.00024007254480000001,37799.999998713749,0.025304195626248794,0.0006799188138854502,32
5,0.12271846303085129,0.00024007254480000001,37899.999998734122,0.025871822694749497,0.001078319020984767,32
5,0.12271846303085129,0.00024007254480000001,37999.999998754494,0.025842670476339487,0.00087489643766150871,32
5,0.12271846303085129,0.00024007254480000001,38099.999998774867,0.024719666693759083,0.00076465259075974505,32
5,0.12271846303085129,0.00024007254480000001,38199.99999879524,0.024851131207874303,0.00072760313425497829,32
5,0.12271846303085129,0.00024007254480000001,38299.999998815612,0.025402670868901588,0.00079005271225453364,32
5,0.12271846303085129,0.00024007254480000001,38399.999998835985,0.024977519180174653,0.0008567841148826626,32
5,0.12271846303085129,0.00024007254480000001,38499.999998856358,0.025514528353130863,0.00091585238925431876,32
5,0.12271846303085129,0.00024007254480000001,38599.99999887673,0.025469036920442206,0.00090001609435057088,32
5,0.12271846303085129,0.00024007254480000001,38699.999998897103,0.025740737526381299,0.00098395773662448118,32
5,0.12271846303085129,0.00024007254480000001,38799.999998917476,0.02563756870831007,0.00090079711876524921,32
5,0.12271846303085129,0.00024007254480000001,38899.999998937848,0.026312504920289165,0.0008017592922775421,32
5,0.12271846303085129,0.00024007254480000001,38999.999998958221,0.02596313785824431,0.00087742290994245904,32
5,0.12271846303085129,0.00024007254480000001,39099.999998978594,0.024531332528082171,0.00095899379551775432,32
5,0.12271846303085129,0.00024007254480000001,39199.999998998966,0.025051313371309308,0.00098151974537203333,32
5,0.12271846303085129,0.00024007254480000001,39299.999999019339,0.025824699684484215,0.00083942166932183876,32
5,0.12271846303085129,0.00024007254480000001,39399.999999039712,0.025544064721410166,0.00085387375110693956,32
5,0.12271846303085129,0.00024007254480000001,39499.999999060085,0.025694364289200446,0.00075179984432387225,32
5,0.12271846303085129,0.00024007254480000001,39599.999999080457,0.024803075609269244,0.00077765060928702834,32
5,0.12271846303085129,0.00024007254480000001,39699.99999910083,0.024375354533627807,0.00084278357590549023,32
5,0.12271846303085129,0.00024007254480000001,39799.999999121203,0.025460158424881262,0.00081625261607754863,32
5,0.12271846303085129,0.00024007254480000001,39899.999999141575,0.025957136107374403,0.00086858364344116333,32
5,0.12271846303085129,0.00024007254480000001,39999.999999161948,0.025701352880394275,0.00078880879573014519,32
5,0.12271846303085129,0.00024007254480000001,40099.999999182321,0.024504100915202706,0.00095456070166625041,32
5,0.12271846303085129,0.00024007254480000001,40199.999999202693,0.025249441951622136,0.00079312777465921961,32
5,0.12271846303085129,0.00024007254480000001,40299.999999223066,0.02466099759518323,0.00055463573205483411,32
5,0.12271846303085129,0.00024007254480000001,40399.999999243439,0.025043539227027973,0.00075043908877954306,32
5,0.12271846303085129,0.00024007254480000001,40499.999999263811,0.025373008273753567,0.00096475154963428992,32
5,0.12271846303085129,0.00024007254480000001,40599.999999284184,0.024801252048559649,0.0010086812928740733,32
5,0.12271846303085129,0.00024007254480000001,40699.999999304557,0.025549917265804866,0.00086724012430030326,32
5,0.12271846303085129,0.00024007254480000001,40799.999999324929,0.026732483254567764,0.00083763716923783947,32
5,0.12271846303085129,0.00024007254480000001,40899.999999345302,0.025323678100579557,0.0010515980898224558,32
5,0.12271846303085129,0.00024007254480000001,40999.999999365675,0.025242946512419144,0.00086961974303291067,32
5,0.12271846303085129,0.00024007254480000001,41099.999999386047,0.026039557775081875,0.0008652766811710898,32
5,0.12271846303085129,0.00024007254480000001,41199.99999940642,0.02714719352003182,0.00086869431118913136,32
5,0.12271846303085129,0.00024007254480000001,41299.999999426793,0.027174645056682052,0.00093773025626407984,32
5,0.12271846303085129,0.00024007254480000001,41399.999999447165,0.025699277501757802,0.00080699656842361149,32
5,0.12271846303085129,0.00024007254480000001,41499.999999467538,0.026077376573805849,0.00095350631281535209,32
5,0.12271846303085129,0.00024007254480000001,41599.999999487911,0.027258897690819118,0.00097139453538642746,32
5,0.12271846303085129,0.00024007254480000001,41699.999999508284,0.027010885392447455,0.00084102800328559615,32
5,0.12271846303085129,0.00024007254480000001,41799.999999528656,0.025819645194658729,0.00099697602437762893,32
5,0.12271846303085129,0.00024007254480000001,41899.999999549029,0.025130924454716465,0.00091651945555444353,32
5,0.12271846303085129,0.00024007254480000001,41999.999999569402,0.025047105142362698,0.0009190683459762613,32
5,0.12271846303085129,0.00024007254480000001,42099.999999589774,0.024252695471852041,0.00071866877604369328,32
5,0.12271846303085129,0.00024007254480000001,42199.999999610147,0.024450993003345193,0.00088727555097059476,32
5,0.12271846303085129,0.00024007254480000001,42299.99999963052,0.024315103594141695,0.00088647089884321068,32
5,0.12271846303085129,0.00024007254480000001,42399.999999650892,0.024969240304278471,0.00086668554451668387,32
5,0.12271846303085129,0.00024007254480000001,42499.999999671265,0.024755205380132109,0.00079457221532323017,32
5,0.12271846303085129,0.00024007254480000001,42599.999999691638,0.025000781473341963,0.00078705126476723503,32
5,0.12271846303085129,0.00024007254480000001,42699.99999971201,0.024469638235063609,0.00093566418088640395,32
5,0.12271846303085129,0.00024007254480000001,42799.999999732383,0.024525684549866918,0.0010473980775836478,32
5,0.12271846303085129,0.00024007254480000001,42899.999999752756,0.024324527851576808,0.00069191254176402788,32
5,0.12271846303085129,0.00024007254480000001,42999.999999773128,0.02502604080939435,0.00080438548672840022,32
5,0.12271846303085129,0.00024007254480000001,43099.999999793501,0.025824557222544457,0.00083253655627575955,32
5,0.12271846303085129,0.00024007254480000001,43199.999999813874,0.025625204017494844,0.00080498308210659225,32
5,0.12271846303085129,0.00024007254480000001,43299.999999834246,0.025849815503902304,0.00082243449165309284,32
5,0.12271846303085129,0.00024007254480000001,43399.999999854619,0.025551263300751303,0.00098459561450726083,32
5,0.12271846303085129,0.00024007254480000001,43499.999999874992,0.024351381928948812,0.0008000456302985707,32
5,0.12271846303085129,0.00024007254480000001,43599.999999895364,0.024368926638277139,0.00083013531076819825,32
5,0.12271846303085129,0.00024007254480000001,43699.999999915737,0.024609562094378375,0.00091343840269608235,32
5,0.12271846303085129,0.00024007254480000001,43799.99999993611,0.025986313590613999,0.00081719176713068622,32
5,0.12271846303085129,0.00024007254480000001,43899.999999956482,0.025949893102541286,0.00066718805396586247,32
5,0.12271846303085129,0.00024007254480000001,43999.999999976855,0.024450419146808358,0.00082119700481497271,32
5,0.12271846303085129,0.00024007254480000001,44099.999999997228,0.025120076276129822,0.00077455978586829521,32
5,0.12271846303085129,0.00024007254480000001,44200.000000017601,0.02528607632883597,0.00072392993529203425,32
5,0.12271846303085129,0.00024007254480000001,44300.000000037973,0.024513832095985708,0.00076359642880193456,32
5,0.12271846303085129,0.00024007254480000001,44400.000000058346,0.026160835730774597,0.00083876570307839173,32
5,0.12271846303085129,0.00024007254480000001,44500.000000078719,0.025675137977851124,0.00083560560983602262,32
5,0.12271846303085129,0.00024007254480000001,44600.000000099091,0.025057551064291261,0.0008565553339142727,32
5,0.12271846303085129,0.00024007254480000001,44700.000000119464,0.025823474942127261,0.00087099376709947728,32
5,0.12271846303085129,0.00024007254480000001,44800.000000139837,0.026102413004575276,0.00076496044266985766,32
5,0.12271846303085129,0.00024007254480000001,44900.000000160209,0.025268749879806058,0.00088407952358255423,32
5,0.12271846303085129,0.00024007254480000001,45000.000000180582,0.023996362332827478,0.0009331861838036081,32
5,0.12271846303085129,0.00024007254480000001,45100.000000200955,0.024545675932552552,0.00093834163048311296,32
5,0.12271846303085129,0.00024007254480000001,45200.000000221327,0.025890723928028238,0.00092111414688196807,32
5,0.12271846303085129,0.00024007254480000001,45300.0000002417,0.026392647012301741,0.00085402857535559591,32
5,0.12271846303085129,0.00024007254480000001,45400.000000262073,0.026507692905839937,0.00085822034983076411,32
5,0.12271846303085129,0.00024007254480000001,45500.000000282445,0.025541170527810794,0.00093017173090823317,32
5,0.12271846303085129,0.00024007254480000001,45600.000000302818,0.02448564669921989,0.00095985933680795129,32
5,0.12271846303085129,0.00024007254480000001,45700.000000323191,0.025188948967225691,0.00084364644413643464,32
5,0.12271846303085129,0.00024007254480000001,45800.000000343563,0.024447762417124666,0.0010744425845267427,32
5,0.12271846303085129,0.00024007254480000001,45900.000000363936,0.024732606620732844,0.00099693283101472,32
5,0.12271846303085129,0.00024007254480000001,46000.000000384309,0.024781731263037458,0.00091370144423110432,32
5,0.12271846303085129,0.00024007254480000001,46100.000000404681,0.026386924105756736,0.00083282309956824547,32
5,0.12271846303085129,0.00024007254480000001,46200.000000425054,0.026683881610618201,0.00090128084940167179,32
5,0.12271846303085129,0.00024007254480000001,46300.000000445427,0.026333591478337089,0.00079134510627427621,32
5,0.12271846303085129,0.00024007254480000001,46400.0000004658,0.026213818125489671,0.00069959149419794749,32
5,0.12271846303085129,0.00024007254480000001,46500.000000486172,0.025184672027000806,0.00075377824962050014,32
5,0.12271846303085129,0.00024007254480000001,46600.000000506545,0.024906793111663394,0.00093376585285162941,32
5,0.12271846303085129,0.00024007254480000001,46700.000000526918,0.025608323284751829,0.00083727819242765823,32
5,0.12271846303085129,0.00024007254480000001,46800.00000054729,0.025544064047122745,0.00079353502408447546,32
5,0.12271846303085129,0.00024007254480000001,46900.000000567663,0.025604907298392546,0.00073960240871108788,32
5,0.12271846303085129,0.00024007254480000001,47000.000000588036,0.024886573259213663,0.00071747507516766416,32
5,0.12271846303085129,0.00024007254480000001,47100.000000608408,0.0238850171842349,0.00061012489388521571,32
5,0.12271846303085129,0.00024007254480000001,47200.000000628781,0.024898951702210931,0.00079334743427061189,32
5,0.12271846303085129,0.00024007254480000001,47300.000000649154,0.024978873155894917,0.00085958722949152017,32
5,0.12271846303085129,0.00024007254480000001,47400.000000669526,0.0248940525154644,0.00076317931966332284,32
5,0.12271846303085129,0.00024007254480000001,47500.000000689899,0.025902123389533804,0.00086215835921902109,32
5,0.12271846303085129,0.00024007254480000001,47600.000000710272,0.025771373881687487,0.0008571199343084218,32
5,0.12271846303085129,0.00024007254480000001,47700.000000730644,0.026090516047834595,0.00090450534505324834,32
5,0.12271846303085129,0.00024007254480000001,47800.000000751017,0.025915473173202731,0.00078277508943540752,32
5,0.12271846303085129,0.00024007254480000001,47900.00000077139,0.024872907109822848,0.00095163722107348392,32
5,0.12271846303085129,0.00024007254480000001,48000.000000791762,0.024617435633467688,0.00082242198736357983,32
5,0.12271846303085129,0.00024007254480000001,48100.000000812135,0.025122304863718768,0.00090418756701445176,32
5,0.12271846303085129,0.00024007254480000001,48200.000000832508,0.025519599702355934,0.00098208782372761886,32
5,0.12271846303085129,0.00024007254480000001,48300.00000085288,0.025167802974552705,0.0010286011876868455,32
5,0.12271846303085129,0.00024007254480000001,48400.000000873253,0.024350832446710418,0.00090772709176640078,32
5,0.12271846303085129,0.00024007254480000001,48500.000000893626,0.024620194089362099,0.00098009306923436891,32
5,0.12271846303085129,0.00024007254480000001,48600.000000913999,0.026467213254247363,0.00075078655283859525,32
5,0.12271846303085129,0.00024007254480000001,48700.000000934371,0.025521498950678692,0.00062544958249480601,32
5,0.12271846303085129,0.00024007254480000001,48800.000000954744,0.024887171168701351,0.00076695438902778289,32
5,0.12271846303085129,0.00024007254480000001,48900.000000975117,0.026332808454158571,0.00087454090230953496,32
5,0.12271846303085129,0.00024007254480000001,49000.000000995489,0.025940916213510575,0.00077570291383617402,32
5,0.12271846303085129,0.00024007254480000001,49100.000001015862,0.024938579992944316,0.00074983437014619039,32
5,0.12271846303085129,0.00024007254480000001,49200.000001036235,0.024309143532807821,0.0009080798610316814,32
5,0.12271846303085129,0.00024007254480000001,49300.000001056607,0.024825987534091688,0.00075458333020116662,32
5,0.12271846303085129,0.00024007254480000001,49400.00000107698,0.025904131154946369,0.00068858479939708065,32
5,0.12271846303085129,0.00024007254480000001,49500.000001097353,0.024399137965564009,0.00084526745374291219,32
5,0.12271846303085129,0.00024007254480000001,49600.000001117725,0.025852105839936877,0.0010576834702410915,32
5,0.12271846303085129,0.00024007254480000001,49700.000001138098,0.025409637098184477,0.00095403370590715312,32
5,0.12271846303085129,0.00024007254480000001,49800.000001158471,0.024333663587818702,0.00086655831788619514,32
5,0.12271846303085129,0.00024007254480000001,49900.000001178843,0.025850690385089206,0.00097530028381895533,32
5,0.12271846303085129,0.00024007254480000001,50000.000001199216,0.026491649922780323,0.00081651709745734547,32
6,0.14726215563702155,0.00034260663140000001,100.00000000001425,0.01157194485732338,0.00056245833049526738,32
6,0.14726215563702155,0.00034260663140000001,199.99999999996308,0.022050424066176917,0.000690059177210401,32
6,0.14726215563702155,0.00034260663140000001,299.99999999987216,0.02486428644858046,0.00074868143621383942,32
6,0.14726215563702155,0.00034260663140000001,399.99999999978121,0.026260628248542871,0.00085454062451550093,32
6,0.14726215563702155,0.00034260663140000001,499.99999999969026,0.026721570444698774,0.00091707838255680242,32
6,0.14726215563702155,0.00034260663140000001,599.99999999959937,0.026528861509557085,0.00091596416068125553,32
6,0.14726215563702155,0.00034260663140000001,699.99999999950842,0.026165578904580693,0.00071093321055018565,32
6,0.14726215563702155,0.00034260663140000001,799.99999999941747,0.025563847342356696,0.00073035102793108091,32
6,0.14726215563702155,0.00034260663140000001,899.99999999932652,0.025669383301451243,0.00076138720547208421,32
6,0.14726215563702155,0.00034260663140000001,999.99999999923557,0.025171750544417174,0.00082782056756768214,32
6,0.14726215563702155,0.00034260663140000001,1099.9999999991446,0.02459704592500318,0.0008191753087441997,32
6,0.14726215563702155,0.00034260663140000001,1199.9999999990537,0.024130503468965853,0.00065713853254351648,32
6,0.14726215563702155,0.00034260663140000001,1299.9999999989627,0.024265882447837193,0.00082662868164817078,32
6,0.14726215563702155,0.00034260663140000001,1399.9999999988718,0.024905227885001872,0.00080965212933683357,32
6,0.14726215563702155,0.00034260663140000001,1499.9999999987808,0.027056390476078707,0.00076285282640157137,32
6,0.14726215563702155,0.00034260663140000001,1599.9999999986899,0.025961894487572947,0.0006777075974451289,32
6,0.14726215563702155,0.00034260663140000001,1699.9999999985989,0.024495970364899467,0.00086959645610027684,32
6,0.14726215563702155,0.00034260663140000001,1799.999999998508,0.023563156980774772,0.00090190301238172847,32
6,0.14726215563702155,0.00034260663140000001,1899.999999998417,0.025096038240382246,0.00078519023541870879,32
6,0.14726215563702155,0.00034260663140000001,1999.9999999983261,0.024714427098288395,0.00073930755369265523,32
6,0.14726215563702155,0.00034260663140000001,2099.9999999994175,0.026458039208081801,0.00087480360467855295,32
6,0.14726215563702155,0.00034260663140000001,2200.0000000016003,0.025122145248277623,0.00087580520846873339,32
6,0.14726215563702155,0.00034260663140000001,2300.000000003783,0.025067795819279152,0.00084660236112724162,32
6,0.14726215563702155,0.00034260663140000001,2400.0000000059658,0.025813749156303009,0.00082766476465882463,32
6,0.14726215563702155,0.00034260663140000001,2500.0000000081486,0.026252758849329455,0.00078778019577657255,32
6,0.14726215563702155,0.00034260663140000001,2600.0000000103314,0.025126812702456185,0.00083871745989473872,32
6,0.14726215563702155,0.00034260663140000001,2700.0000000125142,0.024417963178055654,0.00076260548817711654,32
6,0.14726215563702155,0.00034260663140000001,2800.000000014697,0.025571606122056261,0.00066172339324148735,32
6,0.14726215563702155,0.00034260663140000001,2900.0000000168798,0.025453302779244676,0.00072333113241501376,32
6,0.14726215563702155,0.00034260663140000001,3000.0000000190626,0.02445452022629346,0.0010223353886419826,32
6,0.14726215563702155,0.00034260663140000001,3100.0000000212453,0.025344924849922106,0.00071978762212769121,32
6,0.14726215563702155,0.00034260663140000001,3200.0000000234281,0.024031094863191965,0.0007119082667940733,32
6,0.14726215563702155,0.00034260663140000001,3300.0000000256109,0.02484986190983152,0.00078891279861238229,32
6,0.14726215563702155,0.00034260663140000001,3400.0000000277937,0.02632565289216859,0.00066055679318411916,32
6,0.14726215563702155,0.00034260663140000001,3500.0000000299765,0.025788697856612822,0.00072340722352455783,32
6,0.14726215563702155,0.00034260663140000001,3600.0000000321593,0.02511003334417131,0.00076818258962459737,32
6,0.14726215563702155,0.00034260663140000001,3700.0000000343421,0.023854977435263817,0.00063910599771268455,32
6,0.14726215563702155,0.00034260663140000001,3800.0000000365249,0.023711734502467708,0.0007748584149508106,32
6,0.14726215563702155,0.00034260663140000001,3900.0000000387076,0.025265644781201656,0.00077123044325104191,32
6,0.14726215563702155,0.00034260663140000001,4000.0000000408904,0.02599370585766991,0.00084873558452755601,32
6,0.14726215563702155,0.00034260663140000001,4100.0000000430728,0.025092969602163662,0.00069833225783556244,32
6,0.14726215563702155,0.00034260663140000001,4200.0000000452555,0.026196714954260108,0.00084821918500703724,32
6,0.14726215563702155,0.00034260663140000001,4300.0000000474383,0.026129154033543538,0.00083540450847264418,32
6,0.14726215563702155,0.00034260663140000001,4400.0000000496211,0.025356510140539287,0.00079484189863083838,32
6,0.14726215563702155,0.00034260663140000001,4500.0000000518039,0.025546843157867326,0.00074733211583719126,32
6,0.14726215563702155,0.00034260663140000001,4600.0000000539867,0.025890715926145766,0.00073461986059514522,32
6,0.14726215563702155,0.00034260663140000001,4700.0000000561695,0.025774744117219476,0.00077970547185967417,32
6,0.14726215563702155,0.00034260663140000001,4800.0000000583523,0.024070079061246093,0.00054487058991865465,32
6,0.14726215563702155,0.00034260663140000001,4900.0000000605351,0.024601505405307929,0.0010020062117915458,32
6,0.14726215563702155,0.00034260663140000001,5000.0000000627178,0.025492809675656213,0.00086503653353057206,32
6,0.14726215563702155,0.00034260663140000001,5100.0000000649006,0.025315129129377553,0.00099669862133057842,32
6,0.14726215563702155,0.00034260663140000001,5200.0000000670834,0.025046264907610985,0.00088071682146576838,32
6,0.14726215563702155,0.00034260663140000001,5300.0000000692662,0.025156757957281853,0.0010331834443657484,32
6,0.14726215563702155,0.00034260663140000001,5400.000000071449,0.024523029851213421,0.00077649400409581036,32
6,0.14726215563702155,0.00034260663140000001,5500.0000000736318,0.024631277579310155,0.00069283425185262559,32
6,0.14726215563702155,0.00034260663140000001,5600.0000000758146,0.022632218673642943,0.00082735952087513052,32
6,0.14726215563702155,0.00034260663140000001,5700.0000000779974,0.023886389687458823,0.00071171354913940235,32
6,0.14726215563702155,0.00034260663140000001,5800.0000000801801,0.025112912181021477,0.00068567155114134665,32
6,0.14726215563702155,0.00034260663140000001,5900.0000000823629,0.025419001347485832,0.00082764661641162608,32
6,0.14726215563702155,0.00034260663140000001,6000.0000000845457,0.023758312417707587,0.00072792150063151994,32
6,0.14726215563702155,0.00034260663140000001,6100.0000000867285,0.024213177675329961,0.00064181490506314031,32
6,0.14726215563702155,0.00034260663140000001,6200.0000000889113,0.024882875664680431,0.00081993148296589957,32
6,0.14726215563702155,0.00034260663140000001,6300.0000000910941,0.024450104428491898,0.00087454280084976526,32
6,0.14726215563702155,0.00034260663140000001,6400.0000000932769,0.023690610759925013,0.00087368054459766639,32
6,0.14726215563702155,0.00034260663140000001,6500.0000000954597,0.023545882686008594,0.00080341709172842104,32
6,0.14726215563702155,0.00034260663140000001,6600.0000000976424,0.024743645399226931,0.00072287411283717795,32
6,0.14726215563702155,0.00034260663140000001,6700.0000000998252,0.024792619534045948,0.0008127790378409731,32
6,0.14726215563702155,0.00034260663140000001,6800.000000102008,0.024313731344767085,0.0007980118103569461,32
6,0.14726215563702155,0.00034260663140000001,6900.0000001041908,0.025137884343650826,0.00077177556420317131,32
6,0.14726215563702155,0.00034260663140000001,7000.0000001063736,0.024902815206153228,0.0007809784766413491,32
6,0.14726215563702155,0.00034260663140000001,7100.0000001085564,0.023253261539284312,0.00077649089358542518,32
6,0.14726215563702155,0.00034260663140000001,7200.0000001107392,0.023959500691405896,0.00074125042074308148,32
6,0.14726215563702155,0.00034260663140000001,7300.000000112922,0.024736906539536814,0.00085905366575227105,32
6,0.14726215563702155,0.00034260663140000001,7400.0000001151047,0.025527615936954125,0.00076417260271658077,32
6,0.14726215563702155,0.00034260663140000001,7500.0000001172875,0.024029951928078337,0.00074275869392734033,32
6,0.14726215563702155,0.00034260663140000001,7600.0000001194703,0.024343213525347809,0.00083269035915740984,32
6,0.14726215563702155,0.00034260663140000001,7700.0000001216531,0.025568195545609108,0.00098207985377288102,32
6,0.14726215563702155,0.00034260663140000001,7800.0000001238359,0.02628142215786718,0.00084810128175360144,32
6,0.14726215563702155,0.00034260663140000001,7900.0000001260187,0.024623986032922984,0.00099648811887721993,32
6,0.14726215563702155,0.00034260663140000001,8000.0000001282015,0.02550833910316554,0.00088715462503097459,32
6,0.14726215563702155,0.00034260663140000001,8100.0000001303843,0.026109110454895768,0.00075201816796657828,32
6,0.14726215563702155,0.00034260663140000001,8200.0000001325661,0.026047862210091595,0.0007459614096457422,32
6,0.14726215563702155,0.00034260663140000001,8300.0000001347489,0.025109771228533383,0.00081801187874705602,32
6,0.14726215563702155,0.00034260663140000001,8400.0000001369317,0.025264081941054974,0.00094851494908147912,32
6,0.14726215563702155,0.00034260663140000001,8500.0000001391145,0.025270626090408727,0.00092889586826946837,32
6,0.14726215563702155,0.00034260663140000001,8600.0000001412973,0.024118569446818294,0.00076763813949843587,32
6,0.14726215563702155,0.00034260663140000001,8700.0000001434801,0.025423564925310092,0.00078074623453663504,32
6,0.14726215563702155,0.00034260663140000001,8800.0000001456629,0.022741215695897751,0.00087776202181930778,32
6,0.14726215563702155,0.00034260663140000001,8900.0000001478456,0.023447052617637666,0.00099058157818930734,32
6,0.14726215563702155,0.00034260663140000001,9000.0000001500284,0.025328194898117423,0.00082457801881961976,32
6,0.14726215563702155,0.00034260663140000001,9100.0000001522112,0.024408132178728635,0.00082373372963137853,32
6,0.14726215563702155,0.00034260663140000001,9200.000000154394,0.024826271316854939,0.00077439186500365153,32
6,0.14726215563702155,0.00034260663140000001,9300.0000001565768,0.024458772765202648,0.00059510896918379573,32
6,0.14726215563702155,0.00034260663140000001,9400.0000001587596,0.024101750225801053,0.00085170950110697089,32
6,0.14726215563702155,0.00034260663140000001,9500.0000001609424,0.02427928399339397,0.00073000241580301333,32
6,0.14726215563702155,0.00034260663140000001,9600.0000001631252,0.024094978748431601,0.00084866171301728184,32
6,0.14726215563702155,0.00034260663140000001,9700.0000001653079,0.024668919739939971,0.00078382180370760359,32
6,0.14726215563702155,0.00034260663140000001,9800.0000001674907,0.023845041682979587,0.00092943078815929442,32
6,0.14726215563702155,0.00034260663140000001,9900.0000001696735,0.024866606107485985,0.0008366768457442335,32
6,0.14726215563702155,0.00034260663140000001,10000.000000171856,0.02613993221476911,0.00083909161996183093,32
6,0.14726215563702155,0.00034260663140000001,10100.000000174039,0.025715682795290587,0.00078220180283435417,32
6,0.14726215563702155,0.00034260663140000001,10200.000000176222,0.027111914378771015,0.00095032744844994693,32
6,0.14726215563702155,0.00034260663140000001,10300.000000178405,0.026732843865172641,0.00087315636939317744,32
6,0.14726215563702155,0.00034260663140000001,10400.000000180587,0.027489906930441302,0.00078463148014080281,32
6,0.14726215563702155,0.00034260663140000001,10500.00000018277,0.026234555197123449,0.00081284493899507057,32
6,0.14726215563702155,0.00034260663140000001,10600.000000184953,0.024738272354434862,0.00078963754792438451,32
6,0.14726215563702155,0.00034260663140000001,10700.000000187136,0.024975520837654475,0.00048118498995221222,32
6,0.14726215563702155,0.00034260663140000001,10800.000000189319,0.025961544776690496,0.00085210933057348101,32
6,0.14726215563702155,0.00034260663140000001,10900.000000191501,0.024987999708430651,0.00087035847374051123,32
6,0.14726215563702155,0.00034260663140000001,11000.000000193684,0.025350733478506447,0.00080205459931032724,32
6,0.14726215563702155,0.00034260663140000001,11100.000000195867,0.02408172462475278,0.00071418807737880826,32
6,0.14726215563702155,0.00034260663140000001,11200.00000019805,0.024646342045660321,0.00096385423347069437,32
6,0.14726215563702155,0.00034260663140000001,11300.000000200233,0.025831079505649664,0.00088414326150640084,32
6,0.14726215563702155,0.00034260663140000001,11400.000000202415,0.025290019285024602,0.00076842129890186033,32
6,0.14726215563702155,0.00034260663140000001,11500.000000204598,0.025586885205756596,0.0007182033537563667,32
6,0.14726215563702155,0.00034260663140000001,11600.000000206781,0.024958316407141166,0.0008746003285125762,32
6,0.14726215563702155,0.00034260663140000001,11700.000000208964,0.025898571628298485,0.00067964515390614433,32
6,0.14726215563702155,0.00034260663140000001,11800.000000211146,0.025132760078538492,0.00084479429674797738,32
6,0.14726215563702155,0.00034260663140000001,11900.000000213329,0.025043784366776473,0.00067105166862749526,32
6,0.14726215563702155,0.00034260663140000001,12000.000000215512,0.025515719751183816,0.00075305743075515996,32
6,0.14726215563702155,0.00034260663140000001,12100.000000217695,0.024974720082324028,0.00069673411495647475,32
6,0.14726215563702155,0.00034260663140000001,12200.000000219878,0.024270902216357998,0.00081578727583613854,32
6,0.14726215563702155,0.00034260663140000001,12300.00000022206,0.023808312028832792,0.00073105248008152265,32
6,0.14726215563702155,0.00034260663140000001,12400.000000224243,0.025385919603909873,0.00080783833849543195,32
6,0.14726215563702155,0.00034260663140000001,12500.000000226426,0.024924591366836661,0.00089620485437157658,32
6,0.14726215563702155,0.00034260663140000001,12600.000000228609,0.025593279103713163,0.00072132158366541084,32
6,0.14726215563702155,0.00034260663140000001,12700.000000230792,0.024818844399000756,0.00081954467165637826,32
6,0.14726215563702155,0.00034260663140000001,12800.000000232974,0.025256692744531389,0.00083968871406759227,32
6,0.14726215563702155,0.00034260663140000001,12900.000000235157,0.025262671059422079,0.00077518199375151739,32
6,0.14726215563702155,0.00034260663140000001,13000.00000023734,0.02447666705382745,0.00092927564135250596,32
6,0.14726215563702155,0.00034260663140000001,13100.000000239523,0.024719187426454948,0.00086775672034544997,32
6,0.14726215563702155,0.00034260663140000001,13200.000000241705,0.025224003510095263,0.00077387630070524353,32
6,0.14726215563702155,0.00034260663140000001,13300.000000243888,0.026202984903697001,0.00075416340146398334,32
6,0.14726215563702155,0.00034260663140000001,13400.000000246071,0.025682538387157956,0.00071275988685588591,32
6,0.14726215563702155,0.00034260663140000001,13500.000000248254,0.024858536280082236,0.00074731695058041347,32
6,0.14726215563702155,0.00034260663140000001,13600.000000250437,0.025846399537477249,0.00072234971190294226,32
6,0.14726215563702155,0.00034260663140000001,13700.000000252619,0.025936891183405107,0.00090784273334020297,32
6,0.14726215563702155,0.00034260663140000001,13800.000000254802,0.026716107883057547,0.00075844275758678542,32
6,0.14726215563702155,0.00034260663140000001,13900.000000256985,0.026597120124072587,0.00083903906195043261,32
6,0.14726215563702155,0.00034260663140000001,14000.000000259168,0.026236342357635639,0.00087769302558732309,32
6,0.14726215563702155,0.00034260663140000001,14100.000000261351,0.025313081588718658,0.00091268595893322709,32
6,0.14726215563702155,0.00034260663140000001,14200.000000263533,0.025859010541473111,0.00068062211241742745,32
6,0.14726215563702155,0.00034260663140000001,14300.000000265716,0.026524584978095955,0.00077445346247026264,32
6,0.14726215563702155,0.00034260663140000001,14400.000000267899,0.025656209196107102,0.00075783951009379474,32
6,0.14726215563702155,0.00034260663140000001,14500.000000270082,0.025744077107362595,0.00080483089915621246,32
6,0.14726215563702155,0.00034260663140000001,14600.000000272265,0.024281418819769845,0.00054619250873204133,32
6,0.14726215563702155,0.00034260663140000001,14700.000000274447,0.02550306462250107,0.00079158903130660974,32
6,0.14726215563702155,0.00034260663140000001,14800.00000027663,0.0251207181552189,0.00078925257816572303,32
6,0.14726215563702155,0.00034260663140000001,14900.000000278813,0.024423909845627458,0.00070836816713395318,32
6,0.14726215563702155,0.00034260663140000001,15000.000000280996,0.025640890183183569,0.00070740402779805348,32
6,0.14726215563702155,0.00034260663140000001,15100.000000283178,0.024046463267755218,0.00084114563738272468,32
6,0.14726215563702155,0.00034260663140000001,15200.000000285361,0.025072984222824276,0.00088150799853789952,32
6,0.14726215563702155,0.00034260663140000001,15300.000000287544,0.025975612066980215,0.00077633504862177746,32
6,0.14726215563702155,0.00034260663140000001,15400.000000289727,0.025990047481890557,0.00071444457593835241,32
6,0.14726215563702155,0.00034260663140000001,15500.00000029191,0.025360622950598523,0.00084697954862838337,32
6,0.14726215563702155,0.00034260663140000001,15600.000000294092,0.025410126847770876,0.00086550225440789469,32
6,0.14726215563702155,0.00034260663140000001,15700.000000296275,0.025256930301102955,0.00074944192944337903,32
6,0.14726215563702155,0.00034260663140000001,15800.000000298458,0.025080296557741827,0.00073888938432779502,32
6,0.14726215563702155,0.00034260663140000001,15900.000000300641,0.024677901205716113,0.00075396881373023515,32
6,0.14726215563702155,0.00034260663140000001,16000.000000302824,0.02463025598616712,0.00076325817344003691,32
6,0.14726215563702155,0.00034260663140000001,16100.000000305006,0.025630962830713713,0.00081686559282683488,32
6,0.14726215563702155,0.00034260663140000001,16200.000000307189,0.026206613346897764,0.00087923513179042462,32
6,0.14726215563702155,0.00034260663140000001,16300.000000309372,0.023335554121236824,0.00081563778204644098,32
6,0.14726215563702155,0.00034260663140000001,16400.000000308642,0.025356688733784039,0.00073965873202636511,32
6,0.14726215563702155,0.00034260663140000001,16500.000000292635,0.023973421393182585,0.00066244197554512249,32
6,0.14726215563702155,0.00034260663140000001,16600.000000276628,0.02410427059777627,0.00064247495914479514,32
6,0.14726215563702155,0.00034260663140000001,16700.000000260621,0.024968711131493942,0.00079264521259315968,32
6,0.14726215563702155,0.00034260663140000001,16800.000000244614,0.025011130640542507,0.0010069651600302424,32
6,0.14726215563702155,0.00034260663140000001,16900.000000228607,0.025864176139461986,0.00082879084057537464,32
6,0.14726215563702155,0.00034260663140000001,17000.0000002126,0.02561510504187527,0.00078274726294213202,32
6,0.14726215563702155,0.00034260663140000001,17100.000000196593,0.024971779899341708,0.00072106015378588836,32
6,0.14726215563702155,0.00034260663140000001,17200.000000180586,0.025211970862070689,0.00082159251533871355,32
6,0.14726215563702155,0.00034260663140000001,17300.000000164579,0.024724701103625627,0.0007648126179015868,32
6,0.14726215563702155,0.00034260663140000001,17400.000000148571,0.026353160272185042,0.00074097104607400842,32
6,0.14726215563702155,0.00034260663140000001,17500.000000132564,0.025719055987828567,0.00082648798543368592,32
6,0.14726215563702155,0.00034260663140000001,17600.000000116557,0.024137224898277323,0.00083460552781503233,32
6,0.14726215563702155,0.00034260663140000001,17700.00000010055,0.024547361428832248,0.00089099485147019295,32
6,0.14726215563702155,0.00034260663140000001,17800.000000084543,0.024279566766531983,0.00086176207394577796,32
6,0.14726215563702155,0.00034260663140000001,17900.000000068536,0.02402707207926175,0.00079904918720831799,32
6,0.14726215563702155,0.00034260663140000001,18000.000000052529,0.025216874048555646,0.00087118247197719135,32
6,0.14726215563702155,0.00034260663140000001,18100.000000036522,0.025597953526583752,0.00077868136454600908,32
6,0.14726215563702155,0.00034260663140000001,18200.000000020515,0.025716204361976101,0.00072002250982474889,32
6,0.14726215563702155,0.00034260663140000001,18300.000000004507,0.025199427883232685,0.00082503186670392992,32
6,0.14726215563702155,0.00034260663140000001,18399.9999999885,0.024981505444481217,0.00070063265033940361,32
6,0.14726215563702155,0.00034260663140000001,18499.999999972493,0.026267095478258572,0.00078449529464736116,32
6,0.14726215563702155,0.00034260663140000001,18599.999999956486,0.025108859134536414,0.00064190964020908417,32
6,0.14726215563702155,0.00034260663140000001,18699.999999940479,0.024097219908576502,0.00088570676005156942,32
6,0.14726215563702155,0.00034260663140000001,18799.999999924472,0.024395373947598747,0.00077022642295470245,32
6,0.14726215563702155,0.00034260663140000001,18899.999999908465,0.024572708315509395,0.0007233609899322921,32
6,0.14726215563702155,0.00034260663140000001,18999.999999892458,0.025730057141170191,0.00081513497921980975,32
6,0.14726215563702155,0.00034260663140000001,19099.999999876451,0.026548254634127921,0.00064788469372200187,32
6,0.14726215563702155,0.00034260663140000001,19199.999999860443,0.025476356736143874,0.00065430687166363906,32
6,0.14726215563702155,0.00034260663140000001,19299.999999844436,0.025588716419235845,0.00068239856634288911,32
6,0.14726215563702155,0.00034260663140000001,19399.999999828429,0.025015574956628754,0.00096198411009773728,32
6,0.14726215563702155,0.00034260663140000001,19499.999999812422,0.025368075937894502,0.00092857598480178684,32
6,0.14726215563702155,0.00034260663140000001,19599.999999796415,0.024585505031225099,0.00063527440065565374,32
6,0.14726215563702155,0.00034260663140000001,19699.999999780408,0.02459481382467623,0.00073240065958814302,32
6,0.14726215563702155,0.00034260663140000001,19799.999999764401,0.024273651519678568,0.00093030296986171442,32
6,0.14726215563702155,0.00034260663140000001,19899.999999748394,0.025423109297034875,0.00068120890096649259,32
6,0.14726215563702155,0.00034260663140000001,19999.999999732387,0.026351558382153927,0.00079673445601280023,32
6,0.14726215563702155,0.00034260663140000001,20099.99999971638,0.025271257338456789,0.00077599347688848659,32
6,0.14726215563702155,0.00034260663140000001,20199.999999700372,0.024573721487281187,0.00075185409732806156,32
6,0.14726215563702155,0.00034260663140000001,20299.999999684365,0.024943273681574372,0.00069359661676279762,32
6,0.14726215563702155,0.00034260663140000001,20399.999999668358,0.024360433094860644,0.00077296117245990472,32
6,0.14726215563702155,0.00034260663140000001,20499.999999652351,0.025283033396817655,0.00072024094511214949,32
6,0.14726215563702155,0.00034260663140000001,20599.999999636344,0.02561200894351108,0.00080380099540010546,32
6,0.14726215563702155,0.00034260663140000001,20699.999999620337,0.025063378278598576,0.0010032426378168363,32
6,0.14726215563702155,0.00034260663140000001,20799.99999960433,0.024086898668123718,0.0007206823131318753,32
6,0.14726215563702155,0.00034260663140000001,20899.999999588323,0.024400883650332199,0.00067494347274757547,32
6,0.14726215563702155,0.00034260663140000001,20999.999999572316,0.023540862960872239,0.00075244571622626745,32
6,0.14726215563702155,0.00034260663140000001,21099.999999556308,0.024177620946980911,0.00080587789196109947,32
6,0.14726215563702155,0.00034260663140000001,21199.999999540301,0.025291351733983596,0.00076377147636000017,32
6,0.14726215563702155,0.00034260663140000001,21299.999999524294,0.025770179252231865,0.00087141953275051646,32
6,0.14726215563702155,0.00034260663140000001,21399.999999508287,0.025621490673731758,0.00077764305043795964,32
6,0.14726215563702155,0.00034260663140000001,21499.99999949228,0.026239699408552485,0.00070310155629353828,32
6,0.14726215563702155,0.00034260663140000001,21599.999999476273,0.026034026924217864,0.00064857832835486524,32
6,0.14726215563702155,0.00034260663140000001,21699.999999460266,0.026592796200877566,0.00059265583413674566,32
6,0.14726215563702155,0.00034260663140000001,21799.999999444259,0.02524218974473777,0.00085060937514404484,32
6,0.14726215563702155,0.00034260663140000001,21899.999999428252,0.025471653917959088,0.00091636870764833791,32
6,0.14726215563702155,0.00034260663140000001,21999.999999412245,0.02613675751898761,0.00086608080731051095,32
6,0.14726215563702155,0.00034260663140000001,22099.999999396237,0.025885372068529578,0.00075283149396767311,32
6,0.14726215563702155,0.00034260663140000001,22199.99999938023,0.025084017738031809,0.00075926320508494299,32
6,0.14726215563702155,0.00034260663140000001,22299.999999364223,0.024681409918152642,0.00080274008972305269,32
6,0.14726215563702155,0.00034260663140000001,22399.999999348216,0.02539659516754364,0.00098645989146317289,32
6,0.14726215563702155,0.00034260663140000001,22499.999999332209,0.025502519665967192,0.00091092621633226693,32
6,0.14726215563702155,0.00034260663140000001,22599.999999316202,0.024248776614604693,0.00092502520953030121,32
6,0.14726215563702155,0.00034260663140000001,22699.999999300195,0.024488579422298352,0.00075855518825741753,32
6,0.14726215563702155,0.00034260663140000001,22799.999999284188,0.026026916172027535,0.00070882976724390828,32
6,0.14726215563702155,0.00034260663140000001,22899.999999268181,0.025546163874219863,0.00083953059961010647,32
6,0.14726215563702155,0.00034260663140000001,22999.999999252173,0.024981091135989938,0.00096383894285610879,32
6,0.14726215563702155,0.00034260663140000001,23099.999999236166,0.026088235196443581,0.0006856576516068054,32
6,0.14726215563702155,0.00034260663140000001,23199.999999220159,0.025056306456788718,0.00073294838233609885,32
6,0.14726215563702155,0.00034260663140000001,23299.999999204152,0.02517282134707138,0.00068139821063621024,32
6,0.14726215563702155,0.00034260663140000001,23399.999999188145,0.025095528202359642,0.00092499841291862205,32
6,0.14726215563702155,0.00034260663140000001,23499.999999172138,0.024819478496972421,0.00070571524446305287,32
6,0.14726215563702155,0.00034260663140000001,23599.999999156131,0.024582557233618466,0.0007498750780654147,32
6,0.14726215563702155,0.00034260663140000001,23699.999999140124,0.025285193610911388,0.00062628954725559211,32
6,0.14726215563702155,0.00034260663140000001,23799.999999124117,0.025113172153066712,0.00073455279095225245,32
6,0.14726215563702155,0.00034260663140000001,23899.999999108109,0.024850865232278325,0.00092260449687811791,32
6,0.14726215563702155,0.00034260663140000001,23999.999999092102,0.026014934955125326,0.00079612228963330835,32
6,0.14726215563702155,0.00034260663140000001,24099.999999076095,0.026313494437132216,0.00071127398538451834,32
6,0.14726215563702155,0.00034260663140000001,24199.999999060088,0.025701943417368946,0.0008921798528666343,32
6,0.14726215563702155,0.00034260663140000001,24299.999999044081,0.023893732352078565,0.00074208752410321189,32
6,0.14726215563702155,0.00034260663140000001,24399.999999028074,0.0236256262112217,0.00064911009796455167,32
6,0.14726215563702155,0.00034260663140000001,24499.999999012067,0.024629034097106539,0.00072355778623774071,32
6,0.14726215563702155,0.00034260663140000001,24599.99999899606,0.025245926705885938,0.00087273389470264215,32
6,0.14726215563702155,0.00034260663140000001,24699.999998980053,0.024269700293756136,0.00078228777633008073,32
6,0.14726215563702155,0.00034260663140000001,24799.999998964046,0.0238423710808678,0.00091468465406086355,32
6,0.14726215563702155,0.00034260663140000001,24899.999998948038,0.024872253828978085,0.00080336835112441475,32
6,0.14726215563702155,0.00034260663140000001,24999.999998932031,0.025800792786369101,0.00077928607117336865,32
6,0.14726215563702155,0.00034260663140000001,25099.999998916024,0.025230936282133007,0.00067811372676826139,32
6,0.14726215563702155,0.00034260663140000001,25199.999998900017,0.024629379097890716,0.00075032120861021209,32
6,0.14726215563702155,0.00034260663140000001,25299.99999888401,0.023909385597605783,0.00087252282901071818,32
6,0.14726215563702155,0.00034260663140000001,25399.999998868003,0.025071621764666294,0.00086726090406608546,32
6,0.14726215563702155,0.00034260663140000001,25499.999998851996,0.026081131510607355,0.00078259989031489378,32
6,0.14726215563702155,0.00034260663140000001,25599.999998835989,0.024909870107983678,0.00091035523939293154,32
6,0.14726215563702155,0.00034260663140000001,25699.999998819982,0.025773226442996774,0.000779702739477286,32
6,0.14726215563702155,0.00034260663140000001,25799.999998803974,0.024760829125134845,0.00080924195736515323,32
6,0.14726215563702155,0.00034260663140000001,25899.999998787967,0.022658715726670924,0.00074985852509658064,32
6,0.14726215563702155,0.00034260663140000001,25999.99999877196,0.024319483457678134,0.00071947102451632274,32
6,0.14726215563702155,0.00034260663140000001,26099.999998755953,0.024905278111177882,0.00086546294219602335,32
6,0.14726215563702155,0.00034260663140000001,26199.999998739946,0.025277116445292066,0.00077445459821972088,32
6,0.14726215563702155,0.00034260663140000001,26299.999998723939,0.027556388188798922,0.00074264640482738008,32
6,0.14726215563702155,0.00034260663140000001,26399.999998707932,0.026795780061637211,0.00082621931673873344,32
6,0.14726215563702155,0.00034260663140000001,26499.999998691925,0.025410390814437279,0.00079803707269914307,32
6,0.14726215563702155,0.00034260663140000001,26599.999998675918,0.025355329961433595,0.00075663079166502281,32
6,0.14726215563702155,0.00034260663140000001,26699.99999865991,0.025938858672297914,0.00074462320765780916,32
6,0.14726215563702155,0.00034260663140000001,26799.999998643903,0.025606433134236425,0.00077635912560137794,32
6,0.14726215563702155,0.00034260663140000001,26899.999998627896,0.02489319475573952,0.00068813175584400872,32
6,0.14726215563702155,0.00034260663140000001,26999.999998611889,0.025330211946082256,0.00080660807959181111,32
6,0.14726215563702155,0.00034260663140000001,27099.999998595882,0.024886381165759332,0.00075225443495054644,32
6,0.14726215563702155,0.00034260663140000001,27199.999998579875,0.026026501435373262,0.00097136178422616937,32
6,0.14726215563702155,0.00034260663140000001,27299.999998563868,0.024585201128306828,0.00095859752741666465,32
6,0.14726215563702155,0.00034260663140000001,27399.999998547861,0.025683132353375129,0.0010491772258092707,32
6,0.14726215563702155,0.00034260663140000001,27499.999998531854,0.027281225188011994,0.0010607786366398384,32
6,0.14726215563702155,0.00034260663140000001,27599.999998515847,0.024568106834942476,0.00082854687378388606,32
6,0.14726215563702155,0.00034260663140000001,27699.999998499839,0.024732293945256549,0.0006910029383514828,32
6,0.14726215563702155,0.00034260663140000001,27799.999998483832,0.025664633053118426,0.00077018555690834014,32
6,0.14726215563702155,0.00034260663140000001,27899.999998467825,0.025996572322525509,0.0010094879642467284,32
6,0.14726215563702155,0.00034260663140000001,27999.999998451818,0.026337304724887219,0.00079907831477926369,32
6,0.14726215563702155,0.00034260663140000001,28099.999998435811,0.025054552121265429,0.00086686791262076239,32
6,0.14726215563702155,0.00034260663140000001,28199.999998419804,0.024130322702385007,0.00081743421118336856,32
6,0.14726215563702155,0.00034260663140000001,28299.999998403797,0.025019340139465589,0.00062569127023308466,32
6,0.14726215563702155,0.00034260663140000001,28399.99999838779,0.024109997461329316,0.00080881713744418221,32
6,0.14726215563702155,0.00034260663140000001,28499.999998371783,0.024028415378377958,0.00091614562879401007,32
6,0.14726215563702155,0.00034260663140000001,28599.999998355775,0.023123018522348469,0.00083137680573652892,32
6,0.14726215563702155,0.00034260663140000001,28699.999998339768,0.02504014486034414,0.00083004069745649619,32
6,0.14726215563702155,0.00034260663140000001,28799.999998323761,0.024519964677252121,0.0007582729237798439,32
6,0.14726215563702155,0.00034260663140000001,28899.999998307754,0.025080882601753052,0.00088131311818079934,32
6,0.14726215563702155,0.00034260663140000001,28999.999998291747,0.025121479838438366,0.0007638505987798786,32
6,0.14726215563702155,0.00034260663140000001,29099.99999827574,0.024290136124488222,0.00085618906141071802,32
6,0.14726215563702155,0.00034260663140000001,29199.999998259733,0.023657488950183984,0.00070049912838444949,32
6,0.14726215563702155,0.00034260663140000001,29299.999998243726,0.023929423396970923,0.00078175284019712491,32
6,0.14726215563702155,0.00034260663140000001,29399.999998227719,0.025710983965482062,0.000887117327519321,32
6,0.14726215563702155,0.00034260663140000001,29499.999998211711,0.026658919244875904,0.00091129027025921012,32
6,0.14726215563702155,0.00034260663140000001,29599.999998195704,0.026028436176806318,0.00079039482185987229,32
6,0.14726215563702155,0.00034260663140000001,29699.999998179697,0.024858120301987835,0.00048840502890016408,32
6,0.14726215563702155,0.00034260663140000001,29799.99999816369,0.025476886661924665,0.00072725495787814918,32
6,0.14726215563702155,0.00034260663140000001,29899.999998147683,0.025506459329428233,0.0008567540520720879,32
6,0.14726215563702155,0.00034260663140000001,29999.999998131676,0.023671106579542942,0.0007358151196015985,32
6,0.14726215563702155,0.00034260663140000001,30099.999998115669,0.02535859546608038,0.00075364536837205806,32
6,0.14726215563702155,0.00034260663140000001,30199.999998099662,0.025572033278862049,0.00082155575167114207,32
6,0.14726215563702155,0.00034260663140000001,30299.999998083655,0.025697051055865113,0.00084263201280893962,32
6,0.14726215563702155,0.00034260663140000001,30399.999998067648,0.026318805064575738,0.00086014031433755752,32
6,0.14726215563702155,0.00034260663140000001,30499.99999805164,0.024480255654398597,0.00073238386439510093,32
6,0.14726215563702155,0.00034260663140000001,30599.999998035633,0.024411787449299175,0.00094690756014814985,32
6,0.14726215563702155,0.00034260663140000001,30699.999998019626,0.02470399024078446,0.0008259543413468212,32
6,0.14726215563702155,0.00034260663140000001,30799.999998003619,0.023904867318268859,0.00089298605411307949,32
6,0.14726215563702155,0.00034260663140000001,30899.999997987612,0.024208789275001991,0.00076321588403894874,32
6,0.14726215563702155,0.00034260663140000001,30999.999997971605,0.024712506494059993,0.00057504478986819573,32
6,0.14726215563702155,0.00034260663140000001,31099.999997955598,0.025120218965439853,0.00084104432338874286,32
6,0.14726215563702155,0.00034260663140000001,31199.999997939591,0.024803435203729615,0.00068758286274597379,32
6,0.14726215563702155,0.00034260663140000001,31299.999997923584,0.024418910949696004,0.00091965385999252369,32
6,0.14726215563702155,0.00034260663140000001,31399.999997907576,0.025580398502706748,0.00094317672946093989,32
6,0.14726215563702155,0.00034260663140000001,31499.999997891569,0.026355193474500382,0.00083518476302813047,32
6,0.14726215563702155,0.00034260663140000001,31599.999997875562,0.02589607318914133,0.0007837301396653966,32
6,0.14726215563702155,0.00034260663140000001,31699.999997859555,0.025948303631643459,0.00072282160889282918,32
6,0.14726215563702155,0.00034260663140000001,31799.999997843548,0.025286495518477822,0.00074047155362736978,32
6,0.14726215563702155,0.00034260663140000001,31899.999997827541,0.025606547643628758,0.00062884763704701939,32
6,0.14726215563702155,0.00034260663140000001,31999.999997811534,0.025513047854782488,0.0007420587926432867,32
6,0.14726215563702155,0.00034260663140000001,32099.999997795527,0.024853040549755411,0.00077117594972745947,32
6,0.14726215563702155,0.00034260663140000001,32199.99999777952,0.024976743086669063,0.00085513113398998,32
6,0.14726215563702155,0.00034260663140000001,32299.999997763513,0.024160164392944661,0.0007729365629104227,32
6,0.14726215563702155,0.00034260663140000001,32399.999997747505,0.024264739542202415,0.00078480553091740712,32
6,0.14726215563702155,0.00034260663140000001,32499.999997731498,0.02540234789340589,0.00093380669984128705,32
6,0.14726215563702155,0.00034260663140000001,32599.999997715491,0.025180731430703273,0.0006641054808267068,32
6,0.14726215563702155,0.00034260663140000001,32699.999997699484,0.025166177624111458,0.00070070333801923565,32
6,0.14726215563702155,0.00034260663140000001,32799.999997695115,0.024505026901355736,0.00082806134643668896,32
6,0.14726215563702155,0.00034260663140000001,32899.999997715488,0.024770695926951771,0.00079516108696844662,32
6,0.14726215563702155,0.00034260663140000001,32999.99999773586,0.024023426895921993,0.00062502515169303788,32
6,0.14726215563702155,0.00034260663140000001,33099.999997756233,0.024404583519529923,0.00077886812883021369,32
6,0.14726215563702155,0.00034260663140000001,33199.999997776606,0.025589985695552618,0.00081962828582567095,32
6,0.14726215563702155,0.00034260663140000001,33299.999997796978,0.025694905241404265,0.00072820346315268826,32
6,0.14726215563702155,0.00034260663140000001,33399.999997817351,0.025235777467977914,0.00076930335280569464,32
6,0.14726215563702155,0.00034260663140000001,33499.999997837724,0.026517732471155232,0.00084640348864452157,32
6,0.14726215563702155,0.00034260663140000001,33599.999997858096,0.025738401758823179,0.00077399656200196406,32
6,0.14726215563702155,0.00034260663140000001,33699.999997878469,0.025184971613575254,0.00090722110376750559,32
6,0.14726215563702155,0.00034260663140000001,33799.999997898842,0.024727654190941743,0.00064794619991158505,32
6,0.14726215563702155,0.00034260663140000001,33899.999997919214,0.025461244023036247,0.00076158961237547738,32
6,0.14726215563702155,0.00034260663140000001,33999.999997939587,0.025886391523397563,0.00080455251249429835,32
6,0.14726215563702155,0.00034260663140000001,34099.99999795996,0.026013562456854624,0.00078875092804079456,32
6,0.14726215563702155,0.00034260663140000001,34199.999997980332,0.026612037957696403,0.0007715740397784348,32
6,0.14726215563702155,0.00034260663140000001,34299.999998000705,0.025850264418689362,0.00078773869178512415,32
6,0.14726215563702155,0.00034260663140000001,34399.999998021078,0.025993762753654139,0.0008003440883715382,32
6,0.14726215563702155,0.00034260663140000001,34499.99999804145,0.025980825585049813,0.00080831693160587708,32
6,0.14726215563702155,0.00034260663140000001,34599.999998061823,0.026610865939534881,0.00080579340498595511,32
6,0.14726215563702155,0.00034260663140000001,34699.999998082196,0.025048121816125698,0.00079349815210954036,32
6,0.14726215563702155,0.00034260663140000001,34799.999998102568,0.024734177325527185,0.000860784997963549,32
6,0.14726215563702155,0.00034260663140000001,34899.999998122941,0.024529513902917188,0.0010065338573273725,32
6,0.14726215563702155,0.00034260663140000001,34999.999998143314,0.025670540563281389,0.00084402672217479457,32
6,0.14726215563702155,0.00034260663140000001,35099.999998163687,0.025936229219195171,0.00080445540293780273,32
6,0.14726215563702155,0.00034260663140000001,35199.999998184059,0.024157789461258666,0.00083625284743797039,32
6,0.14726215563702155,0.00034260663140000001,35299.999998204432,0.024649854294847132,0.00084135987057668796,32
6,0.14726215563702155,0.00034260663140000001,35399.999998224805,0.025083571538944784,0.00072070365318694046,32
6,0.14726215563702155,0.00034260663140000001,35499.999998245177,0.023427968578417838,0.00079814055350907096,32
6,0.14726215563702155,0.00034260663140000001,35599.99999826555,0.02510589115505605,0.000855559528973181,32
6,0.14726215563702155,0.00034260663140000001,35699.999998285923,0.024642938547084013,0.00068238833441312396,32
6,0.14726215563702155,0.00034260663140000001,35799.999998306295,0.025918566989054554,0.00083913198618041306,32
6,0.14726215563702155,0.00034260663140000001,35899.999998326668,0.02542288101242671,0.00067786302311280606,32
6,0.14726215563702155,0.00034260663140000001,35999.999998347041,0.024829505341810148,0.00078256433031391633,32
6,0.14726215563702155,0.00034260663140000001,36099.999998367413,0.024832833684637453,0.0007685820224882249,32
6,0.14726215563702155,0.00034260663140000001,36199.999998387786,0.026089686225998714,0.00081894621564290325,32
6,0.14726215563702155,0.00034260663140000001,36299.999998408159,0.025086290451519774,0.00085223054586043199,32
6,0.14726215563702155,0.00034260663140000001,36399.999998428531,0.025137110307351895,0.00077566223676450122,32
6,0.14726215563702155,0.00034260663140000001,36499.999998448904,0.025128304425330837,0.00084712568751499633,32
6,0.14726215563702155,0.00034260663140000001,36599.999998469277,0.024417993071081192,0.00081892217233098794,32
6,0.14726215563702155,0.00034260663140000001,36699.999998489649,0.024368467168139549,0.00091663772315870532,32
6,0.14726215563702155,0.00034260663140000001,36799.999998510022,0.0248388774543623,0.0006673763832390475,32
6,0.14726215563702155,0.00034260663140000001,36899.999998530395,0.025338764218623272,0.00077465040494908012,32
6,0.14726215563702155,0.00034260663140000001,36999.999998550767,0.025397630269552246,0.00073925796714077502,32
6,0.14726215563702155,0.00034260663140000001,37099.99999857114,0.024879545298002539,0.00072255744953552868,32
6,0.14726215563702155,0.00034260663140000001,37199.999998591513,0.025857590097689453,0.00069546513594792169,32
6,0.14726215563702155,0.00034260663140000001,37299.999998611886,0.026483613664085318,0.00068280658433499195,32
6,0.14726215563702155,0.00034260663140000001,37399.999998632258,0.025949424232145225,0.00070410170352897537,32
6,0.14726215563702155,0.00034260663140000001,37499.999998652631,0.025488607071701141,0.00076501962264455975,32
6,0.14726215563702155,0.00034260663140000001,37599.999998673004,0.025174941035606861,0.00081708163024568571,32
6,0.14726215563702155,0.00034260663140000001,37699.999998693376,0.024954724302341379,0.00075443474273287792,32
6,0.14726215563702155,0.00034260663140000001,37799.999998713749,0.02565566158962598,0.00086356073634930302,32
6,0.14726215563702155,0.00034260663140000001,37899.999998734122,0.025550234621866941,0.00085262093288138651,32
6,0.14726215563702155,0.00034260663140000001,37999.999998754494,0.025930052995383899,0.0010228379937220313,32
6,0.14726215563702155,0.00034260663140000001,38099.999998774867,0.024916526595779268,0.0007766175837449563,32
6,0.14726215563702155,0.00034260663140000001,38199.99999879524,0.025195984362263165,0.00067321352966188009,32
6,0.14726215563702155,0.00034260663140000001,38299.999998815612,0.026713309475262795,0.00056887549531010439,32
6,0.14726215563702155,0.00034260663140000001,38399.999998835985,0.025663278783665398,0.00092811336137523556,32
6,0.14726215563702155,0.00034260663140000001,38499.999998856358,0.024699761339564235,0.0010636803547691175,32
6,0.14726215563702155,0.00034260663140000001,38599.99999887673,0.024034735012516743,0.00086654594977174067,32
6,0.14726215563702155,0.00034260663140000001,38699.999998897103,0.023620689310953222,0.00091456113828184804,32
6,0.14726215563702155,0.00034260663140000001,38799.999998917476,0.024396086591590975,0.00079495547541353305,32
6,0.14726215563702155,0.00034260663140000001,38899.999998937848,0.02520639985691607,0.00096207514360249335,32
6,0.14726215563702155,0.00034260663140000001,38999.999998958221,0.025054460977387161,0.00072667584930737354,32
6,0.14726215563702155,0.00034260663140000001,39099.999998978594,0.025714710713219454,0.00087952613970248661,32
6,0.14726215563702155,0.00034260663140000001,39199.999998998966,0.025628215510682034,0.00081110417974896874,32
6,0.14726215563702155,0.00034260663140000001,39299.999999019339,0.026471815980463817,0.00084049799156290671,32
6,0.14726215563702155,0.00034260663140000001,39399.999999039712,0.025522912065485865,0.00091206278493484504,32
6,0.14726215563702155,0.00034260663140000001,39499.999999060085,0.025837715470964494,0.00081195599395625416,32
6,0.14726215563702155,0.00034260663140000001,39599.999999080457,0.025122786878917728,0.00080847243723548737,32
6,0.14726215563702155,0.00034260663140000001,39699.99999910083,0.025773364545405502,0.00071366778078901436,32
6,0.14726215563702155,0.00034260663140000001,39799.999999121203,0.025362073337434021,0.0007443850625514141,32
6,0.14726215563702155,0.00034260663140000001,39899.999999141575,0.02588155847935477,0.00086861281454268455,32
6,0.14726215563702155,0.00034260663140000001,39999.999999161948,0.025085856280050989,0.00088382223531960845,32
6,0.14726215563702155,0.00034260663140000001,40099.999999182321,0.025331037327443681,0.00067920853290471292,32
6,0.14726215563702155,0.00034260663140000001,40199.999999202693,0.024885615986886316,0.00071003291555257915,32
6,0.14726215563702155,0.00034260663140000001,40299.999999223066,0.023917604129195805,0.00087577783824862047,32
6,0.14726215563702155,0.00034260663140000001,40399.999999243439,0.024168048794589603,0.00084039886599574041,32
6,0.14726215563702155,0.00034260663140000001,40499.999999263811,0.025567991995544985,0.00070705418775092964,32
6,0.14726215563702155,0.00034260663140000001,40599.999999284184,0.026445724450952796,0.0008093694758329426,32
6,0.14726215563702155,0.00034260663140000001,40699.999999304557,0.025203685516292651,0.00090780704771860907,32
6,0.14726215563702155,0.00034260663140000001,40799.999999324929,0.024875242522860531,0.00096854054694386785,32
6,0.14726215563702155,0.00034260663140000001,40899.999999345302,0.023396683696710458,0.00086175630061410705,32
6,0.14726215563702155,0.00034260663140000001,40999.999999365675,0.024279595274023479,0.00098632189463539015,32
6,0.14726215563702155,0.00034260663140000001,41099.999999386047,0.023599549211010613,0.00089847438551013425,32
6,0.14726215563702155,0.00034260663140000001,41199.99999940642,0.02367310234981615,0.00070311840708326486,32
6,0.14726215563702155,0.00034260663140000001,41299.999999426793,0.025679613489993754,0.00077272126268512179,32
6,0.14726215563702155,0.00034260663140000001,41399.999999447165,0.026374838113729374,0.00068694589534140464,32
6,0.14726215563702155,0.00034260663140000001,41499.999999467538,0.024910638536022715,0.00081703823401921586,32
6,0.14726215563702155,0.00034260663140000001,41599.999999487911,0.02477508823302307,0.00076709748336503951,32
6,0.14726215563702155,0.00034260663140000001,41699.999999508284,0.02488314775638021,0.00079179362689006097,32
6,0.14726215563702155,0.00034260663140000001,41799.999999528656,0.025784861191356843,0.00095420711715333249,32
6,0.14726215563702155,0.00034260663140000001,41899.999999549029,0.025278634171301845,0.00091896512762578515,32
6,0.14726215563702155,0.00034260663140000001,41999.999999569402,0.025024124501614536,0.00083874968999104278,32
6,0.14726215563702155,0.00034260663140000001,42099.999999589774,0.025964480905761051,0.00083850132218215104,32
6,0.14726215563702155,0.00034260663140000001,42199.999999610147,0.026380148245606652,0.00088531611011621804,32
6,0.14726215563702155,0.00034260663140000001,42299.99999963052,0.025317802705676486,0.0010219332110462927,32
6,0.14726215563702155,0.00034260663140000001,42399.999999650892,0.024829905706314961,0.000898946419593406,32
6,0.14726215563702155,0.00034260663140000001,42499.999999671265,0.026697983785113351,0.00066275995508755707,32
6,0.14726215563702155,0.00034260663140000001,42599.999999691638,0.026283839527433177,0.00079084067973188971,32
6,0.14726215563702155,0.00034260663140000001,42699.99999971201,0.025642549772050362,0.00083865950480639174,32
6,0.14726215563702155,0.00034260663140000001,42799.999999732383,0.026106064676763525,0.00085740956958420267,32
6,0.14726215563702155,0.00034260663140000001,42899.999999752756,0.025903712035485818,0.0007839892367648598,32
6,0.14726215563702155,0.00034260663140000001,42999.999999773128,0.025052898851986267,0.00071228381386802882,32
6,0.14726215563702155,0.00034260663140000001,43099.999999793501,0.024410207996570205,0.00079543261328422548,32
6,0.14726215563702155,0.00034260663140000001,43199.999999813874,0.024783922884747463,0.00081694216873350576,32
6,0.14726215563702155,0.00034260663140000001,43299.999999834246,0.024807233912219222,0.00079117593836437467,32
6,0.14726215563702155,0.00034260663140000001,43399.999999854619,0.023808194992543802,0.0009005205945720508,32
6,0.14726215563702155,0.00034260663140000001,43499.999999874992,0.02384110412359311,0.00097342109735430499,32
6,0.14726215563702155,0.00034260663140000001,43599.999999895364,0.025254221779344891,0.00078844259963229573,32
6,0.14726215563702155,0.00034260663140000001,43699.999999915737,0.025512190739427426,0.00080579446104640936,32
6,0.14726215563702155,0.00034260663140000001,43799.99999993611,0.025362730650990095,0.00083579490528475173,32
6,0.14726215563702155,0.00034260663140000001,43899.999999956482,0.025188262469460643,0.00074071433162187239,32
6,0.14726215563702155,0.00034260663140000001,43999.999999976855,0.024953262229307036,0.00065655795993039613,32
6,0.14726215563702155,0.00034260663140000001,44099.999999997228,0.025464793347096244,0.00074811418279085865,32
6,0.14726215563702155,0.00034260663140000001,44200.000000017601,0.024420817776195321,0.00080978000544457075,32
6,0.14726215563702155,0.00034260663140000001,44300.000000037973,0.025324290155709795,0.00082011877071565221,32
6,0.14726215563702155,0.00034260663140000001,44400.000000058346,0.026069723964331024,0.0006712883445198865,32
6,0.14726215563702155,0.00034260663140000001,44500.000000078719,0.025501589036382156,0.00063023612243093014,32
6,0.14726215563702155,0.00034260663140000001,44600.000000099091,0.024601498256859426,0.00074512326809898723,32
6,0.14726215563702155,0.00034260663140000001,44700.000000119464,0.024124132849746901,0.00068788625194059552,32
6,0.14726215563702155,0.00034260663140000001,44800.000000139837,0.025078124722180177,0.00071219664408418313,32
6,0.14726215563702155,0.00034260663140000001,44900.000000160209,0.025496404160589507,0.00079718962899436084,32
6,0.14726215563702155,0.00034260663140000001,45000.000000180582,0.024859329542567928,0.00083958928713035602,32
6,0.14726215563702155,0.00034260663140000001,45100.000000200955,0.02531577298038069,0.00078632117154079739,32
6,0.14726215563702155,0.00034260663140000001,45200.000000221327,0.025953448969080709,0.00066512631737759105,32
6,0.14726215563702155,0.00034260663140000001,45300.0000002417,0.023997722178734353,0.0006981899549539848,32
6,0.14726215563702155,0.00034260663140000001,45400.000000262073,0.024840574776063586,0.00083609545502505954,32
6,0.14726215563702155,0.00034260663140000001,45500.000000282445,0.026881901929750242,0.00079612784392973338,32
6,0.14726215563702155,0.00034260663140000001,45600.000000302818,0.025643165906114963,0.000796046475822326,32
6,0.14726215563702155,0.00034260663140000001,45700.000000323191,0.025132102879875846,0.00072117207708084297,32
6,0.14726215563702155,0.00034260663140000001,45800.000000343563,0.025588894066625942,0.00086970468389956622,32
6,0.14726215563702155,0.00034260663140000001,45900.000000363936,0.02542898887457393,0.00074506915598000431,32
6,0.14726215563702155,0.00034260663140000001,46000.000000384309,0.026630678746534651,0.0008114483836103286,32
6,0.14726215563702155,0.00034260663140000001,46100.000000404681,0.025383172267024343,0.0008818680730208132,32
6,0.14726215563702155,0.00034260663140000001,46200.000000425054,0.02549796718799972,0.00090448004888833461,32
6,0.14726215563702155,0.00034260663140000001,46300.000000445427,0.025978223506340249,0.00092787504131151496,32
6,0.14726215563702155,0.00034260663140000001,46400.0000004658,0.024633706225016528,0.00097989387609062552,32
6,0.14726215563702155,0.00034260663140000001,46500.000000486172,0.024279640670587927,0.00084029050611613375,32
6,0.14726215563702155,0.00034260663140000001,46600.000000506545,0.024710844704055029,0.00072779241497520405,32
6,0.14726215563702155,0.00034260663140000001,46700.000000526918,0.025408431571473451,0.0008339083405205155,32
6,0.14726215563702155,0.00034260663140000001,46800.00000054729,0.024974368690445867,0.00076584016047768003,32
6,0.14726215563702155,0.00034260663140000001,46900.000000567663,0.025468559680555794,0.00081831105990286365,32
6,0.14726215563702155,0.00034260663140000001,47000.000000588036,0.025247665248024007,0.00081504566375875589,32
6,0.14726215563702155,0.00034260663140000001,47100.000000608408,0.025958273571747233,0.00068181042596512106,32
6,0.14726215563702155,0.00034260663140000001,47200.000000628781,0.025835425892661502,0.00068606134242823894,32
6,0.14726215563702155,0.00034260663140000001,47300.000000649154,0.025510216659087925,0.0007419414879641556,32
6,0.14726215563702155,0.00034260663140000001,47400.000000669526,0.025492667870736369,0.00070662196998441033,32
6,0.14726215563702155,0.00034260663140000001,47500.000000689899,0.025355374621745298,0.00076954609504771663,32
6,0.14726215563702155,0.00034260663140000001,47600.000000710272,0.02573207255700425,0.00065204408770494634,32
6,0.14726215563702155,0.00034260663140000001,47700.000000730644,0.025360171771792974,0.00064143803269562174,32
6,0.14726215563702155,0.00034260663140000001,47800.000000751017,0.025191353878450298,0.00068625567670529031,32
6,0.14726215563702155,0.00034260663140000001,47900.00000077139,0.024905731230653375,0.00091094153684890752,32
6,0.14726215563702155,0.00034260663140000001,48000.000000791762,0.025512525814710238,0.0010140065416563314,32
6,0.14726215563702155,0.00034260663140000001,48100.000000812135,0.025663369768003506,0.0008252957999915065,32
6,0.14726215563702155,0.00034260663140000001,48200.000000832508,0.024915191083009765,0.0008551233282458044,32
6,0.14726215563702155,0.00034260663140000001,48300.00000085288,0.024720598826864552,0.00079984833249611498,32
6,0.14726215563702155,0.00034260663140000001,48400.000000873253,0.025354394461628533,0.00070977753845290475,32
6,0.14726215563702155,0.00034260663140000001,48500.000000893626,0.025439038390229138,0.00070038724333902104,32
6,0.14726215563702155,0.00034260663140000001,48600.000000913999,0.026125027254272397,0.00076694873143347752,32
6,0.14726215563702155,0.00034260663140000001,48700.000000934371,0.024860327848685703,0.00080829820624238444,32
6,0.14726215563702155,0.00034260663140000001,48800.000000954744,0.025746426505343867,0.00076426633520968964,32
6,0.14726215563702155,0.00034260663140000001,48900.000000975117,0.02623128121803283,0.00078781895419822382,32
6,0.14726215563702155,0.00034260663140000001,49000.000000995489,0.026787138182990219,0.00072892585550950206,32
6,0.14726215563702155,0.00034260663140000001,49100.000001015862,0.025761529879329427,0.00081885991903321294,32
6,0.14726215563702155,0.00034260663140000001,49200.000001036235,0.025121548104884702,0.0010429701900371941,32
6,0.14726215563702155,0.00034260663140000001,49300.000001056607,0.024824939176975942,0.00078979434232801557,32
6,0.14726215563702155,0.00034260663140000001,49400.00000107698,0.02518680693252599,0.00070140938872380657,32
6,0.14726215563702155,0.00034260663140000001,49500.000001097353,0.026362691615106449,0.0009134833906469257,32
6,0.14726215563702155,0.00034260663140000001,49600.000001117725,0.025774281979738876,0.0008622406239940047,32
6,0.14726215563702155,0.00034260663140000001,49700.000001138098,0.026401830617158097,0.00089428627048544209,32
6,0.14726215563702155,0.00034260663140000001,49800.000001158471,0.026438828288821527,0.00080484865139754771,32
6,0.14726215563702155,0.00034260663140000001,49900.000001178843,0.026577797611029852,0.00078258189078332522,32
6,0.14726215563702155,0.00034260663140000001,50000.000001199216,0.025342868938539195,0.00075476469856907531,32
8,0.19634954084936207,0.00060028589549999999,100.00000000001425,0.016247541907374465,0.0004729326164463444,32
8,0.19634954084936207,0.00060028589549999999,199.99999999996308,0.025189661181811714,0.00076142239460760559,32
8,0.19634954084936207,0.00060028589549999999,299.99999999987216,0.025371931634844858,0.00089198087719859133,32
8,0.19634954084936207,0.00060028589549999999,399.99999999978121,0.024944870892312548,0.00083835691199746643,32
8,0.19634954084936207,0.00060028589549999999,499.99999999969026,0.025017543580770116,0.00081676495075414608,32
8,0.19634954084936207,0.00060028589549999999,599.99999999959937,0.024889111550775844,0.00076465379567205235,32
8,0.19634954084936207,0.00060028589549999999,699.99999999950842,0.025458502931668955,0.00077615847140387686,32
8,0.19634954084936207,0.00060028589549999999,799.99999999941747,0.024790315343488526,0.00067412118184437481,32
8,0.19634954084936207,0.00060028589549999999,899.99999999932652,0.025244957090631581,0.00077834622026720125,32
8,0.19634954084936207,0.00060028589549999999,999.99999999923557,0.02586904365354175,0.0006896291111264792,32
8,0.19634954084936207,0.00060028589549999999,1099.9999999991446,0.025518815098806456,0.00077479480715093895,32
8,0.19634954084936207,0.00060028589549999999,1199.9999999990537,0.025340980029046535,0.00072745984529108091,32
8,0.19634954084936207,0.00060028589549999999,1299.9999999989627,0.025585104512179116,0.00072761774582152819,32
8,0.19634954084936207,0.00060028589549999999,1399.9999999988718,0.025598603108396119,0.00059693693546437844,32
8,0.19634954084936207,0.00060028589549999999,1499.9999999987808,0.025612784877188658,0.00076999894991699178,32
8,0.19634954084936207,0.00060028589549999999,1599.9999999986899,0.027258483363009189,0.00061365078341940561,32
8,0.19634954084936207,0.00060028589549999999,1699.9999999985989,0.026222092462577673,0.00063038444848975976,32
8,0.19634954084936207,0.00060028589549999999,1799.999999998508,0.025204072495883717,0.00072890337283614069,32
8,0.19634954084936207,0.00060028589549999999,1899.999999998417,0.02452458228213579,0.00065143633663723591,32
8,0.19634954084936207,0.00060028589549999999,1999.9999999983261,0.025388303311361927,0.00071249678050706888,32
8,0.19634954084936207,0.00060028589549999999,2099.9999999994175,0.02574190784613177,0.00060992860756562848,32
8,0.19634954084936207,0.00060028589549999999,2200.0000000016003,0.025400830311090358,0.00062568191731717643,32
8,0.19634954084936207,0.00060028589549999999,2300.000000003783,0.024229825817118335,0.00085653917924489434,32
8,0.19634954084936207,0.00060028589549999999,2400.0000000059658,0.025247634542639927,0.00077595222405851501,32
8,0.19634954084936207,0.00060028589549999999,2500.0000000081486,0.025740336560471828,0.00087078685162915654,32
8,0.19634954084936207,0.00060028589549999999,2600.0000000103314,0.024439680410307904,0.00068076515745895533,32
8,0.19634954084936207,0.00060028589549999999,2700.0000000125142,0.025504873252213709,0.00071499232233364612,32
8,0.19634954084936207,0.00060028589549999999,2800.000000014697,0.025742706302422126,0.00070578426743461188,32
8,0.19634954084936207,0.00060028589549999999,2900.0000000168798,0.025108464120970373,0.00053444382476340092,32
8,0.19634954084936207,0.00060028589549999999,3000.0000000190626,0.024202553369690655,0.00075857110291036316,32
8,0.19634954084936207,0.00060028589549999999,3100.0000000212453,0.023990174630360246,0.00072131221208813394,32
8,0.19634954084936207,0.00060028589549999999,3200.0000000234281,0.025514127241187127,0.0007647514488845859,32
8,0.19634954084936207,0.00060028589549999999,3300.0000000256109,0.025357159706856893,0.00075485382014108134,32
8,0.19634954084936207,0.00060028589549999999,3400.0000000277937,0.025539636830765489,0.00066387270595005268,32
8,0.19634954084936207,0.00060028589549999999,3500.0000000299765,0.025443601302514402,0.00075912080786190634,32
8,0.19634954084936207,0.00060028589549999999,3600.0000000321593,0.025355157476122814,0.00072198922754713557,32
8,0.19634954084936207,0.00060028589549999999,3700.0000000343421,0.024891432176952701,0.00080366239432257613,32
8,0.19634954084936207,0.00060028589549999999,3800.0000000365249,0.024856501650309483,0.00064983093895496478,32
8,0.19634954084936207,0.00060028589549999999,3900.0000000387076,0.024903285106761042,0.00058014384029291184,32
8,0.19634954084936207,0.00060028589549999999,4000.0000000408904,0.026488711731490217,0.00070005502077124149,32
8,0.19634954084936207,0.00060028589549999999,4100.0000000430728,0.026217406722433976,0.00066054336243566978,32
8,0.19634954084936207,0.00060028589549999999,4200.0000000452555,0.025627340354867949,0.00074702336167796783,32
8,0.19634954084936207,0.00060028589549999999,4300.0000000474383,0.025450928549692897,0.00074542487761883791,32
8,0.19634954084936207,0.00060028589549999999,4400.0000000496211,0.024811708945338032,0.00076832323179273725,32
8,0.19634954084936207,0.00060028589549999999,4500.0000000518039,0.025218917016078705,0.00063008871046845826,32
8,0.19634954084936207,0.00060028589549999999,4600.0000000539867,0.026308201305269889,0.00068510838355415537,32
8,0.19634954084936207,0.00060028589549999999,4700.0000000561695,0.025565490120136633,0.000686567822700821,32
8,0.19634954084936207,0.00060028589549999999,4800.0000000583523,0.025487534624681313,0.00063689737711307697,32
8,0.19634954084936207,0.00060028589549999999,4900.0000000605351,0.025368623314946367,0.00076812812055350216,32
8,0.19634954084936207,0.00060028589549999999,5000.0000000627178,0.024431091064783184,0.00065498642060172064,32
8,0.19634954084936207,0.00060028589549999999,5100.0000000649006,0.024644412699507002,0.0005663087362818125,32
8,0.19634954084936207,0.00060028589549999999,5200.0000000670834,0.025165045798306078,0.00055305904112632441,32
8,0.19634954084936207,0.00060028589549999999,5300.0000000692662,0.025777981039564919,0.00060239204806646508,32
8,0.19634954084936207,0.00060028589549999999,5400.000000071449,0.02557032656770885,0.00061368823176650663,32
8,0.19634954084936207,0.00060028589549999999,5500.0000000736318,0.024562416451206544,0.00071732167534676705,32
8,0.19634954084936207,0.00060028589549999999,5600.0000000758146,0.025665792510269653,0.00059468318073815929,32
8,0.19634954084936207,0.00060028589549999999,5700.0000000779974,0.024968104132311049,0.00075755919505976163,32
8,0.19634954084936207,0.00060028589549999999,5800.0000000801801,0.025230461289117156,0.00071807821472999922,32
8,0.19634954084936207,0.00060028589549999999,5900.0000000823629,0.025329876311940478,0.00073236854395572102,32
8,0.19634954084936207,0.00060028589549999999,6000.0000000845457,0.024717460663977262,0.00064730763034481569,32
8,0.19634954084936207,0.00060028589549999999,6100.0000000867285,0.024658370047258866,0.00068486601216470274,32
8,0.19634954084936207,0.00060028589549999999,6200.0000000889113,0.024532409725501986,0.0005659352173551296,32
8,0.19634954084936207,0.00060028589549999999,6300.0000000910941,0.024812663348799655,0.00064791814353637673,32
8,0.19634954084936207,0.00060028589549999999,6400.0000000932769,0.025788122305741887,0.00082669018155107229,32
8,0.19634954084936207,0.00060028589549999999,6500.0000000954597,0.025004577090145266,0.00068554558942274962,32
8,0.19634954084936207,0.00060028589549999999,6600.0000000976424,0.025772339948717464,0.00075887523066859273,32
8,0.19634954084936207,0.00060028589549999999,6700.0000000998252,0.025207180757360132,0.00070929245363637698,32
8,0.19634954084936207,0.00060028589549999999,6800.000000102008,0.024570947403187385,0.00070966819550021844,32
8,0.19634954084936207,0.00060028589549999999,6900.0000001041908,0.024683644810714087,0.00069772670120224435,32
8,0.19634954084936207,0.00060028589549999999,7000.0000001063736,0.025328172108109143,0.00081918399305941098,32
8,0.19634954084936207,0.00060028589549999999,7100.0000001085564,0.025712004859125347,0.00070572188673973261,32
8,0.19634954084936207,0.00060028589549999999,7200.0000001107392,0.026044497576412411,0.000771918512711326,32
8,0.19634954084936207,0.00060028589549999999,7300.000000112922,0.0261096197737287,0.00068600131196533778,32
8,0.19634954084936207,0.00060028589549999999,7400.0000001151047,0.025859599058720466,0.00060139135259904464,32
8,0.19634954084936207,0.00060028589549999999,7500.0000001172875,0.023811820070729881,0.00067764572905300183,32
8,0.19634954084936207,0.00060028589549999999,7600.0000001194703,0.025467452382753546,0.00070549872170620569,32
8,0.19634954084936207,0.00060028589549999999,7700.0000001216531,0.025449163074497575,0.00064706334406998466,32
8,0.19634954084936207,0.00060028589549999999,7800.0000001238359,0.0246646548657629,0.00077640475340995277,32
8,0.19634954084936207,0.00060028589549999999,7900.0000001260187,0.026381836988777139,0.00071384098050231203,32
8,0.19634954084936207,0.00060028589549999999,8000.0000001282015,0.026541813093309618,0.00075987850311726559,32
8,0.19634954084936207,0.00060028589549999999,8100.0000001303843,0.02589902886841575,0.0006553484934016451,32
8,0.19634954084936207,0.00060028589549999999,8200.0000001325661,0.02443332791968875,0.00060826620189277549,32
8,0.19634954084936207,0.00060028589549999999,8300.0000001347489,0.024970824614175588,0.00053755190582201076,32
8,0.19634954084936207,0.00060028589549999999,8400.0000001369317,0.024618363213079583,0.00081782612616030194,32
8,0.19634954084936207,0.00060028589549999999,8500.0000001391145,0.023288669099634708,0.00084565318010535742,32
8,0.19634954084936207,0.00060028589549999999,8600.0000001412973,0.024082623262262969,0.00060769158579374917,32
8,0.19634954084936207,0.00060028589549999999,8700.0000001434801,0.024855959052334498,0.00059967845696272382,32
8,0.19634954084936207,0.00060028589549999999,8800.0000001456629,0.026012981706949333,0.00056604775514741505,32
8,0.19634954084936207,0.00060028589549999999,8900.0000001478456,0.023902820664071997,0.00085215426184040758,32
8,0.19634954084936207,0.00060028589549999999,9000.0000001500284,0.024019171534885066,0.00073906595521543107,32
8,0.19634954084936207,0.00060028589549999999,9100.0000001522112,0.026247530501862178,0.00074526949789027004,32
8,0.19634954084936207,0.00060028589549999999,9200.000000154394,0.026424078943490102,0.00077344172531229442,32
8,0.19634954084936207,0.00060028589549999999,9300.0000001565768,0.02568364369977004,0.00054712384887567684,32
8,0.19634954084936207,0.00060028589549999999,9400.0000001587596,0.024987735350103089,0.00071500511010093044,32
8,0.19634954084936207,0.00060028589549999999,9500.0000001609424,0.026375065461544958,0.00066017133571822718,32
8,0.19634954084936207,0.00060028589549999999,9600.0000001631252,0.026222715930744985,0.00064949572480256805,32
8,0.19634954084936207,0.00060028589549999999,9700.0000001653079,0.025918556266023209,0.00070739920808550038,32
8,0.19634954084936207,0.00060028589549999999,9800.0000001674907,0.02559400793464902,0.00075419691268832189,32
8,0.19634954084936207,0.00060028589549999999,9900.0000001696735,0.026056484674190108,0.00066397796349785708,32
8,0.19634954084936207,0.00060028589549999999,10000.000000171856,0.025360089554166847,0.00066293468000078941,32
8,0.19634954084936207,0.00060028589549999999,10100.000000174039,0.024192223752130072,0.00069781811684395748,32
8,0.19634954084936207,0.00060028589549999999,10200.000000176222,0.024246396920175963,0.00079186966751047133,32
8,0.19634954084936207,0.00060028589549999999,10300.000000178405,0.024208254139072686,0.000668917020673975,32
8,0.19634954084936207,0.00060028589549999999,10400.000000180587,0.024757758688844615,0.00056378230910764993,32
8,0.19634954084936207,0.00060028589549999999,10500.00000018277,0.024713881791465386,0.00066814329594444978,32
8,0.19634954084936207,0.00060028589549999999,10600.000000184953,0.024397235812472655,0.00063929923548896618,32
8,0.19634954084936207,0.00060028589549999999,10700.000000187136,0.025131730743112691,0.0006493582577315678,32
8,0.19634954084936207,0.00060028589549999999,10800.000000189319,0.02474986406772077,0.00056607835035940373,32
8,0.19634954084936207,0.00060028589549999999,10900.000000191501,0.024736996585400635,0.00066906745379137738,32
8,0.19634954084936207,0.00060028589549999999,11000.000000193684,0.023890569639598645,0.00077659525843004574,32
8,0.19634954084936207,0.00060028589549999999,11100.000000195867,0.024943298561834859,0.00058833334647785381,32
8,0.19634954084936207,0.00060028589549999999,11200.00000019805,0.024993139678784134,0.00068198210106267497,32
8,0.19634954084936207,0.00060028589549999999,11300.000000200233,0.024184297160924923,0.00064527858933622999,32
8,0.19634954084936207,0.00060028589549999999,11400.000000202415,0.025095377041934701,0.00067138377429704326,32
8,0.19634954084936207,0.00060028589549999999,11500.000000204598,0.024880900555476176,0.00093414341891985748,32
8,0.19634954084936207,0.00060028589549999999,11600.000000206781,0.024785027874028767,0.0007147540206377419,32
8,0.19634954084936207,0.00060028589549999999,11700.000000208964,0.0251598428424087,0.0006768366379395535,32
8,0.19634954084936207,0.00060028589549999999,11800.000000211146,0.025078258731543717,0.00080805399318457862,32
8,0.19634954084936207,0.00060028589549999999,11900.000000213329,0.024564549962822518,0.00075330596183362697,32
8,0.19634954084936207,0.00060028589549999999,12000.000000215512,0.02433177535564059,0.00072307226740373832,32
8,0.19634954084936207,0.00060028589549999999,12100.000000217695,0.026418838030523115,0.00067703202901455524,32
8,0.19634954084936207,0.00060028589549999999,12200.000000219878,0.025566071509521147,0.00077862634873735815,32
8,0.19634954084936207,0.00060028589549999999,12300.00000022206,0.024279174471972306,0.00062229083394038035,32
8,0.19634954084936207,0.00060028589549999999,12400.000000224243,0.024456817212210647,0.00068110739997987813,32
8,0.19634954084936207,0.00060028589549999999,12500.000000226426,0.025581689775205155,0.00081600979154622269,32
8,0.19634954084936207,0.00060028589549999999,12600.000000228609,0.024740370227511993,0.0006463272886472666,32
8,0.19634954084936207,0.00060028589549999999,12700.000000230792,0.025974726787794739,0.00070772944816868536,32
8,0.19634954084936207,0.00060028589549999999,12800.000000232974,0.025592960459586631,0.00059920627090526753,32
8,0.19634954084936207,0.00060028589549999999,12900.000000235157,0.024557102932832441,0.00081675412140086402,32
8,0.19634954084936207,0.00060028589549999999,13000.00000023734,0.025099374558113601,0.00077846198325345829,32
8,0.19634954084936207,0.00060028589549999999,13100.000000239523,0.024449272314032575,0.00063479042468055926,32
8,0.19634954084936207,0.00060028589549999999,13200.000000241705,0.025041704267162266,0.00061670660803448275,32
8,0.19634954084936207,0.00060028589549999999,13300.000000243888,0.026651053535563622,0.00072219433739411211,32
8,0.19634954084936207,0.00060028589549999999,13400.000000246071,0.025155442032602275,0.00059388599225686982,32
8,0.19634954084936207,0.00060028589549999999,13500.000000248254,0.023676064929742155,0.00063682855673214409,32
8,0.19634954084936207,0.00060028589549999999,13600.000000250437,0.025110877749425463,0.00079668700656000473,32
8,0.19634954084936207,0.00060028589549999999,13700.000000252619,0.023616755624499573,0.00082986810095002231,32
8,0.19634954084936207,0.00060028589549999999,13800.000000254802,0.023822280179524955,0.00072640447997860281,32
8,0.19634954084936207,0.00060028589549999999,13900.000000256985,0.024999247087778103,0.00065831046344831895,32
8,0.19634954084936207,0.00060028589549999999,14000.000000259168,0.026188366591150782,0.00053653109285980755,32
8,0.19634954084936207,0.00060028589549999999,14100.000000261351,0.024807328778805648,0.00079374339977918444,32
8,0.19634954084936207,0.00060028589549999999,14200.000000263533,0.025256116398006651,0.00063953762222237055,32
8,0.19634954084936207,0.00060028589549999999,14300.000000265716,0.024384409922064636,0.00071144312000574219,32
8,0.19634954084936207,0.00060028589549999999,14400.000000267899,0.024122424361343788,0.00076015835097171624,32
8,0.19634954084936207,0.00060028589549999999,14500.000000270082,0.024314706786453248,0.00075823823846599212,32
8,0.19634954084936207,0.00060028589549999999,14600.000000272265,0.025894199563965152,0.00069933079405753247,32
8,0.19634954084936207,0.00060028589549999999,14700.000000274447,0.024965845150307218,0.00085018902429761904,32
8,0.19634954084936207,0.00060028589549999999,14800.00000027663,0.025854407248676957,0.00079247204286889074,32
8,0.19634954084936207,0.00060028589549999999,14900.000000278813,0.02417780955911332,0.00078599521194964495,32
8,0.19634954084936207,0.00060028589549999999,15000.000000280996,0.025323310056366177,0.0006077687379685237,32
8,0.19634954084936207,0.00060028589549999999,15100.000000283178,0.02413139277903481,0.00073263616633500181,32
8,0.19634954084936207,0.00060028589549999999,15200.000000285361,0.02483661668427059,0.00075682827703230408,32
8,0.19634954084936207,0.00060028589549999999,15300.000000287544,0.0264761242315424,0.00079690539643061966,32
8,0.19634954084936207,0.00060028589549999999,15400.000000289727,0.025514744458568561,0.00077846489479265781,32
8,0.19634954084936207,0.00060028589549999999,15500.00000029191,0.026097421561956595,0.00074712793132753852,32
8,0.19634954084936207,0.00060028589549999999,15600.000000294092,0.0263965165055659,0.00074206355433643922,32
8,0.19634954084936207,0.00060028589549999999,15700.000000296275,0.025826453949264572,0.00070896481445051373,32
8,0.19634954084936207,0.00060028589549999999,15800.000000298458,0.025781013716567609,0.00065497810511349838,32
8,0.19634954084936207,0.00060028589549999999,15900.000000300641,0.024742549367218956,0.00057412374400216798,32
8,0.19634954084936207,0.00060028589549999999,16000.000000302824,0.025042310265687609,0.00063882346789987906,32
8,0.19634954084936207,0.00060028589549999999,16100.000000305006,0.025435210637786889,0.00082140600478469543,32
8,0.19634954084936207,0.00060028589549999999,16200.000000307189,0.024959414267859359,0.00065688300464534154,32
8,0.19634954084936207,0.00060028589549999999,16300.000000309372,0.024110065881571278,0.0008092066755155668,32
8,0.19634954084936207,0.00060028589549999999,16400.000000308642,0.026868981851276841,0.00077940191090756345,32
8,0.19634954084936207,0.00060028589549999999,16500.000000292635,0.025812355140918602,0.00057172460093286599,32
8,0.19634954084936207,0.00060028589549999999,16600.000000276628,0.02443973864304963,0.00066911142944321537,32
8,0.19634954084936207,0.00060028589549999999,16700.000000260621,0.025498898403156535,0.00068047378708800308,32
8,0.19634954084936207,0.00060028589549999999,16800.000000244614,0.025065477667256926,0.00065149672689633923,32
8,0.19634954084936207,0.00060028589549999999,16900.000000228607,0.026356084083929619,0.00066767330176827522,32
8,0.19634954084936207,0.00060028589549999999,17000.0000002126,0.026342874529159913,0.00067205797556589813,32
8,0.19634954084936207,0.00060028589549999999,17100.000000196593,0.025716999506435863,0.00068870671379296752,32
8,0.19634954084936207,0.00060028589549999999,17200.000000180586,0.025763796667316659,0.00063814120556774181,32
8,0.19634954084936207,0.00060028589549999999,17300.000000164579,0.024470807482168049,0.00077878858931184714,32
8,0.19634954084936207,0.00060028589549999999,17400.000000148571,0.025566093932688584,0.0007801698591478291,32
8,0.19634954084936207,0.00060028589549999999,17500.000000132564,0.025955661447073518,0.00071347887110572046,32
8,0.19634954084936207,0.00060028589549999999,17600.000000116557,0.026411227409045987,0.00067250546797643581,32
8,0.19634954084936207,0.00060028589549999999,17700.00000010055,0.025344723647515527,0.00079322006233418336,32
8,0.19634954084936207,0.00060028589549999999,17800.000000084543,0.024794247727373608,0.00070878073084458212,32
8,0.19634954084936207,0.00060028589549999999,17900.000000068536,0.024560583756849198,0.00089367177940702272,32
8,0.19634954084936207,0.00060028589549999999,18000.000000052529,0.025727173071396638,0.00064743717915205436,32
8,0.19634954084936207,0.00060028589549999999,18100.000000036522,0.025596591460340858,0.00072253278028381999,32
8,0.19634954084936207,0.00060028589549999999,18200.000000020515,0.024920084119269006,0.00074462982482576088,32
8,0.19634954084936207,0.00060028589549999999,18300.000000004507,0.024654686822985446,0.00087288365077561815,32
8,0.19634954084936207,0.00060028589549999999,18399.9999999885,0.02529964068989159,0.00057299775035961971,32
8,0.19634954084936207,0.00060028589549999999,18499.999999972493,0.026130349282566842,0.00056575133801071813,32
8,0.19634954084936207,0.00060028589549999999,18599.999999956486,0.024732199076071673,0.00082917545897087002,32
8,0.19634954084936207,0.00060028589549999999,18699.999999940479,0.02575761248710328,0.0007809182559895049,32
8,0.19634954084936207,0.00060028589549999999,18799.999999924472,0.025391662370535886,0.00049288111468898078,32
8,0.19634954084936207,0.00060028589549999999,18899.999999908465,0.026958202824508538,0.00080602611447838592,32
8,0.19634954084936207,0.00060028589549999999,18999.999999892458,0.026137779504689568,0.0007049817130427528,32
8,0.19634954084936207,0.00060028589549999999,19099.999999876451,0.02496076666352405,0.00077023971144022838,32
8,0.19634954084936207,0.00060028589549999999,19199.999999860443,0.023847411373249222,0.0007054767389371218,32
8,0.19634954084936207,0.00060028589549999999,19299.999999844436,0.026154150177684111,0.00079132172493269416,32
8,0.19634954084936207,0.00060028589549999999,19399.999999828429,0.025781617412578822,0.00084968741118283801,32
8,0.19634954084936207,0.00060028589549999999,19499.999999812422,0.02575763297293367,0.00079623578869476635,32
8,0.19634954084936207,0.00060028589549999999,19599.999999796415,0.025112326051174028,0.00063502816865125197,32
8,0.19634954084936207,0.00060028589549999999,19699.999999780408,0.024927539769520616,0.00067769356541519464,32
8,0.19634954084936207,0.00060028589549999999,19799.999999764401,0.025204376480734238,0.00073841508701082202,32
8,0.19634954084936207,0.00060028589549999999,19899.999999748394,0.025484225145914509,0.00079771741021244971,32
8,0.19634954084936207,0.00060028589549999999,19999.999999732387,0.024858289419612354,0.00079797240302489664,32
8,0.19634954084936207,0.00060028589549999999,20099.99999971638,0.024970668762419171,0.00082151075088919968,32
8,0.19634954084936207,0.00060028589549999999,20199.999999700372,0.025478129161427266,0.00062928450952442799,32
8,0.19634954084936207,0.00060028589549999999,20299.999999684365,0.02529269695902054,0.00082693980805939084,32
8,0.19634954084936207,0.00060028589549999999,20399.999999668358,0.02407483524576667,0.00072286431097901243,32
8,0.19634954084936207,0.00060028589549999999,20499.999999652351,0.02633996028412559,0.00073294641307706696,32
8,0.19634954084936207,0.00060028589549999999,20599.999999636344,0.025260511556919246,0.00081716290426099656,32
8,0.19634954084936207,0.00060028589549999999,20699.999999620337,0.025475737328832109,0.00082624168310989809,32
8,0.19634954084936207,0.00060028589549999999,20799.99999960433,0.024894845682914127,0.00069680234375494427,32
8,0.19634954084936207,0.00060028589549999999,20899.999999588323,0.024986110317599546,0.00064499377581784016,32
8,0.19634954084936207,0.00060028589549999999,20999.999999572316,0.024928836878507832,0.00071563356364215457,32
8,0.19634954084936207,0.00060028589549999999,21099.999999556308,0.024371436332404673,0.00075031856153797111,32
8,0.19634954084936207,0.00060028589549999999,21199.999999540301,0.024269899649917402,0.00084380695250947841,32
8,0.19634954084936207,0.00060028589549999999,21299.999999524294,0.025698652756774,0.0006741024733534942,32
8,0.19634954084936207,0.00060028589549999999,21399.999999508287,0.02505854843173496,0.00066475010738439302,32
8,0.19634954084936207,0.00060028589549999999,21499.99999949228,0.024852264079630388,0.00065062638098032375,32
8,0.19634954084936207,0.00060028589549999999,21599.999999476273,0.024152541861401595,0.00062081490968906141,32
8,0.19634954084936207,0.00060028589549999999,21699.999999460266,0.024763055061437049,0.00078503281921923874,32
8,0.19634954084936207,0.00060028589549999999,21799.999999444259,0.024936681673466764,0.00076595433550704555,32
8,0.19634954084936207,0.00060028589549999999,21899.999999428252,0.024151394008523907,0.0007199439773109196,32
8,0.19634954084936207,0.00060028589549999999,21999.999999412245,0.023834193870918528,0.0006572553201009808,32
8,0.19634954084936207,0.00060028589549999999,22099.999999396237,0.02533331036647329,0.00070687576728239619,32
8,0.19634954084936207,0.00060028589549999999,22199.99999938023,0.025192089198026176,0.00071996241299123896,32
8,0.19634954084936207,0.00060028589549999999,22299.999999364223,0.024942210613089197,0.00064483444897885784,32
8,0.19634954084936207,0.00060028589549999999,22399.999999348216,0.026129333830389321,0.00062303200295506917,32
8,0.19634954084936207,0.00060028589549999999,22499.999999332209,0.025605623150495582,0.00071345492641645752,32
8,0.19634954084936207,0.00060028589549999999,22599.999999316202,0.025664204825556688,0.00074240900373806213,32
8,0.19634954084936207,0.00060028589549999999,22699.999999300195,0.02532836796494221,0.00076765806360464374,32
8,0.19634954084936207,0.00060028589549999999,22799.999999284188,0.025072340263747581,0.00061642719228681496,32
8,0.19634954084936207,0.00060028589549999999,22899.999999268181,0.02515434441129728,0.00065944342207972947,32
8,0.19634954084936207,0.00060028589549999999,22999.999999252173,0.024310486946466401,0.00057829982887141497,32
8,0.19634954084936207,0.00060028589549999999,23099.999999236166,0.025163060140726327,0.00052952291775925395,32
8,0.19634954084936207,0.00060028589549999999,23199.999999220159,0.024562892675034292,0.00076275705951548746,32
8,0.19634954084936207,0.00060028589549999999,23299.999999204152,0.026563251303913956,0.00073436399676674415,32
8,0.19634954084936207,0.00060028589549999999,23399.999999188145,0.025998374682360874,0.0006332905682775304,32
8,0.19634954084936207,0.00060028589549999999,23499.999999172138,0.026092956618522629,0.00067711466944527703,32
8,0.19634954084936207,0.00060028589549999999,23599.999999156131,0.026741395171106006,0.00069472477531216806,32
8,0.19634954084936207,0.00060028589549999999,23699.999999140124,0.025073121248861668,0.00063464239758313573,32
8,0.19634954084936207,0.00060028589549999999,23799.999999124117,0.025299934250156489,0.00075219498974333186,32
8,0.19634954084936207,0.00060028589549999999,23899.999999108109,0.026181606711660591,0.00070103182970105956,32
8,0.19634954084936207,0.00060028589549999999,23999.999999092102,0.025548781907343165,0.00058429990871858403,32
8,0.19634954084936207,0.00060028589549999999,24099.999999076095,0.024188962247369619,0.00081356182520356431,32
8,0.19634954084936207,0.00060028589549999999,24199.999999060088,0.024170455694203521,0.00068516853759232092,32
8,0.19634954084936207,0.00060028589549999999,24299.999999044081,0.0237662402479322,0.00068614784659043492,32
8,0.19634954084936207,0.00060028589549999999,24399.999999028074,0.024082305736485399,0.00082603587012880432,32
8,0.19634954084936207,0.00060028589549999999,24499.999999012067,0.023774338278712174,0.000768380079116664,32
8,0.19634954084936207,0.00060028589549999999,24599.99999899606,0.024172696324220914,0.00074347977976226497,32
8,0.19634954084936207,0.00060028589549999999,24699.999998980053,0.0236485256854846,0.00060952508717515303,32
8,0.19634954084936207,0.00060028589549999999,24799.999998964046,0.026317926543002749,0.00062517911217483877,32
8,0.19634954084936207,0.00060028589549999999,24899.999998948038,0.026007778208535764,0.00064855401169049305,32
8,0.19634954084936207,0.00060028589549999999,24999.999998932031,0.024104707348423956,0.00066506157076768506,32
8,0.19634954084936207,0.00060028589549999999,25099.999998916024,0.025072473779956934,0.00071447594715019151,32
8,0.19634954084936207,0.00060028589549999999,25199.999998900017,0.0245718955240578,0.00057752993942642176,32
8,0.19634954084936207,0.00060028589549999999,25299.99999888401,0.025443627543140678,0.00057052185620655687,32
8,0.19634954084936207,0.00060028589549999999,25399.999998868003,0.025273884925824382,0.00061341739806803838,32
8,0.19634954084936207,0.00060028589549999999,25499.999998851996,0.024481967570281146,0.00078899164763005718,32
8,0.19634954084936207,0.00060028589549999999,25599.999998835989,0.024361627281972168,0.00074623368055147998,32
8,0.19634954084936207,0.00060028589549999999,25699.999998819982,0.024354166701311478,0.00053922745224775604,32
8,0.19634954084936207,0.00060028589549999999,25799.999998803974,0.026122384889901037,0.00078580199271628085,32
8,0.19634954084936207,0.00060028589549999999,25899.999998787967,0.0264806056498888,0.00062366423892839336,32
8,0.19634954084936207,0.00060028589549999999,25999.99999877196,0.025314036613467338,0.00065088818499957552,32
8,0.19634954084936207,0.00060028589549999999,26099.999998755953,0.026104906154622298,0.00092871042739145959,32
8,0.19634954084936207,0.00060028589549999999,26199.999998739946,0.025047150245613381,0.00070850642596750489,32
8,0.19634954084936207,0.00060028589549999999,26299.999998723939,0.025615613553904123,0.00066987264670406244,32
8,0.19634954084936207,0.00060028589549999999,26399.999998707932,0.02468656345960767,0.00047007619249968084,32
8,0.19634954084936207,0.00060028589549999999,26499.999998691925,0.023921077144455464,0.00063601062217165253,32
8,0.19634954084936207,0.00060028589549999999,26599.999998675918,0.025642252254616613,0.00082714843102465216,32
8,0.19634954084936207,0.00060028589549999999,26699.99999865991,0.025872718097450891,0.00055677449326812796,32
8,0.19634954084936207,0.00060028589549999999,26799.999998643903,0.02583321498804611,0.00063058871160560448,32
8,0.19634954084936207,0.00060028589549999999,26899.999998627896,0.026082146422193482,0.00064530080894973263,32
8,0.19634954084936207,0.00060028589549999999,26999.999998611889,0.025414271559307946,0.00066721728128582645,32
8,0.19634954084936207,0.00060028589549999999,27099.999998595882,0.026477283423717829,0.00071323863356020619,32
8,0.19634954084936207,0.00060028589549999999,27199.999998579875,0.02624248882943651,0.00070857690472361822,32
8,0.19634954084936207,0.00060028589549999999,27299.999998563868,0.025890127866314925,0.00065080363174942191,32
8,0.19634954084936207,0.00060028589549999999,27399.999998547861,0.024724804929014244,0.00073042998604252291,32
8,0.19634954084936207,0.00060028589549999999,27499.999998531854,0.024511574849199427,0.00073647745580850328,32
8,0.19634954084936207,0.00060028589549999999,27599.999998515847,0.02550134839404699,0.00065294171285021092,32
8,0.19634954084936207,0.00060028589549999999,27699.999998499839,0.025395389335852083,0.00064522025297793282,32
8,0.19634954084936207,0.00060028589549999999,27799.999998483832,0.024599589916819965,0.00060524633443067742,32
8,0.19634954084936207,0.00060028589549999999,27899.999998467825,0.024075157307927718,0.00068761630540043459,32
8,0.19634954084936207,0.00060028589549999999,27999.999998451818,0.025100145474692935,0.00054561024666819073,32
8,0.19634954084936207,0.00060028589549999999,28099.999998435811,0.025084884387930658,0.00080165972090813357,32
8,0.19634954084936207,0.00060028589549999999,28199.999998419804,0.024630009070312354,0.00077012969587710034,32
8,0.19634954084936207,0.00060028589549999999,28299.999998403797,0.024376270011285568,0.00066962900786960735,32
8,0.19634954084936207,0.00060028589549999999,28399.99999838779,0.024739159363751709,0.00068393483215025861,32
8,0.19634954084936207,0.00060028589549999999,28499.999998371783,0.025082420397580098,0.00073697296355894435,32
8,0.19634954084936207,0.00060028589549999999,28599.999998355775,0.023628542276324587,0.00084251663580411115,32
8,0.19634954084936207,0.00060028589549999999,28699.999998339768,0.024538553601943201,0.0007282601891480542,32
8,0.19634954084936207,0.00060028589549999999,28799.999998323761,0.025145430887871467,0.00062837232738917456,32
8,0.19634954084936207,0.00060028589549999999,28899.999998307754,0.024870875994668157,0.0006879435228967682,32
8,0.19634954084936207,0.00060028589549999999,28999.999998291747,0.024165369757049728,0.00066040209638671896,32
8,0.19634954084936207,0.00060028589549999999,29099.99999827574,0.025255117202166662,0.00082575933567677242,32
8,0.19634954084936207,0.00060028589549999999,29199.999998259733,0.025072457586196136,0.00073635432436745612,32
8,0.19634954084936207,0.00060028589549999999,29299.999998243726,0.024635923421710948,0.00083094613826157856,32
8,0.19634954084936207,0.00060028589549999999,29399.999998227719,0.025981692903178186,0.00071381991381416743,32
8,0.19634954084936207,0.00060028589549999999,29499.999998211711,0.025271006054706693,0.00093376553510410027,32
8,0.19634954084936207,0.00060028589549999999,29599.999998195704,0.025394807772083271,0.00083167905262949298,32
8,0.19634954084936207,0.00060028589549999999,29699.999998179697,0.025190792796094069,0.00075975774203735367,32
8,0.19634954084936207,0.00060028589549999999,29799.99999816369,0.025063428728804175,0.00068709370653441144,32
8,0.19634954084936207,0.00060028589549999999,29899.999998147683,0.025301784405357738,0.00072949365516168489,32
8,0.19634954084936207,0.00060028589549999999,29999.999998131676,0.024677218621803023,0.00073636612044838446,32
8,0.19634954084936207,0.00060028589549999999,30099.999998115669,0.025512938959972749,0.00079037741184578034,32
8,0.19634954084936207,0.00060028589549999999,30199.999998099662,0.025908343829007668,0.0007925548441333046,32
8,0.19634954084936207,0.00060028589549999999,30299.999998083655,0.025332777318254875,0.00083552576929454023,32
8,0.19634954084936207,0.00060028589549999999,30399.999998067648,0.024327489488448588,0.00056975192400607159,32
8,0.19634954084936207,0.00060028589549999999,30499.99999805164,0.025653985469794111,0.00057182453929812121,32
8,0.19634954084936207,0.00060028589549999999,30599.999998035633,0.026223490455102357,0.00068784703415791803,32
8,0.19634954084936207,0.00060028589549999999,30699.999998019626,0.025690512364616912,0.00081058994189841767,32
8,0.19634954084936207,0.00060028589549999999,30799.999998003619,0.024423182172430866,0.00065467521151271269,32
8,0.19634954084936207,0.00060028589549999999,30899.999997987612,0.024519552531698303,0.00064680619405501445,32
8,0.19634954084936207,0.00060028589549999999,30999.999997971605,0.02683732185163893,0.00065638817911066591,32
8,0.19634954084936207,0.00060028589549999999,31099.999997955598,0.026054832370732358,0.00078111235816784167,32
8,0.19634954084936207,0.00060028589549999999,31199.999997939591,0.02545057108640917,0.0005333785133536861,32
8,0.19634954084936207,0.00060028589549999999,31299.999997923584,0.024627539190911634,0.00079148366985782096,32
8,0.19634954084936207,0.00060028589549999999,31399.999997907576,0.025295126426151684,0.00066601496625744031,32
8,0.19634954084936207,0.00060028589549999999,31499.999997891569,0.024191040755297755,0.000700127737941099,32
8,0.19634954084936207,0.00060028589549999999,31599.999997875562,0.026461397776939448,0.0006095643166883466,32
8,0.19634954084936207,0.00060028589549999999,31699.999997859555,0.026206227038086491,0.0005946784612133742,32
8,0.19634954084936207,0.00060028589549999999,31799.999997843548,0.024490169024472777,0.00072290073902546144,32
8,0.19634954084936207,0.00060028589549999999,31899.999997827541,0.024843743864391539,0.00059857670876436824,32
8,0.19634954084936207,0.00060028589549999999,31999.999997811534,0.025285062574312473,0.00070043438778102473,32
8,0.19634954084936207,0.00060028589549999999,32099.999997795527,0.025527601100552688,0.00090649411004723325,32
8,0.19634954084936207,0.00060028589549999999,32199.99999777952,0.024143351880890462,0.00074930968003956012,32
8,0.19634954084936207,0.00060028589549999999,32299.999997763513,0.025933119243089726,0.00062739949930059843,32
8,0.19634954084936207,0.00060028589549999999,32399.999997747505,0.025731439476871721,0.0007379380905946565,32
8,0.19634954084936207,0.00060028589549999999,32499.999997731498,0.025134297955340328,0.00067018573676411999,32
8,0.19634954084936207,0.00060028589549999999,32599.999997715491,0.024702056203286634,0.00054334249434654931,32
8,0.19634954084936207,0.00060028589549999999,32699.999997699484,0.02529479443189175,0.00078176473926328265,32
8,0.19634954084936207,0.00060028589549999999,32799.999997695115,0.024873018054188057,0.00085336025842196704,32
8,0.19634954084936207,0.00060028589549999999,32899.999997715488,0.025524866213158425,0.00068505493735706647,32
8,0.19634954084936207,0.00060028589549999999,32999.99999773586,0.02393211764986327,0.00075032263929886362,32
8,0.19634954084936207,0.00060028589549999999,33099.999997756233,0.025259619841459125,0.00082630417433121129,32
8,0.19634954084936207,0.00060028589549999999,33199.999997776606,0.025359717298822082,0.0006296603564758241,32
8,0.19634954084936207,0.00060028589549999999,33299.999997796978,0.025666028564367182,0.00067616237577739814,32
8,0.19634954084936207,0.00060028589549999999,33399.999997817351,0.025780818473222555,0.0008043437975932188,32
8,0.19634954084936207,0.00060028589549999999,33499.999997837724,0.025284896905344079,0.00059790203715886342,32
8,0.19634954084936207,0.00060028589549999999,33599.999997858096,0.026427547537909934,0.00072246477938808275,32
8,0.19634954084936207,0.00060028589549999999,33699.999997878469,0.026293217874372474,0.00080619728027458027,32
8,0.19634954084936207,0.00060028589549999999,33799.999997898842,0.02603742878773007,0.00082915496722656785,32
8,0.19634954084936207,0.00060028589549999999,33899.999997919214,0.025808978419668664,0.00058506870871457715,32
8,0.19634954084936207,0.00060028589549999999,33999.999997939587,0.025159156690901033,0.00069515598186771531,32
8,0.19634954084936207,0.00060028589549999999,34099.99999795996,0.02517980036695279,0.00089109573772656338,32
8,0.19634954084936207,0.00060028589549999999,34199.999997980332,0.025637696857058967,0.00072054086715258887,32
8,0.19634954084936207,0.00060028589549999999,34299.999998000705,0.025996723092340409,0.00075144517897770852,32
8,0.19634954084936207,0.00060028589549999999,34399.999998021078,0.026055309555093532,0.00059896549910621428,32
8,0.19634954084936207,0.00060028589549999999,34499.99999804145,0.026264208458798653,0.00072973366336663299,32
8,0.19634954084936207,0.00060028589549999999,34599.999998061823,0.027028423765469125,0.0008621788924115056,32
8,0.19634954084936207,0.00060028589549999999,34699.999998082196,0.024629429807880181,0.00070162949956014472,32
8,0.19634954084936207,0.00060028589549999999,34799.999998102568,0.024901875721423661,0.00062752885342548049,32
8,0.19634954084936207,0.00060028589549999999,34899.999998122941,0.024605389771658562,0.00071661373303352597,32
8,0.19634954084936207,0.00060028589549999999,34999.999998143314,0.025967802603747408,0.00069622446142417497,32
8,0.19634954084936207,0.00060028589549999999,35099.999998163687,0.0260740142985008,0.00064378166196272059,32
8,0.19634954084936207,0.00060028589549999999,35199.999998184059,0.024589435008360919,0.00087021343919354579,32
8,0.19634954084936207,0.00060028589549999999,35299.999998204432,0.024347763579375258,0.00076000593447604842,32
8,0.19634954084936207,0.00060028589549999999,35399.999998224805,0.025529851479306909,0.00071415868537708636,32
8,0.19634954084936207,0.00060028589549999999,35499.999998245177,0.025618607214475328,0.00072603347521641858,32
8,0.19634954084936207,0.00060028589549999999,35599.99999826555,0.024828014903148534,0.00065778575015319469,32
8,0.19634954084936207,0.00060028589549999999,35699.999998285923,0.023633060259959888,0.00062031679886561243,32
8,0.19634954084936207,0.00060028589549999999,35799.999998306295,0.024284828169469856,0.00057400836854896498,32
8,0.19634954084936207,0.00060028589549999999,35899.999998326668,0.024985261702813757,0.00068348037251913455,32
8,0.19634954084936207,0.00060028589549999999,35999.999998347041,0.024582464813269606,0.00060336185767613287,32
8,0.19634954084936207,0.00060028589549999999,36099.999998367413,0.024589900253258502,0.00076739927277567693,32
8,0.19634954084936207,0.00060028589549999999,36199.999998387786,0.023639224854985225,0.00071418526180756575,32
8,0.19634954084936207,0.00060028589549999999,36299.999998408159,0.024636587165866492,0.00080216823368488646,32
8,0.19634954084936207,0.00060028589549999999,36399.999998428531,0.025864772517065305,0.00066180335157893196,32
8,0.19634954084936207,0.00060028589549999999,36499.999998448904,0.02609428844275111,0.00077869211514204021,32
8,0.19634954084936207,0.00060028589549999999,36599.999998469277,0.025840020894626808,0.00073901230626789174,32
8,0.19634954084936207,0.00060028589549999999,36699.999998489649,0.025760405833652151,0.0008333686581419393,32
8,0.19634954084936207,0.00060028589549999999,36799.999998510022,0.025704481303736423,0.00063663394292692236,32
8,0.19634954084936207,0.00060028589549999999,36899.999998530395,0.025063270595549553,0.00077305174235271941,32
8,0.19634954084936207,0.00060028589549999999,36999.999998550767,0.025805628560304363,0.00068858910810132355,32
8,0.19634954084936207,0.00060028589549999999,37099.99999857114,0.024262228727068447,0.00065979577786986685,32
8,0.19634954084936207,0.00060028589549999999,37199.999998591513,0.024758763064962379,0.00079032311107793537,32
8,0.19634954084936207,0.00060028589549999999,37299.999998611886,0.024964743733868977,0.00076889341238292239,32
8,0.19634954084936207,0.00060028589549999999,37399.999998632258,0.024364995635751306,0.00065076363053749315,32
8,0.19634954084936207,0.00060028589549999999,37499.999998652631,0.024134918129175793,0.00071255074283093104,32
8,0.19634954084936207,0.00060028589549999999,37599.999998673004,0.024519060551435545,0.00055375269044479782,32
8,0.19634954084936207,0.00060028589549999999,37699.999998693376,0.025701692468020468,0.0006235751336014859,32
8,0.19634954084936207,0.00060028589549999999,37799.999998713749,0.025552153901299293,0.00078679926063948496,32
8,0.19634954084936207,0.00060028589549999999,37899.999998734122,0.025369819829185368,0.00072710873840814286,32
8,0.19634954084936207,0.00060028589549999999,37999.999998754494,0.025612565875552554,0.00067750347920356537,32
8,0.19634954084936207,0.00060028589549999999,38099.999998774867,0.025837414999509058,0.00057643861922955291,32
8,0.19634954084936207,0.00060028589549999999,38199.99999879524,0.025490559977983978,0.00069615703421002694,32
8,0.19634954084936207,0.00060028589549999999,38299.999998815612,0.024140281210838093,0.00079574448147640066,32
8,0.19634954084936207,0.00060028589549999999,38399.999998835985,0.024880191449469291,0.0007041965586551403,32
8,0.19634954084936207,0.00060028589549999999,38499.999998856358,0.024831886601477358,0.00057845164131278793,32
8,0.19634954084936207,0.00060028589549999999,38599.99999887673,0.024097219424620942,0.00071837202206358826,32
8,0.19634954084936207,0.00060028589549999999,38699.999998897103,0.025146017414518586,0.00065025889131237733,32
8,0.19634954084936207,0.00060028589549999999,38799.999998917476,0.025764275101703628,0.000686497750039026,32
8,0.19634954084936207,0.00060028589549999999,38899.999998937848,0.025724228339551604,0.00067920844036550247,32
8,0.19634954084936207,0.00060028589549999999,38999.999998958221,0.0236530409752897,0.00062998093794584245,32
8,0.19634954084936207,0.00060028589549999999,39099.999998978594,0.024002224490135476,0.00072581175609052865,32
8,0.19634954084936207,0.00060028589549999999,39199.999998998966,0.025391148918541301,0.0008980523227205599,32
8,0.19634954084936207,0.00060028589549999999,39299.999999019339,0.025026253408722898,0.00062763494361214118,32
8,0.19634954084936207,0.00060028589549999999,39399.999999039712,0.025434278831830245,0.0006691286084494363,32
8,0.19634954084936207,0.00060028589549999999,39499.999999060085,0.025234314498950281,0.00068131870945181022,32
8,0.19634954084936207,0.00060028589549999999,39599.999999080457,0.025231268169639075,0.00058648574215556832,32
8,0.19634954084936207,0.00060028589549999999,39699.99999910083,0.024657574676039289,0.00059510776200241981,32
8,0.19634954084936207,0.00060028589549999999,39799.999999121203,0.023376489393480634,0.00063912609509622978,32
8,0.19634954084936207,0.00060028589549999999,39899.999999141575,0.023858825117754941,0.0006258085888570747,32
8,0.19634954084936207,0.00060028589549999999,39999.999999161948,0.025193281220866344,0.0006931020731906183,32
8,0.19634954084936207,0.00060028589549999999,40099.999999182321,0.024923849298461077,0.00067114599065656107,32
8,0.19634954084936207,0.00060028589549999999,40199.999999202693,0.025321416503883056,0.00065576577467634325,32
8,0.19634954084936207,0.00060028589549999999,40299.999999223066,0.024596987494748437,0.00059561604794988298,32
8,0.19634954084936207,0.00060028589549999999,40399.999999243439,0.024178233051522904,0.00089980748918616713,32
8,0.19634954084936207,0.00060028589549999999,40499.999999263811,0.025262408298021153,0.00072907354480551256,32
8,0.19634954084936207,0.00060028589549999999,40599.999999284184,0.025586161809620533,0.00056725375560475453,32
8,0.19634954084936207,0.00060028589549999999,40699.999999304557,0.023956764365669403,0.0005429137331573584,32
8,0.19634954084936207,0.00060028589549999999,40799.999999324929,0.02367829940817889,0.00071380422155701846,32
8,0.19634954084936207,0.00060028589549999999,40899.999999345302,0.024936458292007711,0.00070624182749426097,32
8,0.19634954084936207,0.00060028589549999999,40999.999999365675,0.025023580813283961,0.00067379642171669048,32
8,0.19634954084936207,0.00060028589549999999,41099.999999386047,0.025324181036475654,0.00073747974494720167,32
8,0.19634954084936207,0.00060028589549999999,41199.99999940642,0.025479604033404952,0.00073843672972979414,32
8,0.19634954084936207,0.00060028589549999999,41299.999999426793,0.0242172856065044,0.00071578635209317628,32
8,0.19634954084936207,0.00060028589549999999,41399.999999447165,0.024620042917532507,0.00064191016611829846,32
8,0.19634954084936207,0.00060028589549999999,41499.999999467538,0.025153783179154766,0.00082950468947104439,32
8,0.19634954084936207,0.00060028589549999999,41599.999999487911,0.025337596020678331,0.00054811233659666256,32
8,0.19634954084936207,0.00060028589549999999,41699.999999508284,0.025286571070734148,0.000755965732837233,32
8,0.19634954084936207,0.00060028589549999999,41799.999999528656,0.025331552582808975,0.00083516858642587353,32
8,0.19634954084936207,0.00060028589549999999,41899.999999549029,0.026381512436945545,0.00061159451810691298,32
8,0.19634954084936207,0.00060028589549999999,41999.999999569402,0.025724878214246152,0.00051279770797370424,32
8,0.19634954084936207,0.00060028589549999999,42099.999999589774,0.025181174740494378,0.00072546096175904505,32
8,0.19634954084936207,0.00060028589549999999,42199.999999610147,0.025237281037130598,0.00068739171934876684,32
8,0.19634954084936207,0.00060028589549999999,42299.99999963052,0.025139372354420018,0.00061489520674447035,32
8,0.19634954084936207,0.00060028589549999999,42399.999999650892,0.026330616368251875,0.00071551309734934785,32
8,0.19634954084936207,0.00060028589549999999,42499.999999671265,0.024823649414306686,0.00079035368974420689,32
8,0.19634954084936207,0.00060028589549999999,42599.999999691638,0.024800140949862663,0.00070064628769492948,32
8,0.19634954084936207,0.00060028589549999999,42699.99999971201,0.025412837204960841,0.0007726298053564361,32
8,0.19634954084936207,0.00060028589549999999,42799.999999732383,0.025187775886860771,0.00074430524375354492,32
8,0.19634954084936207,0.00060028589549999999,42899.999999752756,0.025255236901332818,0.00067676795328156685,32
8,0.19634954084936207,0.00060028589549999999,42999.999999773128,0.025277353884554019,0.00056655243367110045,32
8,0.19634954084936207,0.00060028589549999999,43099.999999793501,0.025843600614744382,0.00072336219961276465,32
8,0.19634954084936207,0.00060028589549999999,43199.999999813874,0.025092654254440558,0.00081107006492445828,32
8,0.19634954084936207,0.00060028589549999999,43299.999999834246,0.025481841797020604,0.00091401854462097348,32
8,0.19634954084936207,0.00060028589549999999,43399.999999854619,0.025275641416862844,0.0009011101348278661,32
8,0.19634954084936207,0.00060028589549999999,43499.999999874992,0.024266580632859479,0.00067155607489914051,32
8,0.19634954084936207,0.00060028589549999999,43599.999999895364,0.024508942834285393,0.00059952834866294422,32
8,0.19634954084936207,0.00060028589549999999,43699.999999915737,0.023943340048399597,0.00073610769474612831,32
8,0.19634954084936207,0.00060028589549999999,43799.99999993611,0.02482752616948242,0.00069728599741853629,32
8,0.19634954084936207,0.00060028589549999999,43899.999999956482,0.024532317021193462,0.00080640600697467113,32
8,0.19634954084936207,0.00060028589549999999,43999.999999976855,0.0238937470164324,0.0005975593296276031,32
8,0.19634954084936207,0.00060028589549999999,44099.999999997228,0.023744341570224002,0.00063149022413960506,32
8,0.19634954084936207,0.00060028589549999999,44200.000000017601,0.023934009668304619,0.0007702376998108782,32
8,0.19634954084936207,0.00060028589549999999,44300.000000037973,0.024923915733973765,0.00074631808324465091,32
8,0.19634954084936207,0.00060028589549999999,44400.000000058346,0.025970489678905161,0.00085355988923858765,32
8,0.19634954084936207,0.00060028589549999999,44500.000000078719,0.023537259379953792,0.00077570094492569318,32
8,0.19634954084936207,0.00060028589549999999,44600.000000099091,0.023294080288211116,0.00091632681548724617,32
8,0.19634954084936207,0.00060028589549999999,44700.000000119464,0.024761449115407088,0.0007859868158722707,32
8,0.19634954084936207,0.00060028589549999999,44800.000000139837,0.026219125001243165,0.0006647196440777109,32
8,0.19634954084936207,0.00060028589549999999,44900.000000160209,0.024575678049975451,0.00057413942441416125,32
8,0.19634954084936207,0.00060028589549999999,45000.000000180582,0.025950092832257517,0.00051956010009069015,32
8,0.19634954084936207,0.00060028589549999999,45100.000000200955,0.025948517305361865,0.00066961072087181489,32
8,0.19634954084936207,0.00060028589549999999,45200.000000221327,0.025340119558101323,0.00074297417338825111,32
8,0.19634954084936207,0.00060028589549999999,45300.0000002417,0.025240609544224971,0.00062103833897071312,32
8,0.19634954084936207,0.00060028589549999999,45400.000000262073,0.023878600398083965,0.00066952221807539593,32
8,0.19634954084936207,0.00060028589549999999,45500.000000282445,0.02467972045059063,0.00063981877485028507,32
8,0.19634954084936207,0.00060028589549999999,45600.000000302818,0.024724156607640917,0.00069443136874695064,32
8,0.19634954084936207,0.00060028589549999999,45700.000000323191,0.024884322514351104,0.00073055703210096257,32
8,0.19634954084936207,0.00060028589549999999,45800.000000343563,0.024652911170399992,0.00073998840452495869,32
8,0.19634954084936207,0.00060028589549999999,45900.000000363936,0.025016963905091432,0.00067473166798596074,32
8,0.19634954084936207,0.00060028589549999999,46000.000000384309,0.025054468652917994,0.00076780662713716859,32
8,0.19634954084936207,0.00060028589549999999,46100.000000404681,0.024690162202845263,0.00044699741034058023,32
8,0.19634954084936207,0.00060028589549999999,46200.000000425054,0.0252288975183305,0.00075542268449505,32
8,0.19634954084936207,0.00060028589549999999,46300.000000445427,0.02403942337022992,0.00066592965690314809,32
8,0.19634954084936207,0.00060028589549999999,46400.0000004658,0.025167953048067019,0.00074260103273752619,32
8,0.19634954084936207,0.00060028589549999999,46500.000000486172,0.02568220313309158,0.00053779425891604265,32
8,0.19634954084936207,0.00060028589549999999,46600.000000506545,0.025552810464456028,0.00071278578875959644,32
8,0.19634954084936207,0.00060028589549999999,46700.000000526918,0.024354755900858935,0.00064759038372948522,32
8,0.19634954084936207,0.00060028589549999999,46800.00000054729,0.025556914048481816,0.00057180672238687233,32
8,0.19634954084936207,0.00060028589549999999,46900.000000567663,0.024526514705401375,0.00074710520351156749,32
8,0.19634954084936207,0.00060028589549999999,47000.000000588036,0.023994276432919397,0.00075535635658518152,32
8,0.19634954084936207,0.00060028589549999999,47100.000000608408,0.025948428116906452,0.00074577710937281981,32
8,0.19634954084936207,0.00060028589549999999,47200.000000628781,0.024992282770621068,0.00072375915122282596,32
8,0.19634954084936207,0.00060028589549999999,47300.000000649154,0.02528042715636708,0.00058738878077268521,32
8,0.19634954084936207,0.00060028589549999999,47400.000000669526,0.024557703519991158,0.00052694473490646143,32
8,0.19634954084936207,0.00060028589549999999,47500.000000689899,0.024712654515420176,0.00064172844634386578,32
8,0.19634954084936207,0.00060028589549999999,47600.000000710272,0.024795228280301951,0.00074719043916983364,32
8,0.19634954084936207,0.00060028589549999999,47700.000000730644,0.025239517905473144,0.00077143138425902656,32
8,0.19634954084936207,0.00060028589549999999,47800.000000751017,0.024908879102891347,0.000740485612139412,32
8,0.19634954084936207,0.00060028589549999999,47900.00000077139,0.025414409644130227,0.00080251390409549663,32
8,0.19634954084936207,0.00060028589549999999,48000.000000791762,0.025409251344613734,0.00075605928102561305,32
8,0.19634954084936207,0.00060028589549999999,48100.000000812135,0.025401263197413232,0.0008062320165109244,32
8,0.19634954084936207,0.00060028589549999999,48200.000000832508,0.025613576681843917,0.000798134174336398,32
8,0.19634954084936207,0.00060028589549999999,48300.00000085288,0.0251622350750502,0.00077049423437313737,32
8,0.19634954084936207,0.00060028589549999999,48400.000000873253,0.025221097895034003,0.00067155100285039705,32
8,0.19634954084936207,0.00060028589549999999,48500.000000893626,0.02452559533455477,0.00058832202055011257,32
8,0.19634954084936207,0.00060028589549999999,48600.000000913999,0.023602021658595936,0.00070038724429083226,32
8,0.19634954084936207,0.00060028589549999999,48700.000000934371,0.025230494066246424,0.00069430060046274237,32
8,0.19634954084936207,0.00060028589549999999,48800.000000954744,0.024776556581982773,0.00061824119645351573,32
8,0.19634954084936207,0.00060028589549999999,48900.000000975117,0.025157179240985487,0.00072935583950556196,32
8,0.19634954084936207,0.00060028589549999999,49000.000000995489,0.024729185249497528,0.00073600419035068775,32
8,0.19634954084936207,0.00060028589549999999,49100.000001015862,0.024117529968866729,0.00073433919542682162,32
8,0.19634954084936207,0.00060028589549999999,49200.000001036235,0.024916373891178078,0.00061582348543365707,32
8,0.19634954084936207,0.00060028589549999999,49300.000001056607,0.024392104698326977,0.00054779782054738485,32
8,0.19634954084936207,0.00060028589549999999,49400.00000107698,0.024670746498219591,0.00061233075594881105,32
8,0.19634954084936207,0.00060028589549999999,49500.000001097353,0.025709185241066544,0.0006175692805807753,32
8,0.19634954084936207,0.00060028589549999999,49600.000001117725,0.0261236493867163,0.00067655496255051044,32
8,0.19634954084936207,0.00060028589549999999,49700.000001138098,0.02524870747195777,0.0007494812135800166,32
8,0.19634954084936207,0.00060028589549999999,49800.000001158471,0.024327550271320771,0.00076363213945060491,32
8,0.19634954084936207,0.00060028589549999999,49900.000001178843,0.023758053493578971,0.00068370359869829723,32
8,0.19634954084936207,0.00060028589549999999,50000.000001199216,0.024139878875900703,0.00077457412681821108,32
10,0.24543692606170259,0.00092715021879999999,100.00000000001425,0.019032652853933761,0.00050653544934706066,32
10,0.24543692606170259,0.00092715021879999999,199.99999999996308,0.024829929120806161,0.00055484770639636482,32
10,0.24543692606170259,0.00092715021879999999,299.99999999987216,0.024390166119262414,0.00074218075677714664,32
10,0.24543692606170259,0.00092715021879999999,399.99999999978121,0.025383197039818645,0.00071059021165846754,32
10,0.24543692606170259,0.00092715021879999999,499.99999999969026,0.024938135197129577,0.00045763108613962479,32
10,0.24543692606170259,0.00092715021879999999,599.99999999959937,0.025524376713645984,0.0005895582755790508,32
10,0.24543692606170259,0.00092715021879999999,699.99999999950842,0.026229161981208483,0.00072562222551059608,32
10,0.24543692606170259,0.00092715021879999999,799.99999999941747,0.024104656174278365,0.00066039857393049176,32
10,0.24543692606170259,0.00092715021879999999,899.99999999932652,0.024466995389374989,0.00061479916240474012,32
10,0.24543692606170259,0.00092715021879999999,999.99999999923557,0.025014528479749016,0.00047179884806261216,32
10,0.24543692606170259,0.00092715021879999999,1099.9999999991446,0.02560497681442982,0.00052636396590174332,32
10,0.24543692606170259,0.00092715021879999999,1199.9999999990537,0.025103165496156751,0.00062594325497644925,32
10,0.24543692606170259,0.00092715021879999999,1299.9999999989627,0.025805679913331644,0.00058971718411946308,32
10,0.24543692606170259,0.00092715021879999999,1399.9999999988718,0.026296805562407152,0.00052238036226087833,32
10,0.24543692606170259,0.00092715021879999999,1499.9999999987808,0.024751032423147672,0.0006638094837015388,32
10,0.24543692606170259,0.00092715021879999999,1599.9999999986899,0.025118347644396698,0.00061410304087016951,32
10,0.24543692606170259,0.00092715021879999999,1699.9999999985989,0.024188042053278659,0.00074610141740379186,32
10,0.24543692606170259,0.00092715021879999999,1799.999999998508,0.024283662222766702,0.00080745633501040105,32
10,0.24543692606170259,0.00092715021879999999,1899.999999998417,0.025516907274577894,0.00056004398931658729,32
10,0.24543692606170259,0.00092715021879999999,1999.9999999983261,0.024575611962282116,0.00065957076958881764,32
10,0.24543692606170259,0.00092715021879999999,2099.9999999994175,0.025664669021603258,0.00049180196042516923,32
10,0.24543692606170259,0.00092715021879999999,2200.0000000016003,0.026011732192182481,0.00054911017697386049,32
10,0.24543692606170259,0.00092715021879999999,2300.000000003783,0.02573334448886918,0.00064810255688344995,32
10,0.24543692606170259,0.00092715021879999999,2400.0000000059658,0.02448292617364585,0.00073193592605863046,32
10,0.24543692606170259,0.00092715021879999999,2500.0000000081486,0.025201872329647476,0.00069686269958594118,32
10,0.24543692606170259,0.00092715021879999999,2600.0000000103314,0.024480311238020882,0.00057118217483979471,32
10,0.24543692606170259,0.00092715021879999999,2700.0000000125142,0.024786536399843084,0.00065520862728268869,32
10,0.24543692606170259,0.00092715021879999999,2800.000000014697,0.02510695904264747,0.0007172478918490271,32
10,0.24543692606170259,0.00092715021879999999,2900.0000000168798,0.025384321748463379,0.00042092656000626067,32
10,0.24543692606170259,0.00092715021879999999,3000.0000000190626,0.02588060581239638,0.0007319788909772953,32
10,0.24543692606170259,0.00092715021879999999,3100.0000000212453,0.024656850426483405,0.00062092715431149507,32
10,0.24543692606170259,0.00092715021879999999,3200.0000000234281,0.02426640317235396,0.00072563796665942851,32
10,0.24543692606170259,0.00092715021879999999,3300.0000000256109,0.024910455042893596,0.00076317588306788037,32
10,0.24543692606170259,0.00092715021879999999,3400.0000000277937,0.024710994541707925,0.00065077776316864802,32
10,0.24543692606170259,0.00092715021879999999,3500.0000000299765,0.024521549182105185,0.00055069976115363641,32
10,0.24543692606170259,0.00092715021879999999,3600.0000000321593,0.024482478194513619,0.00071487764205807201,32
10,0.24543692606170259,0.00092715021879999999,3700.0000000343421,0.025110670663645106,0.00079305349568831965,32
10,0.24543692606170259,0.00092715021879999999,3800.0000000365249,0.026801237995089128,0.00074612523819698421,32
10,0.24543692606170259,0.00092715021879999999,3900.0000000387076,0.024343168179639892,0.00067712340954050195,32
10,0.24543692606170259,0.00092715021879999999,4000.0000000408904,0.024456854854354584,0.00055277577784549736,32
10,0.24543692606170259,0.00092715021879999999,4100.0000000430728,0.025628363569457035,0.00063179108246494311,32
10,0.24543692606170259,0.00092715021879999999,4200.0000000452555,0.025409071287805004,0.00057872968757770435,32
10,0.24543692606170259,0.00092715021879999999,4300.0000000474383,0.024558588627769436,0.0006978728532886602,32
10,0.24543692606170259,0.00092715021879999999,4400.0000000496211,0.025458893415669603,0.00060868937335756604,32
10,0.24543692606170259,0.00092715021879999999,4500.0000000518039,0.025032209513264937,0.00071387962439374542,32
10,0.24543692606170259,0.00092715021879999999,4600.0000000539867,0.024663561018435684,0.0005689088938346283,32
10,0.24543692606170259,0.00092715021879999999,4700.0000000561695,0.025686587039225422,0.00080369044462143345,32
10,0.24543692606170259,0.00092715021879999999,4800.0000000583523,0.025788695153921477,0.00045580685322952778,32
10,0.24543692606170259,0.00092715021879999999,4900.0000000605351,0.025710446134739592,0.00055343507077673768,32
10,0.24543692606170259,0.00092715021879999999,5000.0000000627178,0.025023230471713023,0.00041517449262217713,32
10,0.24543692606170259,0.00092715021879999999,5100.0000000649006,0.024687062820894591,0.00062647244969001297,32
10,0.24543692606170259,0.00092715021879999999,5200.0000000670834,0.024445240004991989,0.00053339693276230609,32
10,0.24543692606170259,0.00092715021879999999,5300.0000000692662,0.024437418521280879,0.00056399131526568272,32
10,0.24543692606170259,0.00092715021879999999,5400.000000071449,0.02548888030721282,0.00057751307000526589,32
10,0.24543692606170259,0.00092715021879999999,5500.0000000736318,0.025181703871015395,0.00065491700012569847,32
10,0.24543692606170259,0.00092715021879999999,5600.0000000758146,0.025555955528772826,0.00067364172436924828,32
10,0.24543692606170259,0.00092715021879999999,5700.0000000779974,0.024259701008804598,0.00051452292919732716,32
10,0.24543692606170259,0.00092715021879999999,5800.0000000801801,0.024374376323644167,0.00073305929521008575,32
10,0.24543692606170259,0.00092715021879999999,5900.0000000823629,0.024655079426888299,0.00060587191458106107,32
10,0.24543692606170259,0.00092715021879999999,6000.0000000845457,0.025639696349374051,0.00050714977774122432,32
10,0.24543692606170259,0.00092715021879999999,6100.0000000867285,0.024470502118560014,0.00067468351228534569,32
10,0.24543692606170259,0.00092715021879999999,6200.0000000889113,0.024697124050363239,0.00078145017630197892,32
10,0.24543692606170259,0.00092715021879999999,6300.0000000910941,0.025344683254691323,0.00063034620444115189,32
10,0.24543692606170259,0.00092715021879999999,6400.0000000932769,0.026719418414938821,0.0006949451472209328,32
10,0.24543692606170259,0.00092715021879999999,6500.0000000954597,0.025361461458964028,0.00079467973137204058,32
10,0.24543692606170259,0.00092715021879999999,6600.0000000976424,0.026127095047217028,0.00068325772064602847,32
10,0.24543692606170259,0.00092715021879999999,6700.0000000998252,0.025927763497619789,0.00064992192168452625,32
10,0.24543692606170259,0.00092715021879999999,6800.000000102008,0.025601611737074828,0.00057598947511699127,32
10,0.24543692606170259,0.00092715021879999999,6900.0000001041908,0.024768738596219822,0.00065476405478344575,32
10,0.24543692606170259,0.00092715021879999999,7000.0000001063736,0.025008917587051312,0.00067523533919578414,32
10,0.24543692606170259,0.00092715021879999999,7100.0000001085564,0.025797078432707239,0.00067365301561969095,32
10,0.24543692606170259,0.00092715021879999999,7200.0000001107392,0.025839307274722497,0.00073766276269813602,32
10,0.24543692606170259,0.00092715021879999999,7300.000000112922,0.024991511776563603,0.00078193296596523038,32
10,0.24543692606170259,0.00092715021879999999,7400.0000001151047,0.024768179545312883,0.00059837279477835143,32
10,0.24543692606170259,0.00092715021879999999,7500.0000001172875,0.025679520447106471,0.00049476312868125224,32
10,0.24543692606170259,0.00092715021879999999,7600.0000001194703,0.024553824983900002,0.00082071497492473746,32
10,0.24543692606170259,0.00092715021879999999,7700.0000001216531,0.024794266544474898,0.00060881398987728728,32
10,0.24543692606170259,0.00092715021879999999,7800.0000001238359,0.025071464981112731,0.00053573707981746644,32
10,0.24543692606170259,0.00092715021879999999,7900.0000001260187,0.025973651294594981,0.0005898350842370244,32
10,0.24543692606170259,0.00092715021879999999,8000.0000001282015,0.025323539423093112,0.00060688809855725782,32
10,0.24543692606170259,0.00092715021879999999,8100.0000001303843,0.025513180300693179,0.00052374625955392074,32
10,0.24543692606170259,0.00092715021879999999,8200.0000001325661,0.025092204492586746,0.00068871175411280828,32
10,0.24543692606170259,0.00092715021879999999,8300.0000001347489,0.026141538951846663,0.00060742216212013257,32
10,0.24543692606170259,0.00092715021879999999,8400.0000001369317,0.025238600186304454,0.00051912330619705038,32
10,0.24543692606170259,0.00092715021879999999,8500.0000001391145,0.024877841711975678,0.00067934830787151981,32
10,0.24543692606170259,0.00092715021879999999,8600.0000001412973,0.024652475601835564,0.00068851767541578443,32
10,0.24543692606170259,0.00092715021879999999,8700.0000001434801,0.024423719642642918,0.00054646739282618068,32
10,0.24543692606170259,0.00092715021879999999,8800.0000001456629,0.026122552166907755,0.00058561332515263162,32
10,0.24543692606170259,0.00092715021879999999,8900.0000001478456,0.025560254820414317,0.00051093462232547359,32
10,0.24543692606170259,0.00092715021879999999,9000.0000001500284,0.025917630169270407,0.00060613130765026842,32
10,0.24543692606170259,0.00092715021879999999,9100.0000001522112,0.025815834617449244,0.00057053170072987646,32
10,0.24543692606170259,0.00092715021879999999,9200.000000154394,0.02426619051386299,0.00052426025189016598,32
10,0.24543692606170259,0.00092715021879999999,9300.0000001565768,0.026321132665442049,0.00060016674559509875,32
10,0.24543692606170259,0.00092715021879999999,9400.0000001587596,0.025192430391282314,0.00070666507093624211,32
10,0.24543692606170259,0.00092715021879999999,9500.0000001609424,0.024767517175639318,0.00061138397030778818,32
10,0.24543692606170259,0.00092715021879999999,9600.0000001631252,0.024559594346628435,0.0007228002003697399,32
10,0.24543692606170259,0.00092715021879999999,9700.0000001653079,0.024679639040958417,0.00056174740896039704,32
10,0.24543692606170259,0.00092715021879999999,9800.0000001674907,0.025079881097555805,0.00056105862830206697,32
10,0.24543692606170259,0.00092715021879999999,9900.0000001696735,0.024561825315086799,0.00037877214688431882,32
10,0.24543692606170259,0.00092715021879999999,10000.000000171856,0.024422042396135307,0.00080790071967203026,32
10,0.24543692606170259,0.00092715021879999999,10100.000000174039,0.025616444111891616,0.00046705665989333917,32
10,0.24543692606170259,0.00092715021879999999,10200.000000176222,0.025174238543348586,0.00062696743276339226,32
10,0.24543692606170259,0.00092715021879999999,10300.000000178405,0.025524427747717071,0.00057454021540696149,32
10,0.24543692606170259,0.00092715021879999999,10400.000000180587,0.025676170574152939,0.00057952655289242826,32
10,0.24543692606170259,0.00092715021879999999,10500.00000018277,0.024959493442522813,0.0005705650752348601,32
10,0.24543692606170259,0.00092715021879999999,10600.000000184953,0.024979400701713807,0.00062040695948749303,32
10,0.24543692606170259,0.00092715021879999999,10700.000000187136,0.025393880231034015,0.00064055835967774695,32
10,0.24543692606170259,0.00092715021879999999,10800.000000189319,0.025394601276535731,0.0006010735345702992,32
10,0.24543692606170259,0.00092715021879999999,10900.000000191501,0.025500392889234315,0.00064111690943435525,32
10,0.24543692606170259,0.00092715021879999999,11000.000000193684,0.024830529301761817,0.00067238978420884827,32
10,0.24543692606170259,0.00092715021879999999,11100.000000195867,0.024350891679603987,0.00050029634636165085,32
10,0.24543692606170259,0.00092715021879999999,11200.00000019805,0.026133253178220663,0.00042526851966689856,32
10,0.24543692606170259,0.00092715021879999999,11300.000000200233,0.026259854750965969,0.00058768882224285838,32
10,0.24543692606170259,0.00092715021879999999,11400.000000202415,0.025500019922923636,0.00059755791326662636,32
10,0.24543692606170259,0.00092715021879999999,11500.000000204598,0.025140902530543102,0.00054225492187976408,32
10,0.24543692606170259,0.00092715021879999999,11600.000000206781,0.025188662018974021,0.00069362684873620125,32
10,0.24543692606170259,0.00092715021879999999,11700.000000208964,0.024812217629519327,0.00079276451384259602,32
10,0.24543692606170259,0.00092715021879999999,11800.000000211146,0.026986772543739278,0.000667238128772511,32
10,0.24543692606170259,0.00092715021879999999,11900.000000213329,0.025652332641566036,0.00058706958095566613,32
10,0.24543692606170259,0.00092715021879999999,12000.000000215512,0.024029971180025769,0.00062951410042797016,32
10,0.24543692606170259,0.00092715021879999999,12100.000000217695,0.024870312728981558,0.00070872423745411105,32
10,0.24543692606170259,0.00092715021879999999,12200.000000219878,0.024820645396643425,0.00059348883691459121,32
10,0.24543692606170259,0.00092715021879999999,12300.00000022206,0.024123329942346648,0.0005781621870397008,32
10,0.24543692606170259,0.00092715021879999999,12400.000000224243,0.024918647511423867,0.00063502950310992433,32
10,0.24543692606170259,0.00092715021879999999,12500.000000226426,0.025467265637362266,0.00063731583068270985,32
10,0.24543692606170259,0.00092715021879999999,12600.000000228609,0.024811464379459594,0.00057674322968215394,32
10,0.24543692606170259,0.00092715021879999999,12700.000000230792,0.025006683145752499,0.00055310037417410864,32
10,0.24543692606170259,0.00092715021879999999,12800.000000232974,0.025240659445832012,0.00072000408455996873,32
10,0.24543692606170259,0.00092715021879999999,12900.000000235157,0.02429982232068267,0.00075337154058090737,32
10,0.24543692606170259,0.00092715021879999999,13000.00000023734,0.024933702579678862,0.00046428156175371991,32
10,0.24543692606170259,0.00092715021879999999,13100.000000239523,0.0250788516366948,0.00054871201488942696,32
10,0.24543692606170259,0.00092715021879999999,13200.000000241705,0.025028762422718846,0.0006274261925376006,32
10,0.24543692606170259,0.00092715021879999999,13300.000000243888,0.025103538311656515,0.00074685360342292915,32
10,0.24543692606170259,0.00092715021879999999,13400.000000246071,0.025676386442958121,0.00062404920744729719,32
10,0.24543692606170259,0.00092715021879999999,13500.000000248254,0.025128706458373347,0.00066867531410727402,32
10,0.24543692606170259,0.00092715021879999999,13600.000000250437,0.024915168205938611,0.00057876173623924211,32
10,0.24543692606170259,0.00092715021879999999,13700.000000252619,0.024718182897846872,0.00055333748193352541,32
10,0.24543692606170259,0.00092715021879999999,13800.000000254802,0.024042516270457535,0.00057899126420194358,32
10,0.24543692606170259,0.00092715021879999999,13900.000000256985,0.025659207197643731,0.00065871880329337114,32
10,0.24543692606170259,0.00092715021879999999,14000.000000259168,0.024509687445982063,0.00061677684502560524,32
10,0.24543692606170259,0.00092715021879999999,14100.000000261351,0.024743298667895083,0.00073153256243967655,32
10,0.24543692606170259,0.00092715021879999999,14200.000000263533,0.024058561460643706,0.00041081718146992633,32
10,0.24543692606170259,0.00092715021879999999,14300.000000265716,0.02478480481835113,0.00053803308164672892,32
10,0.24543692606170259,0.00092715021879999999,14400.000000267899,0.026276739036008714,0.00059811425999887319,32
10,0.24543692606170259,0.00092715021879999999,14500.000000270082,0.025355411188507624,0.00061583173594556638,32
10,0.24543692606170259,0.00092715021879999999,14600.000000272265,0.02603743153254642,0.00057644410802682941,32
10,0.24543692606170259,0.00092715021879999999,14700.000000274447,0.025818667331281131,0.00063278661416818255,32
10,0.24543692606170259,0.00092715021879999999,14800.00000027663,0.024875011645309385,0.0005820153885262412,32
10,0.24543692606170259,0.00092715021879999999,14900.000000278813,0.024262766647763674,0.00057058215321390286,32
10,0.24543692606170259,0.00092715021879999999,15000.000000280996,0.024965588986961565,0.00070214456283282335,32
10,0.24543692606170259,0.00092715021879999999,15100.000000283178,0.026439077923242061,0.00067712148319456307,32
10,0.24543692606170259,0.00092715021879999999,15200.000000285361,0.025593745004791144,0.00064585131016159229,32
10,0.24543692606170259,0.00092715021879999999,15300.000000287544,0.025034648709709867,0.0005216945912619468,32
10,0.24543692606170259,0.00092715021879999999,15400.000000289727,0.024663044435254616,0.00064807035242555417,32
10,0.24543692606170259,0.00092715021879999999,15500.00000029191,0.025217458353608762,0.0005352902665986106,32
10,0.24543692606170259,0.00092715021879999999,15600.000000294092,0.024836599182895998,0.00063480493094037588,32
10,0.24543692606170259,0.00092715021879999999,15700.000000296275,0.024368177262842378,0.0006578293380010375,32
10,0.24543692606170259,0.00092715021879999999,15800.000000298458,0.025988680663671111,0.00059871826608246892,32
10,0.24543692606170259,0.00092715021879999999,15900.000000300641,0.025548949882164374,0.00058191607083410847,32
10,0.24543692606170259,0.00092715021879999999,16000.000000302824,0.025187309519984116,0.00052301806394623718,32
10,0.24543692606170259,0.00092715021879999999,16100.000000305006,0.025438103788638762,0.00057383729922454228,32
10,0.24543692606170259,0.00092715021879999999,16200.000000307189,0.025668108811040802,0.00054901961602827503,32
10,0.24543692606170259,0.00092715021879999999,16300.000000309372,0.026028812584002976,0.00059899638810949644,32
10,0.24543692606170259,0.00092715021879999999,16400.000000308642,0.02501070792868109,0.0006355038297438377,32
10,0.24543692606170259,0.00092715021879999999,16500.000000292635,0.025376649047280347,0.00058374143091126222,32
10,0.24543692606170259,0.00092715021879999999,16600.000000276628,0.025311614552872119,0.00064796967063374025,32
10,0.24543692606170259,0.00092715021879999999,16700.000000260621,0.025541451848278059,0.00066752820786160837,32
10,0.24543692606170259,0.00092715021879999999,16800.000000244614,0.025285190245734682,0.0005489544685043636,32
10,0.24543692606170259,0.00092715021879999999,16900.000000228607,0.025496770548721358,0.00067519195870599416,32
10,0.24543692606170259,0.00092715021879999999,17000.0000002126,0.025038842443538337,0.00055264492966013937,32
10,0.24543692606170259,0.00092715021879999999,17100.000000196593,0.025166019201872735,0.00059330529996902263,32
10,0.24543692606170259,0.00092715021879999999,17200.000000180586,0.024885512636066573,0.00068425441582779833,32
10,0.24543692606170259,0.00092715021879999999,17300.000000164579,0.025271046644570864,0.00063974722409273089,32
10,0.24543692606170259,0.00092715021879999999,17400.000000148571,0.025271187618738613,0.00050187085233730389,32
10,0.24543692606170259,0.00092715021879999999,17500.000000132564,0.025588164501594929,0.00062940371472754424,32
10,0.24543692606170259,0.00092715021879999999,17600.000000116557,0.025363629525690986,0.00057825892293664931,32
10,0.24543692606170259,0.00092715021879999999,17700.00000010055,0.024374568005239967,0.00059820197556949566,32
10,0.24543692606170259,0.00092715021879999999,17800.000000084543,0.023783595555016603,0.00065438818008734098,32
10,0.24543692606170259,0.00092715021879999999,17900.000000068536,0.025233705110456216,0.00057350535359190758,32
10,0.24543692606170259,0.00092715021879999999,18000.000000052529,0.024575670764717679,0.00062744331562874806,32
10,0.24543692606170259,0.00092715021879999999,18100.000000036522,0.024753680583665415,0.00064637281516365715,32
10,0.24543692606170259,0.00092715021879999999,18200.000000020515,0.02520805138186966,0.00062068561597263959,32
10,0.24543692606170259,0.00092715021879999999,18300.000000004507,0.02540856587787069,0.00055786294323421687,32
10,0.24543692606170259,0.00092715021879999999,18399.9999999885,0.025428862578451776,0.00047129674900734015,32
10,0.24543692606170259,0.00092715021879999999,18499.999999972493,0.024639411086771815,0.00054661681818461694,32
10,0.24543692606170259,0.00092715021879999999,18599.999999956486,0.025632775341036401,0.00073007027173362798,32
10,0.24543692606170259,0.00092715021879999999,18699.999999940479,0.024948250524273449,0.0006601379976542243,32
10,0.24543692606170259,0.00092715021879999999,18799.999999924472,0.025376930631071007,0.000650576939650143,32
10,0.24543692606170259,0.00092715021879999999,18899.999999908465,0.026056856145317046,0.0007193964974251271,32
10,0.24543692606170259,0.00092715021879999999,18999.999999892458,0.025204709073100191,0.00054935521951551684,32
10,0.24543692606170259,0.00092715021879999999,19099.999999876451,0.024722596808804512,0.00075730635735327947,32
10,0.24543692606170259,0.00092715021879999999,19199.999999860443,0.024519936395143809,0.0004882245653678729,32
10,0.24543692606170259,0.00092715021879999999,19299.999999844436,0.02466663354964839,0.00068124122867819462,32
10,0.24543692606170259,0.00092715021879999999,19399.999999828429,0.024559508028320735,0.00043453133005380605,32
10,0.24543692606170259,0.00092715021879999999,19499.999999812422,0.024692695754567187,0.00055979884330333496,32
10,0.24543692606170259,0.00092715021879999999,19599.999999796415,0.024665830673824617,0.0006229964829342912,32
10,0.24543692606170259,0.00092715021879999999,19699.999999780408,0.024744975232751272,0.00055781150817366348,32
10,0.24543692606170259,0.00092715021879999999,19799.999999764401,0.02522029024864321,0.00071560515720577554,32
10,0.24543692606170259,0.00092715021879999999,19899.999999748394,0.024707314357002443,0.00064114064080796366,32
10,0.24543692606170259,0.00092715021879999999,19999.999999732387,0.024524247632817062,0.0005387160233573349,32
10,0.24543692606170259,0.00092715021879999999,20099.99999971638,0.025093924088059699,0.0005506908101723532,32
10,0.24543692606170259,0.00092715021879999999,20199.999999700372,0.024812014765163846,0.00058121221620501028,32
10,0.24543692606170259,0.00092715021879999999,20299.999999684365,0.025352269694931144,0.00054135092764763591,32
10,0.24543692606170259,0.00092715021879999999,20399.999999668358,0.025400978438601195,0.00058571518571564468,32
10,0.24543692606170259,0.00092715021879999999,20499.999999652351,0.024978544101152349,0.00050525692970658433,32
10,0.24543692606170259,0.00092715021879999999,20599.999999636344,0.024634907002775045,0.00058872173310326402,32
10,0.24543692606170259,0.00092715021879999999,20699.999999620337,0.024660437503767708,0.00058332553247954417,32
10,0.24543692606170259,0.00092715021879999999,20799.99999960433,0.025732492514186661,0.00062591607880114791,32
10,0.24543692606170259,0.00092715021879999999,20899.999999588323,0.025970782630952774,0.00063834891786597936,32
10,0.24543692606170259,0.00092715021879999999,20999.999999572316,0.025502663373913482,0.00059075624608864404,32
10,0.24543692606170259,0.00092715021879999999,21099.999999556308,0.024212502168037858,0.00068695377526020534,32
10,0.24543692606170259,0.00092715021879999999,21199.999999540301,0.025455151011372891,0.00076466066840202526,32
10,0.24543692606170259,0.00092715021879999999,21299.999999524294,0.025049113082633783,0.00064182101713473882,32
10,0.24543692606170259,0.00092715021879999999,21399.999999508287,0.025846529849466258,0.00069296538309030506,32
10,0.24543692606170259,0.00092715021879999999,21499.99999949228,0.024770165632653347,0.00053784170025704696,32
10,0.24543692606170259,0.00092715021879999999,21599.999999476273,0.025099017077228315,0.00065274714070066105,32
10,0.24543692606170259,0.00092715021879999999,21699.999999460266,0.025258774366065981,0.00060113128340596946,32
10,0.24543692606170259,0.00092715021879999999,21799.999999444259,0.025162360607599403,0.00062923257299035457,32
10,0.24543692606170259,0.00092715021879999999,21899.999999428252,0.025644458109683715,0.00064465676369692445,32
10,0.24543692606170259,0.00092715021879999999,21999.999999412245,0.02442159782746714,0.00065507323259392897,32
10,0.24543692606170259,0.00092715021879999999,22099.999999396237,0.025263663457763024,0.00058892967274921308,32
10,0.24543692606170259,0.00092715021879999999,22199.99999938023,0.025505104971514529,0.0006728095798222575,32
10,0.24543692606170259,0.00092715021879999999,22299.999999364223,0.025312039370361805,0.00058490164185574236,32
10,0.24543692606170259,0.00092715021879999999,22399.999999348216,0.025574110826246471,0.00049540064293530472,32
10,0.24543692606170259,0.00092715021879999999,22499.999999332209,0.024845384986357431,0.00076582223496211269,32
10,0.24543692606170259,0.00092715021879999999,22599.999999316202,0.025236179679550289,0.00057456979894236738,32
10,0.24543692606170259,0.00092715021879999999,22699.999999300195,0.024966670210261672,0.00060243757334699037,32
10,0.24543692606170259,0.00092715021879999999,22799.999999284188,0.024528907737828766,0.00047907612172738148,32
10,0.24543692606170259,0.00092715021879999999,22899.999999268181,0.025231427953993513,0.00060794783010291301,32
10,0.24543692606170259,0.00092715021879999999,22999.999999252173,0.025443174222953134,0.00049455831011636345,32
10,0.24543692606170259,0.00092715021879999999,23099.999999236166,0.025903243748613598,0.00067228681680614228,32
10,0.24543692606170259,0.00092715021879999999,23199.999999220159,0.025781875001785061,0.00067868925635648141,32
10,0.24543692606170259,0.00092715021879999999,23299.999999204152,0.023714892686691538,0.00063779715869487132,32
10,0.24543692606170259,0.00092715021879999999,23399.999999188145,0.025588571243422356,0.0007419238436268058,32
10,0.24543692606170259,0.00092715021879999999,23499.999999172138,0.025237945974448919,0.0005898186521901029,32
10,0.24543692606170259,0.00092715021879999999,23599.999999156131,0.024310708482498951,0.0006317076566270725,32
10,0.24543692606170259,0.00092715021879999999,23699.999999140124,0.026008373489575423,0.00053547375767709886,32
10,0.24543692606170259,0.00092715021879999999,23799.999999124117,0.025847062354142677,0.00071146805046295991,32
10,0.24543692606170259,0.00092715021879999999,23899.999999108109,0.025665050204229278,0.00056855432124678805,32
10,0.24543692606170259,0.00092715021879999999,23999.999999092102,0.025323908496342969,0.00052316424466462635,32
10,0.24543692606170259,0.00092715021879999999,24099.999999076095,0.024737803030923287,0.00064012926730944001,32
10,0.24543692606170259,0.00092715021879999999,24199.999999060088,0.024297786954215448,0.00063724273947470575,32
10,0.24543692606170259,0.00092715021879999999,24299.999999044081,0.024693177507717226,0.00062645075683852259,32
10,0.24543692606170259,0.00092715021879999999,24399.999999028074,0.024606573612343724,0.00049969543888722732,32
10,0.24543692606170259,0.00092715021879999999,24499.999999012067,0.025695814022074076,0.00061963095996393487,32
10,0.24543692606170259,0.00092715021879999999,24599.99999899606,0.025760428270624698,0.00056533263014371248,32
10,0.24543692606170259,0.00092715021879999999,24699.999998980053,0.024288770718164585,0.0007518586244225318,32
10,0.24543692606170259,0.00092715021879999999,24799.999998964046,0.025646860903019202,0.00066337813477283683,32
10,0.24543692606170259,0.00092715021879999999,24899.999998948038,0.025774167391719397,0.00056891915614492997,32
10,0.24543692606170259,0.00092715021879999999,24999.999998932031,0.025270266476333108,0.00061437529495182198,32
10,0.24543692606170259,0.00092715021879999999,25099.999998916024,0.026280039116389719,0.00071019947852322171,32
10,0.24543692606170259,0.00092715021879999999,25199.999998900017,0.024379906885598431,0.00041322961493982599,32
10,0.24543692606170259,0.00092715021879999999,25299.99999888401,0.025206977699799377,0.00065273916178424957,32
10,0.24543692606170259,0.00092715021879999999,25399.999998868003,0.02565419548653285,0.00068180874383059087,32
10,0.24543692606170259,0.00092715021879999999,25499.999998851996,0.025294093001026748,0.00071982967622876998,32
10,0.24543692606170259,0.00092715021879999999,25599.999998835989,0.025240761517727296,0.00054820294348122296,32
10,0.24543692606170259,0.00092715021879999999,25699.999998819982,0.024299746252238952,0.00058190156041612433,32
10,0.24543692606170259,0.00092715021879999999,25799.999998803974,0.026521074100999509,0.00069299284294627053,32
10,0.24543692606170259,0.00092715021879999999,25899.999998787967,0.02600118522632253,0.00056238790889231907,32
10,0.24543692606170259,0.00092715021879999999,25999.99999877196,0.025264257870547733,0.00051168194543128691,32
10,0.24543692606170259,0.00092715021879999999,26099.999998755953,0.025010854671801412,0.0005734227958955222,32
10,0.24543692606170259,0.00092715021879999999,26199.999998739946,0.024894818352562374,0.00063762299594720363,32
10,0.24543692606170259,0.00092715021879999999,26299.999998723939,0.024523270136812478,0.00060676998775237322,32
10,0.24543692606170259,0.00092715021879999999,26399.999998707932,0.024220605994151281,0.00062268921823979684,32
10,0.24543692606170259,0.00092715021879999999,26499.999998691925,0.025003797196439807,0.0006167773436095721,32
10,0.24543692606170259,0.00092715021879999999,26599.999998675918,0.025172750824595261,0.00078281438686818002,32
10,0.24543692606170259,0.00092715021879999999,26699.99999865991,0.02603676924600494,0.00065294243349130849,32
10,0.24543692606170259,0.00092715021879999999,26799.999998643903,0.025680323008119666,0.00061607486355003886,32
10,0.24543692606170259,0.00092715021879999999,26899.999998627896,0.024342418794340421,0.00058141956867082594,32
10,0.24543692606170259,0.00092715021879999999,26999.999998611889,0.025475563361627217,0.00047061570289385631,32
10,0.24543692606170259,0.00092715021879999999,27099.999998595882,0.025517241021769291,0.0007944244038473211,32
10,0.24543692606170259,0.00092715021879999999,27199.999998579875,0.025034236823283738,0.00055298924392657039,32
10,0.24543692606170259,0.00092715021879999999,27299.999998563868,0.024558380769166128,0.00068014348411976947,32
10,0.24543692606170259,0.00092715021879999999,27399.999998547861,0.02492812629835555,0.00067212885101877208,32
10,0.24543692606170259,0.00092715021879999999,27499.999998531854,0.025300663782958151,0.00052064274654898396,32
10,0.24543692606170259,0.00092715021879999999,27599.999998515847,0.024826101738720602,0.00072679302964195446,32
10,0.24543692606170259,0.00092715021879999999,27699.999998499839,0.025378362565281153,0.00074296168759493345,32
10,0.24543692606170259,0.00092715021879999999,27799.999998483832,0.025228777495375082,0.00073338520247905287,32
10,0.24543692606170259,0.00092715021879999999,27899.999998467825,0.025518616410316143,0.00057540278768705526,32
10,0.24543692606170259,0.00092715021879999999,27999.999998451818,0.025325077800001251,0.00066630333474116603,32
10,0.24543692606170259,0.00092715021879999999,28099.999998435811,0.024995883879239796,0.00054413988333553776,32
10,0.24543692606170259,0.00092715021879999999,28199.999998419804,0.025664220083553364,0.00061219061815776053,32
10,0.24543692606170259,0.00092715021879999999,28299.999998403797,0.025237188224532654,0.00058903792110786668,32
10,0.24543692606170259,0.00092715021879999999,28399.99999838779,0.026419277253032347,0.00071490066423648654,32
10,0.24543692606170259,0.00092715021879999999,28499.999998371783,0.025308922475200547,0.00064912988648745899,32
10,0.24543692606170259,0.00092715021879999999,28599.999998355775,0.02498089514318531,0.00063668011728836883,32
10,0.24543692606170259,0.00092715021879999999,28699.999998339768,0.026064668907794807,0.00065712728230740269,32
10,0.24543692606170259,0.00092715021879999999,28799.999998323761,0.024988208845734737,0.00050283424691342261,32
10,0.24543692606170259,0.00092715021879999999,28899.999998307754,0.023890355558260197,0.00063336551368691906,32
10,0.24543692606170259,0.00092715021879999999,28999.999998291747,0.024501845454442298,0.00046312387549648869,32
10,0.24543692606170259,0.00092715021879999999,29099.99999827574,0.024679296471777832,0.00062968331888923058,32
10,0.24543692606170259,0.00092715021879999999,29199.999998259733,0.025143191044398175,0.00068727411852216808,32
10,0.24543692606170259,0.00092715021879999999,29299.999998243726,0.02556433265305131,0.00065927961731614918,32
10,0.24543692606170259,0.00092715021879999999,29399.999998227719,0.024227041276825938,0.00058955330145548518,32
10,0.24543692606170259,0.00092715021879999999,29499.999998211711,0.024754763173997611,0.00054019207132691279,32
10,0.24543692606170259,0.00092715021879999999,29599.999998195704,0.025757675395753098,0.00057870811233710429,32
10,0.24543692606170259,0.00092715021879999999,29699.999998179697,0.025322732790777583,0.00063582802335266459,32
10,0.24543692606170259,0.00092715021879999999,29799.99999816369,0.025142220384892416,0.00059406226220137597,32
10,0.24543692606170259,0.00092715021879999999,29899.999998147683,0.024605556159719013,0.00069752454921221427,32
10,0.24543692606170259,0.00092715021879999999,29999.999998131676,0.024139510786597842,0.00072476383614961126,32
10,0.24543692606170259,0.00092715021879999999,30099.999998115669,0.025446312533320047,0.00049002611107112491,32
10,0.24543692606170259,0.00092715021879999999,30199.999998099662,0.024901897578338505,0.00048146385898356956,32
10,0.24543692606170259,0.00092715021879999999,30299.999998083655,0.024505290184145757,0.00062658200105785149,32
10,0.24543692606170259,0.00092715021879999999,30399.999998067648,0.025924179433427858,0.00065446594501996833,32
10,0.24543692606170259,0.00092715021879999999,30499.99999805164,0.025523163025473253,0.00075697769300503892,32
10,0.24543692606170259,0.00092715021879999999,30599.999998035633,0.026018680647917312,0.00064383531142377397,32
10,0.24543692606170259,0.00092715021879999999,30699.999998019626,0.024417095296924256,0.00046886710882247255,32
10,0.24543692606170259,0.00092715021879999999,30799.999998003619,0.02411832636096245,0.00048061877214199134,32
10,0.24543692606170259,0.00092715021879999999,30899.999997987612,0.024579184909051335,0.00061059294559280932,32
10,0.24543692606170259,0.00092715021879999999,30999.999997971605,0.0251865822945876,0.00071107039614929041,32
10,0.24543692606170259,0.00092715021879999999,31099.999997955598,0.024831705296305202,0.00060073982130496499,32
10,0.24543692606170259,0.00092715021879999999,31199.999997939591,0.025493889441576972,0.00059951831298858476,32
10,0.24543692606170259,0.00092715021879999999,31299.999997923584,0.026403497549602639,0.00064661034801428313,32
10,0.24543692606170259,0.00092715021879999999,31399.999997907576,0.026307597375142572,0.00072191627335071171,32
10,0.24543692606170259,0.00092715021879999999,31499.999997891569,0.025181796950331084,0.00051237416680371983,32
10,0.24543692606170259,0.00092715021879999999,31599.999997875562,0.025884117392753602,0.00060475647080891347,32
10,0.24543692606170259,0.00092715021879999999,31699.999997859555,0.025084302348342774,0.00050315862808038108,32
10,0.24543692606170259,0.00092715021879999999,31799.999997843548,0.023873733593787798,0.00066595249122413996,32
10,0.24543692606170259,0.00092715021879999999,31899.999997827541,0.024724261618498184,0.0005632798717159906,32
10,0.24543692606170259,0.00092715021879999999,31999.999997811534,0.025608221116182505,0.00055577938834704317,32
10,0.24543692606170259,0.00092715021879999999,32099.999997795527,0.025379300779700818,0.00051937101253701962,32
10,0.24543692606170259,0.00092715021879999999,32199.99999777952,0.025444946418304356,0.00059726272106217784,32
10,0.24543692606170259,0.00092715021879999999,32299.999997763513,0.02552306396621714,0.00049240173788193454,32
10,0.24543692606170259,0.00092715021879999999,32399.999997747505,0.024045770547745669,0.00064968131303203198,32
10,0.24543692606170259,0.00092715021879999999,32499.999997731498,0.023997908233150251,0.00069685964244193903,32
10,0.24543692606170259,0.00092715021879999999,32599.999997715491,0.024392816825406557,0.00053892348142397866,32
10,0.24543692606170259,0.00092715021879999999,32699.999997699484,0.024491582041871848,0.00067617071749747628,32
10,0.24543692606170259,0.00092715021879999999,32799.999997695115,0.024841260862255563,0.00064419381581103086,32
10,0.24543692606170259,0.00092715021879999999,32899.999997715488,0.02572287292201679,0.00054220942692189355,32
10,0.24543692606170259,0.00092715021879999999,32999.99999773586,0.025140776818742654,0.00084229109332688745,32
10,0.24543692606170259,0.00092715021879999999,33099.999997756233,0.025210575221823694,0.00062697589093044085,32
10,0.24543692606170259,0.00092715021879999999,33199.999997776606,0.024684091514870925,0.00070040413244286468,32
10,0.24543692606170259,0.00092715021879999999,33299.999997796978,0.025754349801921251,0.00077363317554676844,32
10,0.24543692606170259,0.00092715021879999999,33399.999997817351,0.026209742733418962,0.00066584999936208683,32
10,0.24543692606170259,0.00092715021879999999,33499.999997837724,0.025364279995392071,0.00064844250882473804,32
10,0.24543692606170259,0.00092715021879999999,33599.999997858096,0.024228627903488672,0.00070413149195437045,32
10,0.24543692606170259,0.00092715021879999999,33699.999997878469,0.025343186280897122,0.00067863380029215719,32
10,0.24543692606170259,0.00092715021879999999,33799.999997898842,0.024692772125717747,0.00058754314314572828,32
10,0.24543692606170259,0.00092715021879999999,33899.999997919214,0.025776830649432751,0.00063415736537765304,32
10,0.24543692606170259,0.00092715021879999999,33999.999997939587,0.024512355050951843,0.00060072561255746925,32
10,0.24543692606170259,0.00092715021879999999,34099.99999795996,0.025234169831517873,0.0005328843430109795,32
10,0.24543692606170259,0.00092715021879999999,34199.999997980332,0.02548573294787302,0.00078456280980994798,32
10,0.24543692606170259,0.00092715021879999999,34299.999998000705,0.025917514534200783,0.00074140067926698546,32
10,0.24543692606170259,0.00092715021879999999,34399.999998021078,0.024301581285307138,0.00059636863450291202,32
10,0.24543692606170259,0.00092715021879999999,34499.99999804145,0.025350078702167912,0.00060215436616778005,32
10,0.24543692606170259,0.00092715021879999999,34599.999998061823,0.024877744107739692,0.00064913485463907836,32
10,0.24543692606170259,0.00092715021879999999,34699.999998082196,0.026753155750665406,0.00064046722952446023,32
10,0.24543692606170259,0.00092715021879999999,34799.999998102568,0.025301003617203176,0.00063580382100002068,32
10,0.24543692606170259,0.00092715021879999999,34899.999998122941,0.024332949040052537,0.00057588513570595574,32
10,0.24543692606170259,0.00092715021879999999,34999.999998143314,0.025156748079280974,0.00069150050137736763,32
10,0.24543692606170259,0.00092715021879999999,35099.999998163687,0.025451491902584458,0.00059322773001565827,32
10,0.24543692606170259,0.00092715021879999999,35199.999998184059,0.025566598530201125,0.00068032701048765967,32
10,0.24543692606170259,0.00092715021879999999,35299.999998204432,0.025155290598107415,0.00062033705651242028,32
10,0.24543692606170259,0.00092715021879999999,35399.999998224805,0.025933416639356548,0.00045695011200437151,32
10,0.24543692606170259,0.00092715021879999999,35499.999998245177,0.026677342349852438,0.00060291587956064988,32
10,0.24543692606170259,0.00092715021879999999,35599.99999826555,0.026006665521706711,0.0007161471322396334,32
10,0.24543692606170259,0.00092715021879999999,35699.999998285923,0.024627852735705828,0.00058524561693537429,32
10,0.24543692606170259,0.00092715021879999999,35799.999998306295,0.02552541678212172,0.000586260856048124,32
10,0.24543692606170259,0.00092715021879999999,35899.999998326668,0.024989772466919597,0.00069454570283750486,32
10,0.24543692606170259,0.00092715021879999999,35999.999998347041,0.02509248737288141,0.00068143208675925,32
10,0.24543692606170259,0.00092715021879999999,36099.999998367413,0.02503443683753238,0.00052387637622997474,32
10,0.24543692606170259,0.00092715021879999999,36199.999998387786,0.023966077128700022,0.00053092240289466812,32
10,0.24543692606170259,0.00092715021879999999,36299.999998408159,0.02470745173402901,0.00062094085264204004,32
10,0.24543692606170259,0.00092715021879999999,36399.999998428531,0.024628779899138684,0.00051725179601722667,32
10,0.24543692606170259,0.00092715021879999999,36499.999998448904,0.024261192862242868,0.00060626488856082151,32
10,0.24543692606170259,0.00092715021879999999,36599.999998469277,0.024659121659641701,0.00052763376046163529,32
10,0.24543692606170259,0.00092715021879999999,36699.999998489649,0.024737578432839587,0.00053176586950464679,32
10,0.24543692606170259,0.00092715021879999999,36799.999998510022,0.025348114109319385,0.00076240892162940941,32
10,0.24543692606170259,0.00092715021879999999,36899.999998530395,0.026089950068727826,0.00070543712731808397,32
10,0.24543692606170259,0.00092715021879999999,36999.999998550767,0.026168322646368633,0.00072858921532719886,32
10,0.24543692606170259,0.00092715021879999999,37099.99999857114,0.025316526894107738,0.00067571783424825896,32
10,0.24543692606170259,0.00092715021879999999,37199.999998591513,0.024191502424593204,0.00064626240255352587,32
10,0.24543692606170259,0.00092715021879999999,37299.999998611886,0.024030198108935738,0.0005270114097757335,32
10,0.24543692606170259,0.00092715021879999999,37399.999998632258,0.023539589256230752,0.00055199335914613251,32
10,0.24543692606170259,0.00092715021879999999,37499.999998652631,0.024908709392289969,0.00057585443758336396,32
10,0.24543692606170259,0.00092715021879999999,37599.999998673004,0.025739585385644546,0.00065816712532817804,32
10,0.24543692606170259,0.00092715021879999999,37699.999998693376,0.025521246453757099,0.0006754262981099288,32
10,0.24543692606170259,0.00092715021879999999,37799.999998713749,0.02513901942954232,0.00066722139787842797,32
10,0.24543692606170259,0.00092715021879999999,37899.999998734122,0.025804327004314228,0.00069095932218674971,32
10,0.24543692606170259,0.00092715021879999999,37999.999998754494,0.025867843265433309,0.00063827154395849678,32
10,0.24543692606170259,0.00092715021879999999,38099.999998774867,0.025418630382840739,0.00064811925014179471,32
10,0.24543692606170259,0.00092715021879999999,38199.99999879524,0.02451365686732004,0.00059702726288786878,32
10,0.24543692606170259,0.00092715021879999999,38299.999998815612,0.024839476328737363,0.00059435861136580652,32
10,0.24543692606170259,0.00092715021879999999,38399.999998835985,0.026091644052730841,0.00061730151102470856,32
10,0.24543692606170259,0.00092715021879999999,38499.999998856358,0.025997357832167802,0.00053024609879890325,32
10,0.24543692606170259,0.00092715021879999999,38599.99999887673,0.025788438570507763,0.00056134261955440067,32
10,0.24543692606170259,0.00092715021879999999,38699.999998897103,0.025436764522062123,0.00053364863672288227,32
10,0.24543692606170259,0.00092715021879999999,38799.999998917476,0.024842626402170664,0.00059941478691353828,32
10,0.24543692606170259,0.00092715021879999999,38899.999998937848,0.02535054575566878,0.00055316676162776358,32
10,0.24543692606170259,0.00092715021879999999,38999.999998958221,0.025599931776978984,0.00055619060402692052,32
10,0.24543692606170259,0.00092715021879999999,39099.999998978594,0.024293826126361072,0.00065444972981959764,32
10,0.24543692606170259,0.00092715021879999999,39199.999998998966,0.025922542935394709,0.00061969443867548163,32
10,0.24543692606170259,0.00092715021879999999,39299.999999019339,0.024966817819186291,0.00066402146383097828,32
10,0.24543692606170259,0.00092715021879999999,39399.999999039712,0.023894532331879655,0.00060936569000425323,32
10,0.24543692606170259,0.00092715021879999999,39499.999999060085,0.024655598343306082,0.00045606234132016676,32
10,0.24543692606170259,0.00092715021879999999,39599.999999080457,0.024185670380758847,0.00059093323364186104,32
10,0.24543692606170259,0.00092715021879999999,39699.99999910083,0.025056385551337001,0.00066273092971906361,32
10,0.24543692606170259,0.00092715021879999999,39799.999999121203,0.025672486705425053,0.00069844909941116687,32
10,0.24543692606170259,0.00092715021879999999,39899.999999141575,0.025760891532504465,0.00062388505197688094,32
10,0.24543692606170259,0.00092715021879999999,39999.999999161948,0.02539887636290682,0.00066998349377528799,32
10,0.24543692606170259,0.00092715021879999999,40099.999999182321,0.02501384446077258,0.00048907375838795934,32
10,0.24543692606170259,0.00092715021879999999,40199.999999202693,0.025021237695832248,0.00060307298444791204,32
10,0.24543692606170259,0.00092715021879999999,40299.999999223066,0.025606783807738155,0.00055709547058729338,32
10,0.24543692606170259,0.00092715021879999999,40399.999999243439,0.025469080929590028,0.00069380988014536966,32
10,0.24543692606170259,0.00092715021879999999,40499.999999263811,0.025464797675402422,0.00047014534456348787,32
10,0.24543692606170259,0.00092715021879999999,40599.999999284184,0.0255928503828847,0.00053475533575246092,32
10,0.24543692606170259,0.00092715021879999999,40699.999999304557,0.02510384862096186,0.00064123311848916515,32
10,0.24543692606170259,0.00092715021879999999,40799.999999324929,0.024539049773012224,0.0005663675066082133,32
10,0.24543692606170259,0.00092715021879999999,40899.999999345302,0.025271764161182667,0.00055442083180876501,32
10,0.24543692606170259,0.00092715021879999999,40999.999999365675,0.025012270870890724,0.00067891167150465606,32
10,0.24543692606170259,0.00092715021879999999,41099.999999386047,0.024172846674237285,0.00051559197065799065,32
10,0.24543692606170259,0.00092715021879999999,41199.99999940642,0.025027101796187976,0.00054229524106576884,32
10,0.24543692606170259,0.00092715021879999999,41299.999999426793,0.025339284352865619,0.00051694645715190531,32
10,0.24543692606170259,0.00092715021879999999,41399.999999447165,0.025067717015822825,0.00078422974413154209,32
10,0.24543692606170259,0.00092715021879999999,41499.999999467538,0.025147294354648599,0.00041711573272300138,32
10,0.24543692606170259,0.00092715021879999999,41599.999999487911,0.025464625630554207,0.00074958195375312599,32
10,0.24543692606170259,0.00092715021879999999,41699.999999508284,0.025051740955717657,0.00069747272271892852,32
10,0.24543692606170259,0.00092715021879999999,41799.999999528656,0.02423598474715807,0.00069872515355606356,32
10,0.24543692606170259,0.00092715021879999999,41899.999999549029,0.024965986945625428,0.00056067864156071265,32
10,0.24543692606170259,0.00092715021879999999,41999.999999569402,0.024727036636706733,0.00058876701186894324,32
10,0.24543692606170259,0.00092715021879999999,42099.999999589774,0.024031194951542139,0.00058264530108768236,32
10,0.24543692606170259,0.00092715021879999999,42199.999999610147,0.024732104443380826,0.00063166454157978741,32
10,0.24543692606170259,0.00092715021879999999,42299.99999963052,0.025075758213569291,0.00061403468573052202,32
10,0.24543692606170259,0.00092715021879999999,42399.999999650892,0.025258901301223994,0.00055508304088427855,32
10,0.24543692606170259,0.00092715021879999999,42499.999999671265,0.025135481815689583,0.00060185488023122198,32
10,0.24543692606170259,0.00092715021879999999,42599.999999691638,0.024632542223628543,0.00074338899946180324,32
10,0.24543692606170259,0.00092715021879999999,42699.99999971201,0.026267611137668987,0.00066822922908992108,32
10,0.24543692606170259,0.00092715021879999999,42799.999999732383,0.025566807691297939,0.00065935672733302047,32
10,0.24543692606170259,0.00092715021879999999,42899.999999752756,0.02543964236781919,0.00060952323926661395,32
10,0.24543692606170259,0.00092715021879999999,42999.999999773128,0.025298901916053829,0.00057454014524236697,32
10,0.24543692606170259,0.00092715021879999999,43099.999999793501,0.024886707941698852,0.0006721413034803304,32
10,0.24543692606170259,0.00092715021879999999,43199.999999813874,0.025467290634500102,0.00050461579024365961,32
10,0.24543692606170259,0.00092715021879999999,43299.999999834246,0.024874302400538388,0.00067084504551087132,32
10,0.24543692606170259,0.00092715021879999999,43399.999999854619,0.025135232265804507,0.00069291308127781095,32
10,0.24543692606170259,0.00092715021879999999,43499.999999874992,0.024860331359622477,0.00054862580983323125,32
10,0.24543692606170259,0.00092715021879999999,43599.999999895364,0.024845988851492886,0.00049076115293829878,32
10,0.24543692606170259,0.00092715021879999999,43699.999999915737,0.02573626676432236,0.00068149408023837404,32
10,0.24543692606170259,0.00092715021879999999,43799.99999993611,0.024993989310657064,0.0005859522554974376,32
10,0.24543692606170259,0.00092715021879999999,43899.999999956482,0.02514970222759912,0.00060385974667720411,32
10,0.24543692606170259,0.00092715021879999999,43999.999999976855,0.024698718625774101,0.00063081417225558766,32
10,0.24543692606170259,0.00092715021879999999,44099.999999997228,0.024836880924490518,0.00067247167443745164,32
10,0.24543692606170259,0.00092715021879999999,44200.000000017601,0.025513924309375803,0.00071833276052471159,32
10,0.24543692606170259,0.00092715021879999999,44300.000000037973,0.025684655645629967,0.00056757469529020166,32
10,0.24543692606170259,0.00092715021879999999,44400.000000058346,0.025571848148853556,0.00067837995833133031,32
10,0.24543692606170259,0.00092715021879999999,44500.000000078719,0.024990034432846128,0.0006917629592682942,32
10,0.24543692606170259,0.00092715021879999999,44600.000000099091,0.025293530136883256,0.00060156944179942499,32
10,0.24543692606170259,0.00092715021879999999,44700.000000119464,0.025838034141226627,0.00056405411987776389,32
10,0.24543692606170259,0.00092715021879999999,44800.000000139837,0.025908211174392119,0.00063886973091391232,32
10,0.24543692606170259,0.00092715021879999999,44900.000000160209,0.025859667824154161,0.0006628860986080602,32
10,0.24543692606170259,0.00092715021879999999,45000.000000180582,0.025344006141908043,0.00075102112875546445,32
10,0.24543692606170259,0.00092715021879999999,45100.000000200955,0.025735489606342012,0.00057993863420156258,32
10,0.24543692606170259,0.00092715021879999999,45200.000000221327,0.024960581439673474,0.00081268264443526406,32
10,0.24543692606170259,0.00092715021879999999,45300.0000002417,0.025560023255309618,0.00065097788054662624,32
10,0.24543692606170259,0.00092715021879999999,45400.000000262073,0.024052299960659849,0.00062809692158712386,32
10,0.24543692606170259,0.00092715021879999999,45500.000000282445,0.025390526873432216,0.00066563501985855982,32
10,0.24543692606170259,0.00092715021879999999,45600.000000302818,0.025748155292884153,0.00043359613714026303,32
10,0.24543692606170259,0.00092715021879999999,45700.000000323191,0.024926187567595924,0.00064932792570943261,32
10,0.24543692606170259,0.00092715021879999999,45800.000000343563,0.024390299944994774,0.00067655203167723513,32
10,0.24543692606170259,0.00092715021879999999,45900.000000363936,0.025978339190878535,0.00070414775581130885,32
10,0.24543692606170259,0.00092715021879999999,46000.000000384309,0.024654816282202056,0.00063151600468924133,32
10,0.24543692606170259,0.00092715021879999999,46100.000000404681,0.025690371511817859,0.00069196920270358543,32
10,0.24543692606170259,0.00092715021879999999,46200.000000425054,0.025763164127380986,0.00063721603373400747,32
10,0.24543692606170259,0.00092715021879999999,46300.000000445427,0.02543199638217971,0.00065065750350932192,32
10,0.24543692606170259,0.00092715021879999999,46400.0000004658,0.024980788021591593,0.00061317489284867539,32
10,0.24543692606170259,0.00092715021879999999,46500.000000486172,0.025875964612560382,0.00054749553555581275,32
10,0.24543692606170259,0.00092715021879999999,46600.000000506545,0.024515629637010563,0.00070641202032334068,32
10,0.24543692606170259,0.00092715021879999999,46700.000000526918,0.024374585740950892,0.00068815386427436643,32
10,0.24543692606170259,0.00092715021879999999,46800.00000054729,0.024795322471797925,0.00072133413887571129,32
10,0.24543692606170259,0.00092715021879999999,46900.000000567663,0.024856022291455216,0.00068787303447535224,32
10,0.24543692606170259,0.00092715021879999999,47000.000000588036,0.025127216032152875,0.00057526266638751992,32
10,0.24543692606170259,0.00092715021879999999,47100.000000608408,0.025092529411202328,0.00062993961577766425,32
10,0.24543692606170259,0.00092715021879999999,47200.000000628781,0.025298730810416021,0.00064552485328900572,32
10,0.24543692606170259,0.00092715021879999999,47300.000000649154,0.02529036235447531,0.00063196391434502432,32
10,0.24543692606170259,0.00092715021879999999,47400.000000669526,0.02526087059117332,0.00059275890582285225,32
10,0.24543692606170259,0.00092715021879999999,47500.000000689899,0.024505705230178317,0.000680745531714611,32
10,0.24543692606170259,0.00092715021879999999,47600.000000710272,0.024678212308026377,0.00059301970119437662,32
10,0.24543692606170259,0.00092715021879999999,47700.000000730644,0.026020914033549222,0.00071487780228737786,32
10,0.24543692606170259,0.00092715021879999999,47800.000000751017,0.025089807180061596,0.00063419914071612376,32
10,0.24543692606170259,0.00092715021879999999,47900.00000077139,0.025030308554940903,0.00055597380344653724,32
10,0.24543692606170259,0.00092715021879999999,48000.000000791762,0.024765312696518764,0.00054663081924385341,32
10,0.24543692606170259,0.00092715021879999999,48100.000000812135,0.025049860195835279,0.00068903936267080963,32
10,0.24543692606170259,0.00092715021879999999,48200.000000832508,0.025570315344221526,0.00048979436708443359,32
10,0.24543692606170259,0.00092715021879999999,48300.00000085288,0.026853475569845398,0.00062214080398875348,32
10,0.24543692606170259,0.00092715021879999999,48400.000000873253,0.025495045718972213,0.00063755436542077613,32
10,0.24543692606170259,0.00092715021879999999,48500.000000893626,0.026112150261339055,0.00057335659303984782,32
10,0.24543692606170259,0.00092715021879999999,48600.000000913999,0.025365957029565352,0.00061140367252637113,32
10,0.24543692606170259,0.00092715021879999999,48700.000000934371,0.024533866774870974,0.00070966121755835511,32
10,0.24543692606170259,0.00092715021879999999,48800.000000954744,0.024308308635096278,0.00063916571712680176,32
10,0.24543692606170259,0.00092715021879999999,48900.000000975117,0.025143603759136816,0.00058890291291623174,32
10,0.24543692606170259,0.00092715021879999999,49000.000000995489,0.023572532593391832,0.00055215904679536531,32
10,0.24543692606170259,0.00092715021879999999,49100.000001015862,0.024680959093419507,0.00055077555198563351,32
10,0.24543692606170259,0.00092715021879999999,49200.000001036235,0.025251092880580642,0.00051323016487026137,32
10,0.24543692606170259,0.00092715021879999999,49300.000001056607,0.025411002103824559,0.00057249283096320956,32
10,0.24543692606170259,0.00092715021879999999,49400.00000107698,0.025410597018710717,0.00070965366932204633,32
10,0.24543692606170259,0.00092715021879999999,49500.000001097353,0.024949865926710842,0.00075167239387802752,32
10,0.24543692606170259,0.00092715021879999999,49600.000001117725,0.025113572814305481,0.00042284352831387562,32
10,0.24543692606170259,0.00092715021879999999,49700.000001138098,0.025051973913275401,0.0006051539272949846,32
10,0.24543692606170259,0.00092715021879999999,49800.000001158471,0.02525746134496477,0.00050647744281010409,32
10,0.24543692606170259,0.00092715021879999999,49900.000001178843,0.026704203985001399,0.00064352857123568092,32
10,0.24543692606170259,0.00092715021879999999,50000.000001199216,0.025407535053439186,0.00068584001109748866,32
12,0.2945243112740431,0.001322257843,100.00000000001425,0.021337648516496725,0.00049496985060544854,32
12,0.2945243112740431,0.001322257843,199.99999999996308,0.025947237308464429,0.00078126616648990527,32
12,0.2945243112740431,0.001322257843,299.99999999987216,0.025152925182810267,0.00048292122772720079,32
12,0.2945243112740431,0.001322257843,399.99999999978121,0.025639769982002087,0.00055231125935912987,32
12,0.2945243112740431,0.001322257843,499.99999999969026,0.025445711902732097,0.00054997279561446605,32
12,0.2945243112740431,0.001322257843,599.99999999959937,0.02497882907816288,0.00057783256319560335,32
12,0.2945243112740431,0.001322257843,699.99999999950842,0.026151842251211508,0.00060160738607224957,32
12,0.2945243112740431,0.001322257843,799.99999999941747,0.025444584079176779,0.0005130856305129983,32
12,0.2945243112740431,0.001322257843,899.99999999932652,0.025344598181743755,0.00066426038278308557,32
12,0.2945243112740431,0.001322257843,999.99999999923557,0.025854053887457432,0.00054641280177670983,32
12,0.2945243112740431,0.001322257843,1099.9999999991446,0.024695331852753424,0.00052639393741399766,32
12,0.2945243112740431,0.001322257843,1199.9999999990537,0.025677303247865369,0.00066741464935585529,32
12,0.2945243112740431,0.001322257843,1299.9999999989627,0.025134130488496893,0.00042938406977213902,32
12,0.2945243112740431,0.001322257843,1399.9999999988718,0.025739328945313049,0.00058979094121272655,32
12,0.2945243112740431,0.001322257843,1499.9999999987808,0.02563031444498249,0.00052284140750815972,32
12,0.2945243112740431,0.001322257843,1599.9999999986899,0.026084703544709868,0.0005573000480915912,32
12,0.2945243112740431,0.001322257843,1699.9999999985989,0.025237501166948246,0.00070558236447092301,32
12,0.2945243112740431,0.001322257843,1799.999999998508,0.025430045057707552,0.00043166199544522122,32
12,0.2945243112740431,0.001322257843,1899.999999998417,0.024151662632281259,0.00053822878577780597,32
12,0.2945243112740431,0.001322257843,1999.9999999983261,0.025719972620846354,0.00050816693359342826,32
12,0.2945243112740431,0.001322257843,2099.9999999994175,0.025401844034066971,0.00045973507380536862,32
12,0.2945243112740431,0.001322257843,2200.0000000016003,0.025445763430305759,0.0004667195793020706,32
12,0.2945243112740431,0.001322257843,2300.000000003783,0.02612384373328,0.00055792392033086468,32
12,0.2945243112740431,0.001322257843,2400.0000000059658,0.025630903541082578,0.00050555797088408603,32
12,0.2945243112740431,0.001322257843,2500.0000000081486,0.025396147292947511,0.00054175001818429535,32
12,0.2945243112740431,0.001322257843,2600.0000000103314,0.026016147121985005,0.00046343324599699921,32
12,0.2945243112740431,0.001322257843,2700.0000000125142,0.024795104463431372,0.0005697450462228093,32
12,0.2945243112740431,0.001322257843,2800.000000014697,0.0247569613871058,0.00054655651343056891,32
12,0.2945243112740431,0.001322257843,2900.0000000168798,0.023632352904941475,0.00049373572116937544,32
12,0.2945243112740431,0.001322257843,3000.0000000190626,0.02597216419690964,0.00050569214700798334,32
12,0.2945243112740431,0.001322257843,3100.0000000212453,0.025300767278067581,0.00051997587058318345,32
12,0.2945243112740431,0.001322257843,3200.0000000234281,0.02463483150720432,0.00049900595770622635,32
12,0.2945243112740431,0.001322257843,3300.0000000256109,0.025348251286697376,0.00052317356632266068,32
12,0.2945243112740431,0.001322257843,3400.0000000277937,0.024401883226421488,0.00053864043083823602,32
12,0.2945243112740431,0.001322257843,3500.0000000299765,0.023803197098814736,0.00050150506306742343,32
12,0.2945243112740431,0.001322257843,3600.0000000321593,0.02552942556509567,0.00051139419193245786,32
12,0.2945243112740431,0.001322257843,3700.0000000343421,0.02520313609985439,0.00054942077335936278,32
12,0.2945243112740431,0.001322257843,3800.0000000365249,0.025993781065132684,0.0005758505274529235,32
12,0.2945243112740431,0.001322257843,3900.0000000387076,0.025094660194466049,0.00049608240006637685,32
12,0.2945243112740431,0.001322257843,4000.0000000408904,0.024551614719518493,0.00046427840364697586,32
12,0.2945243112740431,0.001322257843,4100.0000000430728,0.024296621787371471,0.00051663424348595826,32
12,0.2945243112740431,0.001322257843,4200.0000000452555,0.025387024756291642,0.00062919281881759,32
12,0.2945243112740431,0.001322257843,4300.0000000474383,0.024359202471951186,0.00037329046686872909,32
12,0.2945243112740431,0.001322257843,4400.0000000496211,0.024358681181217576,0.00058935675001846788,32
12,0.2945243112740431,0.001322257843,4500.0000000518039,0.024623468175520146,0.00055905116151660421,32
12,0.2945243112740431,0.001322257843,4600.0000000539867,0.024908364271029066,0.00056692730652835863,32
12,0.2945243112740431,0.001322257843,4700.0000000561695,0.025207583530634195,0.00045595180465554484,32
12,0.2945243112740431,0.001322257843,4800.0000000583523,0.025266798979202688,0.00049299013671022204,32
12,0.2945243112740431,0.001322257843,4900.0000000605351,0.024235471915600694,0.00056409550695148863,32
12,0.2945243112740431,0.001322257843,5000.0000000627178,0.025360978446628667,0.00054700142732074051,32
12,0.2945243112740431,0.001322257843,5100.0000000649006,0.024692362799072338,0.00043741241165268474,32
12,0.2945243112740431,0.001322257843,5200.0000000670834,0.024969492644843633,0.00051761271618320419,32
12,0.2945243112740431,0.001322257843,5300.0000000692662,0.024666599559475144,0.00053537380162503123,32
12,0.2945243112740431,0.001322257843,5400.000000071449,0.023910214197997812,0.00053778776181118279,32
12,0.2945243112740431,0.001322257843,5500.0000000736318,0.024537198321633005,0.00043774956985675068,32
12,0.2945243112740431,0.001322257843,5600.0000000758146,0.025941789970070246,0.00062686739506401896,32
12,0.2945243112740431,0.001322257843,5700.0000000779974,0.025606421696716185,0.00055972028431609431,32
12,0.2945243112740431,0.001322257843,5800.0000000801801,0.024789050983633501,0.00047806460857401659,32
12,0.2945243112740431,0.001322257843,5900.0000000823629,0.025161167969431568,0.00050220318862430455,32
12,0.2945243112740431,0.001322257843,6000.0000000845457,0.024760379420057842,0.00051195015676946281,32
12,0.2945243112740431,0.001322257843,6100.0000000867285,0.025028288256379191,0.0005306834002601654,32
12,0.2945243112740431,0.001322257843,6200.0000000889113,0.025190777488967961,0.00050018483586288789,32
12,0.2945243112740431,0.001322257843,6300.0000000910941,0.024887411991739671,0.00056354479338037542,32
12,0.2945243112740431,0.001322257843,6400.0000000932769,0.024637863786218024,0.00049440130601541277,32
12,0.2945243112740431,0.001322257843,6500.0000000954597,0.024499735396771527,0.00061948544932666292,32
12,0.2945243112740431,0.001322257843,6600.0000000976424,0.025673661016078642,0.00054593995998328444,32
12,0.2945243112740431,0.001322257843,6700.0000000998252,0.025674423983379911,0.00045371520008253099,32
12,0.2945243112740431,0.001322257843,6800.000000102008,0.025465429844633101,0.00063597561874841361,32
12,0.2945243112740431,0.001322257843,6900.0000001041908,0.024607851264443169,0.00048106569704720525,32
12,0.2945243112740431,0.001322257843,7000.0000001063736,0.025277370592832776,0.00059111108048308825,32
12,0.2945243112740431,0.001322257843,7100.0000001085564,0.02526879917942559,0.00062113450707796454,32
12,0.2945243112740431,0.001322257843,7200.0000001107392,0.025323556341575015,0.00055518938402745414,32
12,0.2945243112740431,0.001322257843,7300.000000112922,0.024074771682996873,0.00053204356613555494,32
12,0.2945243112740431,0.001322257843,7400.0000001151047,0.025875622384967486,0.00064030690821041073,32
12,0.2945243112740431,0.001322257843,7500.0000001172875,0.024861862572787222,0.00051803116843476718,32
12,0.2945243112740431,0.001322257843,7600.0000001194703,0.024846847317988148,0.00053785801592568319,32
12,0.2945243112740431,0.001322257843,7700.0000001216531,0.024897674307581743,0.00057603386562517938,32
12,0.2945243112740431,0.001322257843,7800.0000001238359,0.025056146649312945,0.00064502283084717912,32
12,0.2945243112740431,0.001322257843,7900.0000001260187,0.024832373141267693,0.00053604647352225861,32
12,0.2945243112740431,0.001322257843,8000.0000001282015,0.023956201959694841,0.00048624096270907693,32
12,0.2945243112740431,0.001322257843,8100.0000001303843,0.025303121955903517,0.00068271869966145173,32
12,0.2945243112740431,0.001322257843,8200.0000001325661,0.025281548404224464,0.00053032709522190277,32
12,0.2945243112740431,0.001322257843,8300.0000001347489,0.024922663618789229,0.00059035555241452968,32
12,0.2945243112740431,0.001322257843,8400.0000001369317,0.025261817585487897,0.00052097573127795336,32
12,0.2945243112740431,0.001322257843,8500.0000001391145,0.025268852024288031,0.00046532613637392589,32
12,0.2945243112740431,0.001322257843,8600.0000001412973,0.024839229711568517,0.00056511592577138776,32
12,0.2945243112740431,0.001322257843,8700.0000001434801,0.024170325090407029,0.00060661735801948737,32
12,0.2945243112740431,0.001322257843,8800.0000001456629,0.025563344980700696,0.00052566840283987492,32
12,0.2945243112740431,0.001322257843,8900.0000001478456,0.025840308611679033,0.0003634927986938709,32
12,0.2945243112740431,0.001322257843,9000.0000001500284,0.025381185143864705,0.00064003380747665165,32
12,0.2945243112740431,0.001322257843,9100.0000001522112,0.026371564223982437,0.00053279836883573226,32
12,0.2945243112740431,0.001322257843,9200.000000154394,0.025825808153952665,0.00057433744066639656,32
12,0.2945243112740431,0.001322257843,9300.0000001565768,0.025667250567008897,0.00050450564587930559,32
12,0.2945243112740431,0.001322257843,9400.0000001587596,0.02454943195124255,0.00058887554825734077,32
12,0.2945243112740431,0.001322257843,9500.0000001609424,0.025182888079842015,0.00055605849379542415,32
12,0.2945243112740431,0.001322257843,9600.0000001631252,0.026227249656584885,0.00059434797846024225,32
12,0.2945243112740431,0.001322257843,9700.0000001653079,0.025168490339485101,0.00052941361655339185,32
12,0.2945243112740431,0.001322257843,9800.0000001674907,0.025559131439499342,0.00047026012366408376,32
12,0.2945243112740431,0.001322257843,9900.0000001696735,0.025536794879516257,0.00054438786175255475,32
12,0.2945243112740431,0.001322257843,10000.000000171856,0.025328985813465311,0.0005861008433955603,32
12,0.2945243112740431,0.001322257843,10100.000000174039,0.024625659169728316,0.00047971451503137487,32
12,0.2945243112740431,0.001322257843,10200.000000176222,0.02439315469605197,0.00058934133150697786,32
12,0.2945243112740431,0.001322257843,10300.000000178405,0.025702120491378294,0.0006068846645848003,32
12,0.2945243112740431,0.001322257843,10400.000000180587,0.025777264876562213,0.00048957734383929682,32
12,0.2945243112740431,0.001322257843,10500.00000018277,0.024211716723723072,0.00052375810571763368,32
12,0.2945243112740431,0.001322257843,10600.000000184953,0.024302028050551813,0.00060072749894830629,32
12,0.2945243112740431,0.001322257843,10700.000000187136,0.025032359823807596,0.00057262627117360605,32
12,0.2945243112740431,0.001322257843,10800.000000189319,0.025114489694429764,0.00054993513354081847,32
12,0.2945243112740431,0.001322257843,10900.000000191501,0.024584350447011256,0.0005707398705215972,32
12,0.2945243112740431,0.001322257843,11000.000000193684,0.025125148172476457,0.00061381195261534438,32
12,0.2945243112740431,0.001322257843,11100.000000195867,0.025173505893272208,0.00063570444166113817,32
12,0.2945243112740431,0.001322257843,11200.00000019805,0.024863933352787665,0.00047229312860217279,32
12,0.2945243112740431,0.001322257843,11300.000000200233,0.025023092361796642,0.00047704936398881137,32
12,0.2945243112740431,0.001322257843,11400.000000202415,0.025383612584226761,0.00046018106881830678,32
12,0.2945243112740431,0.001322257843,11500.000000204598,0.025268068767520829,0.00055119686249615382,32
12,0.2945243112740431,0.001322257843,11600.000000206781,0.024583726966585513,0.00056515152518233898,32
12,0.2945243112740431,0.001322257843,11700.000000208964,0.025159746859081115,0.00068069583412608541,32
12,0.2945243112740431,0.001322257843,11800.000000211146,0.025269358691382436,0.00052944200126673181,32
12,0.2945243112740431,0.001322257843,11900.000000213329,0.023939240653546304,0.0005491917297450968,32
12,0.2945243112740431,0.001322257843,12000.000000215512,0.024601228398085821,0.00057782965553329223,32
12,0.2945243112740431,0.001322257843,12100.000000217695,0.025815889946339435,0.0006724035164146308,32
12,0.2945243112740431,0.001322257843,12200.000000219878,0.024852712543869726,0.00049055578626217803,32
12,0.2945243112740431,0.001322257843,12300.00000022206,0.024581095497046599,0.00054261961370244004,32
12,0.2945243112740431,0.001322257843,12400.000000224243,0.025874984623250021,0.00063864419924349058,32
12,0.2945243112740431,0.001322257843,12500.000000226426,0.024887180793450009,0.00051785239770696997,32
12,0.2945243112740431,0.001322257843,12600.000000228609,0.025597074662811165,0.00049195466186779187,32
12,0.2945243112740431,0.001322257843,12700.000000230792,0.02682044108462012,0.00046724590648289973,32
12,0.2945243112740431,0.001322257843,12800.000000232974,0.025327781063120152,0.00055122004205169768,32
12,0.2945243112740431,0.001322257843,12900.000000235157,0.025253246590727509,0.0005152890414400963,32
12,0.2945243112740431,0.001322257843,13000.00000023734,0.024571989278228699,0.00062587057580666184,32
12,0.2945243112740431,0.001322257843,13100.000000239523,0.024918323891236282,0.00044076575124595875,32
12,0.2945243112740431,0.001322257843,13200.000000241705,0.025231014615092296,0.0005253156491329356,32
12,0.2945243112740431,0.001322257843,13300.000000243888,0.024531742737870125,0.00047433597232639376,32
12,0.2945243112740431,0.001322257843,13400.000000246071,0.024972650214603927,0.00058820856017440719,32
12,0.2945243112740431,0.001322257843,13500.000000248254,0.025314589787668117,0.00047479686978504204,32
12,0.2945243112740431,0.001322257843,13600.000000250437,0.025551178679930023,0.00057545893767398722,32
12,0.2945243112740431,0.001322257843,13700.000000252619,0.02464005774269178,0.00063829698048296392,32
12,0.2945243112740431,0.001322257843,13800.000000254802,0.025539602578609554,0.00065222064995552876,32
12,0.2945243112740431,0.001322257843,13900.000000256985,0.025366246060996887,0.00054265906777183233,32
12,0.2945243112740431,0.001322257843,14000.000000259168,0.025656892776149149,0.00048664649885241606,32
12,0.2945243112740431,0.001322257843,14100.000000261351,0.025337895103764919,0.00059330847276122553,32
12,0.2945243112740431,0.001322257843,14200.000000263533,0.024602827398415589,0.00062197443302418939,32
12,0.2945243112740431,0.001322257843,14300.000000265716,0.025192665125291103,0.00061740881514666085,32
12,0.2945243112740431,0.001322257843,14400.000000267899,0.025284100148932242,0.00070834744805320902,32
12,0.2945243112740431,0.001322257843,14500.000000270082,0.025105955588662406,0.00056994149401103512,32
12,0.2945243112740431,0.001322257843,14600.000000272265,0.025568268510923437,0.00054678585328487856,32
12,0.2945243112740431,0.001322257843,14700.000000274447,0.025260044714422458,0.00060823007035048973,32
12,0.2945243112740431,0.001322257843,14800.00000027663,0.025483833032099737,0.00059616684891002027,32
12,0.2945243112740431,0.001322257843,14900.000000278813,0.025478540803404386,0.00065967458601951369,32
12,0.2945243112740431,0.001322257843,15000.000000280996,0.025874363770226682,0.00056586452535627315,32
12,0.2945243112740431,0.001322257843,15100.000000283178,0.024878460005076704,0.00043611954435968401,32
12,0.2945243112740431,0.001322257843,15200.000000285361,0.024439051238365012,0.00069462481738640143,32
12,0.2945243112740431,0.001322257843,15300.000000287544,0.024978075883988829,0.0005960223486233139,32
12,0.2945243112740431,0.001322257843,15400.000000289727,0.024763673043911336,0.00048844170324606364,32
12,0.2945243112740431,0.001322257843,15500.00000029191,0.025483202188711286,0.00051364220333568512,32
12,0.2945243112740431,0.001322257843,15600.000000294092,0.024894190201810641,0.00042702150426732156,32
12,0.2945243112740431,0.001322257843,15700.000000296275,0.024413001278968699,0.0004558906617557127,32
12,0.2945243112740431,0.001322257843,15800.000000298458,0.024071863701496537,0.00049560416642863158,32
12,0.2945243112740431,0.001322257843,15900.000000300641,0.025026514409279645,0.0006377768263153967,32
12,0.2945243112740431,0.001322257843,16000.000000302824,0.024894000338566969,0.00064336817593642337,32
12,0.2945243112740431,0.001322257843,16100.000000305006,0.02496887519078753,0.00051638505319711312,32
12,0.2945243112740431,0.001322257843,16200.000000307189,0.024802198950655711,0.00046163811496863081,32
12,0.2945243112740431,0.001322257843,16300.000000309372,0.025079197622369782,0.00055860411900613229,32
12,0.2945243112740431,0.001322257843,16400.000000308642,0.025005350254903917,0.00048655168000957073,32
12,0.2945243112740431,0.001322257843,16500.000000292635,0.025650994899815264,0.00056880247340414963,32
12,0.2945243112740431,0.001322257843,16600.000000276628,0.024551197493378144,0.00055859035717102938,32
12,0.2945243112740431,0.001322257843,16700.000000260621,0.024363286580337783,0.00068632252771916866,32
12,0.2945243112740431,0.001322257843,16800.000000244614,0.024871446719532606,0.00046743247379804739,32
12,0.2945243112740431,0.001322257843,16900.000000228607,0.024441619334534682,0.00056166016412799794,32
12,0.2945243112740431,0.001322257843,17000.0000002126,0.025717166840406099,0.00045627945442259225,32
12,0.2945243112740431,0.001322257843,17100.000000196593,0.025364225102807204,0.00052763054320822977,32
12,0.2945243112740431,0.001322257843,17200.000000180586,0.024921811212605841,0.00056161084394010425,32
12,0.2945243112740431,0.001322257843,17300.000000164579,0.024599316378224562,0.0005307643791992746,32
12,0.2945243112740431,0.001322257843,17400.000000148571,0.025631035749767904,0.00053247275018360337,32
12,0.2945243112740431,0.001322257843,17500.000000132564,0.024798188383304231,0.00052921015390641833,32
12,0.2945243112740431,0.001322257843,17600.000000116557,0.024496299617094743,0.00044099989921839156,32
12,0.2945243112740431,0.001322257843,17700.00000010055,0.025155862756479738,0.00047696614430086932,32
12,0.2945243112740431,0.001322257843,17800.000000084543,0.025957375833074604,0.00052931468537625545,32
12,0.2945243112740431,0.001322257843,17900.000000068536,0.025404750864783426,0.00047844103225089436,32
12,0.2945243112740431,0.001322257843,18000.000000052529,0.025907792448673375,0.00052963415236706468,32
12,0.2945243112740431,0.001322257843,18100.000000036522,0.025316250413797949,0.00053942008017008605,32
12,0.2945243112740431,0.001322257843,18200.000000020515,0.024807706679308667,0.00058741735555753721,32
12,0.2945243112740431,0.001322257843,18300.000000004507,0.024566977040272709,0.00047313492910740484,32
12,0.2945243112740431,0.001322257843,18399.9999999885,0.026066643179515292,0.00048721620522766619,32
12,0.2945243112740431,0.001322257843,18499.999999972493,0.025769531348509084,0.00050518825578330161,32
12,0.2945243112740431,0.001322257843,18599.999999956486,0.025315506808006313,0.00056045002175818118,32
12,0.2945243112740431,0.001322257843,18699.999999940479,0.025430415418405818,0.00055469296480016291,32
12,0.2945243112740431,0.001322257843,18799.999999924472,0.025593610398236107,0.00056412792964173326,32
12,0.2945243112740431,0.001322257843,18899.999999908465,0.025347008587741943,0.00053645597417166058,32
12,0.2945243112740431,0.001322257843,18999.999999892458,0.025630688690202571,0.00037617582986194779,32
12,0.2945243112740431,0.001322257843,19099.999999876451,0.025524398753451714,0.00045597414670487882,32
12,0.2945243112740431,0.001322257843,19199.999999860443,0.024622677775116664,0.00046856200475259101,32
12,0.2945243112740431,0.001322257843,19299.999999844436,0.024789047495503418,0.00042659804042814308,32
12,0.2945243112740431,0.001322257843,19399.999999828429,0.024732966394229786,0.00058793501286012934,32
12,0.2945243112740431,0.001322257843,19499.999999812422,0.02530711161233733,0.00047224531255871328,32
12,0.2945243112740431,0.001322257843,19599.999999796415,0.024421477468250827,0.0005351074799883564,32
12,0.2945243112740431,0.001322257843,19699.999999780408,0.024931974351189323,0.00053410095876368761,32
12,0.2945243112740431,0.001322257843,19799.999999764401,0.024617943847681463,0.00061148085247887413,32
12,0.2945243112740431,0.001322257843,19899.999999748394,0.024402042743795337,0.00051129165243144197,32
12,0.2945243112740431,0.001322257843,19999.999999732387,0.025918374528033909,0.00046261019969225364,32
12,0.2945243112740431,0.001322257843,20099.99999971638,0.02536440606564681,0.0005102875400345479,32
12,0.2945243112740431,0.001322257843,20199.999999700372,0.024569492148909897,0.0004684695395439024,32
12,0.2945243112740431,0.001322257843,20299.999999684365,0.02513171453881682,0.00056662070305456703,32
12,0.2945243112740431,0.001322257843,20399.999999668358,0.025116065600673622,0.00052694282040993202,32
12,0.2945243112740431,0.001322257843,20499.999999652351,0.024615237319089413,0.00062739295275601953,32
12,0.2945243112740431,0.001322257843,20599.999999636344,0.025601794210609426,0.00049565733263929527,32
12,0.2945243112740431,0.001322257843,20699.999999620337,0.025017989506505293,0.00047754785731513727,32
12,0.2945243112740431,0.001322257843,20799.99999960433,0.025831865608325264,0.00049048950466636543,32
12,0.2945243112740431,0.001322257843,20899.999999588323,0.024489809112945644,0.00058539395486009878,32
12,0.2945243112740431,0.001322257843,20999.999999572316,0.024838093283334868,0.00052438082337925786,32
12,0.2945243112740431,0.001322257843,21099.999999556308,0.024224472060565137,0.00053820851064840137,32
12,0.2945243112740431,0.001322257843,21199.999999540301,0.024796141111474705,0.00048108647356462077,32
12,0.2945243112740431,0.001322257843,21299.999999524294,0.024962589268251328,0.00048217669590208131,32
12,0.2945243112740431,0.001322257843,21399.999999508287,0.024980710420988712,0.00053155828987418098,32
12,0.2945243112740431,0.001322257843,21499.99999949228,0.025634939025783923,0.00054951170423634657,32
12,0.2945243112740431,0.001322257843,21599.999999476273,0.024705502960701453,0.00059467375268385685,32
12,0.2945243112740431,0.001322257843,21699.999999460266,0.024966519953118344,0.00066410303188669368,32
12,0.2945243112740431,0.001322257843,21799.999999444259,0.024986482241610309,0.0005174469849919879,32
12,0.2945243112740431,0.001322257843,21899.999999428252,0.024905826432688783,0.0006210443568339044,32
12,0.2945243112740431,0.001322257843,21999.999999412245,0.025010070642913572,0.00073408791842890988,32
12,0.2945243112740431,0.001322257843,22099.999999396237,0.025402502062500214,0.0004977453661373784,32
12,0.2945243112740431,0.001322257843,22199.99999938023,0.025448378121901163,0.00054363183864884345,32
12,0.2945243112740431,0.001322257843,22299.999999364223,0.025842083661048371,0.00039966192953463719,32
12,0.2945243112740431,0.001322257843,22399.999999348216,0.026410813299277774,0.00048148605063921937,32
12,0.2945243112740431,0.001322257843,22499.999999332209,0.025193760526924496,0.000665581487478518,32
12,0.2945243112740431,0.001322257843,22599.999999316202,0.025695378029283834,0.00051125963211717546,32
12,0.2945243112740431,0.001322257843,22699.999999300195,0.024757659514839974,0.00064396148393180096,32
12,0.2945243112740431,0.001322257843,22799.999999284188,0.026284694005544056,0.00059212530914564191,32
12,0.2945243112740431,0.001322257843,22899.999999268181,0.025641802341216248,0.00054481370219150037,32
12,0.2945243112740431,0.001322257843,22999.999999252173,0.025408279741584237,0.00049902829578047693,32
12,0.2945243112740431,0.001322257843,23099.999999236166,0.026024063481312122,0.0007055162016670793,32
12,0.2945243112740431,0.001322257843,23199.999999220159,0.025173637101627698,0.00069421068422072859,32
12,0.2945243112740431,0.001322257843,23299.999999204152,0.025215178342476222,0.00057094419128418368,32
12,0.2945243112740431,0.001322257843,23399.999999188145,0.025905548531497291,0.00061472749543330183,32
12,0.2945243112740431,0.001322257843,23499.999999172138,0.024626997189222372,0.00063396018015707788,32
12,0.2945243112740431,0.001322257843,23599.999999156131,0.024922892213976516,0.00056008262032281638,32
12,0.2945243112740431,0.001322257843,23699.999999140124,0.025205554404352629,0.00050378401052876955,32
12,0.2945243112740431,0.001322257843,23799.999999124117,0.025948133740205569,0.00061229584458603913,32
12,0.2945243112740431,0.001322257843,23899.999999108109,0.025398347237355824,0.00051145924147489967,32
12,0.2945243112740431,0.001322257843,23999.999999092102,0.024492494854743568,0.00057435570008928561,32
12,0.2945243112740431,0.001322257843,24099.999999076095,0.024635855142258238,0.00052677636052903183,32
12,0.2945243112740431,0.001322257843,24199.999999060088,0.025537065893279261,0.00059779484437431484,32
12,0.2945243112740431,0.001322257843,24299.999999044081,0.02665112988686158,0.00054159045006179588,32
12,0.2945243112740431,0.001322257843,24399.999999028074,0.025072543090524674,0.00050033372791183654,32
12,0.2945243112740431,0.001322257843,24499.999999012067,0.024661489292063344,0.00044090349025533132,32
12,0.2945243112740431,0.001322257843,24599.99999899606,0.024865686058460297,0.00050557238224465133,32
12,0.2945243112740431,0.001322257843,24699.999998980053,0.024654398929140505,0.00055252442261828605,32
12,0.2945243112740431,0.001322257843,24799.999998964046,0.025008870563810091,0.00056029781177396756,32
12,0.2945243112740431,0.001322257843,24899.999998948038,0.024887856015549249,0.00062851061334158822,32
12,0.2945243112740431,0.001322257843,24999.999998932031,0.025618847457175568,0.00057900035566600607,32
12,0.2945243112740431,0.001322257843,25099.999998916024,0.02503326003832931,0.00052952201058761622,32
12,0.2945243112740431,0.001322257843,25199.999998900017,0.024634254915111491,0.00050528689530915491,32
12,0.2945243112740431,0.001322257843,25299.99999888401,0.025351824189365765,0.00059454121315845147,32
12,0.2945243112740431,0.001322257843,25399.999998868003,0.02515958602049281,0.00060152369882679523,32
12,0.2945243112740431,0.001322257843,25499.999998851996,0.025644163065689545,0.0005893451404413439,32
12,0.2945243112740431,0.001322257843,25599.999998835989,0.025611735246799151,0.0005278480558300084,32
12,0.2945243112740431,0.001322257843,25699.999998819982,0.025313337655544641,0.00051557520465133602,32
12,0.2945243112740431,0.001322257843,25799.999998803974,0.02427214846994424,0.00054349314480510902,32
12,0.2945243112740431,0.001322257843,25899.999998787967,0.02551424680339678,0.00049910672686094798,32
12,0.2945243112740431,0.001322257843,25999.99999877196,0.025924634554412667,0.00061727793160078366,32
12,0.2945243112740431,0.001322257843,26099.999998755953,0.024672656030573656,0.00045179098754318875,32
12,0.2945243112740431,0.001322257843,26199.999998739946,0.024959756922790295,0.00061805760134580787,32
12,0.2945243112740431,0.001322257843,26299.999998723939,0.025183690800109088,0.0005507561335938221,32
12,0.2945243112740431,0.001322257843,26399.999998707932,0.025688551335313545,0.00057986366457301176,32
12,0.2945243112740431,0.001322257843,26499.999998691925,0.02558568817271089,0.00051351586727438933,32
12,0.2945243112740431,0.001322257843,26599.999998675918,0.025972518056668129,0.00056216250011829688,32
12,0.2945243112740431,0.001322257843,26699.99999865991,0.024892867069574415,0.00050653175184435138,32
12,0.2945243112740431,0.001322257843,26799.999998643903,0.024633997557168705,0.00061322552917909281,32
12,0.2945243112740431,0.001322257843,26899.999998627896,0.025250993893213104,0.00068936158191905536,32
12,0.2945243112740431,0.001322257843,26999.999998611889,0.025859684695089275,0.00056856160645774088,32
12,0.2945243112740431,0.001322257843,27099.999998595882,0.02560879329779514,0.00057113254182501098,32
12,0.2945243112740431,0.001322257843,27199.999998579875,0.024678006107530719,0.0006795630985488363,32
12,0.2945243112740431,0.001322257843,27299.999998563868,0.024856783631764714,0.00065439714002330212,32
12,0.2945243112740431,0.001322257843,27399.999998547861,0.025522918232137617,0.00060006282840406328,32
12,0.2945243112740431,0.001322257843,27499.999998531854,0.02638490262184243,0.00057448772862672389,32
12,0.2945243112740431,0.001322257843,27599.999998515847,0.024027022677132071,0.00049715283571707622,32
12,0.2945243112740431,0.001322257843,27699.999998499839,0.024406129760054202,0.00052015962133625173,32
12,0.2945243112740431,0.001322257843,27799.999998483832,0.024482725471387735,0.00048834860269957319,32
12,0.2945243112740431,0.001322257843,27899.999998467825,0.024767404459371638,0.00049672345357620645,32
12,0.2945243112740431,0.001322257843,27999.999998451818,0.025359613924539236,0.00058216750505109412,32
12,0.2945243112740431,0.001322257843,28099.999998435811,0.024788259405571347,0.00057756612526996807,32
12,0.2945243112740431,0.001322257843,28199.999998419804,0.023442563092363828,0.00061811837541511248,32
12,0.2945243112740431,0.001322257843,28299.999998403797,0.025119880374323705,0.00058017263057973741,32
12,0.2945243112740431,0.001322257843,28399.99999838779,0.025267166482823226,0.00052646225965393768,32
12,0.2945243112740431,0.001322257843,28499.999998371783,0.025899294078071598,0.00055159686277841003,32
12,0.2945243112740431,0.001322257843,28599.999998355775,0.025057750311652228,0.00054417491534230718,32
12,0.2945243112740431,0.001322257843,28699.999998339768,0.024822908261669802,0.00053422186498298897,32
12,0.2945243112740431,0.001322257843,28799.999998323761,0.02407326922638715,0.00050391005412480261,32
12,0.2945243112740431,0.001322257843,28899.999998307754,0.024895273166489321,0.00044971750302103707,32
12,0.2945243112740431,0.001322257843,28999.999998291747,0.024977275313349381,0.00061472971539359804,32
12,0.2945243112740431,0.001322257843,29099.99999827574,0.025324298221366694,0.00063320802703840235,32
12,0.2945243112740431,0.001322257843,29199.999998259733,0.025121355148662768,0.00048623153456671414,32
12,0.2945243112740431,0.001322257843,29299.999998243726,0.024700370279923559,0.00051745876961639496,32
12,0.2945243112740431,0.001322257843,29399.999998227719,0.02528819017381255,0.00065765311621563912,32
12,0.2945243112740431,0.001322257843,29499.999998211711,0.02438030110944707,0.00057231336134065626,32
12,0.2945243112740431,0.001322257843,29599.999998195704,0.025185680870365927,0.00051601403127666222,32
12,0.2945243112740431,0.001322257843,29699.999998179697,0.024660602336835639,0.00049451865372870777,32
12,0.2945243112740431,0.001322257843,29799.99999816369,0.024581582229112005,0.00058502293033474147,32
12,0.2945243112740431,0.001322257843,29899.999998147683,0.026074822923511442,0.00065086438007890565,32
12,0.2945243112740431,0.001322257843,29999.999998131676,0.025262897644980336,0.00058111586574577324,32
12,0.2945243112740431,0.001322257843,30099.999998115669,0.025973028742528183,0.00056047422787541303,32
12,0.2945243112740431,0.001322257843,30199.999998099662,0.02488717720889826,0.00043286836539230679,32
12,0.2945243112740431,0.001322257843,30299.999998083655,0.025458003617822203,0.00042819552027299361,32
12,0.2945243112740431,0.001322257843,30399.999998067648,0.025185502634728837,0.0005680941561002536,32
12,0.2945243112740431,0.001322257843,30499.99999805164,0.024962298490274811,0.00063448610972795878,32
12,0.2945243112740431,0.001322257843,30599.999998035633,0.025846245831742658,0.00040511903884878417,32
12,0.2945243112740431,0.001322257843,30699.999998019626,0.025248024718083729,0.00053458318668444908,32
12,0.2945243112740431,0.001322257843,30799.999998003619,0.025907948765029307,0.00051352409123239513,32
12,0.2945243112740431,0.001322257843,30899.999997987612,0.025244215090904659,0.00068692819951452063,32
12,0.2945243112740431,0.001322257843,30999.999997971605,0.024777695388207267,0.00059056930853100358,32
12,0.2945243112740431,0.001322257843,31099.999997955598,0.024792555072516889,0.00049136582314104036,32
12,0.2945243112740431,0.001322257843,31199.999997939591,0.024398553414152691,0.00047815725092200984,32
12,0.2945243112740431,0.001322257843,31299.999997923584,0.025316499212722696,0.00048761730576076992,32
12,0.2945243112740431,0.001322257843,31399.999997907576,0.024539107828429552,0.00059931199680370256,32
12,0.2945243112740431,0.001322257843,31499.999997891569,0.024857559039468378,0.00044837045798389117,32
12,0.2945243112740431,0.001322257843,31599.999997875562,0.026169093753054175,0.00059952855060592229,32
12,0.2945243112740431,0.001322257843,31699.999997859555,0.024914970359185801,0.00039794548230876923,32
12,0.2945243112740431,0.001322257843,31799.999997843548,0.025894316355546922,0.00043522167351482921,32
12,0.2945243112740431,0.001322257843,31899.999997827541,0.024928250354314483,0.00052143124133947362,32
12,0.2945243112740431,0.001322257843,31999.999997811534,0.025618147955648828,0.00044235440940126295,32
12,0.2945243112740431,0.001322257843,32099.999997795527,0.024438248829840793,0.00064400238205141673,32
12,0.2945243112740431,0.001322257843,32199.99999777952,0.02596185621467742,0.00053744649058895598,32
12,0.2945243112740431,0.001322257843,32299.999997763513,0.024505808191708386,0.00050731103833517128,32
12,0.2945243112740431,0.001322257843,32399.999997747505,0.025913836310365781,0.00051889529770440454,32
12,0.2945243112740431,0.001322257843,32499.999997731498,0.025798096427106301,0.00059064676482510484,32
12,0.2945243112740431,0.001322257843,32599.999997715491,0.02469192638225717,0.00057041021895655572,32
12,0.2945243112740431,0.001322257843,32699.999997699484,0.025553660369201713,0.00046870066737708053,32
12,0.2945243112740431,0.001322257843,32799.999997695115,0.02517492026989197,0.00047110951622139012,32
12,0.2945243112740431,0.001322257843,32899.999997715488,0.024467335432513369,0.00047308779535172569,32
12,0.2945243112740431,0.001322257843,32999.99999773586,0.025088873230923833,0.00047475001375237843,32
12,0.2945243112740431,0.001322257843,33099.999997756233,0.025352792824221055,0.00056472067482665398,32
12,0.2945243112740431,0.001322257843,33199.999997776606,0.025454882090957538,0.00064164667000834248,32
12,0.2945243112740431,0.001322257843,33299.999997796978,0.02399964091956068,0.00053413277326186403,32
12,0.2945243112740431,0.001322257843,33399.999997817351,0.024786423752270029,0.00044412699843893627,32
12,0.2945243112740431,0.001322257843,33499.999997837724,0.025719430012626301,0.00049967837594003977,32
12,0.2945243112740431,0.001322257843,33599.999997858096,0.024423219001622642,0.00048561521039807673,32
12,0.2945243112740431,0.001322257843,33699.999997878469,0.024680870167484305,0.00050732316583715798,32
12,0.2945243112740431,0.001322257843,33799.999997898842,0.02549512303186104,0.00055849975186837123,32
12,0.2945243112740431,0.001322257843,33899.999997919214,0.025798038530727329,0.00045806363821774507,32
12,0.2945243112740431,0.001322257843,33999.999997939587,0.024558961484100653,0.00072403502744676702,32
12,0.2945243112740431,0.001322257843,34099.99999795996,0.024859033199021163,0.00061692911867625177,32
12,0.2945243112740431,0.001322257843,34199.999997980332,0.025299416032552639,0.00038617259259536579,32
12,0.2945243112740431,0.001322257843,34299.999998000705,0.024296229627159341,0.00043258280335646337,32
12,0.2945243112740431,0.001322257843,34399.999998021078,0.025042471380431697,0.00056711556935139218,32
12,0.2945243112740431,0.001322257843,34499.99999804145,0.025074031983928553,0.00064603944369728578,32
12,0.2945243112740431,0.001322257843,34599.999998061823,0.025865197460736639,0.00053596516912030403,32
12,0.2945243112740431,0.001322257843,34699.999998082196,0.025799070323563499,0.00043908323716829661,32
12,0.2945243112740431,0.001322257843,34799.999998102568,0.024729693245889955,0.00051338606001664119,32
12,0.2945243112740431,0.001322257843,34899.999998122941,0.025811816586381157,0.00051078253631043388,32
12,0.2945243112740431,0.001322257843,34999.999998143314,0.025516357957848342,0.00055020172717683833,32
12,0.2945243112740431,0.001322257843,35099.999998163687,0.024835471381254488,0.00053176422196741244,32
12,0.2945243112740431,0.001322257843,35199.999998184059,0.02622336223289216,0.00058923927957803615,32
12,0.2945243112740431,0.001322257843,35299.999998204432,0.024940187314773661,0.00040881468739114034,32
12,0.2945243112740431,0.001322257843,35399.999998224805,0.024954576415410927,0.00050775356574111119,32
12,0.2945243112740431,0.001322257843,35499.999998245177,0.025361986549423288,0.00061113618601576765,32
12,0.2945243112740431,0.001322257843,35599.99999826555,0.02523850901491943,0.00053134089738806256,32
12,0.2945243112740431,0.001322257843,35699.999998285923,0.025582946410041472,0.00057305974470977464,32
12,0.2945243112740431,0.001322257843,35799.999998306295,0.025030959654370868,0.00062842982759696167,32
12,0.2945243112740431,0.001322257843,35899.999998326668,0.024231178590284185,0.00038176522946422995,32
12,0.2945243112740431,0.001322257843,35999.999998347041,0.024427604110113868,0.00057160374838383066,32
12,0.2945243112740431,0.001322257843,36099.999998367413,0.024432092252982433,0.00045275826704019648,32
12,0.2945243112740431,0.001322257843,36199.999998387786,0.024463962832526553,0.00048542736237182604,32
12,0.2945243112740431,0.001322257843,36299.999998408159,0.025390512066068016,0.00049165112757213175,32
12,0.2945243112740431,0.001322257843,36399.999998428531,0.025209891071450288,0.00045847320878581528,32
12,0.2945243112740431,0.001322257843,36499.999998448904,0.024462360930340928,0.00057020859543471423,32
12,0.2945243112740431,0.001322257843,36599.999998469277,0.02539868510976017,0.00052456407217313925,32
12,0.2945243112740431,0.001322257843,36699.999998489649,0.024549912441931939,0.00048732476028203803,32
12,0.2945243112740431,0.001322257843,36799.999998510022,0.024783521959198501,0.00053336860612564966,32
12,0.2945243112740431,0.001322257843,36899.999998530395,0.024653713922093798,0.00049955256118825852,32
12,0.2945243112740431,0.001322257843,36999.999998550767,0.024928403666209124,0.00071650593058140825,32
12,0.2945243112740431,0.001322257843,37099.99999857114,0.026251201924768684,0.00056883021514771213,32
12,0.2945243112740431,0.001322257843,37199.999998591513,0.024612725730888622,0.00049716744445984866,32
12,0.2945243112740431,0.001322257843,37299.999998611886,0.025975193980732083,0.00053547279916789923,32
12,0.2945243112740431,0.001322257843,37399.999998632258,0.02530809922536351,0.00045629015850281849,32
12,0.2945243112740431,0.001322257843,37499.999998652631,0.025435946070245897,0.00047005457250862495,32
12,0.2945243112740431,0.001322257843,37599.999998673004,0.025332518086789012,0.00066209806900894132,32
12,0.2945243112740431,0.001322257843,37699.999998693376,0.024313974846122202,0.00049683628791163156,32
12,0.2945243112740431,0.001322257843,37799.999998713749,0.025532944119524961,0.00061794823668859656,32
12,0.2945243112740431,0.001322257843,37899.999998734122,0.025452650795107844,0.00054993205547797035,32
12,0.2945243112740431,0.001322257843,37999.999998754494,0.025413527407634282,0.00050781886571845184,32
12,0.2945243112740431,0.001322257843,38099.999998774867,0.025339622043180483,0.00053622569762730888,32
12,0.2945243112740431,0.001322257843,38199.99999879524,0.025655277010299769,0.00054595829301994439,32
12,0.2945243112740431,0.001322257843,38299.999998815612,0.02581002550929816,0.00059707817090022661,32
12,0.2945243112740431,0.001322257843,38399.999998835985,0.024801498930781953,0.00054870656706558789,32
12,0.2945243112740431,0.001322257843,38499.999998856358,0.025251578673080203,0.00060117699429923933,32
12,0.2945243112740431,0.001322257843,38599.99999887673,0.025163513540792715,0.00047464112607429801,32
12,0.2945243112740431,0.001322257843,38699.999998897103,0.025857554737326181,0.00053287239600818359,32
12,0.2945243112740431,0.001322257843,38799.999998917476,0.025077332465180725,0.00051398159286192042,32
12,0.2945243112740431,0.001322257843,38899.999998937848,0.025669744515466466,0.00056046893539479932,32
12,0.2945243112740431,0.001322257843,38999.999998958221,0.02450293580238944,0.00057633059736307329,32
12,0.2945243112740431,0.001322257843,39099.999998978594,0.026023538421391212,0.00056996943741824651,32
12,0.2945243112740431,0.001322257843,39199.999998998966,0.026173212805137559,0.00047116663857276912,32
12,0.2945243112740431,0.001322257843,39299.999999019339,0.025630191135671141,0.00048531682026709298,32
12,0.2945243112740431,0.001322257843,39399.999999039712,0.023814764860876341,0.00041923023424656852,32
12,0.2945243112740431,0.001322257843,39499.999999060085,0.025026902669000754,0.00038145550053691281,32
12,0.2945243112740431,0.001322257843,39599.999999080457,0.024849849422123992,0.00054233435776685943,32
12,0.2945243112740431,0.001322257843,39699.99999910083,0.024852792708749284,0.00056420981716361843,32
12,0.2945243112740431,0.001322257843,39799.999999121203,0.025197464188296641,0.00048604874512018473,32
12,0.2945243112740431,0.001322257843,39899.999999141575,0.025605513406269067,0.00059298674181076547,32
12,0.2945243112740431,0.001322257843,39999.999999161948,0.025502889795501159,0.00054884533530511707,32
12,0.2945243112740431,0.001322257843,40099.999999182321,0.024611378835193147,0.00061962511390399437,32
12,0.2945243112740431,0.001322257843,40199.999999202693,0.025313691694184539,0.00062703366566908977,32
12,0.2945243112740431,0.001322257843,40299.999999223066,0.025734679116428728,0.00043844885511365201,32
12,0.2945243112740431,0.001322257843,40399.999999243439,0.024149099328677721,0.00053226147871814099,32
12,0.2945243112740431,0.001322257843,40499.999999263811,0.024493305347885779,0.00057981987153098472,32
12,0.2945243112740431,0.001322257843,40599.999999284184,0.026199578671762078,0.00051804191052119036,32
12,0.2945243112740431,0.001322257843,40699.999999304557,0.024794149966209399,0.00052276970509180555,32
12,0.2945243112740431,0.001322257843,40799.999999324929,0.025537807247752359,0.00050543479669897743,32
12,0.2945243112740431,0.001322257843,40899.999999345302,0.026360320105886948,0.00046246207565622523,32
12,0.2945243112740431,0.001322257843,40999.999999365675,0.024907342087456801,0.00067193802541183427,32
12,0.2945243112740431,0.001322257843,41099.999999386047,0.025275716688064293,0.00047953520710142223,32
12,0.2945243112740431,0.001322257843,41199.99999940642,0.025146926861273202,0.000646150436722461,32
12,0.2945243112740431,0.001322257843,41299.999999426793,0.025142685005375854,0.00041735076216357366,32
12,0.2945243112740431,0.001322257843,41399.999999447165,0.025665197312960627,0.00049599472423023767,32
12,0.2945243112740431,0.001322257843,41499.999999467538,0.025296332220323237,0.00050313680993805125,32
12,0.2945243112740431,0.001322257843,41599.999999487911,0.025919003582940758,0.00052513200506859971,32
12,0.2945243112740431,0.001322257843,41699.999999508284,0.025496321982062205,0.00059036371711328737,32
12,0.2945243112740431,0.001322257843,41799.999999528656,0.026162912162978048,0.00061545604015803587,32
12,0.2945243112740431,0.001322257843,41899.999999549029,0.024550908195115333,0.00050148674142630695,32
12,0.2945243112740431,0.001322257843,41999.999999569402,0.024998914823167507,0.00075114879819992032,32
12,0.2945243112740431,0.001322257843,42099.999999589774,0.02550450972629455,0.000562730612093483,32
12,0.2945243112740431,0.001322257843,42199.999999610147,0.024709959018136676,0.00055250530187023693,32
12,0.2945243112740431,0.001322257843,42299.99999963052,0.025049707026241388,0.00064709441471219587,32
12,0.2945243112740431,0.001322257843,42399.999999650892,0.025698845539686248,0.00051599886437763418,32
12,0.2945243112740431,0.001322257843,42499.999999671265,0.025135689077590759,0.00049716448999496813,32
12,0.2945243112740431,0.001322257843,42599.999999691638,0.025232893185748843,0.00058188782945298439,32
12,0.2945243112740431,0.001322257843,42699.99999971201,0.025897509094929966,0.00042151506746727322,32
12,0.2945243112740431,0.001322257843,42799.999999732383,0.024452086767313842,0.00057300070969378686,32
12,0.2945243112740431,0.001322257843,42899.999999752756,0.023365688432450404,0.00058999627271325808,32
12,0.2945243112740431,0.001322257843,42999.999999773128,0.023457020229151672,0.00057597724121768936,32
12,0.2945243112740431,0.001322257843,43099.999999793501,0.025093334728744237,0.00064762850381286168,32
12,0.2945243112740431,0.001322257843,43199.999999813874,0.025819140964587414,0.00054023201438552866,32
12,0.2945243112740431,0.001322257843,43299.999999834246,0.025069529069078059,0.00039184047511025373,32
12,0.2945243112740431,0.001322257843,43399.999999854619,0.025740718074100836,0.00055165205710407941,32
12,0.2945243112740431,0.001322257843,43499.999999874992,0.024643920812779604,0.00050870122474395822,32
12,0.2945243112740431,0.001322257843,43599.999999895364,0.025334404162374223,0.00054438001059952594,32
12,0.2945243112740431,0.001322257843,43699.999999915737,0.025583594906065897,0.00059364160822851216,32
12,0.2945243112740431,0.001322257843,43799.99999993611,0.025320431787017005,0.00058755306920756751,32
12,0.2945243112740431,0.001322257843,43899.999999956482,0.024469135541201278,0.00038969345743871943,32
12,0.2945243112740431,0.001322257843,43999.999999976855,0.02556817648161596,0.00055155136070489375,32
12,0.2945243112740431,0.001322257843,44099.999999997228,0.025106563082883865,0.00066876048491745224,32
12,0.2945243112740431,0.001322257843,44200.000000017601,0.024421665575095459,0.00050197961522867752,32
12,0.2945243112740431,0.001322257843,44300.000000037973,0.024955360541746029,0.00058283030090903608,32
12,0.2945243112740431,0.001322257843,44400.000000058346,0.024674038644068298,0.00050951826820751591,32
12,0.2945243112740431,0.001322257843,44500.000000078719,0.024531039614959067,0.00051637253246545635,32
12,0.2945243112740431,0.001322257843,44600.000000099091,0.024697576172691391,0.00055768277251954702,32
12,0.2945243112740431,0.001322257843,44700.000000119464,0.025659561440141618,0.00049396112540934904,32
12,0.2945243112740431,0.001322257843,44800.000000139837,0.024996650481098073,0.00058320593142607347,32
12,0.2945243112740431,0.001322257843,44900.000000160209,0.023665369474746706,0.00052278452334778296,32
12,0.2945243112740431,0.001322257843,45000.000000180582,0.025266453371081819,0.00056400360370012124,32
12,0.2945243112740431,0.001322257843,45100.000000200955,0.025042596850667152,0.00057611823594550188,32
12,0.2945243112740431,0.001322257843,45200.000000221327,0.024928001986074574,0.00047230657699400084,32
12,0.2945243112740431,0.001322257843,45300.0000002417,0.025421623934193199,0.00058426602743184483,32
12,0.2945243112740431,0.001322257843,45400.000000262073,0.025243540098839303,0.00064196978950998575,32
12,0.2945243112740431,0.001322257843,45500.000000282445,0.025565154481495812,0.00060079441464101378,32
12,0.2945243112740431,0.001322257843,45600.000000302818,0.025650137332000254,0.00049253056737425004,32
12,0.2945243112740431,0.001322257843,45700.000000323191,0.02574120242178813,0.00050563308162028964,32
12,0.2945243112740431,0.001322257843,45800.000000343563,0.024574928553046306,0.00053463667254595774,32
12,0.2945243112740431,0.001322257843,45900.000000363936,0.024912594668204439,0.00046723322260512639,32
12,0.2945243112740431,0.001322257843,46000.000000384309,0.024747366273369639,0.00057370514554245773,32
12,0.2945243112740431,0.001322257843,46100.000000404681,0.025505335317038601,0.00041306072144842729,32
12,0.2945243112740431,0.001322257843,46200.000000425054,0.023975245081460133,0.00043401557719226035,32
12,0.2945243112740431,0.001322257843,46300.000000445427,0.024822336991771422,0.00060184204901184309,32
12,0.2945243112740431,0.001322257843,46400.0000004658,0.025260161437398267,0.00061722879926981715,32
12,0.2945243112740431,0.001322257843,46500.000000486172,0.02498613897965413,0.00054150739606790882,32
12,0.2945243112740431,0.001322257843,46600.000000506545,0.025107216710420304,0.00038548495334330562,32
12,0.2945243112740431,0.001322257843,46700.000000526918,0.025481553870657963,0.00058741358475056075,32
12,0.2945243112740431,0.001322257843,46800.00000054729,0.025007496230284788,0.00044116433733815558,32
12,0.2945243112740431,0.001322257843,46900.000000567663,0.02539961241438762,0.00049716007553834648,32
12,0.2945243112740431,0.001322257843,47000.000000588036,0.024895932931088813,0.00067565026752173943,32
12,0.2945243112740431,0.001322257843,47100.000000608408,0.025502319282075803,0.0005000124883888749,32
12,0.2945243112740431,0.001322257843,47200.000000628781,0.025857899528331396,0.00048770596779216846,32
12,0.2945243112740431,0.001322257843,47300.000000649154,0.024900137884758627,0.00053863544585061032,32
12,0.2945243112740431,0.001322257843,47400.000000669526,0.024977361441067582,0.00049209368566244282,32
12,0.2945243112740431,0.001322257843,47500.000000689899,0.025531687627152459,0.00056157376131679433,32
12,0.2945243112740431,0.001322257843,47600.000000710272,0.025109165194470151,0.00068897411977047584,32
12,0.2945243112740431,0.001322257843,47700.000000730644,0.025275381288994262,0.00044316178907252858,32
12,0.2945243112740431,0.001322257843,47800.000000751017,0.025285326025327223,0.00055155775238224867,32
12,0.2945243112740431,0.001322257843,47900.00000077139,0.025346084148724159,0.00055585567204506886,32
12,0.2945243112740431,0.001322257843,48000.000000791762,0.024635243403941246,0.00049049912853311604,32
12,0.2945243112740431,0.001322257843,48100.000000812135,0.025340867395408442,0.00059568021007553424,32
12,0.2945243112740431,0.001322257843,48200.000000832508,0.024420725182695838,0.00048199363942613775,32
12,0.2945243112740431,0.001322257843,48300.00000085288,0.025605973301397845,0.00060289942647431295,32
12,0.2945243112740431,0.001322257843,48400.000000873253,0.025283767474737037,0.00059674308920892351,32
12,0.2945243112740431,0.001322257843,48500.000000893626,0.02550589888993288,0.0004655644821692582,32
12,0.2945243112740431,0.001322257843,48600.000000913999,0.02434842706084183,0.00054786538046372034,32
12,0.2945243112740431,0.001322257843,48700.000000934371,0.025393948418312606,0.00047529737518301748,32
12,0.2945243112740431,0.001322257843,48800.000000954744,0.025451931765784142,0.00054910526107941767,32
12,0.2945243112740431,0.001322257843,48900.000000975117,0.025097771038212372,0.0006090145202985929,32
12,0.2945243112740431,0.001322257843,49000.000000995489,0.025725026499273641,0.00042706971426051296,32
12,0.2945243112740431,0.001322257843,49100.000001015862,0.024625485669306963,0.00047039713224248807,32
12,0.2945243112740431,0.001322257843,49200.000001036235,0.025181325989792471,0.00065431882236088716,32
12,0.2945243112740431,0.001322257843,49300.000001056607,0.025234201634233275,0.00064700872765727343,32
12,0.2945243112740431,0.001322257843,49400.00000107698,0.024755575723479094,0.00050916519220274114,32
12,0.2945243112740431,0.001322257843,49500.000001097353,0.023828546515625819,0.00053387839984180376,32
12,0.2945243112740431,0.001322257843,49600.000001117725,0.02533435838514168,0.00063489334218773939,32
12,0.2945243112740431,0.001322257843,49700.000001138098,0.025576964573702548,0.00052887888933722798,32
12,0.2945243112740431,0.001322257843,49800.000001158471,0.024669063790495833,0.00064172859929002336,32
12,0.2945243112740431,0.001322257843,49900.000001178843,0.024915515424532603,0.00061607363329773139,32
12,0.2945243112740431,0.001322257843,50000.000001199216,0.025510853547290564,0.00066144201078123597,32
16,0.39269908169872414,0.0023142093219999998,100.00000000001425,0.022821110811502513,0.0003950808096964514,32
16,0.39269908169872414,0.0023142093219999998,199.99999999996308,0.02577607338522956,0.00038356020151942644,32
16,0.39269908169872414,0.0023142093219999998,299.99999999987216,0.025114209371193102,0.00042382038194186777,32
16,0.39269908169872414,0.0023142093219999998,399.99999999978121,0.024743581585451199,0.00048597007458826353,32
16,0.39269908169872414,0.0023142093219999998,499.99999999969026,0.025217520256851887,0.00043594958662852455,32
16,0.39269908169872414,0.0023142093219999998,599.99999999959937,0.025590094523761979,0.00046712511810714118,32
16,0.39269908169872414,0.0023142093219999998,699.99999999950842,0.024789932336777867,0.00036938642832068266,32
16,0.39269908169872414,0.0023142093219999998,799.99999999941747,0.024818263077352055,0.00036258522976236588,32
16,0.39269908169872414,0.0023142093219999998,899.99999999932652,0.025127650961113395,0.00044663789486021468,32
16,0.39269908169872414,0.0023142093219999998,999.99999999923557,0.02594035749451002,0.0003738951722212394,32
16,0.39269908169872414,0.0023142093219999998,1099.9999999991446,0.025300616392377715,0.00057618917024173202,32
16,0.39269908169872414,0.0023142093219999998,1199.9999999990537,0.025482561541650704,0.00047523563689390623,32
16,0.39269908169872414,0.0023142093219999998,1299.9999999989627,0.025288636024788098,0.00047550717344708863,32
16,0.39269908169872414,0.0023142093219999998,1399.9999999988718,0.025006104204345854,0.00038969429034695232,32
16,0.39269908169872414,0.0023142093219999998,1499.9999999987808,0.025243218563331327,0.00033526014410081205,32
16,0.39269908169872414,0.0023142093219999998,1599.9999999986899,0.025049752019545905,0.00048745093435573276,32
16,0.39269908169872414,0.0023142093219999998,1699.9999999985989,0.025067773600866462,0.00039035263032818852,32
16,0.39269908169872414,0.0023142093219999998,1799.999999998508,0.025553208940027348,0.00038115620141395632,32
16,0.39269908169872414,0.0023142093219999998,1899.999999998417,0.024826936267363785,0.00042114961173481314,32
16,0.39269908169872414,0.0023142093219999998,1999.9999999983261,0.025632785867019649,0.00051567700934678753,32
16,0.39269908169872414,0.0023142093219999998,2099.9999999994175,0.024911096099347167,0.00040915473245669762,32
16,0.39269908169872414,0.0023142093219999998,2200.0000000016003,0.025201141088064819,0.00045353738576714333,32
16,0.39269908169872414,0.0023142093219999998,2300.000000003783,0.02601911807348152,0.00045637169558505723,32
16,0.39269908169872414,0.0023142093219999998,2400.0000000059658,0.025949973237754848,0.00043435174758813276,32
16,0.39269908169872414,0.0023142093219999998,2500.0000000081486,0.024770627445851449,0.00046475070195033574,32
16,0.39269908169872414,0.0023142093219999998,2600.0000000103314,0.025298626968116258,0.00044394618554358345,32
16,0.39269908169872414,0.0023142093219999998,2700.0000000125142,0.025118653403717484,0.00055324695465664765,32
16,0.39269908169872414,0.0023142093219999998,2800.000000014697,0.024859561929038307,0.00051122838806713698,32
16,0.39269908169872414,0.0023142093219999998,2900.0000000168798,0.025292613836304528,0.00039761007227381531,32
16,0.39269908169872414,0.0023142093219999998,3000.0000000190626,0.025354729607509514,0.00046236589952327033,32
16,0.39269908169872414,0.0023142093219999998,3100.0000000212453,0.025008016311659782,0.00042563016180450738,32
16,0.39269908169872414,0.0023142093219999998,3200.0000000234281,0.025089433411400408,0.00039370023466191065,32
16,0.39269908169872414,0.0023142093219999998,3300.0000000256109,0.024993518574813085,0.00040256090389916287,32
16,0.39269908169872414,0.0023142093219999998,3400.0000000277937,0.025455343267551594,0.00035974203986471307,32
16,0.39269908169872414,0.0023142093219999998,3500.0000000299765,0.025190798525357685,0.00033863502821788511,32
16,0.39269908169872414,0.0023142093219999998,3600.0000000321593,0.025586308656073295,0.00044345205070041934,32
16,0.39269908169872414,0.0023142093219999998,3700.0000000343421,0.024727029091607802,0.00040814582844823862,32
16,0.39269908169872414,0.0023142093219999998,3800.0000000365249,0.025021073039092939,0.00047309308034579556,32
16,0.39269908169872414,0.0023142093219999998,3900.0000000387076,0.024856366587650811,0.00036481494587331374,32
16,0.39269908169872414,0.0023142093219999998,4000.0000000408904,0.025670682111397152,0.0004799986053077387,32
16,0.39269908169872414,0.0023142093219999998,4100.0000000430728,0.025453119017671545,0.00042788574410929,32
16,0.39269908169872414,0.0023142093219999998,4200.0000000452555,0.024830532109419549,0.00035095153101065787,32
16,0.39269908169872414,0.0023142093219999998,4300.0000000474383,0.02515536683739774,0.00032279338719369831,32
16,0.39269908169872414,0.0023142093219999998,4400.0000000496211,0.025256101642686303,0.0004622920221255889,32
16,0.39269908169872414,0.0023142093219999998,4500.0000000518039,0.025545251714878838,0.00040745871335275233,32
16,0.39269908169872414,0.0023142093219999998,4600.0000000539867,0.025534157836461732,0.00046679217892840958,32
16,0.39269908169872414,0.0023142093219999998,4700.0000000561695,0.025729168809298382,0.00047149635836639739,32
16,0.39269908169872414,0.0023142093219999998,4800.0000000583523,0.024915214942961467,0.00047047322264443398,32
16,0.39269908169872414,0.0023142093219999998,4900.0000000605351,0.025076217363285115,0.00050226281060180276,32
16,0.39269908169872414,0.0023142093219999998,5000.0000000627178,0.025205979193061612,0.00041769869497401419,32
16,0.39269908169872414,0.0023142093219999998,5100.0000000649006,0.025608314663479487,0.00052997931252637487,32
16,0.39269908169872414,0.0023142093219999998,5200.0000000670834,0.025451738778026849,0.00047354169109511089,32
16,0.39269908169872414,0.0023142093219999998,5300.0000000692662,0.02519723616963614,0.00040797553877201299,32
16,0.39269908169872414,0.0023142093219999998,5400.000000071449,0.024747408164189397,0.00042496292258686208,32
16,0.39269908169872414,0.0023142093219999998,5500.0000000736318,0.024270282276746886,0.00040496380474691873,32
16,0.39269908169872414,0.0023142093219999998,5600.0000000758146,0.024865719118868746,0.00039805105422430746,32
16,0.39269908169872414,0.0023142093219999998,5700.0000000779974,0.024465858128592609,0.00037168234724367405,32
16,0.39269908169872414,0.0023142093219999998,5800.0000000801801,0.025306863250632819,0.00038249448065675912,32
16,0.39269908169872414,0.0023142093219999998,5900.0000000823629,0.026138344331699769,0.00046930720171019496,32
16,0.39269908169872414,0.0023142093219999998,6000.0000000845457,0.025700898565467919,0.00041224177616490019,32
16,0.39269908169872414,0.0023142093219999998,6100.0000000867285,0.025382701841539804,0.00050051797490469421,32
16,0.39269908169872414,0.0023142093219999998,6200.0000000889113,0.025559370936118646,0.0003785345596074244,32
16,0.39269908169872414,0.0023142093219999998,6300.0000000910941,0.025483518730483941,0.00044879230036141916,32
16,0.39269908169872414,0.0023142093219999998,6400.0000000932769,0.024691963311335718,0.00035725504213321007,32
16,0.39269908169872414,0.0023142093219999998,6500.0000000954597,0.024993311457814794,0.00038115930989310255,32
16,0.39269908169872414,0.0023142093219999998,6600.0000000976424,0.025200460445975216,0.00041282175778153371,32
16,0.39269908169872414,0.0023142093219999998,6700.0000000998252,0.024278151417544469,0.00039386349503029111,32
16,0.39269908169872414,0.0023142093219999998,6800.000000102008,0.025310347596220077,0.0004943925778221692,32
16,0.39269908169872414,0.0023142093219999998,6900.0000001041908,0.02458955119480628,0.00041431525015849722,32
16,0.39269908169872414,0.0023142093219999998,7000.0000001063736,0.025198585445648399,0.00039609569279323083,32
16,0.39269908169872414,0.0023142093219999998,7100.0000001085564,0.025120176497684041,0.00043948514095044385,32
16,0.39269908169872414,0.0023142093219999998,7200.0000001107392,0.02557050951924416,0.00040730504545539119,32
16,0.39269908169872414,0.0023142093219999998,7300.000000112922,0.025516249820040672,0.00042747174141556063,32
16,0.39269908169872414,0.0023142093219999998,7400.0000001151047,0.025512550240831416,0.00040727379623670985,32
16,0.39269908169872414,0.0023142093219999998,7500.0000001172875,0.025709628375478584,0.0004668173393089824,32
16,0.39269908169872414,0.0023142093219999998,7600.0000001194703,0.024621892770879717,0.00034703843140602313,32
16,0.39269908169872414,0.0023142093219999998,7700.0000001216531,0.024773262191995733,0.00040970075667365346,32
16,0.39269908169872414,0.0023142093219999998,7800.0000001238359,0.024952038172190702,0.00046562551914729704,32
16,0.39269908169872414,0.0023142093219999998,7900.0000001260187,0.024923101241560226,0.00041192545425263881,32
16,0.39269908169872414,0.0023142093219999998,8000.0000001282015,0.024866100758715634,0.00037464664151623485,32
16,0.39269908169872414,0.0023142093219999998,8100.0000001303843,0.025065018837295127,0.00041508637579252031,32
16,0.39269908169872414,0.0023142093219999998,8200.0000001325661,0.025222284120815449,0.00040299967418398275,32
16,0.39269908169872414,0.0023142093219999998,8300.0000001347489,0.025443235989310045,0.000479998525630099,32
16,0.39269908169872414,0.0023142093219999998,8400.0000001369317,0.025039375756374133,0.00051576763300428612,32
16,0.39269908169872414,0.0023142093219999998,8500.0000001391145,0.0254285927601927,0.00039952868971520521,32
16,0.39269908169872414,0.0023142093219999998,8600.0000001412973,0.025396307404744269,0.00037475609730170235,32
16,0.39269908169872414,0.0023142093219999998,8700.0000001434801,0.025366729076243249,0.00042590214451807202,32
16,0.39269908169872414,0.0023142093219999998,8800.0000001456629,0.024957256193550967,0.00047693899886737119,32
16,0.39269908169872414,0.0023142093219999998,8900.0000001478456,0.025708989969886402,0.00043623375559500004,32
16,0.39269908169872414,0.0023142093219999998,9000.0000001500284,0.025136004698474931,0.00045374603429317143,32
16,0.39269908169872414,0.0023142093219999998,9100.0000001522112,0.025339855645601268,0.00045979140568740075,32
16,0.39269908169872414,0.0023142093219999998,9200.000000154394,0.025191653498043177,0.00041528469659560447,32
16,0.39269908169872414,0.0023142093219999998,9300.0000001565768,0.025213857076032437,0.00044902356750662579,32
16,0.39269908169872414,0.0023142093219999998,9400.0000001587596,0.025113455548329635,0.00050599747701936704,32
16,0.39269908169872414,0.0023142093219999998,9500.0000001609424,0.025055900140086809,0.00042144101499015668,32
16,0.39269908169872414,0.0023142093219999998,9600.0000001631252,0.025084305223431538,0.0004124856923443517,32
16,0.39269908169872414,0.0023142093219999998,9700.0000001653079,0.025217981451075931,0.00038946849489839724,32
16,0.39269908169872414,0.0023142093219999998,9800.0000001674907,0.025724238864682541,0.00032674853289001583,32
16,0.39269908169872414,0.0023142093219999998,9900.0000001696735,0.025534228403958827,0.00040163577472253386,32
16,0.39269908169872414,0.0023142093219999998,10000.000000171856,0.024513941972792875,0.00040450431337244776,32
16,0.39269908169872414,0.0023142093219999998,10100.000000174039,0.024805525727131166,0.0004915449210956724,32
16,0.39269908169872414,0.0023142093219999998,10200.000000176222,0.025463298084531009,0.00051816826907908698,32
16,0.39269908169872414,0.0023142093219999998,10300.000000178405,0.025055665974424109,0.00041895156193188035,32
16,0.39269908169872414,0.0023142093219999998,10400.000000180587,0.024383195683587312,0.00033093636357992581,32
16,0.39269908169872414,0.0023142093219999998,10500.00000018277,0.024549837606214875,0.00057615092338219188,32
16,0.39269908169872414,0.0023142093219999998,10600.000000184953,0.025121291845595511,0.00045607603573586297,32
16,0.39269908169872414,0.0023142093219999998,10700.000000187136,0.024866881080082906,0.00041852155435919758,32
16,0.39269908169872414,0.0023142093219999998,10800.000000189319,0.025093457844577515,0.00035908234301439834,32
16,0.39269908169872414,0.0023142093219999998,10900.000000191501,0.024931371187959767,0.00039364675421003914,32
16,0.39269908169872414,0.0023142093219999998,11000.000000193684,0.025499985478715213,0.00043000945573325639,32
16,0.39269908169872414,0.0023142093219999998,11100.000000195867,0.025006650336788384,0.00050737863700064923,32
16,0.39269908169872414,0.0023142093219999998,11200.00000019805,0.024481287385972324,0.00040994719481288216,32
16,0.39269908169872414,0.0023142093219999998,11300.000000200233,0.025027008393136624,0.0004720254403750667,32
16,0.39269908169872414,0.0023142093219999998,11400.000000202415,0.025020681111773288,0.00051773506419094159,32
16,0.39269908169872414,0.0023142093219999998,11500.000000204598,0.025407684273685584,0.00050440377710211427,32
16,0.39269908169872414,0.0023142093219999998,11600.000000206781,0.024674319509047336,0.00040998448234769435,32
16,0.39269908169872414,0.0023142093219999998,11700.000000208964,0.025932028065661829,0.00037575016398361607,32
16,0.39269908169872414,0.0023142093219999998,11800.000000211146,0.02546690553254569,0.00045338351278940585,32
16,0.39269908169872414,0.0023142093219999998,11900.000000213329,0.025075516866122999,0.00035140906005326955,32
16,0.39269908169872414,0.0023142093219999998,12000.000000215512,0.024950028653566797,0.0003934793314355896,32
16,0.39269908169872414,0.0023142093219999998,12100.000000217695,0.024699484461659822,0.00047593694039149508,32
16,0.39269908169872414,0.0023142093219999998,12200.000000219878,0.025296298327060925,0.00038741207640009964,32
16,0.39269908169872414,0.0023142093219999998,12300.00000022206,0.025472031477749263,0.00047380724728199276,32
16,0.39269908169872414,0.0023142093219999998,12400.000000224243,0.025327488795248713,0.00054248574057449484,32
16,0.39269908169872414,0.0023142093219999998,12500.000000226426,0.026074611787169556,0.00048520358132157521,32
16,0.39269908169872414,0.0023142093219999998,12600.000000228609,0.026162250069295765,0.00051858626579313655,32
16,0.39269908169872414,0.0023142093219999998,12700.000000230792,0.025743597721465956,0.00045320314045126201,32
16,0.39269908169872414,0.0023142093219999998,12800.000000232974,0.025190706983356077,0.00049042050736103967,32
16,0.39269908169872414,0.0023142093219999998,12900.000000235157,0.025215098587525117,0.000498810750958471,32
16,0.39269908169872414,0.0023142093219999998,13000.00000023734,0.02529751133909007,0.00043126674595313864,32
16,0.39269908169872414,0.0023142093219999998,13100.000000239523,0.025434502389112955,0.00035890251916876747,32
16,0.39269908169872414,0.0023142093219999998,13200.000000241705,0.025089710704284226,0.00041477414668517689,32
16,0.39269908169872414,0.0023142093219999998,13300.000000243888,0.025190305880850174,0.00039101521498015638,32
16,0.39269908169872414,0.0023142093219999998,13400.000000246071,0.026062473212740165,0.00048560064116789177,32
16,0.39269908169872414,0.0023142093219999998,13500.000000248254,0.025405060826476006,0.00047971463262577713,32
16,0.39269908169872414,0.0023142093219999998,13600.000000250437,0.024737698185150765,0.00048473431897930977,32
16,0.39269908169872414,0.0023142093219999998,13700.000000252619,0.024842231853059438,0.00045862434323683086,32
16,0.39269908169872414,0.0023142093219999998,13800.000000254802,0.025561276496706212,0.00041881642376625833,32
16,0.39269908169872414,0.0023142093219999998,13900.000000256985,0.024953927844720749,0.00050155770131571668,32
16,0.39269908169872414,0.0023142093219999998,14000.000000259168,0.025709820586254796,0.00035289097456663157,32
16,0.39269908169872414,0.0023142093219999998,14100.000000261351,0.025604680595757386,0.00045950290022313202,32
16,0.39269908169872414,0.0023142093219999998,14200.000000263533,0.025797894836055529,0.00046859828283497324,32
16,0.39269908169872414,0.0023142093219999998,14300.000000265716,0.02550420534112945,0.00047914067833044419,32
16,0.39269908169872414,0.0023142093219999998,14400.000000267899,0.024539223523655555,0.00039209286303011035,32
16,0.39269908169872414,0.0023142093219999998,14500.000000270082,0.024745687769618527,0.00036686908416182326,32
16,0.39269908169872414,0.0023142093219999998,14600.000000272265,0.024768764482056473,0.00042464647153797841,32
16,0.39269908169872414,0.0023142093219999998,14700.000000274447,0.025046213271290751,0.00032243596616901728,32
16,0.39269908169872414,0.0023142093219999998,14800.00000027663,0.024285215920623764,0.00045863548858371823,32
16,0.39269908169872414,0.0023142093219999998,14900.000000278813,0.025323543235212829,0.00040784018158816277,32
16,0.39269908169872414,0.0023142093219999998,15000.000000280996,0.025001860628046348,0.00040617324571242227,32
16,0.39269908169872414,0.0023142093219999998,15100.000000283178,0.024436287659688468,0.00057869093636180643,32
16,0.39269908169872414,0.0023142093219999998,15200.000000285361,0.025022536484949991,0.00040088691022167167,32
16,0.39269908169872414,0.0023142093219999998,15300.000000287544,0.024695482788779314,0.00041843242024040676,32
16,0.39269908169872414,0.0023142093219999998,15400.000000289727,0.025421175036956255,0.00046693071680418968,32
16,0.39269908169872414,0.0023142093219999998,15500.00000029191,0.025470156949663585,0.00041595053528121632,32
16,0.39269908169872414,0.0023142093219999998,15600.000000294092,0.025690162967817679,0.00051974288234549952,32
16,0.39269908169872414,0.0023142093219999998,15700.000000296275,0.024790141727094449,0.00039277673529963423,32
16,0.39269908169872414,0.0023142093219999998,15800.000000298458,0.025030876628700377,0.00041290962793687176,32
16,0.39269908169872414,0.0023142093219999998,15900.000000300641,0.025184517341537916,0.00049106205946261832,32
16,0.39269908169872414,0.0023142093219999998,16000.000000302824,0.025034701104629489,0.00044603858848496508,32
16,0.39269908169872414,0.0023142093219999998,16100.000000305006,0.025290331851708078,0.00042171743657009008,32
16,0.39269908169872414,0.0023142093219999998,16200.000000307189,0.025504595917452869,0.00052610092329171798,32
16,0.39269908169872414,0.0023142093219999998,16300.000000309372,0.025660873815801358,0.00046537550439645957,32
16,0.39269908169872414,0.0023142093219999998,16400.000000308642,0.025192827073049977,0.00038936564300252972,32
16,0.39269908169872414,0.0023142093219999998,16500.000000292635,0.024604247909071765,0.00042498275223737668,32
16,0.39269908169872414,0.0023142093219999998,16600.000000276628,0.024962819586933412,0.00047703328094268353,32
16,0.39269908169872414,0.0023142093219999998,16700.000000260621,0.024458761463423136,0.00045439580723708188,32
16,0.39269908169872414,0.0023142093219999998,16800.000000244614,0.024686309428885778,0.00044409935241466103,32
16,0.39269908169872414,0.0023142093219999998,16900.000000228607,0.025155862718068731,0.00047980618048447979,32
16,0.39269908169872414,0.0023142093219999998,17000.0000002126,0.025542595005853413,0.00038942611884352547,32
16,0.39269908169872414,0.0023142093219999998,17100.000000196593,0.024796321997494736,0.0004197066740907009,32
16,0.39269908169872414,0.0023142093219999998,17200.000000180586,0.0255303244360729,0.00034904219336532672,32
16,0.39269908169872414,0.0023142093219999998,17300.000000164579,0.024448320567522698,0.00047949114846374279,32
16,0.39269908169872414,0.0023142093219999998,17400.000000148571,0.025100523224866344,0.00040494001640540574,32
16,0.39269908169872414,0.0023142093219999998,17500.000000132564,0.024806131537768551,0.00035046378181946141,32
16,0.39269908169872414,0.0023142093219999998,17600.000000116557,0.024443132086721435,0.00051827814357498366,32
16,0.39269908169872414,0.0023142093219999998,17700.00000010055,0.025328365638492504,0.00041811932887828143,32
16,0.39269908169872414,0.0023142093219999998,17800.000000084543,0.024837552382782038,0.00040581527816872982,32
16,0.39269908169872414,0.0023142093219999998,17900.000000068536,0.024809420421118378,0.00040488445163395186,32
16,0.39269908169872414,0.0023142093219999998,18000.000000052529,0.025974722260903964,0.00042461655282450455,32
16,0.39269908169872414,0.0023142093219999998,18100.000000036522,0.024438180567681048,0.00039257188697302539,32
16,0.39269908169872414,0.0023142093219999998,18200.000000020515,0.025139198734826403,0.00036201582166215957,32
16,0.39269908169872414,0.0023142093219999998,18300.000000004507,0.025201343419527067,0.00040457066861351079,32
16,0.39269908169872414,0.0023142093219999998,18399.9999999885,0.024714199308395336,0.0003705907136147862,32
16,0.39269908169872414,0.0023142093219999998,18499.999999972493,0.02574009865935541,0.00035271875800710242,32
16,0.39269908169872414,0.0023142093219999998,18599.999999956486,0.024563266166484049,0.00031400221463459554,32
16,0.39269908169872414,0.0023142093219999998,18699.999999940479,0.024961498185007164,0.00035592068157101362,32
16,0.39269908169872414,0.0023142093219999998,18799.999999924472,0.025135511089205368,0.0003786263066289422,32
16,0.39269908169872414,0.0023142093219999998,18899.999999908465,0.025095705963215052,0.00041812333964598485,32
16,0.39269908169872414,0.0023142093219999998,18999.999999892458,0.025290034601249983,0.00040605914795452131,32
16,0.39269908169872414,0.0023142093219999998,19099.999999876451,0.025108295699674314,0.00046662397086893439,32
16,0.39269908169872414,0.0023142093219999998,19199.999999860443,0.024238914459956865,0.00041450863747753697,32
16,0.39269908169872414,0.0023142093219999998,19299.999999844436,0.025156858206963222,0.00046572053953376329,32
16,0.39269908169872414,0.0023142093219999998,19399.999999828429,0.025220756607271036,0.0004693527180258569,32
16,0.39269908169872414,0.0023142093219999998,19499.999999812422,0.025809418458587849,0.00054497421131154708,32
16,0.39269908169872414,0.0023142093219999998,19599.999999796415,0.02528017285643399,0.00041514136730659622,32
16,0.39269908169872414,0.0023142093219999998,19699.999999780408,0.025185158495323882,0.00045751229815527009,32
16,0.39269908169872414,0.0023142093219999998,19799.999999764401,0.024808380223476947,0.00051642124999436926,32
16,0.39269908169872414,0.0023142093219999998,19899.999999748394,0.025763148403999635,0.00046580837391247152,32
16,0.39269908169872414,0.0023142093219999998,19999.999999732387,0.025278378686121282,0.00054724856594874161,32
16,0.39269908169872414,0.0023142093219999998,20099.99999971638,0.025343818761718439,0.0004815750846641497,32
16,0.39269908169872414,0.0023142093219999998,20199.999999700372,0.024329147453883475,0.00040345180430824027,32
16,0.39269908169872414,0.0023142093219999998,20299.999999684365,0.024584902691246403,0.00044962298688910722,32
16,0.39269908169872414,0.0023142093219999998,20399.999999668358,0.025278654765040116,0.00045699180480268973,32
16,0.39269908169872414,0.0023142093219999998,20499.999999652351,0.025658658059766748,0.00036151199620090341,32
16,0.39269908169872414,0.0023142093219999998,20599.999999636344,0.024757299395638834,0.00040844172722803214,32
16,0.39269908169872414,0.0023142093219999998,20699.999999620337,0.025197238609440932,0.00047676412351858205,32
16,0.39269908169872414,0.0023142093219999998,20799.99999960433,0.025123379969331491,0.00044001312664579363,32
16,0.39269908169872414,0.0023142093219999998,20899.999999588323,0.025053024413605678,0.00043214925279995453,32
16,0.39269908169872414,0.0023142093219999998,20999.999999572316,0.025238105427370618,0.00040072698883218173,32
16,0.39269908169872414,0.0023142093219999998,21099.999999556308,0.025198589949381442,0.00036194620196889282,32
16,0.39269908169872414,0.0023142093219999998,21199.999999540301,0.025134855535370294,0.00040296592439175772,32
16,0.39269908169872414,0.0023142093219999998,21299.999999524294,0.024741685222734785,0.00041003771938982026,32
16,0.39269908169872414,0.0023142093219999998,21399.999999508287,0.026078431113711564,0.00048940059194970905,32
16,0.39269908169872414,0.0023142093219999998,21499.99999949228,0.025678588467616306,0.00040937727040429162,32
16,0.39269908169872414,0.0023142093219999998,21599.999999476273,0.025550733572721047,0.00054512892603661694,32
16,0.39269908169872414,0.0023142093219999998,21699.999999460266,0.025306505102386155,0.0003758611346839573,32
16,0.39269908169872414,0.0023142093219999998,21799.999999444259,0.024852278836883158,0.00041220906549810165,32
16,0.39269908169872414,0.0023142093219999998,21899.999999428252,0.024837747430068211,0.0004461859055275248,32
16,0.39269908169872414,0.0023142093219999998,21999.999999412245,0.025364050255341584,0.00044373661002117531,32
16,0.39269908169872414,0.0023142093219999998,22099.999999396237,0.024342043535155938,0.00055662539460466615,32
16,0.39269908169872414,0.0023142093219999998,22199.99999938023,0.025495803183290325,0.00053503136790717851,32
16,0.39269908169872414,0.0023142093219999998,22299.999999364223,0.024642286210481874,0.00040134687222684865,32
16,0.39269908169872414,0.0023142093219999998,22399.999999348216,0.024289026788464996,0.00044003114123867138,32
16,0.39269908169872414,0.0023142093219999998,22499.999999332209,0.02443211036046319,0.00050086415857403851,32
16,0.39269908169872414,0.0023142093219999998,22599.999999316202,0.025344406964056463,0.00051011545853017943,32
16,0.39269908169872414,0.0023142093219999998,22699.999999300195,0.024950273004926683,0.00035222676060910719,32
16,0.39269908169872414,0.0023142093219999998,22799.999999284188,0.025109912194977123,0.00043741260962066101,32
16,0.39269908169872414,0.0023142093219999998,22899.999999268181,0.025284278844003267,0.00038273131830860336,32
16,0.39269908169872414,0.0023142093219999998,22999.999999252173,0.024874868979381091,0.00038032224169304849,32
16,0.39269908169872414,0.0023142093219999998,23099.999999236166,0.02509379108130869,0.00046901679055279223,32
16,0.39269908169872414,0.0023142093219999998,23199.999999220159,0.026152544791876092,0.00033550399296323422,32
16,0.39269908169872414,0.0023142093219999998,23299.999999204152,0.024668330549574739,0.00045170303289646249,32
16,0.39269908169872414,0.0023142093219999998,23399.999999188145,0.024854468540291878,0.00039074758430741673,32
16,0.39269908169872414,0.0023142093219999998,23499.999999172138,0.025225561841318717,0.00049171454683875741,32
16,0.39269908169872414,0.0023142093219999998,23599.999999156131,0.025106388111577633,0.00047212617091083297,32
16,0.39269908169872414,0.0023142093219999998,23699.999999140124,0.025300348722541263,0.0003834600128513597,32
16,0.39269908169872414,0.0023142093219999998,23799.999999124117,0.025769579182020944,0.00044228535561685156,32
16,0.39269908169872414,0.0023142093219999998,23899.999999108109,0.025158490453848818,0.00039178121674477519,32
16,0.39269908169872414,0.0023142093219999998,23999.999999092102,0.024866085748038141,0.00043483482675467974,32
16,0.39269908169872414,0.0023142093219999998,24099.999999076095,0.024611189492201941,0.00040653998357783038,32
16,0.39269908169872414,0.0023142093219999998,24199.999999060088,0.025043000646949157,0.00039609067055192918,32
16,0.39269908169872414,0.0023142093219999998,24299.999999044081,0.025392084020754026,0.00042593799290947197,32
16,0.39269908169872414,0.0023142093219999998,24399.999999028074,0.025128939912680018,0.00037725147499376556,32
16,0.39269908169872414,0.0023142093219999998,24499.999999012067,0.025428199173952466,0.00035122091657620622,32
16,0.39269908169872414,0.0023142093219999998,24599.99999899606,0.024457681237220027,0.00047536979734517096,32
16,0.39269908169872414,0.0023142093219999998,24699.999998980053,0.025007492310291965,0.00049659789172753078,32
16,0.39269908169872414,0.0023142093219999998,24799.999998964046,0.025245082997068454,0.00045968120630070496,32
16,0.39269908169872414,0.0023142093219999998,24899.999998948038,0.025918440349547236,0.0003378753482758865,32
16,0.39269908169872414,0.0023142093219999998,24999.999998932031,0.025237689980130557,0.00044194964778296048,32
16,0.39269908169872414,0.0023142093219999998,25099.999998916024,0.025400853793673073,0.00042701485694800233,32
16,0.39269908169872414,0.0023142093219999998,25199.999998900017,0.026034952914743236,0.00043366518602808141,32
16,0.39269908169872414,0.0023142093219999998,25299.99999888401,0.025651504959453817,0.00043031124115653751,32
16,0.39269908169872414,0.0023142093219999998,25399.999998868003,0.025610740222240299,0.0004671949744216826,32
16,0.39269908169872414,0.0023142093219999998,25499.999998851996,0.0251416345197507,0.0004201048582727037,32
16,0.39269908169872414,0.0023142093219999998,25599.999998835989,0.025151534450435324,0.00045783430585739384,32
16,0.39269908169872414,0.0023142093219999998,25699.999998819982,0.025340429890109144,0.00040770507182181988,32
16,0.39269908169872414,0.0023142093219999998,25799.999998803974,0.024994524874224489,0.00036451828526954034,32
16,0.39269908169872414,0.0023142093219999998,25899.999998787967,0.024822893180945847,0.00042686897505839357,32
16,0.39269908169872414,0.0023142093219999998,25999.99999877196,0.024554159344418642,0.00050631147140821472,32
16,0.39269908169872414,0.0023142093219999998,26099.999998755953,0.025579192047565612,0.00039533170416804377,32
16,0.39269908169872414,0.0023142093219999998,26199.999998739946,0.025673383682027897,0.00049683940476295655,32
16,0.39269908169872414,0.0023142093219999998,26299.999998723939,0.026034308045138174,0.00049328375348057997,32
16,0.39269908169872414,0.0023142093219999998,26399.999998707932,0.025319724019623995,0.00045158067449795064,32
16,0.39269908169872414,0.0023142093219999998,26499.999998691925,0.024710163167267509,0.00044183782479042578,32
16,0.39269908169872414,0.0023142093219999998,26599.999998675918,0.025548567655777944,0.00040903531991149365,32
16,0.39269908169872414,0.0023142093219999998,26699.99999865991,0.024247676199664184,0.00047048436305428836,32
16,0.39269908169872414,0.0023142093219999998,26799.999998643903,0.025444486160353219,0.00047680820128494,32
16,0.39269908169872414,0.0023142093219999998,26899.999998627896,0.025259193369207702,0.00045743188099656509,32
16,0.39269908169872414,0.0023142093219999998,26999.999998611889,0.02523660406694191,0.00050488568247146817,32
16,0.39269908169872414,0.0023142093219999998,27099.999998595882,0.025880268748641754,0.00036461347760297986,32
16,0.39269908169872414,0.0023142093219999998,27199.999998579875,0.025164008729764795,0.00050164649801923307,32
16,0.39269908169872414,0.0023142093219999998,27299.999998563868,0.024660248354184667,0.00054756436968961925,32
16,0.39269908169872414,0.0023142093219999998,27399.999998547861,0.02526646537278503,0.00049340411634818707,32
16,0.39269908169872414,0.0023142093219999998,27499.999998531854,0.025687514984830743,0.00035835190578677916,32
16,0.39269908169872414,0.0023142093219999998,27599.999998515847,0.026157964808437947,0.00048617534411792923,32
16,0.39269908169872414,0.0023142093219999998,27699.999998499839,0.025039435731180715,0.00031221059088829548,32
16,0.39269908169872414,0.0023142093219999998,27799.999998483832,0.02543478938747722,0.00043438932158981449,32
16,0.39269908169872414,0.0023142093219999998,27899.999998467825,0.025342155638391459,0.00042833644421114771,32
16,0.39269908169872414,0.0023142093219999998,27999.999998451818,0.025694027408948938,0.00041226745742436733,32
16,0.39269908169872414,0.0023142093219999998,28099.999998435811,0.025064906365584342,0.00033281472465073608,32
16,0.39269908169872414,0.0023142093219999998,28199.999998419804,0.02484817060521808,0.00034208853017470757,32
16,0.39269908169872414,0.0023142093219999998,28299.999998403797,0.025202777144153088,0.00035891610248280992,32
16,0.39269908169872414,0.0023142093219999998,28399.99999838779,0.025376011043355781,0.00039713845135857839,32
16,0.39269908169872414,0.0023142093219999998,28499.999998371783,0.024965391958506056,0.00040997888431795965,32
16,0.39269908169872414,0.0023142093219999998,28599.999998355775,0.024360318698515709,0.00045813000762685852,32
16,0.39269908169872414,0.0023142093219999998,28699.999998339768,0.024427368278629992,0.00036738982584240854,32
16,0.39269908169872414,0.0023142093219999998,28799.999998323761,0.025476253468912198,0.00037776897845938107,32
16,0.39269908169872414,0.0023142093219999998,28899.999998307754,0.025332284534175353,0.000485369952849785,32
16,0.39269908169872414,0.0023142093219999998,28999.999998291747,0.025739177487473144,0.00038711364751697544,32
16,0.39269908169872414,0.0023142093219999998,29099.99999827574,0.025693194827858003,0.00031114248187938469,32
16,0.39269908169872414,0.0023142093219999998,29199.999998259733,0.024674899643866897,0.00045544348678836015,32
16,0.39269908169872414,0.0023142093219999998,29299.999998243726,0.0253040670965924,0.00042840328065430302,32
16,0.39269908169872414,0.0023142093219999998,29399.999998227719,0.024871539342621426,0.00036958548980097877,32
16,0.39269908169872414,0.0023142093219999998,29499.999998211711,0.024565539799347471,0.00049641244324216888,32
16,0.39269908169872414,0.0023142093219999998,29599.999998195704,0.024970844011271285,0.00039507203826783866,32
16,0.39269908169872414,0.0023142093219999998,29699.999998179697,0.025532898456708315,0.00041717681084104909,32
16,0.39269908169872414,0.0023142093219999998,29799.99999816369,0.024790843763774592,0.00045458663918800975,32
16,0.39269908169872414,0.0023142093219999998,29899.999998147683,0.025517727220205767,0.00037464655375654015,32
16,0.39269908169872414,0.0023142093219999998,29999.999998131676,0.024668299170203075,0.00035885182734915331,32
16,0.39269908169872414,0.0023142093219999998,30099.999998115669,0.025173178697272109,0.00045871957445382626,32
16,0.39269908169872414,0.0023142093219999998,30199.999998099662,0.024773545231665039,0.00042466639993858879,32
16,0.39269908169872414,0.0023142093219999998,30299.999998083655,0.025220683098220367,0.00045682024658488671,32
16,0.39269908169872414,0.0023142093219999998,30399.999998067648,0.025270126055464342,0.00040433212991288311,32
16,0.39269908169872414,0.0023142093219999998,30499.99999805164,0.024475307480762439,0.00041893794108008829,32
16,0.39269908169872414,0.0023142093219999998,30599.999998035633,0.025518302261992885,0.00049661612927799853,32
16,0.39269908169872414,0.0023142093219999998,30699.999998019626,0.025047551361725064,0.00035932799505936281,32
16,0.39269908169872414,0.0023142093219999998,30799.999998003619,0.024925495726975645,0.00047844510763014902,32
16,0.39269908169872414,0.0023142093219999998,30899.999997987612,0.026130666040790698,0.00047649181663994626,32
16,0.39269908169872414,0.0023142093219999998,30999.999997971605,0.025568360747047186,0.00040535384007583892,32
16,0.39269908169872414,0.0023142093219999998,31099.999997955598,0.02493280786284157,0.00040779501539996821,32
16,0.39269908169872414,0.0023142093219999998,31199.999997939591,0.024711627747775827,0.00041232450118251128,32
16,0.39269908169872414,0.0023142093219999998,31299.999997923584,0.024837102078776045,0.00037752552019907791,32
16,0.39269908169872414,0.0023142093219999998,31399.999997907576,0.025478112264324344,0.00036412752209701905,32
16,0.39269908169872414,0.0023142093219999998,31499.999997891569,0.02488846729280857,0.00040584199990335358,32
16,0.39269908169872414,0.0023142093219999998,31599.999997875562,0.0254448826655038,0.00040613931625637403,32
16,0.39269908169872414,0.0023142093219999998,31699.999997859555,0.025815854672781375,0.00040686429362885327,32
16,0.39269908169872414,0.0023142093219999998,31799.999997843548,0.025114133475991632,0.00040767407731579609,32
16,0.39269908169872414,0.0023142093219999998,31899.999997827541,0.025725395296206963,0.00037407202132718647,32
16,0.39269908169872414,0.0023142093219999998,31999.999997811534,0.024760536874984296,0.00044477192856445867,32
16,0.39269908169872414,0.0023142093219999998,32099.999997795527,0.024789312861122709,0.00037751000259086514,32
16,0.39269908169872414,0.0023142093219999998,32199.99999777952,0.024873550511640145,0.00044880869895690942,32
16,0.39269908169872414,0.0023142093219999998,32299.999997763513,0.024979907702166061,0.00052654380156879948,32
16,0.39269908169872414,0.0023142093219999998,32399.999997747505,0.025271828509159266,0.00034730387673150259,32
16,0.39269908169872414,0.0023142093219999998,32499.999997731498,0.025339410237065076,0.00036711043965814412,32
16,0.39269908169872414,0.0023142093219999998,32599.999997715491,0.025044147099890279,0.00032255757905199712,32
16,0.39269908169872414,0.0023142093219999998,32699.999997699484,0.024530868939884602,0.00041778458286666225,32
16,0.39269908169872414,0.0023142093219999998,32799.999997695115,0.024993377838639523,0.00049210935262408565,32
16,0.39269908169872414,0.0023142093219999998,32899.999997715488,0.024996025687014731,0.00040700010359349779,32
16,0.39269908169872414,0.0023142093219999998,32999.99999773586,0.024913518477328037,0.00045957967440262245,32
16,0.39269908169872414,0.0023142093219999998,33099.999997756233,0.025407731827208589,0.00036858295709081513,32
16,0.39269908169872414,0.0023142093219999998,33199.999997776606,0.025306156004837248,0.00035815323106896463,32
16,0.39269908169872414,0.0023142093219999998,33299.999997796978,0.024643292544345479,0.00034613350387286573,32
16,0.39269908169872414,0.0023142093219999998,33399.999997817351,0.024655895642507683,0.00035929842529172358,32
16,0.39269908169872414,0.0023142093219999998,33499.999997837724,0.024872097339424425,0.00033096645474041305,32
16,0.39269908169872414,0.0023142093219999998,33599.999997858096,0.025068332493363078,0.00042142199638925827,32
16,0.39269908169872414,0.0023142093219999998,33699.999997878469,0.024923223478965018,0.00046784060500822632,32
16,0.39269908169872414,0.0023142093219999998,33799.999997898842,0.025259420711810462,0.00052410868862747917,32
16,0.39269908169872414,0.0023142093219999998,33899.999997919214,0.025480475197320256,0.00047262805579184131,32
16,0.39269908169872414,0.0023142093219999998,33999.999997939587,0.025263144965531576,0.00048250625142293819,32
16,0.39269908169872414,0.0023142093219999998,34099.99999795996,0.024827575825776001,0.00039698275545520673,32
16,0.39269908169872414,0.0023142093219999998,34199.999997980332,0.025580454940832907,0.00033563818113563647,32
16,0.39269908169872414,0.0023142093219999998,34299.999998000705,0.024895222540973323,0.00047311885883515037,32
16,0.39269908169872414,0.0023142093219999998,34399.999998021078,0.024941220171707964,0.00046938765215855094,32
16,0.39269908169872414,0.0023142093219999998,34499.99999804145,0.025274121490948161,0.00040662550519018659,32
16,0.39269908169872414,0.0023142093219999998,34599.999998061823,0.025215627249071955,0.00047492420221123668,32
16,0.39269908169872414,0.0023142093219999998,34699.999998082196,0.025711480053708342,0.00032050165382352337,32
16,0.39269908169872414,0.0023142093219999998,34799.999998102568,0.025863668286225806,0.0004145666480577051,32
16,0.39269908169872414,0.0023142093219999998,34899.999998122941,0.026044078219248722,0.00039837677476216781,32
16,0.39269908169872414,0.0023142093219999998,34999.999998143314,0.025131365914549779,0.00045133123494589994,32
16,0.39269908169872414,0.0023142093219999998,35099.999998163687,0.025501249104006165,0.00049083934673716022,32
16,0.39269908169872414,0.0023142093219999998,35199.999998184059,0.025231697295360615,0.00032829729475862638,32
16,0.39269908169872414,0.0023142093219999998,35299.999998204432,0.023693298507015542,0.00040625797980645367,32
16,0.39269908169872414,0.0023142093219999998,35399.999998224805,0.024536752792941582,0.00037731427326257849,32
16,0.39269908169872414,0.0023142093219999998,35499.999998245177,0.02534180012380274,0.00035568279325357227,32
16,0.39269908169872414,0.0023142093219999998,35599.99999826555,0.024043462125642699,0.00043053448153003069,32
16,0.39269908169872414,0.0023142093219999998,35699.999998285923,0.025010920286176019,0.00044485567025535466,32
16,0.39269908169872414,0.0023142093219999998,35799.999998306295,0.024173486019958917,0.00047722402698765159,32
16,0.39269908169872414,0.0023142093219999998,35899.999998326668,0.025250573113243628,0.00041386253830442244,32
16,0.39269908169872414,0.0023142093219999998,35999.999998347041,0.0247188966281254,0.00034774038906523367,32
16,0.39269908169872414,0.0023142093219999998,36099.999998367413,0.025686782205889117,0.000497416949107166,32
16,0.39269908169872414,0.0023142093219999998,36199.999998387786,0.02524362991307362,0.00049928615920524094,32
16,0.39269908169872414,0.0023142093219999998,36299.999998408159,0.025159175603052541,0.00042036803556703896,32
16,0.39269908169872414,0.0023142093219999998,36399.999998428531,0.025465636377740582,0.00038227293382709059,32
16,0.39269908169872414,0.0023142093219999998,36499.999998448904,0.024709705449012801,0.00036555173275158964,32
16,0.39269908169872414,0.0023142093219999998,36599.999998469277,0.024955817417916547,0.00042896440949513788,32
16,0.39269908169872414,0.0023142093219999998,36699.999998489649,0.024936828978503411,0.00047936744512714735,32
16,0.39269908169872414,0.0023142093219999998,36799.999998510022,0.024776677104802452,0.0004350985463323334,32
16,0.39269908169872414,0.0023142093219999998,36899.999998530395,0.025645636865551026,0.00052632533942636539,32
16,0.39269908169872414,0.0023142093219999998,36999.999998550767,0.025185083084686196,0.00045696734015693584,32
16,0.39269908169872414,0.0023142093219999998,37099.99999857114,0.024979446184486945,0.00036253748703319482,32
16,0.39269908169872414,0.0023142093219999998,37199.999998591513,0.025818503334934493,0.00042739583929528178,32
16,0.39269908169872414,0.0023142093219999998,37299.999998611886,0.024745348198996344,0.00042017513836839254,32
16,0.39269908169872414,0.0023142093219999998,37399.999998632258,0.026028993241578126,0.00037330414765002499,32
16,0.39269908169872414,0.0023142093219999998,37499.999998652631,0.024967013355255314,0.00042031707273955409,32
16,0.39269908169872414,0.0023142093219999998,37599.999998673004,0.025014465249409121,0.00044807138049420106,32
16,0.39269908169872414,0.0023142093219999998,37699.999998693376,0.024223903989004834,0.00046216983129007948,32
16,0.39269908169872414,0.0023142093219999998,37799.999998713749,0.025370455534512244,0.00038813445488866894,32
16,0.39269908169872414,0.0023142093219999998,37899.999998734122,0.024846389431033275,0.00042226335962960537,32
16,0.39269908169872414,0.0023142093219999998,37999.999998754494,0.025187335595383709,0.00043724778360707738,32
16,0.39269908169872414,0.0023142093219999998,38099.999998774867,0.025465142306021576,0.00048552399962833596,32
16,0.39269908169872414,0.0023142093219999998,38199.99999879524,0.025080743085655992,0.00041712528394765355,32
16,0.39269908169872414,0.0023142093219999998,38299.999998815612,0.025706701235140329,0.00044735523020640491,32
16,0.39269908169872414,0.0023142093219999998,38399.999998835985,0.025344750270353524,0.00043245410311520147,32
16,0.39269908169872414,0.0023142093219999998,38499.999998856358,0.025389862585697521,0.00039620575043408912,32
16,0.39269908169872414,0.0023142093219999998,38599.99999887673,0.025536001098315556,0.00041224083698237265,32
16,0.39269908169872414,0.0023142093219999998,38699.999998897103,0.025642488344514602,0.00051208024324496718,32
16,0.39269908169872414,0.0023142093219999998,38799.999998917476,0.025038695784655573,0.00039255739876435929,32
16,0.39269908169872414,0.0023142093219999998,38899.999998937848,0.02571649446922785,0.00045964084836167907,32
16,0.39269908169872414,0.0023142093219999998,38999.999998958221,0.025636600719918554,0.00042244469038356386,32
16,0.39269908169872414,0.0023142093219999998,39099.999998978594,0.024838124633401987,0.0003873518109724928,32
16,0.39269908169872414,0.0023142093219999998,39199.999998998966,0.024989263790324862,0.00035326637081676209,32
16,0.39269908169872414,0.0023142093219999998,39299.999999019339,0.025722845336785746,0.00041078202987745842,32
16,0.39269908169872414,0.0023142093219999998,39399.999999039712,0.025760992849571462,0.00040038370361100028,32
16,0.39269908169872414,0.0023142093219999998,39499.999999060085,0.026171959006770818,0.00042872968150817632,32
16,0.39269908169872414,0.0023142093219999998,39599.999999080457,0.024985520972735834,0.00042220113404008251,32
16,0.39269908169872414,0.0023142093219999998,39699.99999910083,0.024726684107319687,0.00045943915505499897,32
16,0.39269908169872414,0.0023142093219999998,39799.999999121203,0.024694844866960212,0.00038636194482986029,32
16,0.39269908169872414,0.0023142093219999998,39899.999999141575,0.025818715284776823,0.0004754957829606272,32
16,0.39269908169872414,0.0023142093219999998,39999.999999161948,0.025242869128231836,0.00038530588039401665,32
16,0.39269908169872414,0.0023142093219999998,40099.999999182321,0.024704919334395937,0.00045071434201273308,32
16,0.39269908169872414,0.0023142093219999998,40199.999999202693,0.025177627356085478,0.00037072391875958598,32
16,0.39269908169872414,0.0023142093219999998,40299.999999223066,0.025103681603609405,0.00038513416714245648,32
16,0.39269908169872414,0.0023142093219999998,40399.999999243439,0.024948963391179003,0.00040552203062874255,32
16,0.39269908169872414,0.0023142093219999998,40499.999999263811,0.025634868475403517,0.00042327886039193421,32
16,0.39269908169872414,0.0023142093219999998,40599.999999284184,0.025370642805985624,0.00044211870165128105,32
16,0.39269908169872414,0.0023142093219999998,40699.999999304557,0.025649624040965088,0.00035625518719828648,32
16,0.39269908169872414,0.0023142093219999998,40799.999999324929,0.02455010258923904,0.00039162389885224699,32
16,0.39269908169872414,0.0023142093219999998,40899.999999345302,0.023979496357997458,0.00048284149544477323,32
16,0.39269908169872414,0.0023142093219999998,40999.999999365675,0.025037635715764801,0.0003967093574216046,32
16,0.39269908169872414,0.0023142093219999998,41099.999999386047,0.025510483697992071,0.00041932778677255834,32
16,0.39269908169872414,0.0023142093219999998,41199.99999940642,0.025331897289177358,0.00046106055690919569,32
16,0.39269908169872414,0.0023142093219999998,41299.999999426793,0.025338905345343683,0.0003832605978098014,32
16,0.39269908169872414,0.0023142093219999998,41399.999999447165,0.0248169038362589,0.00048178970078112968,32
16,0.39269908169872414,0.0023142093219999998,41499.999999467538,0.025308331383471602,0.00037185039705528943,32
16,0.39269908169872414,0.0023142093219999998,41599.999999487911,0.024616414299853766,0.00050168936310461662,32
16,0.39269908169872414,0.0023142093219999998,41699.999999508284,0.025167306836827934,0.00041138667152866088,32
16,0.39269908169872414,0.0023142093219999998,41799.999999528656,0.025215192480336528,0.00043526477617699365,32
16,0.39269908169872414,0.0023142093219999998,41899.999999549029,0.025218277274643194,0.00052897309906233913,32
16,0.39269908169872414,0.0023142093219999998,41999.999999569402,0.024901217629329866,0.00043835954612101233,32
16,0.39269908169872414,0.0023142093219999998,42099.999999589774,0.025185697598225892,0.0004314458028400165,32
16,0.39269908169872414,0.0023142093219999998,42199.999999610147,0.024029613290048778,0.00054583974906500013,32
16,0.39269908169872414,0.0023142093219999998,42299.99999963052,0.025359735868128667,0.00045709118740789489,32
16,0.39269908169872414,0.0023142093219999998,42399.999999650892,0.024711771631111056,0.00047082562194178347,32
16,0.39269908169872414,0.0023142093219999998,42499.999999671265,0.024712962039335758,0.0003672016891746665,32
16,0.39269908169872414,0.0023142093219999998,42599.999999691638,0.025156979144281302,0.00041571200797808959,32
16,0.39269908169872414,0.0023142093219999998,42699.99999971201,0.025206529266662493,0.00047999671852235566,32
16,0.39269908169872414,0.0023142093219999998,42799.999999732383,0.025223961456868147,0.00031004591893147091,32
16,0.39269908169872414,0.0023142093219999998,42899.999999752756,0.024451199253915326,0.00040902548584435263,32
16,0.39269908169872414,0.0023142093219999998,42999.999999773128,0.024654863454798417,0.00043981949394512388,32
16,0.39269908169872414,0.0023142093219999998,43099.999999793501,0.0255424134743177,0.00048322976153840477,32
16,0.39269908169872414,0.0023142093219999998,43199.999999813874,0.025359156680480367,0.00049836217962146584,32
16,0.39269908169872414,0.0023142093219999998,43299.999999834246,0.025341590419865594,0.00033379839317056637,32
16,0.39269908169872414,0.0023142093219999998,43399.999999854619,0.025211276297551419,0.00041499997414128959,32
16,0.39269908169872414,0.0023142093219999998,43499.999999874992,0.025420435732563786,0.00049616116394758691,32
16,0.39269908169872414,0.0023142093219999998,43599.999999895364,0.025337639865675308,0.00045781231941881371,32
16,0.39269908169872414,0.0023142093219999998,43699.999999915737,0.025103465455824824,0.00038823637146686191,32
16,0.39269908169872414,0.0023142093219999998,43799.99999993611,0.024754035049604481,0.0004520180101012202,32
16,0.39269908169872414,0.0023142093219999998,43899.999999956482,0.025378908887138309,0.00041903266104571579,32
16,0.39269908169872414,0.0023142093219999998,43999.999999976855,0.026204991424444851,0.00043059907835293887,32
16,0.39269908169872414,0.0023142093219999998,44099.999999997228,0.02518516678636876,0.00051123267832701947,32
16,0.39269908169872414,0.0023142093219999998,44200.000000017601,0.025714077375177401,0.00044355169703565693,32
16,0.39269908169872414,0.0023142093219999998,44300.000000037973,0.025786648304423974,0.00047838191753130126,32
16,0.39269908169872414,0.0023142093219999998,44400.000000058346,0.025808251802220249,0.00046484449901021088,32
16,0.39269908169872414,0.0023142093219999998,44500.000000078719,0.025494378481249209,0.00040144416362400425,32
16,0.39269908169872414,0.0023142093219999998,44600.000000099091,0.025113270867341369,0.00033812907669549387,32
16,0.39269908169872414,0.0023142093219999998,44700.000000119464,0.025311783475809556,0.0004821770493892373,32
16,0.39269908169872414,0.0023142093219999998,44800.000000139837,0.025230013931988426,0.00038669734797035964,32
16,0.39269908169872414,0.0023142093219999998,44900.000000160209,0.024504619067499209,0.00038450213776333904,32
16,0.39269908169872414,0.0023142093219999998,45000.000000180582,0.025138471587604887,0.00033581807646154759,32
16,0.39269908169872414,0.0023142093219999998,45100.000000200955,0.024912825933290219,0.00043156941286132176,32
16,0.39269908169872414,0.0023142093219999998,45200.000000221327,0.025046062981626482,0.00052382938099590883,32
16,0.39269908169872414,0.0023142093219999998,45300.0000002417,0.024874221500232663,0.00041298610825086352,32
16,0.39269908169872414,0.0023142093219999998,45400.000000262073,0.02488423565104781,0.00041842500727471018,32
16,0.39269908169872414,0.0023142093219999998,45500.000000282445,0.025405547156649291,0.00038815939109099787,32
16,0.39269908169872414,0.0023142093219999998,45600.000000302818,0.02492836548793163,0.00040835828380389059,32
16,0.39269908169872414,0.0023142093219999998,45700.000000323191,0.02526530894823184,0.00037111773492810776,32
16,0.39269908169872414,0.0023142093219999998,45800.000000343563,0.024586575995382488,0.00042172330813270695,32
16,0.39269908169872414,0.0023142093219999998,45900.000000363936,0.024817469000964189,0.00049692278366922891,32
16,0.39269908169872414,0.0023142093219999998,46000.000000384309,0.025233223710951266,0.0004660836848897583,32
16,0.39269908169872414,0.0023142093219999998,46100.000000404681,0.025580617235747734,0.0004540192098704942,32
16,0.39269908169872414,0.0023142093219999998,46200.000000425054,0.024922384595717353,0.00049763604238902304,32
16,0.39269908169872414,0.0023142093219999998,46300.000000445427,0.024556584715974782,0.00035600751855274993,32
16,0.39269908169872414,0.0023142093219999998,46400.0000004658,0.025239892034100042,0.00047061698720668975,32
16,0.39269908169872414,0.0023142093219999998,46500.000000486172,0.025148127776907527,0.00040548152275466683,32
16,0.39269908169872414,0.0023142093219999998,46600.000000506545,0.025781277424932646,0.00042857638786975699,32
16,0.39269908169872414,0.0023142093219999998,46700.000000526918,0.024398231824540074,0.00044336521827362875,32
16,0.39269908169872414,0.0023142093219999998,46800.00000054729,0.024922626464038356,0.00028905732398679687,32
16,0.39269908169872414,0.0023142093219999998,46900.000000567663,0.02485259347417746,0.000356733909450711,32
16,0.39269908169872414,0.0023142093219999998,47000.000000588036,0.025694821615931018,0.00033700723432450924,32
16,0.39269908169872414,0.0023142093219999998,47100.000000608408,0.025526074935594525,0.00037333093386221787,32
16,0.39269908169872414,0.0023142093219999998,47200.000000628781,0.025512424399692028,0.00049263543475761994,32
16,0.39269908169872414,0.0023142093219999998,47300.000000649154,0.025363176766492891,0.00047938487153650222,32
16,0.39269908169872414,0.0023142093219999998,47400.000000669526,0.025220839773411576,0.00040723985020942375,32
16,0.39269908169872414,0.0023142093219999998,47500.000000689899,0.025740625225881889,0.00047876351731314235,32
16,0.39269908169872414,0.0023142093219999998,47600.000000710272,0.024840844319375166,0.00049286238334665992,32
16,0.39269908169872414,0.0023142093219999998,47700.000000730644,0.025003571465757279,0.00042656360827023233,32
16,0.39269908169872414,0.0023142093219999998,47800.000000751017,0.025802348112415305,0.00046966026064472694,32
16,0.39269908169872414,0.0023142093219999998,47900.00000077139,0.024912419600693871,0.0004986979660812586,32
16,0.39269908169872414,0.0023142093219999998,48000.000000791762,0.02558421477732626,0.00042626269551116044,32
16,0.39269908169872414,0.0023142093219999998,48100.000000812135,0.024308473661053841,0.00035604265816273448,32
16,0.39269908169872414,0.0023142093219999998,48200.000000832508,0.025426264195317783,0.00053762496326565149,32
16,0.39269908169872414,0.0023142093219999998,48300.00000085288,0.024691123867149771,0.00037627447651985061,32
16,0.39269908169872414,0.0023142093219999998,48400.000000873253,0.025126112535231698,0.00047732453682117518,32
16,0.39269908169872414,0.0023142093219999998,48500.000000893626,0.025193335170733289,0.0003778967111752339,32
16,0.39269908169872414,0.0023142093219999998,48600.000000913999,0.025464754160349178,0.00036162026784571251,32
16,0.39269908169872414,0.0023142093219999998,48700.000000934371,0.024405756078789944,0.0004528191657448429,32
16,0.39269908169872414,0.0023142093219999998,48800.000000954744,0.02543403383814891,0.00040817505077660621,32
16,0.39269908169872414,0.0023142093219999998,48900.000000975117,0.025383725628193493,0.00044980710364320083,32
16,0.39269908169872414,0.0023142093219999998,49000.000000995489,0.025006368408242365,0.00040699273380157024,32
16,0.39269908169872414,0.0023142093219999998,49100.000001015862,0.024529363349177769,0.00045515232110805915,32
16,0.39269908169872414,0.0023142093219999998,49200.000001036235,0.024663390834114961,0.00041481875225686521,32
16,0.39269908169872414,0.0023142093219999998,49300.000001056607,0.025773233756540139,0.00043894333598741987,32
16,0.39269908169872414,0.0023142093219999998,49400.00000107698,0.025411045259041157,0.00044115072275151707,32
16,0.39269908169872414,0.0023142093219999998,49500.000001097353,0.024900455550834172,0.0004580622792665937,32
16,0.39269908169872414,0.0023142093219999998,49600.000001117725,0.025113380894430912,0.00039686786757719581,32
16,0.39269908169872414,0.0023142093219999998,49700.000001138098,0.024902729742678362,0.00044147830235908046,32
16,0.39269908169872414,0.0023142093219999998,49800.000001158471,0.025766558802725128,0.00050228756998045977,32
16,0.39269908169872414,0.0023142093219999998,49900.000001178843,0.02521086208679986,0.00046330230217621067,32
16,0.39269908169872414,0.0023142093219999998,50000.000001199216,0.025435931541677004,0.00044195784193705066,32
20,0.49087385212340517,0.0035711238080000001,100.00000000001425,0.023365847679772008,0.0003871759650919222,32
20,0.49087385212340517,0.0035711238080000001,199.99999999996308,0.024869142883881392,0.00032091146970597383,32
20,0.49087385212340517,0.0035711238080000001,299.99999999987216,0.025655035169376703,0.00034909498497917769,32
20,0.49087385212340517,0.0035711238080000001,399.99999999978121,0.02476365461294484,0.00027579827274716844,32
20,0.49087385212340517,0.0035711238080000001,499.99999999969026,0.025103664442497706,0.0002827446234426665,32
20,0.49087385212340517,0.0035711238080000001,599.99999999959937,0.025077692052335995,0.00048256113251202035,32
20,0.49087385212340517,0.0035711238080000001,699.99999999950842,0.024911490402935374,0.0002794793201550642,32
20,0.49087385212340517,0.0035711238080000001,799.99999999941747,0.025479881278722329,0.00040828912193209815,32
20,0.49087385212340517,0.0035711238080000001,899.99999999932652,0.026080427751868324,0.00033930712563613665,32
20,0.49087385212340517,0.0035711238080000001,999.99999999923557,0.02508780051382685,0.00028955671698299728,32
20,0.49087385212340517,0.0035711238080000001,1099.9999999991446,0.024917825244709639,0.00042966093639416306,32
20,0.49087385212340517,0.0035711238080000001,1199.9999999990537,0.024841047735451028,0.0003265641050897725,32
20,0.49087385212340517,0.0035711238080000001,1299.9999999989627,0.024780721211807667,0.00035951217684211998,32
20,0.49087385212340517,0.0035711238080000001,1399.9999999988718,0.024855953519823372,0.00027099128270287629,32
20,0.49087385212340517,0.0035711238080000001,1499.9999999987808,0.025521398053259835,0.00028899380315076635,32
20,0.49087385212340517,0.0035711238080000001,1599.9999999986899,0.025568552748002755,0.00038213998764436639,32
20,0.49087385212340517,0.0035711238080000001,1699.9999999985989,0.025879329419473365,0.00032118051318356504,32
20,0.49087385212340517,0.0035711238080000001,1799.999999998508,0.025713692454122188,0.00034648336786982458,32
20,0.49087385212340517,0.0035711238080000001,1899.999999998417,0.025304988815855502,0.00026789183162846469,32
20,0.49087385212340517,0.0035711238080000001,1999.9999999983261,0.024870923635608989,0.00032614110159330973,32
20,0.49087385212340517,0.0035711238080000001,2099.9999999994175,0.025044176499654524,0.00044335676957522397,32
20,0.49087385212340517,0.0035711238080000001,2200.0000000016003,0.025368527486030246,0.00030129164654769106,32
20,0.49087385212340517,0.0035711238080000001,2300.000000003783,0.024966954736196121,0.00032025320622571792,32
20,0.49087385212340517,0.0035711238080000001,2400.0000000059658,0.025280885843658923,0.00032146341235362978,32
20,0.49087385212340517,0.0035711238080000001,2500.0000000081486,0.024910884854075138,0.00030766557757098604,32
20,0.49087385212340517,0.0035711238080000001,2600.0000000103314,0.025007466838238967,0.0003594794049411139,32
20,0.49087385212340517,0.0035711238080000001,2700.0000000125142,0.025243150291500854,0.00035257648510224251,32
20,0.49087385212340517,0.0035711238080000001,2800.000000014697,0.024749992105539312,0.00031336014291415945,32
20,0.49087385212340517,0.0035711238080000001,2900.0000000168798,0.025054227265486166,0.00036013659815167841,32
20,0.49087385212340517,0.0035711238080000001,3000.0000000190626,0.025331466391665471,0.00036516673069040103,32
20,0.49087385212340517,0.0035711238080000001,3100.0000000212453,0.025235454504047881,0.0003819407565371168,32
20,0.49087385212340517,0.0035711238080000001,3200.0000000234281,0.025053658764290856,0.00044141622370409423,32
20,0.49087385212340517,0.0035711238080000001,3300.0000000256109,0.025225104431260137,0.00031558729902033783,32
20,0.49087385212340517,0.0035711238080000001,3400.0000000277937,0.025180635241654207,0.00036297737154879233,32
20,0.49087385212340517,0.0035711238080000001,3500.0000000299765,0.025097098069845631,0.0004209861910213863,32
20,0.49087385212340517,0.0035711238080000001,3600.0000000321593,0.024864922848349274,0.00028943558499847143,32
20,0.49087385212340517,0.0035711238080000001,3700.0000000343421,0.02519766929199686,0.00036352220523123752,32
20,0.49087385212340517,0.0035711238080000001,3800.0000000365249,0.025808018636947941,0.00044364125614907595,32
20,0.49087385212340517,0.0035711238080000001,3900.0000000387076,0.02489068851521559,0.00032050088057267769,32
20,0.49087385212340517,0.0035711238080000001,4000.0000000408904,0.025186082096362292,0.00028933655072584254,32
20,0.49087385212340517,0.0035711238080000001,4100.0000000430728,0.02564528658433117,0.00030375731309763114,32
20,0.49087385212340517,0.0035711238080000001,4200.0000000452555,0.025439776706617651,0.00029314069297803834,32
20,0.49087385212340517,0.0035711238080000001,4300.0000000474383,0.025094810495720352,0.00037815040471852134,32
20,0.49087385212340517,0.0035711238080000001,4400.0000000496211,0.025482495999009491,0.00038125285289380707,32
20,0.49087385212340517,0.0035711238080000001,4500.0000000518039,0.025086098252746776,0.00035292695491422505,32
20,0.49087385212340517,0.0035711238080000001,4600.0000000539867,0.025178751483839398,0.00030614694678766496,32
20,0.49087385212340517,0.0035711238080000001,4700.0000000561695,0.024789087546643895,0.00039728864984380754,32
20,0.49087385212340517,0.0035711238080000001,4800.0000000583523,0.025256309009679255,0.00034823854974204367,32
20,0.49087385212340517,0.0035711238080000001,4900.0000000605351,0.025771831494741989,0.00037032348542324716,32
20,0.49087385212340517,0.0035711238080000001,5000.0000000627178,0.025125947215519209,0.0002949865276954505,32
20,0.49087385212340517,0.0035711238080000001,5100.0000000649006,0.024668639326140135,0.00026951794989136732,32
20,0.49087385212340517,0.0035711238080000001,5200.0000000670834,0.025126332885854429,0.00031853131702912549,32
20,0.49087385212340517,0.0035711238080000001,5300.0000000692662,0.025328617138843636,0.00038529074772263792,32
20,0.49087385212340517,0.0035711238080000001,5400.000000071449,0.02524252692039676,0.00040092645890442338,32
20,0.49087385212340517,0.0035711238080000001,5500.0000000736318,0.024921481703806186,0.00035759344754001944,32
20,0.49087385212340517,0.0035711238080000001,5600.0000000758146,0.024882735441947988,0.00028084818337765398,32
20,0.49087385212340517,0.0035711238080000001,5700.0000000779974,0.025288595073773103,0.00035990746468066436,32
20,0.49087385212340517,0.0035711238080000001,5800.0000000801801,0.024511884560590724,0.00025090145902789787,32
20,0.49087385212340517,0.0035711238080000001,5900.0000000823629,0.024857710112852899,0.00036388382278093872,32
20,0.49087385212340517,0.0035711238080000001,6000.0000000845457,0.025533405519101583,0.00031139196237145705,32
20,0.49087385212340517,0.0035711238080000001,6100.0000000867285,0.024984728544139599,0.00028027327062600245,32
20,0.49087385212340517,0.0035711238080000001,6200.0000000889113,0.024599853269638337,0.00039253952008660021,32
20,0.49087385212340517,0.0035711238080000001,6300.0000000910941,0.025380431122875406,0.00037307576772661346,32
20,0.49087385212340517,0.0035711238080000001,6400.0000000932769,0.02584788179079317,0.00035999515633106994,32
20,0.49087385212340517,0.0035711238080000001,6500.0000000954597,0.025331461995097698,0.00038110995438182197,32
20,0.49087385212340517,0.0035711238080000001,6600.0000000976424,0.02541653299581453,0.00035685659097624072,32
20,0.49087385212340517,0.0035711238080000001,6700.0000000998252,0.025456790521581611,0.000399320651738091,32
20,0.49087385212340517,0.0035711238080000001,6800.000000102008,0.025601697001174303,0.000367628549618588,32
20,0.49087385212340517,0.0035711238080000001,6900.0000001041908,0.025914040067386662,0.0003105957346920993,32
20,0.49087385212340517,0.0035711238080000001,7000.0000001063736,0.025229803943019772,0.0004045334720150464,32
20,0.49087385212340517,0.0035711238080000001,7100.0000001085564,0.025132535614943406,0.00046746796877094216,32
20,0.49087385212340517,0.0035711238080000001,7200.0000001107392,0.024975578108482246,0.00042013102144896621,32
20,0.49087385212340517,0.0035711238080000001,7300.000000112922,0.025545253271384707,0.00038695827784658116,32
20,0.49087385212340517,0.0035711238080000001,7400.0000001151047,0.025117307388186006,0.00031185491957104911,32
20,0.49087385212340517,0.0035711238080000001,7500.0000001172875,0.024815384247542316,0.00030155631251046821,32
20,0.49087385212340517,0.0035711238080000001,7600.0000001194703,0.025705823032835345,0.00037028271950513087,32
20,0.49087385212340517,0.0035711238080000001,7700.0000001216531,0.025321887284909774,0.00026863357442644359,32
20,0.49087385212340517,0.0035711238080000001,7800.0000001238359,0.025338380044511513,0.00029422282816642554,32
20,0.49087385212340517,0.0035711238080000001,7900.0000001260187,0.025280462890322635,0.00034124716531795191,32
20,0.49087385212340517,0.0035711238080000001,8000.0000001282015,0.025633609292590023,0.00041119410760241573,32
20,0.49087385212340517,0.0035711238080000001,8100.0000001303843,0.025029466164762839,0.0002786196630016034,32
20,0.49087385212340517,0.0035711238080000001,8200.0000001325661,0.025135646809894104,0.0004094683367059883,32
20,0.49087385212340517,0.0035711238080000001,8300.0000001347489,0.025000847030651661,0.00037401876531196131,32
20,0.49087385212340517,0.0035711238080000001,8400.0000001369317,0.025224956106881705,0.00031969564737975662,32
20,0.49087385212340517,0.0035711238080000001,8500.0000001391145,0.024845548524932159,0.00033449974725578843,32
20,0.49087385212340517,0.0035711238080000001,8600.0000001412973,0.025513950749904802,0.00032789257614603906,32
20,0.49087385212340517,0.0035711238080000001,8700.0000001434801,0.025227374966467125,0.00029496666655190446,32
20,0.49087385212340517,0.0035711238080000001,8800.0000001456629,0.02533534403836039,0.00035818572860443125,32
20,0.49087385212340517,0.0035711238080000001,8900.0000001478456,0.025130587690806814,0.00035152281205164403,32
20,0.49087385212340517,0.0035711238080000001,9000.0000001500284,0.025260658706542621,0.00037605131428956114,32
20,0.49087385212340517,0.0035711238080000001,9100.0000001522112,0.025211116739664318,0.00034639846915572034,32
20,0.49087385212340517,0.0035711238080000001,9200.000000154394,0.025434263065700197,0.00036289136151772337,32
20,0.49087385212340517,0.0035711238080000001,9300.0000001565768,0.025013027495975733,0.00038477593673308353,32
20,0.49087385212340517,0.0035711238080000001,9400.0000001587596,0.025215782743911778,0.00035520617625259732,32
20,0.49087385212340517,0.0035711238080000001,9500.0000001609424,0.025693203620611938,0.00034659563034190264,32
20,0.49087385212340517,0.0035711238080000001,9600.0000001631252,0.025763732472535928,0.00038649965263319748,32
20,0.49087385212340517,0.0035711238080000001,9700.0000001653079,0.024941876248040878,0.00032354468290732584,32
20,0.49087385212340517,0.0035711238080000001,9800.0000001674907,0.025369528139118077,0.00036737395079841482,32
20,0.49087385212340517,0.0035711238080000001,9900.0000001696735,0.025169218384342284,0.00036326267576006411,32
20,0.49087385212340517,0.0035711238080000001,10000.000000171856,0.024890337712123751,0.00029259263640498025,32
20,0.49087385212340517,0.0035711238080000001,10100.000000174039,0.024593109667847283,0.00025771354859560239,32
20,0.49087385212340517,0.0035711238080000001,10200.000000176222,0.025393405308772345,0.00035705135840293617,32
20,0.49087385212340517,0.0035711238080000001,10300.000000178405,0.024887542286306307,0.00030491521450318941,32
20,0.49087385212340517,0.0035711238080000001,10400.000000180587,0.024888277859185036,0.00032085847522373573,32
20,0.49087385212340517,0.0035711238080000001,10500.00000018277,0.025488079684625378,0.00041412863901909354,32
20,0.49087385212340517,0.0035711238080000001,10600.000000184953,0.025663326078999796,0.00028323426337952695,32
20,0.49087385212340517,0.0035711238080000001,10700.000000187136,0.025376617524193318,0.00034861203675817364,32
20,0.49087385212340517,0.0035711238080000001,10800.000000189319,0.025877869084707815,0.00042867678644885646,32
20,0.49087385212340517,0.0035711238080000001,10900.000000191501,0.025334476057441182,0.00026077399041766873,32
20,0.49087385212340517,0.0035711238080000001,11000.000000193684,0.024519069368575501,0.0003080694880397409,32
20,0.49087385212340517,0.0035711238080000001,11100.000000195867,0.025121831092702575,0.00038176988114957237,32
20,0.49087385212340517,0.0035711238080000001,11200.00000019805,0.025110009859355482,0.00040458187537647952,32
20,0.49087385212340517,0.0035711238080000001,11300.000000200233,0.025118708907674141,0.00032571344549091964,32
20,0.49087385212340517,0.0035711238080000001,11400.000000202415,0.025372648300882147,0.0003225539871156518,32
20,0.49087385212340517,0.0035711238080000001,11500.000000204598,0.025558559402435791,0.00037733324053274974,32
20,0.49087385212340517,0.0035711238080000001,11600.000000206781,0.025314965365190675,0.0002922839884994603,32
20,0.49087385212340517,0.0035711238080000001,11700.000000208964,0.025379756485429571,0.00042196684890492586,32
20,0.49087385212340517,0.0035711238080000001,11800.000000211146,0.025140826088037523,0.00029809338632671756,32
20,0.49087385212340517,0.0035711238080000001,11900.000000213329,0.025633027231258185,0.00033257935817838778,32
20,0.49087385212340517,0.0035711238080000001,12000.000000215512,0.025509446159224937,0.00036996139255085129,32
20,0.49087385212340517,0.0035711238080000001,12100.000000217695,0.025656236220492186,0.00035788718464359695,32
20,0.49087385212340517,0.0035711238080000001,12200.000000219878,0.025310362079829365,0.00039028283866768721,32
20,0.49087385212340517,0.0035711238080000001,12300.00000022206,0.025544950069372151,0.00039084550788434132,32
20,0.49087385212340517,0.0035711238080000001,12400.000000224243,0.025062858413898364,0.00039019884691493377,32
20,0.49087385212340517,0.0035711238080000001,12500.000000226426,0.025220099353395281,0.00038589135769122665,32
20,0.49087385212340517,0.0035711238080000001,12600.000000228609,0.025192087250160179,0.00039023271754778715,32
20,0.49087385212340517,0.0035711238080000001,12700.000000230792,0.024792013768197604,0.00031865642616792984,32
20,0.49087385212340517,0.0035711238080000001,12800.000000232974,0.025182353914514819,0.00029394459861185754,32
20,0.49087385212340517,0.0035711238080000001,12900.000000235157,0.025045181868075254,0.00028133434966383348,32
20,0.49087385212340517,0.0035711238080000001,13000.00000023734,0.02535181455377649,0.00036083985002560454,32
20,0.49087385212340517,0.0035711238080000001,13100.000000239523,0.025290662588938174,0.00032736979132003813,32
20,0.49087385212340517,0.0035711238080000001,13200.000000241705,0.02582749125546584,0.00033574560444102249,32
20,0.49087385212340517,0.0035711238080000001,13300.000000243888,0.025140620816096138,0.00032514293949512574,32
20,0.49087385212340517,0.0035711238080000001,13400.000000246071,0.025398524279449747,0.00042258466733748409,32
20,0.49087385212340517,0.0035711238080000001,13500.000000248254,0.025278630888298632,0.00028566390847437198,32
20,0.49087385212340517,0.0035711238080000001,13600.000000250437,0.024899834250555964,0.0003273510051858791,32
20,0.49087385212340517,0.0035711238080000001,13700.000000252619,0.025247821281269643,0.00031701987712935828,32
20,0.49087385212340517,0.0035711238080000001,13800.000000254802,0.025086189709225583,0.00034481226868634726,32
20,0.49087385212340517,0.0035711238080000001,13900.000000256985,0.025152481982114342,0.00032521611283214643,32
20,0.49087385212340517,0.0035711238080000001,14000.000000259168,0.025387304072396363,0.00035575473629858402,32
20,0.49087385212340517,0.0035711238080000001,14100.000000261351,0.02509692769970576,0.00034573029303783346,32
20,0.49087385212340517,0.0035711238080000001,14200.000000263533,0.025121316257680392,0.00035127446935242379,32
20,0.49087385212340517,0.0035711238080000001,14300.000000265716,0.025419064761170843,0.00043109950137607819,32
20,0.49087385212340517,0.0035711238080000001,14400.000000267899,0.024996091774435694,0.00044498204825062096,32
20,0.49087385212340517,0.0035711238080000001,14500.000000270082,0.024881266238950601,0.0003338269459455483,32
20,0.49087385212340517,0.0035711238080000001,14600.000000272265,0.025419688101193102,0.00036655565487484171,32
20,0.49087385212340517,0.0035711238080000001,14700.000000274447,0.025110438250323826,0.00037588560482554957,32
20,0.49087385212340517,0.0035711238080000001,14800.00000027663,0.025283910974482876,0.0003444014660850295,32
20,0.49087385212340517,0.0035711238080000001,14900.000000278813,0.025197485047925888,0.00031108058180620004,32
20,0.49087385212340517,0.0035711238080000001,15000.000000280996,0.024869925005131018,0.00029986998695139065,32
20,0.49087385212340517,0.0035711238080000001,15100.000000283178,0.025548906786050034,0.00033847900685530976,32
20,0.49087385212340517,0.0035711238080000001,15200.000000285361,0.024713373234566158,0.00040432911945899737,32
20,0.49087385212340517,0.0035711238080000001,15300.000000287544,0.025078871385682083,0.0003381182478249557,32
20,0.49087385212340517,0.0035711238080000001,15400.000000289727,0.02515722154763661,0.00033362171890465264,32
20,0.49087385212340517,0.0035711238080000001,15500.00000029191,0.025443437377834676,0.00030502028170888292,32
20,0.49087385212340517,0.0035711238080000001,15600.000000294092,0.025300120883834938,0.00032373008866912059,32
20,0.49087385212340517,0.0035711238080000001,15700.000000296275,0.025003682184618511,0.00034622960934191014,32
20,0.49087385212340517,0.0035711238080000001,15800.000000298458,0.025109852695499018,0.00035939602919137073,32
20,0.49087385212340517,0.0035711238080000001,15900.000000300641,0.025239560507703443,0.0003584161076357958,32
20,0.49087385212340517,0.0035711238080000001,16000.000000302824,0.025643783500895127,0.00039762475821998188,32
20,0.49087385212340517,0.0035711238080000001,16100.000000305006,0.025089564941372034,0.00036383652568069974,32
20,0.49087385212340517,0.0035711238080000001,16200.000000307189,0.025417702600345052,0.00032835143215551997,32
20,0.49087385212340517,0.0035711238080000001,16300.000000309372,0.025051645514813467,0.00040694640476653115,32
20,0.49087385212340517,0.0035711238080000001,16400.000000308642,0.025543721296266812,0.00040092123660926256,32
20,0.49087385212340517,0.0035711238080000001,16500.000000292635,0.025482021075412677,0.00038324322746752568,32
20,0.49087385212340517,0.0035711238080000001,16600.000000276628,0.025042536056989251,0.00037312557193228205,32
20,0.49087385212340517,0.0035711238080000001,16700.000000260621,0.025301275720415559,0.00035313522172312475,32
20,0.49087385212340517,0.0035711238080000001,16800.000000244614,0.025696090877299724,0.0003559815159066451,32
20,0.49087385212340517,0.0035711238080000001,16900.000000228607,0.025187722849791573,0.00043455955695767334,32
20,0.49087385212340517,0.0035711238080000001,17000.0000002126,0.025328125906149631,0.00036672320064020601,32
20,0.49087385212340517,0.0035711238080000001,17100.000000196593,0.025110744956119459,0.00035794456019678736,32
20,0.49087385212340517,0.0035711238080000001,17200.000000180586,0.024556221654304114,0.00032112290600764203,32
20,0.49087385212340517,0.0035711238080000001,17300.000000164579,0.025773431565973538,0.00038877657584244791,32
20,0.49087385212340517,0.0035711238080000001,17400.000000148571,0.025332404837956343,0.00037068735235647752,32
20,0.49087385212340517,0.0035711238080000001,17500.000000132564,0.025081186658586805,0.00040741851979013888,32
20,0.49087385212340517,0.0035711238080000001,17600.000000116557,0.025743253906101892,0.00036414473449053654,32
20,0.49087385212340517,0.0035711238080000001,17700.00000010055,0.025455673697404285,0.00040699341071747633,32
20,0.49087385212340517,0.0035711238080000001,17800.000000084543,0.025274529788777072,0.00037286713280052614,32
20,0.49087385212340517,0.0035711238080000001,17900.000000068536,0.025292037146763726,0.00041218618511345824,32
20,0.49087385212340517,0.0035711238080000001,18000.000000052529,0.024400209494012573,0.00032677180835085371,32
20,0.49087385212340517,0.0035711238080000001,18100.000000036522,0.025342116165820303,0.0003417143658151462,32
20,0.49087385212340517,0.0035711238080000001,18200.000000020515,0.02461796702970856,0.00036025171155664614,32
20,0.49087385212340517,0.0035711238080000001,18300.000000004507,0.02556968520178083,0.0003275135545631791,32
20,0.49087385212340517,0.0035711238080000001,18399.9999999885,0.025076745943999976,0.00028621884652824337,32
20,0.49087385212340517,0.0035711238080000001,18499.999999972493,0.025049273606635093,0.00043972615817999616,32
20,0.49087385212340517,0.0035711238080000001,18599.999999956486,0.024895172317140054,0.00029187727065014049,32
20,0.49087385212340517,0.0035711238080000001,18699.999999940479,0.025271525850808583,0.00039574879383152826,32
20,0.49087385212340517,0.0035711238080000001,18799.999999924472,0.025398262554732876,0.00030131680203860246,32
20,0.49087385212340517,0.0035711238080000001,18899.999999908465,0.025768385919994752,0.00028243427377625408,32
20,0.49087385212340517,0.0035711238080000001,18999.999999892458,0.025507600384877337,0.00037626614554692102,32
20,0.49087385212340517,0.0035711238080000001,19099.999999876451,0.025176680392046936,0.0003823206150202002,32
20,0.49087385212340517,0.0035711238080000001,19199.999999860443,0.024700452222117791,0.00030912880443654481,32
20,0.49087385212340517,0.0035711238080000001,19299.999999844436,0.024674387904184698,0.00040189947716162233,32
20,0.49087385212340517,0.0035711238080000001,19399.999999828429,0.025044712423093678,0.0003212983114264393,32
20,0.49087385212340517,0.0035711238080000001,19499.999999812422,0.024776929971721984,0.00028924620365389448,32
20,0.49087385212340517,0.0035711238080000001,19599.999999796415,0.025232926029498122,0.00045946945996685963,32
20,0.49087385212340517,0.0035711238080000001,19699.999999780408,0.025798256539231412,0.00031354934042287515,32
20,0.49087385212340517,0.0035711238080000001,19799.999999764401,0.02574712283573832,0.0003788160457640819,32
20,0.49087385212340517,0.0035711238080000001,19899.999999748394,0.024558393829464984,0.00037535002985367481,32
20,0.49087385212340517,0.0035711238080000001,19999.999999732387,0.025766385553267417,0.00044514353187623907,32
20,0.49087385212340517,0.0035711238080000001,20099.99999971638,0.024978760507233463,0.00030041921644688511,32
20,0.49087385212340517,0.0035711238080000001,20199.999999700372,0.024999755308862635,0.00035146773270106838,32
20,0.49087385212340517,0.0035711238080000001,20299.999999684365,0.024832899220476445,0.0004137628134472028,32
20,0.49087385212340517,0.0035711238080000001,20399.999999668358,0.025301949734197873,0.00031142407594070721,32
20,0.49087385212340517,0.0035711238080000001,20499.999999652351,0.025718581745494889,0.00040980943875560294,32
20,0.49087385212340517,0.0035711238080000001,20599.999999636344,0.024701039963488575,0.00037925240977118531,32
20,0.49087385212340517,0.0035711238080000001,20699.999999620337,0.024754362342259802,0.00037125097509694242,32
20,0.49087385212340517,0.0035711238080000001,20799.99999960433,0.024414269281776483,0.00033179449222154044,32
20,0.49087385212340517,0.0035711238080000001,20899.999999588323,0.025410208749168259,0.00033833075673075203,32
20,0.49087385212340517,0.0035711238080000001,20999.999999572316,0.025322028691315602,0.0003354675165715318,32
20,0.49087385212340517,0.0035711238080000001,21099.999999556308,0.024887781130873029,0.00031232619323053084,32
20,0.49087385212340517,0.0035711238080000001,21199.999999540301,0.024482548396921638,0.00034878347840377696,32
20,0.49087385212340517,0.0035711238080000001,21299.999999524294,0.024352682471809387,0.00037627016830843295,32
20,0.49087385212340517,0.0035711238080000001,21399.999999508287,0.025331764463790023,0.00030486719421958747,32
20,0.49087385212340517,0.0035711238080000001,21499.99999949228,0.025649864779217175,0.00039796648999135422,32
20,0.49087385212340517,0.0035711238080000001,21599.999999476273,0.025780097452031202,0.00027924905491561385,32
20,0.49087385212340517,0.0035711238080000001,21699.999999460266,0.025929968896548299,0.0003484846808878534,32
20,0.49087385212340517,0.0035711238080000001,21799.999999444259,0.025085009148801903,0.00045471668059621348,32
20,0.49087385212340517,0.0035711238080000001,21899.999999428252,0.024941337877255255,0.00035047435766295311,32
20,0.49087385212340517,0.0035711238080000001,21999.999999412245,0.024426108682854348,0.00029461689636156975,32
20,0.49087385212340517,0.0035711238080000001,22099.999999396237,0.025092590263086599,0.00035653108922287615,32
20,0.49087385212340517,0.0035711238080000001,22199.99999938023,0.025465684550527952,0.00030524293617656688,32
20,0.49087385212340517,0.0035711238080000001,22299.999999364223,0.025139732923564737,0.00030075532046502809,32
20,0.49087385212340517,0.0035711238080000001,22399.999999348216,0.025411596193715764,0.00031626769439660447,32
20,0.49087385212340517,0.0035711238080000001,22499.999999332209,0.024602912768339692,0.00033410580659076809,32
20,0.49087385212340517,0.0035711238080000001,22599.999999316202,0.025436660620223591,0.000335738090032325,32
20,0.49087385212340517,0.0035711238080000001,22699.999999300195,0.025140229844119136,0.00036447634131394642,32
20,0.49087385212340517,0.0035711238080000001,22799.999999284188,0.025491111572006241,0.00034717348791072657,32
20,0.49087385212340517,0.0035711238080000001,22899.999999268181,0.025008807932386433,0.00033297845952960306,32
20,0.49087385212340517,0.0035711238080000001,22999.999999252173,0.025184639111614258,0.00036701497238799373,32
20,0.49087385212340517,0.0035711238080000001,23099.999999236166,0.023802611931180252,0.00032955440383457409,32
20,0.49087385212340517,0.0035711238080000001,23199.999999220159,0.02535174488238897,0.00034856484641163088,32
20,0.49087385212340517,0.0035711238080000001,23299.999999204152,0.025189138110857177,0.00035610458080456031,32
20,0.49087385212340517,0.0035711238080000001,23399.999999188145,0.025026985429545026,0.0003331876973411787,32
20,0.49087385212340517,0.0035711238080000001,23499.999999172138,0.025551443995415736,0.0002881000062453332,32
20,0.49087385212340517,0.0035711238080000001,23599.999999156131,0.025080937542848274,0.00030057035283564791,32
20,0.49087385212340517,0.0035711238080000001,23699.999999140124,0.024909581438989536,0.00027799319122387428,32
20,0.49087385212340517,0.0035711238080000001,23799.999999124117,0.0247685831642049,0.0004115674426987481,32
20,0.49087385212340517,0.0035711238080000001,23899.999999108109,0.02404858677094392,0.00034752522918686491,32
20,0.49087385212340517,0.0035711238080000001,23999.999999092102,0.025082621294675252,0.00029625373798005018,32
20,0.49087385212340517,0.0035711238080000001,24099.999999076095,0.025411696399180558,0.00039250914607371522,32
20,0.49087385212340517,0.0035711238080000001,24199.999999060088,0.024573601119682355,0.0002785324162023688,32
20,0.49087385212340517,0.0035711238080000001,24299.999999044081,0.025325845180097784,0.00040748446847509168,32
20,0.49087385212340517,0.0035711238080000001,24399.999999028074,0.024848408876422964,0.00039154620385504298,32
20,0.49087385212340517,0.0035711238080000001,24499.999999012067,0.025162685111548275,0.00036343321567538952,32
20,0.49087385212340517,0.0035711238080000001,24599.99999899606,0.025182158994918671,0.00038758014618347461,32
20,0.49087385212340517,0.0035711238080000001,24699.999998980053,0.025100543427869545,0.00036651644299512122,32
20,0.49087385212340517,0.0035711238080000001,24799.999998964046,0.024587893252670905,0.00032002015192787714,32
20,0.49087385212340517,0.0035711238080000001,24899.999998948038,0.024915032456843168,0.00034541155199266675,32
20,0.49087385212340517,0.0035711238080000001,24999.999998932031,0.025778260654566152,0.00038487672366273697,32
20,0.49087385212340517,0.0035711238080000001,25099.999998916024,0.025346222314474268,0.00037478352436638783,32
20,0.49087385212340517,0.0035711238080000001,25199.999998900017,0.025322772050014025,0.00034328248054147053,32
20,0.49087385212340517,0.0035711238080000001,25299.99999888401,0.024498459392149962,0.00031944347814021865,32
20,0.49087385212340517,0.0035711238080000001,25399.999998868003,0.025264300435639889,0.00040172493688681043,32
20,0.49087385212340517,0.0035711238080000001,25499.999998851996,0.024994119323764958,0.0004102492873716477,32
20,0.49087385212340517,0.0035711238080000001,25599.999998835989,0.025013035294088767,0.00033637914245932573,32
20,0.49087385212340517,0.0035711238080000001,25699.999998819982,0.024427694491477948,0.00036537181984460884,32
20,0.49087385212340517,0.0035711238080000001,25799.999998803974,0.025590942409592407,0.00033418452673939739,32
20,0.49087385212340517,0.0035711238080000001,25899.999998787967,0.024679091577863174,0.00045439455484451051,32
20,0.49087385212340517,0.0035711238080000001,25999.99999877196,0.024762868464334894,0.0003902627045642766,32
20,0.49087385212340517,0.0035711238080000001,26099.999998755953,0.0249885091242367,0.00037955249547028471,32
20,0.49087385212340517,0.0035711238080000001,26199.999998739946,0.024951203550486141,0.00037071806742504734,32
20,0.49087385212340517,0.0035711238080000001,26299.999998723939,0.026032640901081358,0.00030435144000256055,32
20,0.49087385212340517,0.0035711238080000001,26399.999998707932,0.024993094180677758,0.0003261157980723875,32
20,0.49087385212340517,0.0035711238080000001,26499.999998691925,0.025339599775783983,0.00031669337571034066,32
20,0.49087385212340517,0.0035711238080000001,26599.999998675918,0.025763246990486668,0.00034047181147671234,32
20,0.49087385212340517,0.0035711238080000001,26699.99999865991,0.025391034443549572,0.00036360074605792242,32
20,0.49087385212340517,0.0035711238080000001,26799.999998643903,0.024757328109199821,0.0003030168651438902,32
20,0.49087385212340517,0.0035711238080000001,26899.999998627896,0.024293591981237053,0.00033763433888090534,32
20,0.49087385212340517,0.0035711238080000001,26999.999998611889,0.025040612288334266,0.0003726974939663495,32
20,0.49087385212340517,0.0035711238080000001,27099.999998595882,0.025701441111140595,0.00035262730728927063,32
20,0.49087385212340517,0.0035711238080000001,27199.999998579875,0.025710371355623748,0.00033533741017593202,32
20,0.49087385212340517,0.0035711238080000001,27299.999998563868,0.02599110140992808,0.00030317727357677323,32
20,0.49087385212340517,0.0035711238080000001,27399.999998547861,0.024994192181729075,0.00037655085422032421,32
20,0.49087385212340517,0.0035711238080000001,27499.999998531854,0.024750049473708038,0.00032906741520650801,32
20,0.49087385212340517,0.0035711238080000001,27599.999998515847,0.024360545963835224,0.00035535139462495891,32
20,0.49087385212340517,0.0035711238080000001,27699.999998499839,0.024988088255184095,0.0003674535428264934,32
20,0.49087385212340517,0.0035711238080000001,27799.999998483832,0.024758583476452094,0.00041406126784926649,32
20,0.49087385212340517,0.0035711238080000001,27899.999998467825,0.025223131681321172,0.00030902358676994786,32
20,0.49087385212340517,0.0035711238080000001,27999.999998451818,0.025242689037829162,0.0003652064036146406,32
20,0.49087385212340517,0.0035711238080000001,28099.999998435811,0.024826464939161914,0.00032129077943735722,32
20,0.49087385212340517,0.0035711238080000001,28199.999998419804,0.02586733742433283,0.00026459025561909483,32
20,0.49087385212340517,0.0035711238080000001,28299.999998403797,0.025271264081037092,0.00042083550812840349,32
20,0.49087385212340517,0.0035711238080000001,28399.99999838779,0.025349070427335897,0.00036313410335214274,32
20,0.49087385212340517,0.0035711238080000001,28499.999998371783,0.025002849896584963,0.00045727217646087846,32
20,0.49087385212340517,0.0035711238080000001,28599.999998355775,0.024882290932749476,0.00030350100952860351,32
20,0.49087385212340517,0.0035711238080000001,28699.999998339768,0.025312959542025226,0.00036045738019617371,32
20,0.49087385212340517,0.0035711238080000001,28799.999998323761,0.025302140051504326,0.00037793593719083772,32
20,0.49087385212340517,0.0035711238080000001,28899.999998307754,0.024988713868498928,0.00041121997406715435,32
20,0.49087385212340517,0.0035711238080000001,28999.999998291747,0.025057421716340064,0.00034517189717434883,32
20,0.49087385212340517,0.0035711238080000001,29099.99999827574,0.025767218146779451,0.00033350101139036678,32
20,0.49087385212340517,0.0035711238080000001,29199.999998259733,0.025234777930642098,0.00026711634931000342,32
20,0.49087385212340517,0.0035711238080000001,29299.999998243726,0.025227298884585976,0.00037654701974264033,32
20,0.49087385212340517,0.0035711238080000001,29399.999998227719,0.025603499171926742,0.00032480977949085805,32
20,0.49087385212340517,0.0035711238080000001,29499.999998211711,0.024999711233208474,0.00030830009956532713,32
20,0.49087385212340517,0.0035711238080000001,29599.999998195704,0.024991691678483686,0.00033825858192063063,32
20,0.49087385212340517,0.0035711238080000001,29699.999998179697,0.024247580078372993,0.00033941262682084722,32
20,0.49087385212340517,0.0035711238080000001,29799.99999816369,0.025362517832424148,0.00029817723061986224,32
20,0.49087385212340517,0.0035711238080000001,29899.999998147683,0.025124161299076714,0.00035619162936411497,32
20,0.49087385212340517,0.0035711238080000001,29999.999998131676,0.025100727138652273,0.00033020672657724985,32
20,0.49087385212340517,0.0035711238080000001,30099.999998115669,0.025712258650682367,0.00038073726230789635,32
20,0.49087385212340517,0.0035711238080000001,30199.999998099662,0.024941582234396489,0.00038975221920992895,32
20,0.49087385212340517,0.0035711238080000001,30299.999998083655,0.025200508746255141,0.00036934288562223645,32
20,0.49087385212340517,0.0035711238080000001,30399.999998067648,0.02515402172586817,0.0002793453383957272,32
20,0.49087385212340517,0.0035711238080000001,30499.99999805164,0.025211521666012759,0.00041549698448256573,32
20,0.49087385212340517,0.0035711238080000001,30599.999998035633,0.025170624201027742,0.00033166974721570482,32
20,0.49087385212340517,0.0035711238080000001,30699.999998019626,0.025176587542235385,0.00037906782523117774,32
20,0.49087385212340517,0.0035711238080000001,30799.999998003619,0.024820016408528527,0.00029952771509480402,32
20,0.49087385212340517,0.0035711238080000001,30899.999997987612,0.025386361807357788,0.00030114194345358126,32
20,0.49087385212340517,0.0035711238080000001,30999.999997971605,0.025095886332565771,0.00029746225875367156,32
20,0.49087385212340517,0.0035711238080000001,31099.999997955598,0.0248853757885245,0.00023492672710067778,32
20,0.49087385212340517,0.0035711238080000001,31199.999997939591,0.025287220359818723,0.00045587475424087976,32
20,0.49087385212340517,0.0035711238080000001,31299.999997923584,0.0257200240703549,0.00031986981303299008,32
20,0.49087385212340517,0.0035711238080000001,31399.999997907576,0.024949639319045973,0.00037585546941755704,32
20,0.49087385212340517,0.0035711238080000001,31499.999997891569,0.025343473190549907,0.00030706398186856399,32
20,0.49087385212340517,0.0035711238080000001,31599.999997875562,0.02482168552108965,0.00032531758360318752,32
20,0.49087385212340517,0.0035711238080000001,31699.999997859555,0.025263384803685302,0.00029557581025190552,32
20,0.49087385212340517,0.0035711238080000001,31799.999997843548,0.025677402144306583,0.00038673003807040686,32
20,0.49087385212340517,0.0035711238080000001,31899.999997827541,0.025107734931490447,0.0003487145818683646,32
20,0.49087385212340517,0.0035711238080000001,31999.999997811534,0.02493520986514966,0.0002740412021651229,32
20,0.49087385212340517,0.0035711238080000001,32099.999997795527,0.025232530745624728,0.000331451216202766,32
20,0.49087385212340517,0.0035711238080000001,32199.99999777952,0.02584928944482924,0.00037342699312996829,32
20,0.49087385212340517,0.0035711238080000001,32299.999997763513,0.024314818115542088,0.00033050974464180388,32
20,0.49087385212340517,0.0035711238080000001,32399.999997747505,0.025070686532107603,0.00032169294224933742,32
20,0.49087385212340517,0.0035711238080000001,32499.999997731498,0.024754344752345829,0.00034119786996623697,32
20,0.49087385212340517,0.0035711238080000001,32599.999997715491,0.024889828517846563,0.00030172880077216897,32
20,0.49087385212340517,0.0035711238080000001,32699.999997699484,0.025654353338834347,0.00036409507101997526,32
20,0.49087385212340517,0.0035711238080000001,32799.999997695115,0.024750458732578719,0.00027831709768884154,32
20,0.49087385212340517,0.0035711238080000001,32899.999997715488,0.024926693378986356,0.00032285985476240847,32
20,0.49087385212340517,0.0035711238080000001,32999.99999773586,0.025174697120318987,0.00039260984872028701,32
20,0.49087385212340517,0.0035711238080000001,33099.999997756233,0.024381163225906249,0.00037489527175266397,32
20,0.49087385212340517,0.0035711238080000001,33199.999997776606,0.025542273654468862,0.00035949393470453795,32
20,0.49087385212340517,0.0035711238080000001,33299.999997796978,0.025593250881827005,0.00035254936555178189,32
20,0.49087385212340517,0.0035711238080000001,33399.999997817351,0.025061480280063234,0.00038367006541866096,32
20,0.49087385212340517,0.0035711238080000001,33499.999997837724,0.025815088248580899,0.00032360179573648085,32
20,0.49087385212340517,0.0035711238080000001,33599.999997858096,0.025563597317286951,0.00031366282854698903,32
20,0.49087385212340517,0.0035711238080000001,33699.999997878469,0.024731507702608818,0.0003463055753938833,32
20,0.49087385212340517,0.0035711238080000001,33799.999997898842,0.025294091789363184,0.00031950457784389157,32
20,0.49087385212340517,0.0035711238080000001,33899.999997919214,0.025170237049239277,0.00030553676195635947,32
20,0.49087385212340517,0.0035711238080000001,33999.999997939587,0.025608270819929113,0.00033044176493960531,32
20,0.49087385212340517,0.0035711238080000001,34099.99999795996,0.025355487077750323,0.00036205325308431152,32
20,0.49087385212340517,0.0035711238080000001,34199.999997980332,0.025173394110311074,0.00029706889787575492,32
20,0.49087385212340517,0.0035711238080000001,34299.999998000705,0.025531273838008673,0.00033399079400340555,32
20,0.49087385212340517,0.0035711238080000001,34399.999998021078,0.02574012095330689,0.00029709054094823983,32
20,0.49087385212340517,0.0035711238080000001,34499.99999804145,0.025249698424797708,0.0003588380170020282,32
20,0.49087385212340517,0.0035711238080000001,34599.999998061823,0.024931418247159488,0.00036543058296081344,32
20,0.49087385212340517,0.0035711238080000001,34699.999998082196,0.024595560392128676,0.00028626213220733435,32
20,0.49087385212340517,0.0035711238080000001,34799.999998102568,0.024348190365183708,0.00032859581515513837,32
20,0.49087385212340517,0.0035711238080000001,34899.999998122941,0.02587044737026693,0.00035994604290850166,32
20,0.49087385212340517,0.0035711238080000001,34999.999998143314,0.025105710712166086,0.00037006396959261319,32
20,0.49087385212340517,0.0035711238080000001,35099.999998163687,0.024880827702173834,0.00033936390986983499,32
20,0.49087385212340517,0.0035711238080000001,35199.999998184059,0.025313289613545932,0.00040085574174338263,32
20,0.49087385212340517,0.0035711238080000001,35299.999998204432,0.024940978651697039,0.00037162566855497564,32
20,0.49087385212340517,0.0035711238080000001,35399.999998224805,0.025150795536741388,0.00036471659913161027,32
20,0.49087385212340517,0.0035711238080000001,35499.999998245177,0.025658033603504271,0.00043433797768985656,32
20,0.49087385212340517,0.0035711238080000001,35599.99999826555,0.025198444849333503,0.0003397802898854386,32
20,0.49087385212340517,0.0035711238080000001,35699.999998285923,0.024835838821466668,0.00035263166127964097,32
20,0.49087385212340517,0.0035711238080000001,35799.999998306295,0.02560391390878081,0.00036974953878548877,32
20,0.49087385212340517,0.0035711238080000001,35899.999998326668,0.024881043444190558,0.0002708669214076201,32
20,0.49087385212340517,0.0035711238080000001,35999.999998347041,0.024718484484219365,0.0003493598081886912,32
20,0.49087385212340517,0.0035711238080000001,36099.999998367413,0.025171502062419766,0.00036703857239991824,32
20,0.49087385212340517,0.0035711238080000001,36199.999998387786,0.025112136661473727,0.00041893191998935877,32
20,0.49087385212340517,0.0035711238080000001,36299.999998408159,0.025541900275943299,0.00046081360792165043,32
20,0.49087385212340517,0.0035711238080000001,36399.999998428531,0.024836547272203167,0.00035381699661726535,32
20,0.49087385212340517,0.0035711238080000001,36499.999998448904,0.025532747711247611,0.00028306601035300134,32
20,0.49087385212340517,0.0035711238080000001,36599.999998469277,0.024652092891971997,0.00041359108635868631,32
20,0.49087385212340517,0.0035711238080000001,36699.999998489649,0.025287768813479064,0.00033052125702546527,32
20,0.49087385212340517,0.0035711238080000001,36799.999998510022,0.024672201969080931,0.00034011156215786224,32
20,0.49087385212340517,0.0035711238080000001,36899.999998530395,0.0254681322052051,0.00035108137147823315,32
20,0.49087385212340517,0.0035711238080000001,36999.999998550767,0.024975381678564005,0.00032385390894063525,32
20,0.49087385212340517,0.0035711238080000001,37099.99999857114,0.025330262742045938,0.00039302638786740973,32
20,0.49087385212340517,0.0035711238080000001,37199.999998591513,0.025235091574809167,0.00038317320321389412,32
20,0.49087385212340517,0.0035711238080000001,37299.999998611886,0.02513596004360584,0.00034708230661754973,32
20,0.49087385212340517,0.0035711238080000001,37399.999998632258,0.024483207106238542,0.00037496952419964962,32
20,0.49087385212340517,0.0035711238080000001,37499.999998652631,0.024947794045169707,0.00035563629943890536,32
20,0.49087385212340517,0.0035711238080000001,37599.999998673004,0.025071879574261744,0.00032982106529744508,32
20,0.49087385212340517,0.0035711238080000001,37699.999998693376,0.025045750185090095,0.00042013678052887346,32
20,0.49087385212340517,0.0035711238080000001,37799.999998713749,0.025270234977252004,0.00034704255811451217,32
20,0.49087385212340517,0.0035711238080000001,37899.999998734122,0.025520857277179728,0.00032448437515419985,32
20,0.49087385212340517,0.0035711238080000001,37999.999998754494,0.025199732838437804,0.00040617320757901205,32
20,0.49087385212340517,0.0035711238080000001,38099.999998774867,0.025002974430411964,0.00031420847478115093,32
20,0.49087385212340517,0.0035711238080000001,38199.99999879524,0.024787065612799468,0.00039954536628283789,32
20,0.49087385212340517,0.0035711238080000001,38299.999998815612,0.025348208037082442,0.00034691881639067879,32
20,0.49087385212340517,0.0035711238080000001,38399.999998835985,0.02528042071221832,0.00037425622753425506,32
20,0.49087385212340517,0.0035711238080000001,38499.999998856358,0.025502310953596397,0.00033546335401290995,32
20,0.49087385212340517,0.0035711238080000001,38599.99999887673,0.024703646270911237,0.00033706974217605912,32
20,0.49087385212340517,0.0035711238080000001,38699.999998897103,0.025248659809818892,0.00035721760715593811,32
20,0.49087385212340517,0.0035711238080000001,38799.999998917476,0.025940868137070167,0.00034499565375350273,32
20,0.49087385212340517,0.0035711238080000001,38899.999998937848,0.024774815661257891,0.00030914589265601436,32
20,0.49087385212340517,0.0035711238080000001,38999.999998958221,0.024656238625855073,0.00032222222014364262,32
20,0.49087385212340517,0.0035711238080000001,39099.999998978594,0.025562733000553235,0.00031565197633208188,32
20,0.49087385212340517,0.0035711238080000001,39199.999998998966,0.025252551563918386,0.00038508223917527201,32
20,0.49087385212340517,0.0035711238080000001,39299.999999019339,0.024969053545191928,0.00038323270134873197,32
20,0.49087385212340517,0.0035711238080000001,39399.999999039712,0.024756247910135951,0.00028729471766750702,32
20,0.49087385212340517,0.0035711238080000001,39499.999999060085,0.024437195423093742,0.00029937532897507266,32
20,0.49087385212340517,0.0035711238080000001,39599.999999080457,0.025136303121823907,0.00031559017703704603,32
20,0.49087385212340517,0.0035711238080000001,39699.99999910083,0.025214174901955721,0.00044360939520024848,32
20,0.49087385212340517,0.0035711238080000001,39799.999999121203,0.024680113133298386,0.00039513823952154258,32
20,0.49087385212340517,0.0035711238080000001,39899.999999141575,0.025434207908009886,0.00031075182218183754,32
20,0.49087385212340517,0.0035711238080000001,39999.999999161948,0.025129286171299801,0.00030844224453311904,32
20,0.49087385212340517,0.0035711238080000001,40099.999999182321,0.025307826486728625,0.00040330570605643734,32
20,0.49087385212340517,0.0035711238080000001,40199.999999202693,0.025210586232789572,0.00036476637014770994,32
20,0.49087385212340517,0.0035711238080000001,40299.999999223066,0.024355847171691068,0.0002957486942758905,32
20,0.49087385212340517,0.0035711238080000001,40399.999999243439,0.024961522752996866,0.00033005340899077264,32
20,0.49087385212340517,0.0035711238080000001,40499.999999263811,0.025139253570304585,0.00040014122301826511,32
20,0.49087385212340517,0.0035711238080000001,40599.999999284184,0.026242434766410989,0.00028384451026828466,32
20,0.49087385212340517,0.0035711238080000001,40699.999999304557,0.024704717684809571,0.00033956993925373725,32
20,0.49087385212340517,0.0035711238080000001,40799.999999324929,0.025474050050453164,0.00031042239980695754,32
20,0.49087385212340517,0.0035711238080000001,40899.999999345302,0.024912026110494388,0.0003677323731606241,32
20,0.49087385212340517,0.0035711238080000001,40999.999999365675,0.025071152609325235,0.00034783202831105436,32
20,0.49087385212340517,0.0035711238080000001,41099.999999386047,0.025743574737212511,0.00034105134584122104,32
20,0.49087385212340517,0.0035711238080000001,41199.99999940642,0.025393897363843551,0.00033323684246999827,32
20,0.49087385212340517,0.0035711238080000001,41299.999999426793,0.025295038874373274,0.00034961256448534151,32
20,0.49087385212340517,0.0035711238080000001,41399.999999447165,0.025332728263073864,0.00033785689640801274,32
20,0.49087385212340517,0.0035711238080000001,41499.999999467538,0.025213334293803024,0.00037422256837479315,32
20,0.49087385212340517,0.0035711238080000001,41599.999999487911,0.025132449856153274,0.00025751272012042374,32
20,0.49087385212340517,0.0035711238080000001,41699.999999508284,0.025159084818851703,0.00041946795759193709,32
20,0.49087385212340517,0.0035711238080000001,41799.999999528656,0.025199498603915217,0.00040432276831392326,32
20,0.49087385212340517,0.0035711238080000001,41899.999999549029,0.025656983962137354,0.0003621315098092994,32
20,0.49087385212340517,0.0035711238080000001,41999.999999569402,0.02501403914266662,0.00033991549333430905,32
20,0.49087385212340517,0.0035711238080000001,42099.999999589774,0.025384977969056116,0.00035443007488486906,32
20,0.49087385212340517,0.0035711238080000001,42199.999999610147,0.025827623802878327,0.00030522136242443486,32
20,0.49087385212340517,0.0035711238080000001,42299.99999963052,0.024757380104580638,0.00032176360433009733,32
20,0.49087385212340517,0.0035711238080000001,42399.999999650892,0.024573945736291777,0.0003903849240107907,32
20,0.49087385212340517,0.0035711238080000001,42499.999999671265,0.024738484255470358,0.00030139799731202633,32
20,0.49087385212340517,0.0035711238080000001,42599.999999691638,0.025550520233485689,0.00028812139031361884,32
20,0.49087385212340517,0.0035711238080000001,42699.99999971201,0.025336367151278363,0.00034247931188326316,32
20,0.49087385212340517,0.0035711238080000001,42799.999999732383,0.024791527584223261,0.00033486449131625763,32
20,0.49087385212340517,0.0035711238080000001,42899.999999752756,0.025425906618809124,0.00037297633669240997,32
20,0.49087385212340517,0.0035711238080000001,42999.999999773128,0.025073082825477978,0.00035841587536543346,32
20,0.49087385212340517,0.0035711238080000001,43099.999999793501,0.02525015982482311,0.00030237194490606665,32
20,0.49087385212340517,0.0035711238080000001,43199.999999813874,0.025349398005189143,0.00039784315544383401,32
20,0.49087385212340517,0.0035711238080000001,43299.999999834246,0.023969030429419218,0.00029494241968114305,32
20,0.49087385212340517,0.0035711238080000001,43399.999999854619,0.025549861501525887,0.00041077765430745666,32
20,0.49087385212340517,0.0035711238080000001,43499.999999874992,0.026258964027517748,0.00031568430371143534,32
20,0.49087385212340517,0.0035711238080000001,43599.999999895364,0.025650462720152339,0.00035259319509467664,32
20,0.49087385212340517,0.0035711238080000001,43699.999999915737,0.025969367300391479,0.00038547793318575703,32
20,0.49087385212340517,0.0035711238080000001,43799.99999993611,0.025143250549274309,0.00032251567167388188,32
20,0.49087385212340517,0.0035711238080000001,43899.999999956482,0.025607740969379074,0.00044544708524742768,32
20,0.49087385212340517,0.0035711238080000001,43999.999999976855,0.025104227955486939,0.00032094103672562269,32
20,0.49087385212340517,0.0035711238080000001,44099.999999997228,0.025710466338056064,0.00032760071426550318,32
20,0.49087385212340517,0.0035711238080000001,44200.000000017601,0.02491904931902298,0.00035447934765382743,32
20,0.49087385212340517,0.0035711238080000001,44300.000000037973,0.025484346437352728,0.00030997407568018388,32
20,0.49087385212340517,0.0035711238080000001,44400.000000058346,0.024930802723326199,0.00027617473318089589,32
20,0.49087385212340517,0.0035711238080000001,44500.000000078719,0.024773861177230388,0.00035810428743459136,32
20,0.49087385212340517,0.0035711238080000001,44600.000000099091,0.025392932975841376,0.00029880435105072723,32
20,0.49087385212340517,0.0035711238080000001,44700.000000119464,0.024973634831870178,0.00039744963926167785,32
20,0.49087385212340517,0.0035711238080000001,44800.000000139837,0.024619895103440495,0.00040908138573648458,32
20,0.49087385212340517,0.0035711238080000001,44900.000000160209,0.024792239909045624,0.00030913494459629433,32
20,0.49087385212340517,0.0035711238080000001,45000.000000180582,0.02541775095678328,0.00028710023175514441,32
20,0.49087385212340517,0.0035711238080000001,45100.000000200955,0.025555860828713306,0.00041359526964386469,32
20,0.49087385212340517,0.0035711238080000001,45200.000000221327,0.025571113904160097,0.00035273651410159081,32
20,0.49087385212340517,0.0035711238080000001,45300.0000002417,0.02569291116412923,0.00039881618994168426,32
20,0.49087385212340517,0.0035711238080000001,45400.000000262073,0.024616414439118228,0.00034541837699841974,32
20,0.49087385212340517,0.0035711238080000001,45500.000000282445,0.025145652728530532,0.00038110452787793321,32
20,0.49087385212340517,0.0035711238080000001,45600.000000302818,0.025581254212670188,0.00031273793604128381,32
20,0.49087385212340517,0.0035711238080000001,45700.000000323191,0.026195368569019339,0.00034641711755481252,32
20,0.49087385212340517,0.0035711238080000001,45800.000000343563,0.026128067120182862,0.00027463660066721538,32
20,0.49087385212340517,0.0035711238080000001,45900.000000363936,0.025274706322980497,0.0003845814790371351,32
20,0.49087385212340517,0.0035711238080000001,46000.000000384309,0.025342258913953582,0.0003112381090273648,32
20,0.49087385212340517,0.0035711238080000001,46100.000000404681,0.025471732845560827,0.00029112067712479419,32
20,0.49087385212340517,0.0035711238080000001,46200.000000425054,0.024924694337451044,0.00038786140486025749,32
20,0.49087385212340517,0.0035711238080000001,46300.000000445427,0.025107900684108342,0.00037639943128924783,32
20,0.49087385212340517,0.0035711238080000001,46400.0000004658,0.025569115203468881,0.00031476041299641943,32
20,0.49087385212340517,0.0035711238080000001,46500.000000486172,0.025182138463452752,0.00042338975152851334,32
20,0.49087385212340517,0.0035711238080000001,46600.000000506545,0.024887761402779634,0.00037723370829099377,32
20,0.49087385212340517,0.0035711238080000001,46700.000000526918,0.025757628144412136,0.00033340167826966151,32
20,0.49087385212340517,0.0035711238080000001,46800.00000054729,0.02500709612611585,0.00031033208874402008,32
20,0.49087385212340517,0.0035711238080000001,46900.000000567663,0.025409707777958424,0.00039557414658265708,32
20,0.49087385212340517,0.0035711238080000001,47000.000000588036,0.024893324032803258,0.00039922000823057994,32
20,0.49087385212340517,0.0035711238080000001,47100.000000608408,0.024767620260163534,0.00034314442421573061,32
20,0.49087385212340517,0.0035711238080000001,47200.000000628781,0.025262277892783243,0.0003770639278114407,32
20,0.49087385212340517,0.0035711238080000001,47300.000000649154,0.025459097548339735,0.00031150904656066322,32
20,0.49087385212340517,0.0035711238080000001,47400.000000669526,0.025135521747019569,0.00033764838074763087,32
20,0.49087385212340517,0.0035711238080000001,47500.000000689899,0.025062801879227721,0.00041217350447137738,32
20,0.49087385212340517,0.0035711238080000001,47600.000000710272,0.025319491131919079,0.00034150103322340961,32
20,0.49087385212340517,0.0035711238080000001,47700.000000730644,0.025029034090251777,0.00039174757354222799,32
20,0.49087385212340517,0.0035711238080000001,47800.000000751017,0.025076185641931332,0.0003738396952586124,32
20,0.49087385212340517,0.0035711238080000001,47900.00000077139,0.025875026224879968,0.00034990137026659669,32
20,0.49087385212340517,0.0035711238080000001,48000.000000791762,0.025731673724176288,0.0002993116239871731,32
20,0.49087385212340517,0.0035711238080000001,48100.000000812135,0.025488382050706603,0.00033830297044153032,32
20,0.49087385212340517,0.0035711238080000001,48200.000000832508,0.025232443172292677,0.00041957346170829737,32
20,0.49087385212340517,0.0035711238080000001,48300.00000085288,0.025008751034643048,0.00026916493167934398,32
20,0.49087385212340517,0.0035711238080000001,48400.000000873253,0.025269360346313205,0.0003762930637709798,32
20,0.49087385212340517,0.0035711238080000001,48500.000000893626,0.025348275790338479,0.00028116030103030016,32
20,0.49087385212340517,0.0035711238080000001,48600.000000913999,0.024586938055154141,0.00035452859128700119,32
20,0.49087385212340517,0.0035711238080000001,48700.000000934371,0.02508274637711632,0.00040252334595740493,32
20,0.49087385212340517,0.0035711238080000001,48800.000000954744,0.025079665999196893,0.00037194259827546096,32
20,0.49087385212340517,0.0035711238080000001,48900.000000975117,0.025347211017955881,0.00028720624633811622,32
20,0.49087385212340517,0.0035711238080000001,49000.000000995489,0.025297403843011726,0.00037087088504931723,32
20,0.49087385212340517,0.0035711238080000001,49100.000001015862,0.024647352745791724,0.0002928041936963313,32
20,0.49087385212340517,0.0035711238080000001,49200.000001036235,0.025131592049697098,0.0003054739526521984,32
20,0.49087385212340517,0.0035711238080000001,49300.000001056607,0.024706529822657721,0.00029986753861534926,32
20,0.49087385212340517,0.0035711238080000001,49400.00000107698,0.025404343086208321,0.00031094243274994941,32
20,0.49087385212340517,0.0035711238080000001,49500.000001097353,0.024641591356518611,0.00025782058511491097,32
20,0.49087385212340517,0.0035711238080000001,49600.000001117725,0.0249791627735431,0.00035681268851835309,32
20,0.49087385212340517,0.0035711238080000001,49700.000001138098,0.02554984822337325,0.00035568394312216053,32
20,0.49087385212340517,0.0035711238080000001,49800.000001158471,0.024904455535882587,0.00034439623909279191,32
20,0.49087385212340517,0.0035711238080000001,49900.000001178843,0.024997257740742209,0.0003384322399671945,32
20,0.49087385212340517,0.0035711238080000001,50000.000001199216,0.024750070071351417,0.00030411719747715547,32
24,0.58904862254808621,0.0050890670990000001,100.00000000001425,0.024111689861829454,0.00025406701969847665,32
24,0.58904862254808621,0.0050890670990000001,199.99999999996308,0.025469779561549791,0.00030086596038061394,32
24,0.58904862254808621,0.0050890670990000001,299.99999999987216,0.025059494423608587,0.0003453369405603365,32
24,0.58904862254808621,0.0050890670990000001,399.99999999978121,0.02494574062688612,0.00027119616585947939,32
24,0.58904862254808621,0.0050890670990000001,499.99999999969026,0.024647101211561426,0.00029672444550676895,32
24,0.58904862254808621,0.0050890670990000001,599.99999999959937,0.024688007075002249,0.00026544286272257243,32
24,0.58904862254808621,0.0050890670990000001,699.99999999950842,0.02556391963851385,0.00034966409543422548,32
24,0.58904862254808621,0.0050890670990000001,799.99999999941747,0.024953060207365124,0.00031511194726355549,32
24,0.58904862254808621,0.0050890670990000001,899.99999999932652,0.025452820934766064,0.00028501586015328601,32
24,0.58904862254808621,0.0050890670990000001,999.99999999923557,0.025186390611016737,0.00023445787977826051,32
24,0.58904862254808621,0.0050890670990000001,1099.9999999991446,0.025731223248400485,0.00034718754898384444,32
24,0.58904862254808621,0.0050890670990000001,1199.9999999990537,0.02543677657047029,0.0002766746681085988,32
24,0.58904862254808621,0.0050890670990000001,1299.9999999989627,0.025161827289592632,0.00031637404322283147,32
24,0.58904862254808621,0.0050890670990000001,1399.9999999988718,0.024970849462742979,0.00031087212928399065,32
24,0.58904862254808621,0.0050890670990000001,1499.9999999987808,0.025466274179790763,0.00031074888723032758,32
24,0.58904862254808621,0.0050890670990000001,1599.9999999986899,0.025207466153304516,0.00038079132782445265,32
24,0.58904862254808621,0.0050890670990000001,1699.9999999985989,0.02529637570242595,0.00022513237571309563,32
24,0.58904862254808621,0.0050890670990000001,1799.999999998508,0.024807055602890649,0.00024381468135169942,32
24,0.58904862254808621,0.0050890670990000001,1899.999999998417,0.025600635979685944,0.00033236364882959131,32
24,0.58904862254808621,0.0050890670990000001,1999.9999999983261,0.024679530779897582,0.0002629447639812695,32
24,0.58904862254808621,0.0050890670990000001,2099.9999999994175,0.025370986520540671,0.00028748855383815044,32
24,0.58904862254808621,0.0050890670990000001,2200.0000000016003,0.025549885088135962,0.00033978446230582761,32
24,0.58904862254808621,0.0050890670990000001,2300.000000003783,0.024655941974990173,0.0002968386517276958,32
24,0.58904862254808621,0.0050890670990000001,2400.0000000059658,0.025733556266804597,0.00033881642179667829,32
24,0.58904862254808621,0.0050890670990000001,2500.0000000081486,0.024525708960641879,0.0003160751602044701,32
24,0.58904862254808621,0.0050890670990000001,2600.0000000103314,0.02492688864115019,0.00029600655613031787,32
24,0.58904862254808621,0.0050890670990000001,2700.0000000125142,0.025044673611160511,0.00030761365575587547,32
24,0.58904862254808621,0.0050890670990000001,2800.000000014697,0.025166417314659833,0.00028043642416075622,32
24,0.58904862254808621,0.0050890670990000001,2900.0000000168798,0.025750988191139013,0.00026899041160923399,32
24,0.58904862254808621,0.0050890670990000001,3000.0000000190626,0.025007011796918204,0.00025144270363258329,32
24,0.58904862254808621,0.0050890670990000001,3100.0000000212453,0.024558245152850145,0.00035821426223954636,32
24,0.58904862254808621,0.0050890670990000001,3200.0000000234281,0.025385749322979483,0.00031936752028146589,32
24,0.58904862254808621,0.0050890670990000001,3300.0000000256109,0.025111612757353793,0.00028768245765091395,32
24,0.58904862254808621,0.0050890670990000001,3400.0000000277937,0.025116044794764109,0.00029879306586819208,32
24,0.58904862254808621,0.0050890670990000001,3500.0000000299765,0.025402767711138443,0.00018663398318225435,32
24,0.58904862254808621,0.0050890670990000001,3600.0000000321593,0.02498249206103214,0.00029549738864956954,32
24,0.58904862254808621,0.0050890670990000001,3700.0000000343421,0.025231838726134301,0.00033267742629196969,32
24,0.58904862254808621,0.0050890670990000001,3800.0000000365249,0.025466975224110081,0.0003533635801020965,32
24,0.58904862254808621,0.0050890670990000001,3900.0000000387076,0.0255802310907517,0.00026875153314120676,32
24,0.58904862254808621,0.0050890670990000001,4000.0000000408904,0.025263626965209528,0.00026360498350232539,32
24,0.58904862254808621,0.0050890670990000001,4100.0000000430728,0.02497517871676291,0.00035340228734322772,32
24,0.58904862254808621,0.0050890670990000001,4200.0000000452555,0.025716782267040668,0.00029028321000864335,32
24,0.58904862254808621,0.0050890670990000001,4300.0000000474383,0.025321084301527467,0.00024878414499312183,32
24,0.58904862254808621,0.0050890670990000001,4400.0000000496211,0.025523618136522704,0.00033879512788081241,32
24,0.58904862254808621,0.0050890670990000001,4500.0000000518039,0.025699193258814847,0.00028605801161327664,32
24,0.58904862254808621,0.0050890670990000001,4600.0000000539867,0.025084915816598052,0.00033249940846367216,32
24,0.58904862254808621,0.0050890670990000001,4700.0000000561695,0.025328256273469858,0.00033191021421693232,32
24,0.58904862254808621,0.0050890670990000001,4800.0000000583523,0.025540480490284342,0.00031001581589063903,32
24,0.58904862254808621,0.0050890670990000001,4900.0000000605351,0.025236371957736151,0.00034147554355903735,32
24,0.58904862254808621,0.0050890670990000001,5000.0000000627178,0.025247711445056508,0.00030478477534470251,32
24,0.58904862254808621,0.0050890670990000001,5100.0000000649006,0.024827181180120516,0.000267195054154924,32
24,0.58904862254808621,0.0050890670990000001,5200.0000000670834,0.02506813731241558,0.00029612129695941224,32
24,0.58904862254808621,0.0050890670990000001,5300.0000000692662,0.025497239570841802,0.00027891804568808891,32
24,0.58904862254808621,0.0050890670990000001,5400.000000071449,0.025397434994409458,0.00027606410489724385,32
24,0.58904862254808621,0.0050890670990000001,5500.0000000736318,0.024962030870760488,0.00029593572406953989,32
24,0.58904862254808621,0.0050890670990000001,5600.0000000758146,0.025128159376107687,0.00032982905693310549,32
24,0.58904862254808621,0.0050890670990000001,5700.0000000779974,0.024418653275298442,0.00028614867449960977,32
24,0.58904862254808621,0.0050890670990000001,5800.0000000801801,0.025088265338415575,0.00035286874417305819,32
24,0.58904862254808621,0.0050890670990000001,5900.0000000823629,0.025342466873197651,0.0002659129285826591,32
24,0.58904862254808621,0.0050890670990000001,6000.0000000845457,0.025464161448613701,0.00022835031028417191,32
24,0.58904862254808621,0.0050890670990000001,6100.0000000867285,0.025444242823504527,0.00029838716147616463,32
24,0.58904862254808621,0.0050890670990000001,6200.0000000889113,0.02575235591756684,0.00023408840897469298,32
24,0.58904862254808621,0.0050890670990000001,6300.0000000910941,0.02516217344488907,0.00032281843749167131,32
24,0.58904862254808621,0.0050890670990000001,6400.0000000932769,0.025326898648667412,0.00026399333715185533,32
24,0.58904862254808621,0.0050890670990000001,6500.0000000954597,0.025433582910190915,0.00032078783640185799,32
24,0.58904862254808621,0.0050890670990000001,6600.0000000976424,0.025207228304794847,0.00030449529476352896,32
24,0.58904862254808621,0.0050890670990000001,6700.0000000998252,0.025064709148722497,0.000284797755938558,32
24,0.58904862254808621,0.0050890670990000001,6800.000000102008,0.024882271080970457,0.00033921925597755765,32
24,0.58904862254808621,0.0050890670990000001,6900.0000001041908,0.025133935909564177,0.000224069881955113,32
24,0.58904862254808621,0.0050890670990000001,7000.0000001063736,0.025061925620129193,0.00029154018398097208,32
24,0.58904862254808621,0.0050890670990000001,7100.0000001085564,0.025063557611130008,0.00030863022743202591,32
24,0.58904862254808621,0.0050890670990000001,7200.0000001107392,0.025332206757091146,0.00029859011691366045,32
24,0.58904862254808621,0.0050890670990000001,7300.000000112922,0.025270932506221713,0.00034630649633329803,32
24,0.58904862254808621,0.0050890670990000001,7400.0000001151047,0.025588617373415719,0.00026568420197281252,32
24,0.58904862254808621,0.0050890670990000001,7500.0000001172875,0.02490763649146073,0.00028964496585403161,32
24,0.58904862254808621,0.0050890670990000001,7600.0000001194703,0.024956651437584205,0.00027849183744664514,32
24,0.58904862254808621,0.0050890670990000001,7700.0000001216531,0.024721812924331194,0.00026013599133297447,32
24,0.58904862254808621,0.0050890670990000001,7800.0000001238359,0.024645471333726812,0.00035315183227205738,32
24,0.58904862254808621,0.0050890670990000001,7900.0000001260187,0.025246156425832847,0.00038387204437974061,32
24,0.58904862254808621,0.0050890670990000001,8000.0000001282015,0.025640577191174407,0.00030823724742303594,32
24,0.58904862254808621,0.0050890670990000001,8100.0000001303843,0.025584869900725109,0.00028660721428422017,32
24,0.58904862254808621,0.0050890670990000001,8200.0000001325661,0.024906958115702545,0.00033878858535905032,32
24,0.58904862254808621,0.0050890670990000001,8300.0000001347489,0.024577488825096729,0.00024300537196480897,32
24,0.58904862254808621,0.0050890670990000001,8400.0000001369317,0.024819706931867504,0.00035568651050861609,32
24,0.58904862254808621,0.0050890670990000001,8500.0000001391145,0.025002647617112021,0.0003383457551588765,32
24,0.58904862254808621,0.0050890670990000001,8600.0000001412973,0.025576750886164467,0.00020193231923547417,32
24,0.58904862254808621,0.0050890670990000001,8700.0000001434801,0.025361608733325481,0.0003398909991994952,32
24,0.58904862254808621,0.0050890670990000001,8800.0000001456629,0.025074164690159228,0.00034251681138877351,32
24,0.58904862254808621,0.0050890670990000001,8900.0000001478456,0.025314777485875736,0.00029596373046616553,32
24,0.58904862254808621,0.0050890670990000001,9000.0000001500284,0.025166694507590091,0.00030316114526094187,32
24,0.58904862254808621,0.0050890670990000001,9100.0000001522112,0.025601299739352126,0.00024816294180517818,32
24,0.58904862254808621,0.0050890670990000001,9200.000000154394,0.02496733371351283,0.00032830079597164988,32
24,0.58904862254808621,0.0050890670990000001,9300.0000001565768,0.025568611260637787,0.00032206822376118109,32
24,0.58904862254808621,0.0050890670990000001,9400.0000001587596,0.02510778678436832,0.00030446838243937662,32
24,0.58904862254808621,0.0050890670990000001,9500.0000001609424,0.025549382011782085,0.00023415868114505205,32
24,0.58904862254808621,0.0050890670990000001,9600.0000001631252,0.025116782985012232,0.00035519797968987802,32
24,0.58904862254808621,0.0050890670990000001,9700.0000001653079,0.024952698539079683,0.00033837400358025036,32
24,0.58904862254808621,0.0050890670990000001,9800.0000001674907,0.025765010902820823,0.00027731030375343897,32
24,0.58904862254808621,0.0050890670990000001,9900.0000001696735,0.024996719576511409,0.00032800304947378357,32
24,0.58904862254808621,0.0050890670990000001,10000.000000171856,0.025190798477212097,0.00033082290716174556,32
24,0.58904862254808621,0.0050890670990000001,10100.000000174039,0.025581182174135755,0.00037080297495074117,32
24,0.58904862254808621,0.0050890670990000001,10200.000000176222,0.025614753278922431,0.00026706452749761646,32
24,0.58904862254808621,0.0050890670990000001,10300.000000178405,0.025582130844140058,0.00023561284875760419,32
24,0.58904862254808621,0.0050890670990000001,10400.000000180587,0.025625883855132311,0.00022137616438946132,32
24,0.58904862254808621,0.0050890670990000001,10500.00000018277,0.025744696129058338,0.00038923438292431722,32
24,0.58904862254808621,0.0050890670990000001,10600.000000184953,0.025280286625505851,0.00030310224072409195,32
24,0.58904862254808621,0.0050890670990000001,10700.000000187136,0.025401938849866468,0.00032279180462071181,32
24,0.58904862254808621,0.0050890670990000001,10800.000000189319,0.025328998469217313,0.00031240596078633832,32
24,0.58904862254808621,0.0050890670990000001,10900.000000191501,0.025245853626778642,0.00026128743262015538,32
24,0.58904862254808621,0.0050890670990000001,11000.000000193684,0.024907821771916572,0.00036491320326993481,32
24,0.58904862254808621,0.0050890670990000001,11100.000000195867,0.024810285053277883,0.00027918735040898169,32
24,0.58904862254808621,0.0050890670990000001,11200.00000019805,0.025362765637235163,0.00027326652233575943,32
24,0.58904862254808621,0.0050890670990000001,11300.000000200233,0.025223957022317882,0.00036744180404225181,32
24,0.58904862254808621,0.0050890670990000001,11400.000000202415,0.025566986568936863,0.00029429178710963145,32
24,0.58904862254808621,0.0050890670990000001,11500.000000204598,0.025817763412433338,0.00030184471554011761,32
24,0.58904862254808621,0.0050890670990000001,11600.000000206781,0.025559720300834785,0.00032219227726142775,32
24,0.58904862254808621,0.0050890670990000001,11700.000000208964,0.025677644722489398,0.00038073571195476066,32
24,0.58904862254808621,0.0050890670990000001,11800.000000211146,0.025416987811956733,0.00034973509632296246,32
24,0.58904862254808621,0.0050890670990000001,11900.000000213329,0.025384603317180562,0.0003027149379158583,32
24,0.58904862254808621,0.0050890670990000001,12000.000000215512,0.025587567949114043,0.00033314233671559603,32
24,0.58904862254808621,0.0050890670990000001,12100.000000217695,0.025172138452789879,0.00022359208635970744,32
24,0.58904862254808621,0.0050890670990000001,12200.000000219878,0.02512002508990013,0.00027086010159071776,32
24,0.58904862254808621,0.0050890670990000001,12300.00000022206,0.025291504022834792,0.00026872744632929743,32
24,0.58904862254808621,0.0050890670990000001,12400.000000224243,0.025610920827807977,0.00027344819327575274,32
24,0.58904862254808621,0.0050890670990000001,12500.000000226426,0.025149415308697815,0.00029064033980833289,32
24,0.58904862254808621,0.0050890670990000001,12600.000000228609,0.025092090632546377,0.00026001715782841432,32
24,0.58904862254808621,0.0050890670990000001,12700.000000230792,0.024813548508643739,0.0003689352998488314,32
24,0.58904862254808621,0.0050890670990000001,12800.000000232974,0.02551281170786773,0.00028441531670386121,32
24,0.58904862254808621,0.0050890670990000001,12900.000000235157,0.025169362102290108,0.0003201114496454979,32
24,0.58904862254808621,0.0050890670990000001,13000.00000023734,0.025232170674570963,0.00037168704807886131,32
24,0.58904862254808621,0.0050890670990000001,13100.000000239523,0.024882475309586191,0.00027083566397001924,32
24,0.58904862254808621,0.0050890670990000001,13200.000000241705,0.02520606484750678,0.00033164812427420787,32
24,0.58904862254808621,0.0050890670990000001,13300.000000243888,0.025330129602764956,0.00028560175656032363,32
24,0.58904862254808621,0.0050890670990000001,13400.000000246071,0.025111491378249525,0.00036322580954654206,32
24,0.58904862254808621,0.0050890670990000001,13500.000000248254,0.024995449757535378,0.00031922609899403848,32
24,0.58904862254808621,0.0050890670990000001,13600.000000250437,0.02453532230935631,0.00033246413545381075,32
24,0.58904862254808621,0.0050890670990000001,13700.000000252619,0.024849928567620708,0.0003344590371770717,32
24,0.58904862254808621,0.0050890670990000001,13800.000000254802,0.025637129963615911,0.00028998453993817866,32
24,0.58904862254808621,0.0050890670990000001,13900.000000256985,0.025292862205904768,0.00036529306917765941,32
24,0.58904862254808621,0.0050890670990000001,14000.000000259168,0.02476128632626232,0.00035717246358758418,32
24,0.58904862254808621,0.0050890670990000001,14100.000000261351,0.024966483559513409,0.00033807261053839921,32
24,0.58904862254808621,0.0050890670990000001,14200.000000263533,0.025565630633984218,0.00033743135124626565,32
24,0.58904862254808621,0.0050890670990000001,14300.000000265716,0.025450625676869367,0.00026497532068703306,32
24,0.58904862254808621,0.0050890670990000001,14400.000000267899,0.025339835780172956,0.00029071993282256322,32
24,0.58904862254808621,0.0050890670990000001,14500.000000270082,0.024688054793075558,0.00029967782512003955,32
24,0.58904862254808621,0.0050890670990000001,14600.000000272265,0.02493535835387049,0.00026358675954066784,32
24,0.58904862254808621,0.0050890670990000001,14700.000000274447,0.025134289129667788,0.00025965877383306101,32
24,0.58904862254808621,0.0050890670990000001,14800.00000027663,0.025459032985593471,0.0002922736058507493,32
24,0.58904862254808621,0.0050890670990000001,14900.000000278813,0.025297598972097188,0.00035594237962951596,32
24,0.58904862254808621,0.0050890670990000001,15000.000000280996,0.025068736603921733,0.00029601087988967813,32
24,0.58904862254808621,0.0050890670990000001,15100.000000283178,0.025276929968505793,0.00029292148747397999,32
24,0.58904862254808621,0.0050890670990000001,15200.000000285361,0.025085758796385332,0.00025133381749081643,32
24,0.58904862254808621,0.0050890670990000001,15300.000000287544,0.025243465684827937,0.00026587393454695568,32
24,0.58904862254808621,0.0050890670990000001,15400.000000289727,0.025145915600057342,0.00031450118063884835,32
24,0.58904862254808621,0.0050890670990000001,15500.00000029191,0.025608794289575701,0.000362286625447973,32
24,0.58904862254808621,0.0050890670990000001,15600.000000294092,0.025370964449160607,0.00033434711555337387,32
24,0.58904862254808621,0.0050890670990000001,15700.000000296275,0.024996696302418575,0.00026625291654946065,32
24,0.58904862254808621,0.0050890670990000001,15800.000000298458,0.025519171387176465,0.00029777456068569611,32
24,0.58904862254808621,0.0050890670990000001,15900.000000300641,0.025275062200058349,0.00032240206139379782,32
24,0.58904862254808621,0.0050890670990000001,16000.000000302824,0.025268605453393052,0.00027698532657021628,32
24,0.58904862254808621,0.0050890670990000001,16100.000000305006,0.025236829595870616,0.00031448439499455857,32
24,0.58904862254808621,0.0050890670990000001,16200.000000307189,0.02502152474508406,0.00023532598125582016,32
24,0.58904862254808621,0.0050890670990000001,16300.000000309372,0.024822401877846421,0.00034594296704630741,32
24,0.58904862254808621,0.0050890670990000001,16400.000000308642,0.025751578546036189,0.00031557387590174164,32
24,0.58904862254808621,0.0050890670990000001,16500.000000292635,0.025126822373427723,0.0002883778639115021,32
24,0.58904862254808621,0.0050890670990000001,16600.000000276628,0.024986431905349472,0.00032014403324062343,32
24,0.58904862254808621,0.0050890670990000001,16700.000000260621,0.025186706235899199,0.00031249517833503363,32
24,0.58904862254808621,0.0050890670990000001,16800.000000244614,0.025278281824355934,0.00033123200786861721,32
24,0.58904862254808621,0.0050890670990000001,16900.000000228607,0.024645390301155732,0.00033050423234979453,32
24,0.58904862254808621,0.0050890670990000001,17000.0000002126,0.025670392331449729,0.00029766597273483741,32
24,0.58904862254808621,0.0050890670990000001,17100.000000196593,0.025218002014689225,0.00025390412986698679,32
24,0.58904862254808621,0.0050890670990000001,17200.000000180586,0.024755341485603627,0.00032436132858989738,32
24,0.58904862254808621,0.0050890670990000001,17300.000000164579,0.025816412217398377,0.00036573358991992024,32
24,0.58904862254808621,0.0050890670990000001,17400.000000148571,0.025099034983198182,0.0002786567160996189,32
24,0.58904862254808621,0.0050890670990000001,17500.000000132564,0.024890454461687157,0.00025426817965273934,32
24,0.58904862254808621,0.0050890670990000001,17600.000000116557,0.025365459666475375,0.0002483104290331564,32
24,0.58904862254808621,0.0050890670990000001,17700.00000010055,0.025029142388490872,0.00031000355498148985,32
24,0.58904862254808621,0.0050890670990000001,17800.000000084543,0.025138674783457854,0.00027659243677572506,32
24,0.58904862254808621,0.0050890670990000001,17900.000000068536,0.025276843974438541,0.00026873138884663916,32
24,0.58904862254808621,0.0050890670990000001,18000.000000052529,0.025140596251287985,0.00028239556666082369,32
24,0.58904862254808621,0.0050890670990000001,18100.000000036522,0.025347530693438834,0.00029852050087300294,32
24,0.58904862254808621,0.0050890670990000001,18200.000000020515,0.024977319044244585,0.00024556535788631374,32
24,0.58904862254808621,0.0050890670990000001,18300.000000004507,0.025255373186936415,0.0002613800103593872,32
24,0.58904862254808621,0.0050890670990000001,18399.9999999885,0.025342649360662592,0.00033042927710298317,32
24,0.58904862254808621,0.0050890670990000001,18499.999999972493,0.024537530149230463,0.00026781357762448887,32
24,0.58904862254808621,0.0050890670990000001,18599.999999956486,0.025187878002792648,0.00026318240203852323,32
24,0.58904862254808621,0.0050890670990000001,18699.999999940479,0.024632572121678731,0.00032064751333807292,32
24,0.58904862254808621,0.0050890670990000001,18799.999999924472,0.025765127706986267,0.00027435615799530511,32
24,0.58904862254808621,0.0050890670990000001,18899.999999908465,0.025344493040720128,0.00026686066965936003,32
24,0.58904862254808621,0.0050890670990000001,18999.999999892458,0.025034043237677602,0.0003296541109377944,32
24,0.58904862254808621,0.0050890670990000001,19099.999999876451,0.025530130196045154,0.00028116897668014604,32
24,0.58904862254808621,0.0050890670990000001,19199.999999860443,0.025280254104980179,0.00025717234019130304,32
24,0.58904862254808621,0.0050890670990000001,19299.999999844436,0.024990909892861419,0.00029957078468589653,32
24,0.58904862254808621,0.0050890670990000001,19399.999999828429,0.0249262333165703,0.00024319712753072427,32
24,0.58904862254808621,0.0050890670990000001,19499.999999812422,0.024883571042019697,0.00034486102232674258,32
24,0.58904862254808621,0.0050890670990000001,19599.999999796415,0.025003869038506755,0.00025759619599720503,32
24,0.58904862254808621,0.0050890670990000001,19699.999999780408,0.025395741832396731,0.00028178347233051733,32
24,0.58904862254808621,0.0050890670990000001,19799.999999764401,0.025132525549621875,0.00026298617387372699,32
24,0.58904862254808621,0.0050890670990000001,19899.999999748394,0.025145289499087568,0.00027990075797388952,32
24,0.58904862254808621,0.0050890670990000001,19999.999999732387,0.025238932534339769,0.00032993335059959062,32
24,0.58904862254808621,0.0050890670990000001,20099.99999971638,0.025218054799910912,0.00028656236922858924,32
24,0.58904862254808621,0.0050890670990000001,20199.999999700372,0.025204965703387983,0.00028611202850208734,32
24,0.58904862254808621,0.0050890670990000001,20299.999999684365,0.025199988387971693,0.00023252345107383908,32
24,0.58904862254808621,0.0050890670990000001,20399.999999668358,0.024868573208174247,0.00027261707460819929,32
24,0.58904862254808621,0.0050890670990000001,20499.999999652351,0.025641175500322216,0.00029022404387216567,32
24,0.58904862254808621,0.0050890670990000001,20599.999999636344,0.025358417919857431,0.00033201899236042599,32
24,0.58904862254808621,0.0050890670990000001,20699.999999620337,0.025739088121699446,0.00029178647480984941,32
24,0.58904862254808621,0.0050890670990000001,20799.99999960433,0.025343025840879198,0.00025237714520387597,32
24,0.58904862254808621,0.0050890670990000001,20899.999999588323,0.025252315436945089,0.00028173264103226739,32
24,0.58904862254808621,0.0050890670990000001,20999.999999572316,0.025128095736562325,0.00032362594357127631,32
24,0.58904862254808621,0.0050890670990000001,21099.999999556308,0.025366690071451307,0.00022695404536095454,32
24,0.58904862254808621,0.0050890670990000001,21199.999999540301,0.02513680636708529,0.00032461238873508872,32
24,0.58904862254808621,0.0050890670990000001,21299.999999524294,0.025247664827418692,0.00028857302501007797,32
24,0.58904862254808621,0.0050890670990000001,21399.999999508287,0.025794966499537043,0.00032838201015434303,32
24,0.58904862254808621,0.0050890670990000001,21499.99999949228,0.025036172701139094,0.00029363050531686704,32
24,0.58904862254808621,0.0050890670990000001,21599.999999476273,0.025621387630111632,0.00025241800333616264,32
24,0.58904862254808621,0.0050890670990000001,21699.999999460266,0.025456927150384077,0.00030596406585324,32
24,0.58904862254808621,0.0050890670990000001,21799.999999444259,0.025321276340401214,0.00026705650359983902,32
24,0.58904862254808621,0.0050890670990000001,21899.999999428252,0.025033680465985024,0.00024856480264623257,32
24,0.58904862254808621,0.0050890670990000001,21999.999999412245,0.025179138800949828,0.00022630049417239381,32
24,0.58904862254808621,0.0050890670990000001,22099.999999396237,0.025369988739500193,0.00030997364449764059,32
24,0.58904862254808621,0.0050890670990000001,22199.99999938023,0.02533482394405857,0.00029216350342756766,32
24,0.58904862254808621,0.0050890670990000001,22299.999999364223,0.025525069943935486,0.00027848691745006854,32
24,0.58904862254808621,0.0050890670990000001,22399.999999348216,0.025383200730303392,0.00033983411205529669,32
24,0.58904862254808621,0.0050890670990000001,22499.999999332209,0.025858622203165108,0.00029051819980016174,32
24,0.58904862254808621,0.0050890670990000001,22599.999999316202,0.025659499919530933,0.00033446742394788214,32
24,0.58904862254808621,0.0050890670990000001,22699.999999300195,0.025885243643228199,0.0002655812783616345,32
24,0.58904862254808621,0.0050890670990000001,22799.999999284188,0.025229215124696058,0.00030716008996452509,32
24,0.58904862254808621,0.0050890670990000001,22899.999999268181,0.024642545211988814,0.00028748450322637676,32
24,0.58904862254808621,0.0050890670990000001,22999.999999252173,0.02516753553390708,0.00023591203534788945,32
24,0.58904862254808621,0.0050890670990000001,23099.999999236166,0.024594550097281783,0.00022954342472032878,32
24,0.58904862254808621,0.0050890670990000001,23199.999999220159,0.02538998486752694,0.00029794254746581215,32
24,0.58904862254808621,0.0050890670990000001,23299.999999204152,0.025478820261695959,0.00031091042856353922,32
24,0.58904862254808621,0.0050890670990000001,23399.999999188145,0.025306921624372713,0.00030904789314216511,32
24,0.58904862254808621,0.0050890670990000001,23499.999999172138,0.025226299665325875,0.00027679295515183814,32
24,0.58904862254808621,0.0050890670990000001,23599.999999156131,0.025294502598696349,0.00028813191967645664,32
24,0.58904862254808621,0.0050890670990000001,23699.999999140124,0.025596234493625761,0.00037861872091491202,32
24,0.58904862254808621,0.0050890670990000001,23799.999999124117,0.025118601095614219,0.00029172649193337627,32
24,0.58904862254808621,0.0050890670990000001,23899.999999108109,0.02542781647126784,0.0003476471361809338,32
24,0.58904862254808621,0.0050890670990000001,23999.999999092102,0.025391943780442013,0.00024353689257897664,32
24,0.58904862254808621,0.0050890670990000001,24099.999999076095,0.025601671430779838,0.00030720083917421735,32
24,0.58904862254808621,0.0050890670990000001,24199.999999060088,0.025055046721105641,0.00029995750494092902,32
24,0.58904862254808621,0.0050890670990000001,24299.999999044081,0.025129913456134356,0.00030024169924211319,32
24,0.58904862254808621,0.0050890670990000001,24399.999999028074,0.025418058089016569,0.00032015425241570272,32
24,0.58904862254808621,0.0050890670990000001,24499.999999012067,0.025639664423744893,0.00033479255525828102,32
24,0.58904862254808621,0.0050890670990000001,24599.99999899606,0.025249609153404851,0.00036439369176944421,32
24,0.58904862254808621,0.0050890670990000001,24699.999998980053,0.025068392373455088,0.00030456860583607663,32
24,0.58904862254808621,0.0050890670990000001,24799.999998964046,0.025346735986858701,0.00028073420513130564,32
24,0.58904862254808621,0.0050890670990000001,24899.999998948038,0.024893074025419102,0.00023530557233631774,32
24,0.58904862254808621,0.0050890670990000001,24999.999998932031,0.024985766827575168,0.00032555114765103613,32
24,0.58904862254808621,0.0050890670990000001,25099.999998916024,0.025110574443503127,0.00019871953418219986,32
24,0.58904862254808621,0.0050890670990000001,25199.999998900017,0.02457277255029423,0.00031314750364475383,32
24,0.58904862254808621,0.0050890670990000001,25299.99999888401,0.02562282230287467,0.00029922294450787038,32
24,0.58904862254808621,0.0050890670990000001,25399.999998868003,0.025331726366099806,0.00028904584201372034,32
24,0.58904862254808621,0.0050890670990000001,25499.999998851996,0.025624843717512419,0.00036831355705034806,32
24,0.58904862254808621,0.0050890670990000001,25599.999998835989,0.025420317326025576,0.00031690834992241425,32
24,0.58904862254808621,0.0050890670990000001,25699.999998819982,0.025971297295288378,0.00025526430662193731,32
24,0.58904862254808621,0.0050890670990000001,25799.999998803974,0.025123928154876178,0.00027055176024119693,32
24,0.58904862254808621,0.0050890670990000001,25899.999998787967,0.025592582641676888,0.00042081899913539242,32
24,0.58904862254808621,0.0050890670990000001,25999.99999877196,0.025631734326335438,0.00025469450577512775,32
24,0.58904862254808621,0.0050890670990000001,26099.999998755953,0.024988885300906268,0.00034744162376153888,32
24,0.58904862254808621,0.0050890670990000001,26199.999998739946,0.024447035294293575,0.0003249988883519184,32
24,0.58904862254808621,0.0050890670990000001,26299.999998723939,0.024938562103216128,0.00029608830657309521,32
24,0.58904862254808621,0.0050890670990000001,26399.999998707932,0.025051911290333281,0.00032631902885771493,32
24,0.58904862254808621,0.0050890670990000001,26499.999998691925,0.025088828011097929,0.00030201677569287815,32
24,0.58904862254808621,0.0050890670990000001,26599.999998675918,0.024740724764949922,0.00037951198975916592,32
24,0.58904862254808621,0.0050890670990000001,26699.99999865991,0.024649115323120814,0.00033005346652454254,32
24,0.58904862254808621,0.0050890670990000001,26799.999998643903,0.025258812112800032,0.00033540257619099829,32
24,0.58904862254808621,0.0050890670990000001,26899.999998627896,0.025300578963156805,0.00023565522070035952,32
24,0.58904862254808621,0.0050890670990000001,26999.999998611889,0.025251147971305486,0.00030066894381590464,32
24,0.58904862254808621,0.0050890670990000001,27099.999998595882,0.025302714460501516,0.00029450776109169016,32
24,0.58904862254808621,0.0050890670990000001,27199.999998579875,0.024385660377953505,0.00026122876158011512,32
24,0.58904862254808621,0.0050890670990000001,27299.999998563868,0.025314290296295297,0.0003001643301007961,32
24,0.58904862254808621,0.0050890670990000001,27399.999998547861,0.025298916174519542,0.0002606741443771325,32
24,0.58904862254808621,0.0050890670990000001,27499.999998531854,0.025236966212069389,0.00024462428186870636,32
24,0.58904862254808621,0.0050890670990000001,27599.999998515847,0.025334566526721263,0.00033783976914542187,32
24,0.58904862254808621,0.0050890670990000001,27699.999998499839,0.02548892954461723,0.00032041483916192515,32
24,0.58904862254808621,0.0050890670990000001,27799.999998483832,0.024898843886484914,0.00030665980993581322,32
24,0.58904862254808621,0.0050890670990000001,27899.999998467825,0.025327797921577338,0.00026244564175345792,32
24,0.58904862254808621,0.0050890670990000001,27999.999998451818,0.025429951453723919,0.00026290099496929418,32
24,0.58904862254808621,0.0050890670990000001,28099.999998435811,0.025455132989157213,0.00031333188887218796,32
24,0.58904862254808621,0.0050890670990000001,28199.999998419804,0.025060936573645772,0.00025211750750827716,32
24,0.58904862254808621,0.0050890670990000001,28299.999998403797,0.024999657876924836,0.0003215521896607048,32
24,0.58904862254808621,0.0050890670990000001,28399.99999838779,0.025096238533431573,0.00024309119165919656,32
24,0.58904862254808621,0.0050890670990000001,28499.999998371783,0.025147370359775476,0.00024399031293843753,32
24,0.58904862254808621,0.0050890670990000001,28599.999998355775,0.024468414540422968,0.00023011877322462546,32
24,0.58904862254808621,0.0050890670990000001,28699.999998339768,0.02554899273248401,0.00026236354666807202,32
24,0.58904862254808621,0.0050890670990000001,28799.999998323761,0.02464692588675162,0.00026327591849824864,32
24,0.58904862254808621,0.0050890670990000001,28899.999998307754,0.02516874103555345,0.00029848739941186518,32
24,0.58904862254808621,0.0050890670990000001,28999.999998291747,0.026036124854122621,0.00023501442476904949,32
24,0.58904862254808621,0.0050890670990000001,29099.99999827574,0.025476851362946924,0.00025842114611312323,32
24,0.58904862254808621,0.0050890670990000001,29199.999998259733,0.025488182991578352,0.00034462581864351375,32
24,0.58904862254808621,0.0050890670990000001,29299.999998243726,0.025240433417328338,0.00027613131526072794,32
24,0.58904862254808621,0.0050890670990000001,29399.999998227719,0.025519734425048797,0.00034249084868844773,32
24,0.58904862254808621,0.0050890670990000001,29499.999998211711,0.024662826612420558,0.00022278894937039848,32
24,0.58904862254808621,0.0050890670990000001,29599.999998195704,0.025001745984469068,0.00030495264490549071,32
24,0.58904862254808621,0.0050890670990000001,29699.999998179697,0.025259476584712625,0.00032769916755194474,32
24,0.58904862254808621,0.0050890670990000001,29799.99999816369,0.025162824170945442,0.00034749662540519848,32
24,0.58904862254808621,0.0050890670990000001,29899.999998147683,0.024870341988151797,0.00023065911289282112,32
24,0.58904862254808621,0.0050890670990000001,29999.999998131676,0.025356461806449865,0.00032104403046864495,32
24,0.58904862254808621,0.0050890670990000001,30099.999998115669,0.02538317434720511,0.000303083113291824,32
24,0.58904862254808621,0.0050890670990000001,30199.999998099662,0.024354456457541064,0.00032595966631160736,32
24,0.58904862254808621,0.0050890670990000001,30299.999998083655,0.024919772100945599,0.00032852028678682682,32
24,0.58904862254808621,0.0050890670990000001,30399.999998067648,0.025313719900181605,0.00034276751187126906,32
24,0.58904862254808621,0.0050890670990000001,30499.99999805164,0.025387867208981445,0.00034959191333960887,32
24,0.58904862254808621,0.0050890670990000001,30599.999998035633,0.024846299295186891,0.00029316330519428026,32
24,0.58904862254808621,0.0050890670990000001,30699.999998019626,0.025335463582480951,0.00035734899933740868,32
24,0.58904862254808621,0.0050890670990000001,30799.999998003619,0.025204913841107211,0.00034764652216113552,32
24,0.58904862254808621,0.0050890670990000001,30899.999997987612,0.0251753820482533,0.00025791673428284033,32
24,0.58904862254808621,0.0050890670990000001,30999.999997971605,0.025112922375764849,0.00029764640724923687,32
24,0.58904862254808621,0.0050890670990000001,31099.999997955598,0.025155437087313763,0.00026974141589519577,32
24,0.58904862254808621,0.0050890670990000001,31199.999997939591,0.025640910295211827,0.00027591341720416041,32
24,0.58904862254808621,0.0050890670990000001,31299.999997923584,0.025067783740150916,0.00028407152712547315,32
24,0.58904862254808621,0.0050890670990000001,31399.999997907576,0.025392141280901469,0.00028042557148508506,32
24,0.58904862254808621,0.0050890670990000001,31499.999997891569,0.025290689717530675,0.00027913598676084948,32
24,0.58904862254808621,0.0050890670990000001,31599.999997875562,0.02526705627256429,0.00027315633264557443,32
24,0.58904862254808621,0.0050890670990000001,31699.999997859555,0.025236182661401294,0.0002857948316294371,32
24,0.58904862254808621,0.0050890670990000001,31799.999997843548,0.025529776566555241,0.00027736241917640086,32
24,0.58904862254808621,0.0050890670990000001,31899.999997827541,0.02536704821109283,0.00027210413110567819,32
24,0.58904862254808621,0.0050890670990000001,31999.999997811534,0.025386027555866039,0.00032723193809437967,32
24,0.58904862254808621,0.0050890670990000001,32099.999997795527,0.025042737528057437,0.00035666594463153243,32
24,0.58904862254808621,0.0050890670990000001,32199.99999777952,0.025113671114037523,0.00027380363976627742,32
24,0.58904862254808621,0.0050890670990000001,32299.999997763513,0.025090761567551811,0.00027227384445140893,32
24,0.58904862254808621,0.0050890670990000001,32399.999997747505,0.025201983297734917,0.00027516269435200939,32
24,0.58904862254808621,0.0050890670990000001,32499.999997731498,0.025065076476413862,0.00035036991374456136,32
24,0.58904862254808621,0.0050890670990000001,32599.999997715491,0.025052990407836345,0.00026899556733946746,32
24,0.58904862254808621,0.0050890670990000001,32699.999997699484,0.024471464888404498,0.00027131944503652506,32
24,0.58904862254808621,0.0050890670990000001,32799.999997695115,0.025348437947400593,0.00025148419612004691,32
24,0.58904862254808621,0.0050890670990000001,32899.999997715488,0.025430973357100064,0.00033271353309761564,32
24,0.58904862254808621,0.0050890670990000001,32999.99999773586,0.024866495051423,0.00031604610113521246,32
24,0.58904862254808621,0.0050890670990000001,33099.999997756233,0.024945001962038672,0.00026613707740399348,32
24,0.58904862254808621,0.0050890670990000001,33199.999997776606,0.025697269394380259,0.00029386650315659706,32
24,0.58904862254808621,0.0050890670990000001,33299.999997796978,0.025184860351290354,0.0003090038392658547,32
24,0.58904862254808621,0.0050890670990000001,33399.999997817351,0.025169728908489713,0.00026684877681459526,32
24,0.58904862254808621,0.0050890670990000001,33499.999997837724,0.025662444865242402,0.00032061238472942227,32
24,0.58904862254808621,0.0050890670990000001,33599.999997858096,0.0252909741356066,0.00027383330893656054,32
24,0.58904862254808621,0.0050890670990000001,33699.999997878469,0.024968707235375413,0.00027099991553642885,32
24,0.58904862254808621,0.0050890670990000001,33799.999997898842,0.025542531811354297,0.00028453119452288242,32
24,0.58904862254808621,0.0050890670990000001,33899.999997919214,0.024692839066518077,0.00037636841150034375,32
24,0.58904862254808621,0.0050890670990000001,33999.999997939587,0.025667768031146003,0.00027646702883884068,32
24,0.58904862254808621,0.0050890670990000001,34099.99999795996,0.025095099940955372,0.00033487083116749125,32
24,0.58904862254808621,0.0050890670990000001,34199.999997980332,0.025058031026059812,0.00029392231785671654,32
24,0.58904862254808621,0.0050890670990000001,34299.999998000705,0.025092008143427609,0.00032066475359587458,32
24,0.58904862254808621,0.0050890670990000001,34399.999998021078,0.025715409394623814,0.00032192772870751735,32
24,0.58904862254808621,0.0050890670990000001,34499.99999804145,0.025251292630633877,0.00032752978441474346,32
24,0.58904862254808621,0.0050890670990000001,34599.999998061823,0.025040329784391517,0.00030451356980524023,32
24,0.58904862254808621,0.0050890670990000001,34699.999998082196,0.025214210324026175,0.00032936383574888448,32
24,0.58904862254808621,0.0050890670990000001,34799.999998102568,0.02553626806749985,0.00034029026091485085,32
24,0.58904862254808621,0.0050890670990000001,34899.999998122941,0.024639658908986572,0.00038259229412528382,32
24,0.58904862254808621,0.0050890670990000001,34999.999998143314,0.025391239142739826,0.00034426508992090542,32
24,0.58904862254808621,0.0050890670990000001,35099.999998163687,0.025890530781009662,0.00033118492877689778,32
24,0.58904862254808621,0.0050890670990000001,35199.999998184059,0.025072405792906455,0.0003770206358844157,32
24,0.58904862254808621,0.0050890670990000001,35299.999998204432,0.025075729831454171,0.00026858828039630193,32
24,0.58904862254808621,0.0050890670990000001,35399.999998224805,0.025620993064762013,0.0003308205268157996,32
24,0.58904862254808621,0.0050890670990000001,35499.999998245177,0.025004977414769796,0.0002440926671701394,32
24,0.58904862254808621,0.0050890670990000001,35599.99999826555,0.024917102618733658,0.00027197504298894144,32
24,0.58904862254808621,0.0050890670990000001,35699.999998285923,0.02534113815476716,0.00029858932136853002,32
24,0.58904862254808621,0.0050890670990000001,35799.999998306295,0.025443314748858414,0.00026748804797827345,32
24,0.58904862254808621,0.0050890670990000001,35899.999998326668,0.024732327240650259,0.0002902709258277282,32
24,0.58904862254808621,0.0050890670990000001,35999.999998347041,0.024825843912877513,0.00031361187436671406,32
24,0.58904862254808621,0.0050890670990000001,36099.999998367413,0.025002838287697487,0.00024273125560133672,32
24,0.58904862254808621,0.0050890670990000001,36199.999998387786,0.024952297181131941,0.00027736912839318722,32
24,0.58904862254808621,0.0050890670990000001,36299.999998408159,0.025145924224204398,0.0002682102606625643,32
24,0.58904862254808621,0.0050890670990000001,36399.999998428531,0.024855088988475733,0.0002844610269822565,32
24,0.58904862254808621,0.0050890670990000001,36499.999998448904,0.025326347481234301,0.00026977724375819577,32
24,0.58904862254808621,0.0050890670990000001,36599.999998469277,0.025444645951605619,0.00032671002139061434,32
24,0.58904862254808621,0.0050890670990000001,36699.999998489649,0.025480715770618376,0.0002854638253151191,32
24,0.58904862254808621,0.0050890670990000001,36799.999998510022,0.025331658124609337,0.00034179303329640043,32
24,0.58904862254808621,0.0050890670990000001,36899.999998530395,0.02504461190969965,0.00029114968576840732,32
24,0.58904862254808621,0.0050890670990000001,36999.999998550767,0.025165896657969037,0.00032788338930576352,32
24,0.58904862254808621,0.0050890670990000001,37099.99999857114,0.024931939197868961,0.00024028622503874045,32
24,0.58904862254808621,0.0050890670990000001,37199.999998591513,0.025885813183679156,0.00032263869246547915,32
24,0.58904862254808621,0.0050890670990000001,37299.999998611886,0.02476127583132379,0.00034013462360934783,32
24,0.58904862254808621,0.0050890670990000001,37399.999998632258,0.025476229885591659,0.00024707682473584889,32
24,0.58904862254808621,0.0050890670990000001,37499.999998652631,0.025558953356396574,0.00030636013892154949,32
24,0.58904862254808621,0.0050890670990000001,37599.999998673004,0.02529658312457379,0.00030250119780217822,32
24,0.58904862254808621,0.0050890670990000001,37699.999998693376,0.025270537769639424,0.0003024979117414215,32
24,0.58904862254808621,0.0050890670990000001,37799.999998713749,0.024975184087765782,0.0002781764516840177,32
24,0.58904862254808621,0.0050890670990000001,37899.999998734122,0.025142345401898185,0.0002893389250360774,32
24,0.58904862254808621,0.0050890670990000001,37999.999998754494,0.025185320648280822,0.00024795258752923898,32
24,0.58904862254808621,0.0050890670990000001,38099.999998774867,0.025614427990150276,0.00035947340952850271,32
24,0.58904862254808621,0.0050890670990000001,38199.99999879524,0.025287265833769487,0.00024543659768570748,32
24,0.58904862254808621,0.0050890670990000001,38299.999998815612,0.025294960253324242,0.00028196566444640243,32
24,0.58904862254808621,0.0050890670990000001,38399.999998835985,0.025474030242446211,0.00030554669320699801,32
24,0.58904862254808621,0.0050890670990000001,38499.999998856358,0.025031280968259191,0.00034354872223176061,32
24,0.58904862254808621,0.0050890670990000001,38599.99999887673,0.025290907826654566,0.00034765909631029855,32
24,0.58904862254808621,0.0050890670990000001,38699.999998897103,0.025345470849177744,0.00035017788541424541,32
24,0.58904862254808621,0.0050890670990000001,38799.999998917476,0.025393734835145176,0.00034015389663892971,32
24,0.58904862254808621,0.0050890670990000001,38899.999998937848,0.025243542180370424,0.00029154477701647436,32
24,0.58904862254808621,0.0050890670990000001,38999.999998958221,0.025569970100218744,0.00023129756643779694,32
24,0.58904862254808621,0.0050890670990000001,39099.999998978594,0.025119883882449592,0.00029465390010529555,32
24,0.58904862254808621,0.0050890670990000001,39199.999998998966,0.024925422190648128,0.00031016483390598672,32
24,0.58904862254808621,0.0050890670990000001,39299.999999019339,0.025266938114234704,0.00035479488001344744,32
24,0.58904862254808621,0.0050890670990000001,39399.999999039712,0.02527981614487437,0.00036365085277260479,32
24,0.58904862254808621,0.0050890670990000001,39499.999999060085,0.025447602347887552,0.00029560446912195058,32
24,0.58904862254808621,0.0050890670990000001,39599.999999080457,0.025304122995483916,0.00025215015119502696,32
24,0.58904862254808621,0.0050890670990000001,39699.99999910083,0.025249953012808444,0.00023559313925104514,32
24,0.58904862254808621,0.0050890670990000001,39799.999999121203,0.024876951174188464,0.00034063886871242474,32
24,0.58904862254808621,0.0050890670990000001,39899.999999141575,0.025232780741400604,0.00030625329101769257,32
24,0.58904862254808621,0.0050890670990000001,39999.999999161948,0.025551147695498155,0.00029978420711116978,32
24,0.58904862254808621,0.0050890670990000001,40099.999999182321,0.02473404962499446,0.00029795319132684439,32
24,0.58904862254808621,0.0050890670990000001,40199.999999202693,0.025286618067158824,0.0002874639120914628,32
24,0.58904862254808621,0.0050890670990000001,40299.999999223066,0.025688619858325188,0.00025956312508932614,32
24,0.58904862254808621,0.0050890670990000001,40399.999999243439,0.025221760602672793,0.00024284572634524382,32
24,0.58904862254808621,0.0050890670990000001,40499.999999263811,0.025065236057440463,0.00031626437111511338,32
24,0.58904862254808621,0.0050890670990000001,40599.999999284184,0.024900669881270716,0.00028031903202083267,32
24,0.58904862254808621,0.0050890670990000001,40699.999999304557,0.025255540759663211,0.00029232521611242143,32
24,0.58904862254808621,0.0050890670990000001,40799.999999324929,0.024851008518218885,0.00030235373558243085,32
24,0.58904862254808621,0.0050890670990000001,40899.999999345302,0.025421743118595606,0.00028462514995022541,32
24,0.58904862254808621,0.0050890670990000001,40999.999999365675,0.025324862591528666,0.00025610351077970427,32
24,0.58904862254808621,0.0050890670990000001,41099.999999386047,0.025243649981885868,0.00032597161769929882,32
24,0.58904862254808621,0.0050890670990000001,41199.99999940642,0.025110696772748145,0.0003136331132003637,32
24,0.58904862254808621,0.0050890670990000001,41299.999999426793,0.025515643629819031,0.00026388296329444129,32
24,0.58904862254808621,0.0050890670990000001,41399.999999447165,0.025574109291005329,0.00029378578131190403,32
24,0.58904862254808621,0.0050890670990000001,41499.999999467538,0.025370834987861472,0.00025610781677823402,32
24,0.58904862254808621,0.0050890670990000001,41599.999999487911,0.025158397003765761,0.00027102182778117654,32
24,0.58904862254808621,0.0050890670990000001,41699.999999508284,0.025562910696797995,0.00029903859375948885,32
24,0.58904862254808621,0.0050890670990000001,41799.999999528656,0.025230248480537169,0.00032553821419279029,32
24,0.58904862254808621,0.0050890670990000001,41899.999999549029,0.025628105497360304,0.00031412622821642907,32
24,0.58904862254808621,0.0050890670990000001,41999.999999569402,0.025316891370735107,0.00033398835381717853,32
24,0.58904862254808621,0.0050890670990000001,42099.999999589774,0.025043499002868331,0.00025719609355470484,32
24,0.58904862254808621,0.0050890670990000001,42199.999999610147,0.025337423604570954,0.00024824518931577895,32
24,0.58904862254808621,0.0050890670990000001,42299.99999963052,0.02585800982534452,0.00030819126474636196,32
24,0.58904862254808621,0.0050890670990000001,42399.999999650892,0.025029995462382,0.00027604264075124785,32
24,0.58904862254808621,0.0050890670990000001,42499.999999671265,0.025214537112997988,0.00033846199879673588,32
24,0.58904862254808621,0.0050890670990000001,42599.999999691638,0.025178435218315795,0.00033526429850834195,32
24,0.58904862254808621,0.0050890670990000001,42699.99999971201,0.02476180609234066,0.00030810235715252369,32
24,0.58904862254808621,0.0050890670990000001,42799.999999732383,0.02562628367380846,0.00029486830637254902,32
24,0.58904862254808621,0.0050890670990000001,42899.999999752756,0.02545959622257591,0.00034688412320749433,32
24,0.58904862254808621,0.0050890670990000001,42999.999999773128,0.024743629331578761,0.00035502411605928253,32
24,0.58904862254808621,0.0050890670990000001,43099.999999793501,0.025410116725339913,0.00023221979650726103,32
24,0.58904862254808621,0.0050890670990000001,43199.999999813874,0.025906177946860641,0.00031710346864288015,32
24,0.58904862254808621,0.0050890670990000001,43299.999999834246,0.025531790971134626,0.00027390870309922745,32
24,0.58904862254808621,0.0050890670990000001,43399.999999854619,0.025137986158731251,0.00025886957349350323,32
24,0.58904862254808621,0.0050890670990000001,43499.999999874992,0.025074417464100641,0.00033713354959564209,32
24,0.58904862254808621,0.0050890670990000001,43599.999999895364,0.024592240531404276,0.00027756298777535329,32
24,0.58904862254808621,0.0050890670990000001,43699.999999915737,0.025311538709536299,0.00027826602851756764,32
24,0.58904862254808621,0.0050890670990000001,43799.99999993611,0.02519365878164272,0.00028263178150535889,32
24,0.58904862254808621,0.0050890670990000001,43899.999999956482,0.025498236266375346,0.00025016386329829778,32
24,0.58904862254808621,0.0050890670990000001,43999.999999976855,0.025206571656330633,0.00039007918162448416,32
24,0.58904862254808621,0.0050890670990000001,44099.999999997228,0.025150266405982721,0.00033316880009352047,32
24,0.58904862254808621,0.0050890670990000001,44200.000000017601,0.025202966354223106,0.00031836494377097783,32
24,0.58904862254808621,0.0050890670990000001,44300.000000037973,0.025529377596040157,0.00027646365389936474,32
24,0.58904862254808621,0.0050890670990000001,44400.000000058346,0.025194907135761061,0.00020959373161474575,32
24,0.58904862254808621,0.0050890670990000001,44500.000000078719,0.02522440213325839,0.00027222824898683252,32
24,0.58904862254808621,0.0050890670990000001,44600.000000099091,0.02516089304550953,0.00035293267003023456,32
24,0.58904862254808621,0.0050890670990000001,44700.000000119464,0.025132807213726762,0.00027515786426885532,32
24,0.58904862254808621,0.0050890670990000001,44800.000000139837,0.024754389172570609,0.00029637636299081215,32
24,0.58904862254808621,0.0050890670990000001,44900.000000160209,0.02531393113200664,0.00022841875954738159,32
24,0.58904862254808621,0.0050890670990000001,45000.000000180582,0.025146395209366991,0.00035969400233708889,32
24,0.58904862254808621,0.0050890670990000001,45100.000000200955,0.025404092350370652,0.00026242307927432031,32
24,0.58904862254808621,0.0050890670990000001,45200.000000221327,0.025590727281179764,0.00027437697633299069,32
24,0.58904862254808621,0.0050890670990000001,45300.0000002417,0.02516787595743596,0.00035007185502455255,32
24,0.58904862254808621,0.0050890670990000001,45400.000000262073,0.025602989130921312,0.00028204175870668035,32
24,0.58904862254808621,0.0050890670990000001,45500.000000282445,0.025622524454031789,0.0002627665194544907,32
24,0.58904862254808621,0.0050890670990000001,45600.000000302818,0.025027997918855991,0.00034255231807075472,32
24,0.58904862254808621,0.0050890670990000001,45700.000000323191,0.025698930816865636,0.00034089843536824039,32
24,0.58904862254808621,0.0050890670990000001,45800.000000343563,0.024787234132290857,0.00035338521044546889,32
24,0.58904862254808621,0.0050890670990000001,45900.000000363936,0.025159973219210593,0.00035239670386192902,32
24,0.58904862254808621,0.0050890670990000001,46000.000000384309,0.025605266306217307,0.00023334038964116253,32
24,0.58904862254808621,0.0050890670990000001,46100.000000404681,0.02513714640242664,0.0002356489180567112,32
24,0.58904862254808621,0.0050890670990000001,46200.000000425054,0.024889660917723346,0.00029545128800982689,32
24,0.58904862254808621,0.0050890670990000001,46300.000000445427,0.025335290966010247,0.00030438761736546088,32
24,0.58904862254808621,0.0050890670990000001,46400.0000004658,0.025403643132630375,0.00034127741867694545,32
24,0.58904862254808621,0.0050890670990000001,46500.000000486172,0.025503558660623604,0.00027861083079292533,32
24,0.58904862254808621,0.0050890670990000001,46600.000000506545,0.025687398411724297,0.00029251234430165271,32
24,0.58904862254808621,0.0050890670990000001,46700.000000526918,0.025456547248894054,0.00027993867418399886,32
24,0.58904862254808621,0.0050890670990000001,46800.00000054729,0.025208216644072943,0.00031210305753411901,32
24,0.58904862254808621,0.0050890670990000001,46900.000000567663,0.025025555772950094,0.00040149514600287876,32
24,0.58904862254808621,0.0050890670990000001,47000.000000588036,0.025461299183906837,0.00031846938404739782,32
24,0.58904862254808621,0.0050890670990000001,47100.000000608408,0.025006957886952112,0.00030580422301921363,32
24,0.58904862254808621,0.0050890670990000001,47200.000000628781,0.025112864373466548,0.0003983427630511754,32
24,0.58904862254808621,0.0050890670990000001,47300.000000649154,0.024818153940079524,0.00026531540011086514,32
24,0.58904862254808621,0.0050890670990000001,47400.000000669526,0.024854397302720283,0.00028378946118776956,32
24,0.58904862254808621,0.0050890670990000001,47500.000000689899,0.024831440288407388,0.0002840694524940724,32
24,0.58904862254808621,0.0050890670990000001,47600.000000710272,0.025422054534721242,0.00025264695336364452,32
24,0.58904862254808621,0.0050890670990000001,47700.000000730644,0.025939741142227284,0.00028579002697681023,32
24,0.58904862254808621,0.0050890670990000001,47800.000000751017,0.025757029570535727,0.00036826384832975006,32
24,0.58904862254808621,0.0050890670990000001,47900.00000077139,0.025278221144712815,0.0003247772338434349,32
24,0.58904862254808621,0.0050890670990000001,48000.000000791762,0.025121287177629115,0.00032582120862862713,32
24,0.58904862254808621,0.0050890670990000001,48100.000000812135,0.02550804618370411,0.00028663462237567413,32
24,0.58904862254808621,0.0050890670990000001,48200.000000832508,0.024789043728536998,0.00035208407417104741,32
24,0.58904862254808621,0.0050890670990000001,48300.00000085288,0.025138917067646979,0.00024182734052003934,32
24,0.58904862254808621,0.0050890670990000001,48400.000000873253,0.024840096831289502,0.00026708232674916546,32
24,0.58904862254808621,0.0050890670990000001,48500.000000893626,0.024936465263650252,0.00030055279363075545,32
24,0.58904862254808621,0.0050890670990000001,48600.000000913999,0.025289122973881521,0.0003274568124532748,32
24,0.58904862254808621,0.0050890670990000001,48700.000000934371,0.025335926090728239,0.00031190826635426548,32
24,0.58904862254808621,0.0050890670990000001,48800.000000954744,0.025181476945570585,0.00030147166968595295,32
24,0.58904862254808621,0.0050890670990000001,48900.000000975117,0.02481080808123267,0.0002142964311376582,32
24,0.58904862254808621,0.0050890670990000001,49000.000000995489,0.025320307861062378,0.00029218570831242112,32
24,0.58904862254808621,0.0050890670990000001,49100.000001015862,0.025261541994088029,0.00024662643157948239,32
24,0.58904862254808621,0.0050890670990000001,49200.000001036235,0.025631308391561247,0.00037236362895480671,32
24,0.58904862254808621,0.0050890670990000001,49300.000001056607,0.024991849931531283,0.0002818499615133328,32
24,0.58904862254808621,0.0050890670990000001,49400.00000107698,0.025494375764354423,0.00041236217413739731,32
24,0.58904862254808621,0.0050890670990000001,49500.000001097353,0.0252446203894485,0.00038239713313283319,32
24,0.58904862254808621,0.0050890670990000001,49600.000001117725,0.024924207235775483,0.00028749144948814892,32
24,0.58904862254808621,0.0050890670990000001,49700.000001138098,0.024859346420170108,0.00034164416504296329,32
24,0.58904862254808621,0.0050890670990000001,49800.000001158471,0.025056828886465248,0.00024272622988545786,32
24,0.58904862254808621,0.0050890670990000001,49900.000001178843,0.025416080070092176,0.00030882154235080319,32
24,0.58904862254808621,0.0050890670990000001,50000.000001199216,0.025355162332311425,0.00028816278135978878,32
28,0.68722339297276724,0.0068647898039999999,100.00000000001425,0.024352140929716531,0.0002510584282238428,32
28,0.68722339297276724,0.0068647898039999999,199.99999999996308,0.025723541351177923,0.00023266659600933585,32
28,0.68722339297276724,0.0068647898039999999,299.99999999987216,0.024897062551091666,0.00022298882454782601,32
28,0.68722339297276724,0.0068647898039999999,399.99999999978121,0.024886259005412293,0.00025306938217094661,32
28,0.68722339297276724,0.0068647898039999999,499.99999999969026,0.025356860261144691,0.00026779948662400811,32
28,0.68722339297276724,0.0068647898039999999,599.99999999959937,0.025039120550671319,0.00030581735647927432,32
28,0.68722339297276724,0.0068647898039999999,699.99999999950842,0.025015607598539026,0.00022159950801862468,32
28,0.68722339297276724,0.0068647898039999999,799.99999999941747,0.025496717877721592,0.00028250708932392639,32
28,0.68722339297276724,0.0068647898039999999,899.99999999932652,0.025085659027134083,0.00027050891612240329,32
28,0.68722339297276724,0.0068647898039999999,999.99999999923557,0.025346816878523918,0.00027476942728531494,32
28,0.68722339297276724,0.0068647898039999999,1099.9999999991446,0.025058832519337174,0.00023408731291913479,32
28,0.68722339297276724,0.0068647898039999999,1199.9999999990537,0.025150235127665586,0.00022945577086718125,32
28,0.68722339297276724,0.0068647898039999999,1299.9999999989627,0.024808978760279706,0.00027213376435908165,32
28,0.68722339297276724,0.0068647898039999999,1399.9999999988718,0.025263375533305904,0.00025517369139562004,32
28,0.68722339297276724,0.0068647898039999999,1499.9999999987808,0.02512597118987276,0.00025782007880363774,32
28,0.68722339297276724,0.0068647898039999999,1599.9999999986899,0.025387556263584403,0.0002273353456842011,32
28,0.68722339297276724,0.0068647898039999999,1699.9999999985989,0.025876848864326382,0.00023718438305789011,32
28,0.68722339297276724,0.0068647898039999999,1799.999999998508,0.025358415961502453,0.00031151550903905657,32
28,0.68722339297276724,0.0068647898039999999,1899.999999998417,0.02516544734640274,0.00021605273425209407,32
28,0.68722339297276724,0.0068647898039999999,1999.9999999983261,0.02496960291913106,0.00027439496810149699,32
28,0.68722339297276724,0.0068647898039999999,2099.9999999994175,0.025516945016756623,0.00024964111206987621,32
28,0.68722339297276724,0.0068647898039999999,2200.0000000016003,0.025212177778239701,0.00026691440185190271,32
28,0.68722339297276724,0.0068647898039999999,2300.000000003783,0.025794757776670816,0.00025784873689126998,32
28,0.68722339297276724,0.0068647898039999999,2400.0000000059658,0.025574501977119038,0.00026107378961279844,32
28,0.68722339297276724,0.0068647898039999999,2500.0000000081486,0.025213139116079256,0.00023480162341190684,32
28,0.68722339297276724,0.0068647898039999999,2600.0000000103314,0.025261768526917548,0.00029027703443928251,32
28,0.68722339297276724,0.0068647898039999999,2700.0000000125142,0.02536581964345291,0.00028911146476105336,32
28,0.68722339297276724,0.0068647898039999999,2800.000000014697,0.025140159578131881,0.00023089980087686134,32
28,0.68722339297276724,0.0068647898039999999,2900.0000000168798,0.025083134953050819,0.00027678482768505474,32
28,0.68722339297276724,0.0068647898039999999,3000.0000000190626,0.024935628333593356,0.00028005970960292713,32
28,0.68722339297276724,0.0068647898039999999,3100.0000000212453,0.025284856423381949,0.00026237145175062813,32
28,0.68722339297276724,0.0068647898039999999,3200.0000000234281,0.025317834986309792,0.00030849732913739363,32
28,0.68722339297276724,0.0068647898039999999,3300.0000000256109,0.025105302665661317,0.0002983511418549717,32
28,0.68722339297276724,0.0068647898039999999,3400.0000000277937,0.025164250509746553,0.00031157758066058689,32
28,0.68722339297276724,0.0068647898039999999,3500.0000000299765,0.025266736469512066,0.00031784020706736511,32
28,0.68722339297276724,0.0068647898039999999,3600.0000000321593,0.025159036199360295,0.00028456265413416191,32
28,0.68722339297276724,0.0068647898039999999,3700.0000000343421,0.024932611435793655,0.00024890282816076209,32
28,0.68722339297276724,0.0068647898039999999,3800.0000000365249,0.024938500983259816,0.0002181761960979623,32
28,0.68722339297276724,0.0068647898039999999,3900.0000000387076,0.025104598728283731,0.00023884646005360439,32
28,0.68722339297276724,0.0068647898039999999,4000.0000000408904,0.025084921423308978,0.00025273912777987027,32
28,0.68722339297276724,0.0068647898039999999,4100.0000000430728,0.025246316797526661,0.0002502835683372268,32
28,0.68722339297276724,0.0068647898039999999,4200.0000000452555,0.025037937006646763,0.00030296918967694938,32
28,0.68722339297276724,0.0068647898039999999,4300.0000000474383,0.025292595310572211,0.00033843279321472351,32
28,0.68722339297276724,0.0068647898039999999,4400.0000000496211,0.025502943619632526,0.00018341853181774926,32
28,0.68722339297276724,0.0068647898039999999,4500.0000000518039,0.025209117418017398,0.00025175896964612249,32
28,0.68722339297276724,0.0068647898039999999,4600.0000000539867,0.025949216122630948,0.00025997952112412061,32
28,0.68722339297276724,0.0068647898039999999,4700.0000000561695,0.024804394003936959,0.00029185060194313549,32
28,0.68722339297276724,0.0068647898039999999,4800.0000000583523,0.025529733749589265,0.00026161842695271702,32
28,0.68722339297276724,0.0068647898039999999,4900.0000000605351,0.025314925693243964,0.00027470711310687072,32
28,0.68722339297276724,0.0068647898039999999,5000.0000000627178,0.02569897020388132,0.00024621446495222638,32
28,0.68722339297276724,0.0068647898039999999,5100.0000000649006,0.025028286971594219,0.00025132940337049516,32
28,0.68722339297276724,0.0068647898039999999,5200.0000000670834,0.024918062278656523,0.00023297854411266533,32
28,0.68722339297276724,0.0068647898039999999,5300.0000000692662,0.02528530171382665,0.00028403547166838921,32
28,0.68722339297276724,0.0068647898039999999,5400.000000071449,0.025696321671953411,0.00032853886484445952,32
28,0.68722339297276724,0.0068647898039999999,5500.0000000736318,0.025570490492707709,0.00029474983177467541,32
28,0.68722339297276724,0.0068647898039999999,5600.0000000758146,0.025096199320984003,0.00021479582766349305,32
28,0.68722339297276724,0.0068647898039999999,5700.0000000779974,0.025254702844493927,0.00027998538097972082,32
28,0.68722339297276724,0.0068647898039999999,5800.0000000801801,0.025441401482062066,0.00027031451950469308,32
28,0.68722339297276724,0.0068647898039999999,5900.0000000823629,0.025424800122516699,0.00021686396392259756,32
28,0.68722339297276724,0.0068647898039999999,6000.0000000845457,0.025468564926080198,0.0002375612784714537,32
28,0.68722339297276724,0.0068647898039999999,6100.0000000867285,0.024704623767811681,0.00022007999203824209,32
28,0.68722339297276724,0.0068647898039999999,6200.0000000889113,0.02491333806385573,0.00031583575583905171,32
28,0.68722339297276724,0.0068647898039999999,6300.0000000910941,0.025589444164885775,0.00019452134192621861,32
28,0.68722339297276724,0.0068647898039999999,6400.0000000932769,0.025890979548212185,0.00026045427231714515,32
28,0.68722339297276724,0.0068647898039999999,6500.0000000954597,0.025494188548096871,0.00023119889812588131,32
28,0.68722339297276724,0.0068647898039999999,6600.0000000976424,0.025224000992614144,0.00026020375077021209,32
28,0.68722339297276724,0.0068647898039999999,6700.0000000998252,0.025407096131408635,0.00027419772504910339,32
28,0.68722339297276724,0.0068647898039999999,6800.000000102008,0.025525565038970507,0.00026732210904190556,32
28,0.68722339297276724,0.0068647898039999999,6900.0000001041908,0.025255531002280975,0.00027566962214518902,32
28,0.68722339297276724,0.0068647898039999999,7000.0000001063736,0.025291726522902867,0.00023562567109611934,32
28,0.68722339297276724,0.0068647898039999999,7100.0000001085564,0.025463526884586883,0.00024207444623160917,32
28,0.68722339297276724,0.0068647898039999999,7200.0000001107392,0.025110224678264959,0.00027999372176451504,32
28,0.68722339297276724,0.0068647898039999999,7300.000000112922,0.025274277359148556,0.00036371386842096024,32
28,0.68722339297276724,0.0068647898039999999,7400.0000001151047,0.02511128856301342,0.000296326705904248,32
28,0.68722339297276724,0.0068647898039999999,7500.0000001172875,0.025356705732483577,0.00023170296329950367,32
28,0.68722339297276724,0.0068647898039999999,7600.0000001194703,0.025419404309073749,0.00027616763255759155,32
28,0.68722339297276724,0.0068647898039999999,7700.0000001216531,0.025556086121292735,0.00023046270596719902,32
28,0.68722339297276724,0.0068647898039999999,7800.0000001238359,0.025690088843688612,0.00031201802331510653,32
28,0.68722339297276724,0.0068647898039999999,7900.0000001260187,0.025330673538851298,0.0002821103984547286,32
28,0.68722339297276724,0.0068647898039999999,8000.0000001282015,0.025823876383877682,0.00023215824777861362,32
28,0.68722339297276724,0.0068647898039999999,8100.0000001303843,0.025204524550841063,0.00025905787021551584,32
28,0.68722339297276724,0.0068647898039999999,8200.0000001325661,0.025679400755092591,0.00023245836955094619,32
28,0.68722339297276724,0.0068647898039999999,8300.0000001347489,0.025443999427376816,0.00027016734876399959,32
28,0.68722339297276724,0.0068647898039999999,8400.0000001369317,0.025408235155258915,0.00023948615506510322,32
28,0.68722339297276724,0.0068647898039999999,8500.0000001391145,0.024921232830254131,0.00025467995022003287,32
28,0.68722339297276724,0.0068647898039999999,8600.0000001412973,0.025002880736877689,0.00025157514302292844,32
28,0.68722339297276724,0.0068647898039999999,8700.0000001434801,0.025302711198999118,0.00022555414397759722,32
28,0.68722339297276724,0.0068647898039999999,8800.0000001456629,0.025440414514914918,0.00023516569903078813,32
28,0.68722339297276724,0.0068647898039999999,8900.0000001478456,0.025020557532770507,0.00019855038040628888,32
28,0.68722339297276724,0.0068647898039999999,9000.0000001500284,0.02555140775731992,0.00023516805012349857,32
28,0.68722339297276724,0.0068647898039999999,9100.0000001522112,0.025710947085651189,0.00022188658363646898,32
28,0.68722339297276724,0.0068647898039999999,9200.000000154394,0.024860251996814749,0.00027649579466246092,32
28,0.68722339297276724,0.0068647898039999999,9300.0000001565768,0.025522530987878229,0.00023436129691378172,32
28,0.68722339297276724,0.0068647898039999999,9400.0000001587596,0.025382937871477631,0.00027845946325879043,32
28,0.68722339297276724,0.0068647898039999999,9500.0000001609424,0.025437722496915127,0.00026876856260278197,32
28,0.68722339297276724,0.0068647898039999999,9600.0000001631252,0.025362953156055898,0.0003174050005866678,32
28,0.68722339297276724,0.0068647898039999999,9700.0000001653079,0.025107963040861284,0.0002823514179824134,32
28,0.68722339297276724,0.0068647898039999999,9800.0000001674907,0.025123442378651099,0.00025842079373523735,32
28,0.68722339297276724,0.0068647898039999999,9900.0000001696735,0.025024980313645532,0.00029571080668959167,32
28,0.68722339297276724,0.0068647898039999999,10000.000000171856,0.025549638632183024,0.00026328394486670219,32
28,0.68722339297276724,0.0068647898039999999,10100.000000174039,0.025382206662708608,0.00027660232246373191,32
28,0.68722339297276724,0.0068647898039999999,10200.000000176222,0.025022602751970855,0.0002158946991623225,32
28,0.68722339297276724,0.0068647898039999999,10300.000000178405,0.025576824766045482,0.00026104364428029662,32
28,0.68722339297276724,0.0068647898039999999,10400.000000180587,0.025101567901833755,0.00022662014002765044,32
28,0.68722339297276724,0.0068647898039999999,10500.00000018277,0.025436268820560021,0.00027848445891920891,32
28,0.68722339297276724,0.0068647898039999999,10600.000000184953,0.025115857998018642,0.00019218603235916857,32
28,0.68722339297276724,0.0068647898039999999,10700.000000187136,0.025081073832149036,0.00031413526137875767,32
28,0.68722339297276724,0.0068647898039999999,10800.000000189319,0.025125783894032975,0.0002752897958909597,32
28,0.68722339297276724,0.0068647898039999999,10900.000000191501,0.025336175950744739,0.00025796357345616124,32
28,0.68722339297276724,0.0068647898039999999,11000.000000193684,0.0248503673703434,0.00032865889237073699,32
28,0.68722339297276724,0.0068647898039999999,11100.000000195867,0.025385435270409457,0.00021531768643814531,32
28,0.68722339297276724,0.0068647898039999999,11200.00000019805,0.02577330480193335,0.00023322748182543257,32
28,0.68722339297276724,0.0068647898039999999,11300.000000200233,0.025187922975791973,0.00024943995859963642,32
28,0.68722339297276724,0.0068647898039999999,11400.000000202415,0.02522872889434789,0.00025074505678846561,32
28,0.68722339297276724,0.0068647898039999999,11500.000000204598,0.024954900295887133,0.00027060659548334959,32
28,0.68722339297276724,0.0068647898039999999,11600.000000206781,0.025519644750253243,0.00022878928507380811,32
28,0.68722339297276724,0.0068647898039999999,11700.000000208964,0.025133307978796985,0.00028685340567206533,32
28,0.68722339297276724,0.0068647898039999999,11800.000000211146,0.025211919651664357,0.00027683970255864914,32
28,0.68722339297276724,0.0068647898039999999,11900.000000213329,0.025516631982990864,0.0002059983001806459,32
28,0.68722339297276724,0.0068647898039999999,12000.000000215512,0.025572977334747761,0.00024523405342647948,32
28,0.68722339297276724,0.0068647898039999999,12100.000000217695,0.025143260054844366,0.0002478181778427689,32
28,0.68722339297276724,0.0068647898039999999,12200.000000219878,0.025025140050727538,0.00023303881343218476,32
28,0.68722339297276724,0.0068647898039999999,12300.00000022206,0.0252841940678959,0.00024790144365878671,32
28,0.68722339297276724,0.0068647898039999999,12400.000000224243,0.025087810219863577,0.00032495835288811204,32
28,0.68722339297276724,0.0068647898039999999,12500.000000226426,0.025336195418453351,0.00022274534305252543,32
28,0.68722339297276724,0.0068647898039999999,12600.000000228609,0.024853354389003011,0.00027160858164315004,32
28,0.68722339297276724,0.0068647898039999999,12700.000000230792,0.024880694759374097,0.00027516661432203771,32
28,0.68722339297276724,0.0068647898039999999,12800.000000232974,0.025715065065906012,0.00023084089244786401,32
28,0.68722339297276724,0.0068647898039999999,12900.000000235157,0.025360283084505924,0.00022324658341356127,32
28,0.68722339297276724,0.0068647898039999999,13000.00000023734,0.025172485057312722,0.00028536262191286419,32
28,0.68722339297276724,0.0068647898039999999,13100.000000239523,0.025385652635513796,0.00030718820859199758,32
28,0.68722339297276724,0.0068647898039999999,13200.000000241705,0.0253473640396485,0.00024948759138588417,32
28,0.68722339297276724,0.0068647898039999999,13300.000000243888,0.025076448119943983,0.00024601943908591882,32
28,0.68722339297276724,0.0068647898039999999,13400.000000246071,0.025256264993953122,0.00027568936868963158,32
28,0.68722339297276724,0.0068647898039999999,13500.000000248254,0.025116339478833846,0.00021267231109555935,32
28,0.68722339297276724,0.0068647898039999999,13600.000000250437,0.025985276599976487,0.00021346454440133807,32
28,0.68722339297276724,0.0068647898039999999,13700.000000252619,0.02496027592493319,0.00024188720891596161,32
28,0.68722339297276724,0.0068647898039999999,13800.000000254802,0.0256695621487118,0.00023838193241483913,32
28,0.68722339297276724,0.0068647898039999999,13900.000000256985,0.024911941831941169,0.00023558754134972212,32
28,0.68722339297276724,0.0068647898039999999,14000.000000259168,0.025456830480375458,0.00031373166773968661,32
28,0.68722339297276724,0.0068647898039999999,14100.000000261351,0.025352381451416321,0.00030432976800146287,32
28,0.68722339297276724,0.0068647898039999999,14200.000000263533,0.025139160540460868,0.00028821551969754778,32
28,0.68722339297276724,0.0068647898039999999,14300.000000265716,0.025203928312758212,0.00023049419934067489,32
28,0.68722339297276724,0.0068647898039999999,14400.000000267899,0.025453368718269632,0.00027081513075269891,32
28,0.68722339297276724,0.0068647898039999999,14500.000000270082,0.025152979270661954,0.00029546144577798479,32
28,0.68722339297276724,0.0068647898039999999,14600.000000272265,0.025498884806928666,0.00029450147910230391,32
28,0.68722339297276724,0.0068647898039999999,14700.000000274447,0.025215554151274636,0.00028411607594197819,32
28,0.68722339297276724,0.0068647898039999999,14800.00000027663,0.025148448588451246,0.00024784342220002644,32
28,0.68722339297276724,0.0068647898039999999,14900.000000278813,0.02538020198311625,0.00018624383783873903,32
28,0.68722339297276724,0.0068647898039999999,15000.000000280996,0.025033145310258572,0.00029180585857133687,32
28,0.68722339297276724,0.0068647898039999999,15100.000000283178,0.025456855828402253,0.00029061972590799749,32
28,0.68722339297276724,0.0068647898039999999,15200.000000285361,0.025187932811122329,0.00018545362157709825,32
28,0.68722339297276724,0.0068647898039999999,15300.000000287544,0.02547561693152894,0.0002188291543593708,32
28,0.68722339297276724,0.0068647898039999999,15400.000000289727,0.025771583469058251,0.00025895862557220531,32
28,0.68722339297276724,0.0068647898039999999,15500.00000029191,0.02516779656011793,0.00023306751729450611,32
28,0.68722339297276724,0.0068647898039999999,15600.000000294092,0.024830019217558619,0.00025027385995533792,32
28,0.68722339297276724,0.0068647898039999999,15700.000000296275,0.025384451867749892,0.00025054462408034839,32
28,0.68722339297276724,0.0068647898039999999,15800.000000298458,0.025363359600187423,0.00024693331943629021,32
28,0.68722339297276724,0.0068647898039999999,15900.000000300641,0.025018719849331732,0.00026989478869949039,32
28,0.68722339297276724,0.0068647898039999999,16000.000000302824,0.025316734985510597,0.00023363844894733381,32
28,0.68722339297276724,0.0068647898039999999,16100.000000305006,0.025151459930609302,0.00021751791314248662,32
28,0.68722339297276724,0.0068647898039999999,16200.000000307189,0.024635238352100214,0.00027915712460100983,32
28,0.68722339297276724,0.0068647898039999999,16300.000000309372,0.02505373375831656,0.00026658133070490335,32
28,0.68722339297276724,0.0068647898039999999,16400.000000308642,0.025179097883027583,0.00026038782742001759,32
28,0.68722339297276724,0.0068647898039999999,16500.000000292635,0.024983155863921844,0.00029150874683564454,32
28,0.68722339297276724,0.0068647898039999999,16600.000000276628,0.02510347954324994,0.00025278574858195369,32
28,0.68722339297276724,0.0068647898039999999,16700.000000260621,0.02531008100563532,0.00027369162457636719,32
28,0.68722339297276724,0.0068647898039999999,16800.000000244614,0.025774069915197269,0.00029075485469248714,32
28,0.68722339297276724,0.0068647898039999999,16900.000000228607,0.025283297350955292,0.00026121095403393253,32
28,0.68722339297276724,0.0068647898039999999,17000.0000002126,0.025334045152628555,0.00023973946103793934,32
28,0.68722339297276724,0.0068647898039999999,17100.000000196593,0.025290001601508072,0.00020579086301778703,32
28,0.68722339297276724,0.0068647898039999999,17200.000000180586,0.025491246678136896,0.00023449772838305376,32
28,0.68722339297276724,0.0068647898039999999,17300.000000164579,0.025732344648839833,0.00023124988765401761,32
28,0.68722339297276724,0.0068647898039999999,17400.000000148571,0.025388491181881152,0.00025493730118055738,32
28,0.68722339297276724,0.0068647898039999999,17500.000000132564,0.025442588174968351,0.00029390812324321615,32
28,0.68722339297276724,0.0068647898039999999,17600.000000116557,0.025012681859763894,0.00026696341877873402,32
28,0.68722339297276724,0.0068647898039999999,17700.00000010055,0.024982176339920895,0.00036063349560143209,32
28,0.68722339297276724,0.0068647898039999999,17800.000000084543,0.025141317269925044,0.0002270646828726597,32
28,0.68722339297276724,0.0068647898039999999,17900.000000068536,0.025580516845223479,0.00032766689262878014,32
28,0.68722339297276724,0.0068647898039999999,18000.000000052529,0.025633679802642171,0.00025710706740981001,32
28,0.68722339297276724,0.0068647898039999999,18100.000000036522,0.025158384219605156,0.00026192688945820289,32
28,0.68722339297276724,0.0068647898039999999,18200.000000020515,0.025619268990262348,0.00029951893165289912,32
28,0.68722339297276724,0.0068647898039999999,18300.000000004507,0.025418727149921105,0.00026466525321547314,32
28,0.68722339297276724,0.0068647898039999999,18399.9999999885,0.025688052439368395,0.00027999205510481227,32
28,0.68722339297276724,0.0068647898039999999,18499.999999972493,0.025238422918653337,0.00029882825728923289,32
28,0.68722339297276724,0.0068647898039999999,18599.999999956486,0.025387262980664224,0.00028750388960761098,32
28,0.68722339297276724,0.0068647898039999999,18699.999999940479,0.025261298292487792,0.0002462238578847654,32
28,0.68722339297276724,0.0068647898039999999,18799.999999924472,0.025199645621712237,0.00023629196130887825,32
28,0.68722339297276724,0.0068647898039999999,18899.999999908465,0.025654494365449056,0.00027976842788612444,32
28,0.68722339297276724,0.0068647898039999999,18999.999999892458,0.025373650603413268,0.00028479684248202471,32
28,0.68722339297276724,0.0068647898039999999,19099.999999876451,0.025338293342185174,0.00026759855398760164,32
28,0.68722339297276724,0.0068647898039999999,19199.999999860443,0.02477170405211998,0.0002580895654543206,32
28,0.68722339297276724,0.0068647898039999999,19299.999999844436,0.025242096151381857,0.0002953876647808445,32
28,0.68722339297276724,0.0068647898039999999,19399.999999828429,0.025028193936795274,0.00027783438789462091,32
28,0.68722339297276724,0.0068647898039999999,19499.999999812422,0.02498197412596171,0.00020031782333373852,32
28,0.68722339297276724,0.0068647898039999999,19599.999999796415,0.02500152011492799,0.00023261395286214913,32
28,0.68722339297276724,0.0068647898039999999,19699.999999780408,0.025474846972157277,0.00028072269027642604,32
28,0.68722339297276724,0.0068647898039999999,19799.999999764401,0.02585507429695743,0.00033423875243861418,32
28,0.68722339297276724,0.0068647898039999999,19899.999999748394,0.025593514051741251,0.00020511087573709245,32
28,0.68722339297276724,0.0068647898039999999,19999.999999732387,0.025445466888353183,0.00024331391479016389,32
28,0.68722339297276724,0.0068647898039999999,20099.99999971638,0.024974642315595156,0.00019266644988605661,32
28,0.68722339297276724,0.0068647898039999999,20199.999999700372,0.025236704504158183,0.00027633506571130375,32
28,0.68722339297276724,0.0068647898039999999,20299.999999684365,0.025431151575964438,0.00023093148397665633,32
28,0.68722339297276724,0.0068647898039999999,20399.999999668358,0.02525094616531404,0.00032012011912077918,32
28,0.68722339297276724,0.0068647898039999999,20499.999999652351,0.025232918092524603,0.00022714045574963261,32
28,0.68722339297276724,0.0068647898039999999,20599.999999636344,0.025368620594663674,0.0002897426721547977,32
28,0.68722339297276724,0.0068647898039999999,20699.999999620337,0.025425271466869428,0.00028847868045554288,32
28,0.68722339297276724,0.0068647898039999999,20799.99999960433,0.02539046388087772,0.00027183866357392887,32
28,0.68722339297276724,0.0068647898039999999,20899.999999588323,0.02497027809057234,0.00024068977002640238,32
28,0.68722339297276724,0.0068647898039999999,20999.999999572316,0.025461706303740551,0.00022981067472938556,32
28,0.68722339297276724,0.0068647898039999999,21099.999999556308,0.025541688433587412,0.00029606364219046774,32
28,0.68722339297276724,0.0068647898039999999,21199.999999540301,0.025251680660089378,0.00033215257639595722,32
28,0.68722339297276724,0.0068647898039999999,21299.999999524294,0.024757766301989267,0.00024089734214547553,32
28,0.68722339297276724,0.0068647898039999999,21399.999999508287,0.025400933182518792,0.00023286679435170337,32
28,0.68722339297276724,0.0068647898039999999,21499.99999949228,0.02537656888900934,0.00021435482757387766,32
28,0.68722339297276724,0.0068647898039999999,21599.999999476273,0.02486100739732796,0.00019734554949037429,32
28,0.68722339297276724,0.0068647898039999999,21699.999999460266,0.02539834265058645,0.00025454906190687569,32
28,0.68722339297276724,0.0068647898039999999,21799.999999444259,0.025521567656137056,0.00022487712706604289,32
28,0.68722339297276724,0.0068647898039999999,21899.999999428252,0.025654979247661681,0.0002275000011509526,32
28,0.68722339297276724,0.0068647898039999999,21999.999999412245,0.025316241621146988,0.0002197956923673805,32
28,0.68722339297276724,0.0068647898039999999,22099.999999396237,0.025463803339137493,0.00027523741189684314,32
28,0.68722339297276724,0.0068647898039999999,22199.99999938023,0.025143674021312092,0.00026581144371562974,32
28,0.68722339297276724,0.0068647898039999999,22299.999999364223,0.025365787694499545,0.00024653470796970675,32
28,0.68722339297276724,0.0068647898039999999,22399.999999348216,0.024685624231074791,0.00025003070008736578,32
28,0.68722339297276724,0.0068647898039999999,22499.999999332209,0.025380261126046053,0.00028968873331203655,32
28,0.68722339297276724,0.0068647898039999999,22599.999999316202,0.025338051496688642,0.0002685181799472107,32
28,0.68722339297276724,0.0068647898039999999,22699.999999300195,0.025968124541775529,0.00023770690450590482,32
28,0.68722339297276724,0.0068647898039999999,22799.999999284188,0.025057639969260546,0.0002241013444722986,32
28,0.68722339297276724,0.0068647898039999999,22899.999999268181,0.024943790975622077,0.00022543750943518779,32
28,0.68722339297276724,0.0068647898039999999,22999.999999252173,0.025362641863262213,0.00024728392865820323,32
28,0.68722339297276724,0.0068647898039999999,23099.999999236166,0.02491872097920568,0.00021100098938215176,32
28,0.68722339297276724,0.0068647898039999999,23199.999999220159,0.025231060898309371,0.00031947064681752578,32
28,0.68722339297276724,0.0068647898039999999,23299.999999204152,0.025280444957950978,0.00024447333849383625,32
28,0.68722339297276724,0.0068647898039999999,23399.999999188145,0.024922159457399538,0.0002332596160635051,32
28,0.68722339297276724,0.0068647898039999999,23499.999999172138,0.025318166011119615,0.00029321401766102203,32
28,0.68722339297276724,0.0068647898039999999,23599.999999156131,0.025032960085729333,0.00023206731362443965,32
28,0.68722339297276724,0.0068647898039999999,23699.999999140124,0.025258198914349529,0.00033277931644619879,32
28,0.68722339297276724,0.0068647898039999999,23799.999999124117,0.025033470740126233,0.00025014587938840304,32
28,0.68722339297276724,0.0068647898039999999,23899.999999108109,0.025186446754854243,0.00026021658608390452,32
28,0.68722339297276724,0.0068647898039999999,23999.999999092102,0.025881081583652831,0.00026068671379400328,32
28,0.68722339297276724,0.0068647898039999999,24099.999999076095,0.024940100523070014,0.00025799492915635846,32
28,0.68722339297276724,0.0068647898039999999,24199.999999060088,0.024978710710486005,0.00024882139544714149,32
28,0.68722339297276724,0.0068647898039999999,24299.999999044081,0.024772293636381313,0.00030274631932863857,32
28,0.68722339297276724,0.0068647898039999999,24399.999999028074,0.02509338908192223,0.00020051981766408333,32
28,0.68722339297276724,0.0068647898039999999,24499.999999012067,0.02537788485429741,0.00025546702590380308,32
28,0.68722339297276724,0.0068647898039999999,24599.99999899606,0.025416246537995964,0.00021622916030680705,32
28,0.68722339297276724,0.0068647898039999999,24699.999998980053,0.025267116282916884,0.0002252732746660715,32
28,0.68722339297276724,0.0068647898039999999,24799.999998964046,0.025754255563716182,0.00021008177999747967,32
28,0.68722339297276724,0.0068647898039999999,24899.999998948038,0.025475428410134331,0.0002894233875105985,32
28,0.68722339297276724,0.0068647898039999999,24999.999998932031,0.025022946463629757,0.0002252807730288567,32
28,0.68722339297276724,0.0068647898039999999,25099.999998916024,0.025512527241833078,0.00025897229837889635,32
28,0.68722339297276724,0.0068647898039999999,25199.999998900017,0.024770182626502487,0.00021461821905273065,32
28,0.68722339297276724,0.0068647898039999999,25299.99999888401,0.025026744248721089,0.00020487124029750005,32
28,0.68722339297276724,0.0068647898039999999,25399.999998868003,0.025553238915199849,0.00021363782034583139,32
28,0.68722339297276724,0.0068647898039999999,25499.999998851996,0.025086173449362634,0.00023210499316588583,32
28,0.68722339297276724,0.0068647898039999999,25599.999998835989,0.025354406524901219,0.00023529907012762949,32
28,0.68722339297276724,0.0068647898039999999,25699.999998819982,0.025181474789268587,0.00026105594026144997,32
28,0.68722339297276724,0.0068647898039999999,25799.999998803974,0.025220455496755539,0.00024831035960248013,32
28,0.68722339297276724,0.0068647898039999999,25899.999998787967,0.025389721004766597,0.00026152875032235505,32
28,0.68722339297276724,0.0068647898039999999,25999.99999877196,0.025610828332100447,0.00023802693655565019,32
28,0.68722339297276724,0.0068647898039999999,26099.999998755953,0.024905477370425502,0.00026937929538170861,32
28,0.68722339297276724,0.0068647898039999999,26199.999998739946,0.025647864268093425,0.00024426026493744535,32
28,0.68722339297276724,0.0068647898039999999,26299.999998723939,0.025470078058529577,0.00024659662787377079,32
28,0.68722339297276724,0.0068647898039999999,26399.999998707932,0.025195105840234908,0.00030615684372947997,32
28,0.68722339297276724,0.0068647898039999999,26499.999998691925,0.02534377712240737,0.00026837740557362268,32
28,0.68722339297276724,0.0068647898039999999,26599.999998675918,0.025077789374771415,0.00020765808816481163,32
28,0.68722339297276724,0.0068647898039999999,26699.99999865991,0.025028147974945434,0.00028277685685971523,32
28,0.68722339297276724,0.0068647898039999999,26799.999998643903,0.025094767796299908,0.00025502405773695114,32
28,0.68722339297276724,0.0068647898039999999,26899.999998627896,0.024826534568771902,0.0002644012033708192,32
28,0.68722339297276724,0.0068647898039999999,26999.999998611889,0.025372307576691507,0.0002431133634862714,32
28,0.68722339297276724,0.0068647898039999999,27099.999998595882,0.025169211036402635,0.00023769004611499817,32
28,0.68722339297276724,0.0068647898039999999,27199.999998579875,0.024997875958411381,0.00023388089249681851,32
28,0.68722339297276724,0.0068647898039999999,27299.999998563868,0.025099835736114264,0.00030008970095540973,32
28,0.68722339297276724,0.0068647898039999999,27399.999998547861,0.02589628693225169,0.0002649442467233126,32
28,0.68722339297276724,0.0068647898039999999,27499.999998531854,0.025289419666081527,0.00024059993096635094,32
28,0.68722339297276724,0.0068647898039999999,27599.999998515847,0.025301427324565601,0.00028887012980521258,32
28,0.68722339297276724,0.0068647898039999999,27699.999998499839,0.025402378937711308,0.00023655912195540512,32
28,0.68722339297276724,0.0068647898039999999,27799.999998483832,0.024992811821229588,0.00029290104713097814,32
28,0.68722339297276724,0.0068647898039999999,27899.999998467825,0.025892663526059314,0.00031413369407525866,32
28,0.68722339297276724,0.0068647898039999999,27999.999998451818,0.025305039445571557,0.00025921971080181979,32
28,0.68722339297276724,0.0068647898039999999,28099.999998435811,0.025265516565171762,0.00027319894622556421,32
28,0.68722339297276724,0.0068647898039999999,28199.999998419804,0.025363620569643957,0.00026222059241251327,32
28,0.68722339297276724,0.0068647898039999999,28299.999998403797,0.025239506649617528,0.0002155664364410009,32
28,0.68722339297276724,0.0068647898039999999,28399.99999838779,0.024966004099745549,0.00023343732134655168,32
28,0.68722339297276724,0.0068647898039999999,28499.999998371783,0.025356791284287562,0.00021100901588181823,32
28,0.68722339297276724,0.0068647898039999999,28599.999998355775,0.024761607395779168,0.00029123489974625523,32
28,0.68722339297276724,0.0068647898039999999,28699.999998339768,0.025150116182921543,0.00022033576132326078,32
28,0.68722339297276724,0.0068647898039999999,28799.999998323761,0.025148305496153583,0.00026072818520574614,32
28,0.68722339297276724,0.0068647898039999999,28899.999998307754,0.025323406998683299,0.00038517334648436403,32
28,0.68722339297276724,0.0068647898039999999,28999.999998291747,0.025008099296698841,0.00026557675902954278,32
28,0.68722339297276724,0.0068647898039999999,29099.99999827574,0.025143076216933923,0.00025915982146911633,32
28,0.68722339297276724,0.0068647898039999999,29199.999998259733,0.025314174744042295,0.00021230113473157038,32
28,0.68722339297276724,0.0068647898039999999,29299.999998243726,0.025315371669056404,0.00028594534944415044,32
28,0.68722339297276724,0.0068647898039999999,29399.999998227719,0.025307519405783512,0.00025264644741463164,32
28,0.68722339297276724,0.0068647898039999999,29499.999998211711,0.025423694774128223,0.0002863792131419389,32
28,0.68722339297276724,0.0068647898039999999,29599.999998195704,0.025147184580655683,0.00021859009299057485,32
28,0.68722339297276724,0.0068647898039999999,29699.999998179697,0.02526509395491296,0.00026472834239075772,32
28,0.68722339297276724,0.0068647898039999999,29799.99999816369,0.025409991600274011,0.00028195566288023244,32
28,0.68722339297276724,0.0068647898039999999,29899.999998147683,0.025570254727743054,0.00031063477624079263,32
28,0.68722339297276724,0.0068647898039999999,29999.999998131676,0.02501609199473466,0.00024473573760362271,32
28,0.68722339297276724,0.0068647898039999999,30099.999998115669,0.025125060968631107,0.00035912551742363965,32
28,0.68722339297276724,0.0068647898039999999,30199.999998099662,0.025347718566325204,0.00032719205541385148,32
28,0.68722339297276724,0.0068647898039999999,30299.999998083655,0.025019334637982241,0.0002730378850988472,32
28,0.68722339297276724,0.0068647898039999999,30399.999998067648,0.025569992922391,0.00026572846719761064,32
28,0.68722339297276724,0.0068647898039999999,30499.99999805164,0.025148324443601981,0.00028545056013038123,32
28,0.68722339297276724,0.0068647898039999999,30599.999998035633,0.02549238981487003,0.00023506998886837691,32
28,0.68722339297276724,0.0068647898039999999,30699.999998019626,0.024341409908120188,0.00027708924069577191,32
28,0.68722339297276724,0.0068647898039999999,30799.999998003619,0.025197803078389265,0.00026739672707956299,32
28,0.68722339297276724,0.0068647898039999999,30899.999997987612,0.024908080170601539,0.00023196784209989161,32
28,0.68722339297276724,0.0068647898039999999,30999.999997971605,0.024891941936032256,0.00025804464993851487,32
28,0.68722339297276724,0.0068647898039999999,31099.999997955598,0.025059696220107137,0.00024047821915454287,32
28,0.68722339297276724,0.0068647898039999999,31199.999997939591,0.024780670252717026,0.00028537806030282364,32
28,0.68722339297276724,0.0068647898039999999,31299.999997923584,0.025296554309258867,0.00022785238326160172,32
28,0.68722339297276724,0.0068647898039999999,31399.999997907576,0.025371069150765153,0.00031254091312696715,32
28,0.68722339297276724,0.0068647898039999999,31499.999997891569,0.02486064580546846,0.00024653566719192387,32
28,0.68722339297276724,0.0068647898039999999,31599.999997875562,0.025313321725517882,0.00028288841804204799,32
28,0.68722339297276724,0.0068647898039999999,31699.999997859555,0.025339278091562507,0.00023554166974823436,32
28,0.68722339297276724,0.0068647898039999999,31799.999997843548,0.025147571613349684,0.00025496928795951248,32
28,0.68722339297276724,0.0068647898039999999,31899.999997827541,0.025090026593402724,0.00025542343491407671,32
28,0.68722339297276724,0.0068647898039999999,31999.999997811534,0.025656713784305098,0.00028195808534646683,32
28,0.68722339297276724,0.0068647898039999999,32099.999997795527,0.025152161003907787,0.00027534577413164982,32
28,0.68722339297276724,0.0068647898039999999,32199.99999777952,0.025180325131182197,0.00027398300185672581,32
28,0.68722339297276724,0.0068647898039999999,32299.999997763513,0.02523577433732296,0.00024317408850954423,32
28,0.68722339297276724,0.0068647898039999999,32399.999997747505,0.025244471025868707,0.00027521653200777052,32
28,0.68722339297276724,0.0068647898039999999,32499.999997731498,0.02541591588700632,0.00023089975124510533,32
28,0.68722339297276724,0.0068647898039999999,32599.999997715491,0.02512099621662553,0.0002608328278400558,32
28,0.68722339297276724,0.0068647898039999999,32699.999997699484,0.025006777368532615,0.00026925778654157087,32
28,0.68722339297276724,0.0068647898039999999,32799.999997695115,0.024835988819875667,0.00020299478761849388,32
28,0.68722339297276724,0.0068647898039999999,32899.999997715488,0.025448167290803854,0.00023097894827756675,32
28,0.68722339297276724,0.0068647898039999999,32999.99999773586,0.025077567132729458,0.00023193389841282046,32
28,0.68722339297276724,0.0068647898039999999,33099.999997756233,0.025463602844572272,0.00021121720696472916,32
28,0.68722339297276724,0.0068647898039999999,33199.999997776606,0.025666211425008391,0.00024040558815539959,32
28,0.68722339297276724,0.0068647898039999999,33299.999997796978,0.024878256112274372,0.00021282030266026649,32
28,0.68722339297276724,0.0068647898039999999,33399.999997817351,0.025276062266029114,0.00026841839772100617,32
28,0.68722339297276724,0.0068647898039999999,33499.999997837724,0.025469337585006659,0.00023916563962946932,32
28,0.68722339297276724,0.0068647898039999999,33599.999997858096,0.025042335892513805,0.00023513533770759017,32
28,0.68722339297276724,0.0068647898039999999,33699.999997878469,0.024906290733247422,0.00019945382834726983,32
28,0.68722339297276724,0.0068647898039999999,33799.999997898842,0.025372454349453719,0.00025912827167722023,32
28,0.68722339297276724,0.0068647898039999999,33899.999997919214,0.025362742080526718,0.00028271125442937188,32
28,0.68722339297276724,0.0068647898039999999,33999.999997939587,0.025028142882409638,0.00024408687822742665,32
28,0.68722339297276724,0.0068647898039999999,34099.99999795996,0.025259880545392875,0.00024216931484318785,32
28,0.68722339297276724,0.0068647898039999999,34199.999997980332,0.025578600917443073,0.00025533074829500794,32
28,0.68722339297276724,0.0068647898039999999,34299.999998000705,0.025381517563318825,0.00027955989297274601,32
28,0.68722339297276724,0.0068647898039999999,34399.999998021078,0.025243331873872985,0.00022144020933020529,32
28,0.68722339297276724,0.0068647898039999999,34499.99999804145,0.025400453780383251,0.00027258099696129989,32
28,0.68722339297276724,0.0068647898039999999,34599.999998061823,0.025511514890331662,0.0002847782486046029,32
28,0.68722339297276724,0.0068647898039999999,34699.999998082196,0.025329002279105711,0.00030108976191130032,32
28,0.68722339297276724,0.0068647898039999999,34799.999998102568,0.025304473400024303,0.00029474847001220971,32
28,0.68722339297276724,0.0068647898039999999,34899.999998122941,0.025499874928497798,0.00017886952397026866,32
28,0.68722339297276724,0.0068647898039999999,34999.999998143314,0.02566324940790116,0.00018854027307697605,32
28,0.68722339297276724,0.0068647898039999999,35099.999998163687,0.025354031969827991,0.00023511630186614157,32
28,0.68722339297276724,0.0068647898039999999,35199.999998184059,0.025282594044651708,0.00024879027217809694,32
28,0.68722339297276724,0.0068647898039999999,35299.999998204432,0.025081396587479231,0.0002667861863647887,32
28,0.68722339297276724,0.0068647898039999999,35399.999998224805,0.025227267173158319,0.00026877750213041591,32
28,0.68722339297276724,0.0068647898039999999,35499.999998245177,0.024687295016616512,0.00029372008665536786,32
28,0.68722339297276724,0.0068647898039999999,35599.99999826555,0.024932891638817373,0.00027406929902228192,32
28,0.68722339297276724,0.0068647898039999999,35699.999998285923,0.025196132370242853,0.0003350696343995732,32
28,0.68722339297276724,0.0068647898039999999,35799.999998306295,0.025032165532924224,0.00025543742500237906,32
28,0.68722339297276724,0.0068647898039999999,35899.999998326668,0.02554261840707979,0.00025108900331637931,32
28,0.68722339297276724,0.0068647898039999999,35999.999998347041,0.024877733311602875,0.0002633407316573033,32
28,0.68722339297276724,0.0068647898039999999,36099.999998367413,0.025370936700201709,0.00027126167240507256,32
28,0.68722339297276724,0.0068647898039999999,36199.999998387786,0.025640587032995734,0.00028049818384283962,32
28,0.68722339297276724,0.0068647898039999999,36299.999998408159,0.025374713655629186,0.00028532427346923439,32
28,0.68722339297276724,0.0068647898039999999,36399.999998428531,0.025495463409598119,0.00024965331178852438,32
28,0.68722339297276724,0.0068647898039999999,36499.999998448904,0.025231002262811112,0.000232970862205148,32
28,0.68722339297276724,0.0068647898039999999,36599.999998469277,0.025068677117277373,0.00024887954018428866,32
28,0.68722339297276724,0.0068647898039999999,36699.999998489649,0.025043430513540396,0.0002274869475283253,32
28,0.68722339297276724,0.0068647898039999999,36799.999998510022,0.024860811482980846,0.00027086868909647098,32
28,0.68722339297276724,0.0068647898039999999,36899.999998530395,0.02502936637078134,0.00021172890927335147,32
28,0.68722339297276724,0.0068647898039999999,36999.999998550767,0.025357997442727303,0.00025646066893284241,32
28,0.68722339297276724,0.0068647898039999999,37099.99999857114,0.025013659696334581,0.00025146907105790927,32
28,0.68722339297276724,0.0068647898039999999,37199.999998591513,0.025585685635996256,0.00028157838732608943,32
28,0.68722339297276724,0.0068647898039999999,37299.999998611886,0.025352014406784983,0.00027181203718810472,32
28,0.68722339297276724,0.0068647898039999999,37399.999998632258,0.025209772082427025,0.00030093580910368629,32
28,0.68722339297276724,0.0068647898039999999,37499.999998652631,0.02527619792921532,0.00023757089462302474,32
28,0.68722339297276724,0.0068647898039999999,37599.999998673004,0.025408178466427407,0.00026688245641428231,32
28,0.68722339297276724,0.0068647898039999999,37699.999998693376,0.024821495750270733,0.00030340955565230399,32
28,0.68722339297276724,0.0068647898039999999,37799.999998713749,0.025057826896520526,0.0002633812613777399,32
28,0.68722339297276724,0.0068647898039999999,37899.999998734122,0.02533539686995907,0.00026681782981579413,32
28,0.68722339297276724,0.0068647898039999999,37999.999998754494,0.025205896242477301,0.00034841732232830831,32
28,0.68722339297276724,0.0068647898039999999,38099.999998774867,0.025460491734589415,0.00022449757990143575,32
28,0.68722339297276724,0.0068647898039999999,38199.99999879524,0.024962734132364033,0.00026503733933487712,32
28,0.68722339297276724,0.0068647898039999999,38299.999998815612,0.024621655316276022,0.00023601541793663241,32
28,0.68722339297276724,0.0068647898039999999,38399.999998835985,0.024671269318829455,0.00032107468449260368,32
28,0.68722339297276724,0.0068647898039999999,38499.999998856358,0.025200733438519873,0.00028478857769522712,32
28,0.68722339297276724,0.0068647898039999999,38599.99999887673,0.025191889914060173,0.00024937244536718783,32
28,0.68722339297276724,0.0068647898039999999,38699.999998897103,0.025084024547275745,0.00023885921410827737,32
28,0.68722339297276724,0.0068647898039999999,38799.999998917476,0.024991763098599847,0.00032309715958181635,32
28,0.68722339297276724,0.0068647898039999999,38899.999998937848,0.02491521131994294,0.00021086986995433633,32
28,0.68722339297276724,0.0068647898039999999,38999.999998958221,0.024971391607573085,0.00024470638179598212,32
28,0.68722339297276724,0.0068647898039999999,39099.999998978594,0.02522105441125316,0.00026446080804198591,32
28,0.68722339297276724,0.0068647898039999999,39199.999998998966,0.025555062671095811,0.00023414941509393208,32
28,0.68722339297276724,0.0068647898039999999,39299.999999019339,0.025237530745495132,0.00022892555353975011,32
28,0.68722339297276724,0.0068647898039999999,39399.999999039712,0.025213275964715474,0.00022079572239210661,32
28,0.68722339297276724,0.0068647898039999999,39499.999999060085,0.025425454237700214,0.00026863618562832781,32
28,0.68722339297276724,0.0068647898039999999,39599.999999080457,0.024853443316069285,0.00022133142490475725,32
28,0.68722339297276724,0.0068647898039999999,39699.99999910083,0.025164123283425259,0.00021708761292441023,32
28,0.68722339297276724,0.0068647898039999999,39799.999999121203,0.025059693355526342,0.00027375042030842772,32
28,0.68722339297276724,0.0068647898039999999,39899.999999141575,0.025605332228291616,0.00021857963263547707,32
28,0.68722339297276724,0.0068647898039999999,39999.999999161948,0.025350051876619772,0.00023645216912651458,32
28,0.68722339297276724,0.0068647898039999999,40099.999999182321,0.025065704024268803,0.00028263431067889085,32
28,0.68722339297276724,0.0068647898039999999,40199.999999202693,0.024960008151315813,0.00029927709586050131,32
28,0.68722339297276724,0.0068647898039999999,40299.999999223066,0.025809614996743672,0.0002571517636063896,32
28,0.68722339297276724,0.0068647898039999999,40399.999999243439,0.025426796753706304,0.00025409995464832999,32
28,0.68722339297276724,0.0068647898039999999,40499.999999263811,0.025009074849382112,0.00026743272758730032,32
28,0.68722339297276724,0.0068647898039999999,40599.999999284184,0.025008191226294125,0.0002801403495201239,32
28,0.68722339297276724,0.0068647898039999999,40699.999999304557,0.025214946177705332,0.00022312275236643361,32
28,0.68722339297276724,0.0068647898039999999,40799.999999324929,0.025232352701273268,0.00022401709859708915,32
28,0.68722339297276724,0.0068647898039999999,40899.999999345302,0.025474002400823186,0.00026324840668888336,32
28,0.68722339297276724,0.0068647898039999999,40999.999999365675,0.025290812556856394,0.00031095706597896903,32
28,0.68722339297276724,0.0068647898039999999,41099.999999386047,0.025049292265299426,0.00029509601365024278,32
28,0.68722339297276724,0.0068647898039999999,41199.99999940642,0.024968833017206815,0.00034096328803499652,32
28,0.68722339297276724,0.0068647898039999999,41299.999999426793,0.024875930856840756,0.00027889305421263021,32
28,0.68722339297276724,0.0068647898039999999,41399.999999447165,0.025135333076252896,0.00032255522708106552,32
28,0.68722339297276724,0.0068647898039999999,41499.999999467538,0.024906950174472482,0.00019892283107115756,32
28,0.68722339297276724,0.0068647898039999999,41599.999999487911,0.025287926856011608,0.00032935961046545205,32
28,0.68722339297276724,0.0068647898039999999,41699.999999508284,0.025353692783704234,0.00020418623455003296,32
28,0.68722339297276724,0.0068647898039999999,41799.999999528656,0.025396210951915067,0.00027538402863666237,32
28,0.68722339297276724,0.0068647898039999999,41899.999999549029,0.0254167404871221,0.00025674478798004487,32
28,0.68722339297276724,0.0068647898039999999,41999.999999569402,0.025187414174133439,0.00025540884705191824,32
28,0.68722339297276724,0.0068647898039999999,42099.999999589774,0.025113612041055437,0.0002322059252170441,32
28,0.68722339297276724,0.0068647898039999999,42199.999999610147,0.024938756331043775,0.0002398534725156966,32
28,0.68722339297276724,0.0068647898039999999,42299.99999963052,0.025306773760906065,0.00024710842757357491,32
28,0.68722339297276724,0.0068647898039999999,42399.999999650892,0.025433040316529515,0.00023346645055251564,32
28,0.68722339297276724,0.0068647898039999999,42499.999999671265,0.026122823670172796,0.00019435329993442894,32
28,0.68722339297276724,0.0068647898039999999,42599.999999691638,0.025430603930308129,0.00024944416706632966,32
28,0.68722339297276724,0.0068647898039999999,42699.99999971201,0.025620321548015024,0.00027586414776335018,32
28,0.68722339297276724,0.0068647898039999999,42799.999999732383,0.024876018446890275,0.00028246713078137776,32
28,0.68722339297276724,0.0068647898039999999,42899.999999752756,0.025341452193150638,0.00027071266701844351,32
28,0.68722339297276724,0.0068647898039999999,42999.999999773128,0.025069908304741009,0.00026242012878139643,32
28,0.68722339297276724,0.0068647898039999999,43099.999999793501,0.025054449424095206,0.00021835177655011616,32
28,0.68722339297276724,0.0068647898039999999,43199.999999813874,0.02512686581819713,0.00020227254763940795,32
28,0.68722339297276724,0.0068647898039999999,43299.999999834246,0.024821994228738566,0.00021569450042124621,32
28,0.68722339297276724,0.0068647898039999999,43399.999999854619,0.025122075856730451,0.00022579129374586941,32
28,0.68722339297276724,0.0068647898039999999,43499.999999874992,0.025001531274423658,0.00027838098014866796,32
28,0.68722339297276724,0.0068647898039999999,43599.999999895364,0.025233599947606423,0.00033109181976516124,32
28,0.68722339297276724,0.0068647898039999999,43699.999999915737,0.025151660156235454,0.00024327339988752049,32
28,0.68722339297276724,0.0068647898039999999,43799.99999993611,0.025116534189147333,0.0002783688945985796,32
28,0.68722339297276724,0.0068647898039999999,43899.999999956482,0.025175051063877043,0.0003154356018844091,32
28,0.68722339297276724,0.0068647898039999999,43999.999999976855,0.025641472099337193,0.0001912002068698086,32
28,0.68722339297276724,0.0068647898039999999,44099.999999997228,0.025373611041416735,0.00027040845958763594,32
28,0.68722339297276724,0.0068647898039999999,44200.000000017601,0.02552874222976264,0.00022465327519175754,32
28,0.68722339297276724,0.0068647898039999999,44300.000000037973,0.024955760868606302,0.00024556104774791108,32
28,0.68722339297276724,0.0068647898039999999,44400.000000058346,0.025526877153911713,0.00025433125191206939,32
28,0.68722339297276724,0.0068647898039999999,44500.000000078719,0.025082055900419391,0.00027035598468660239,32
28,0.68722339297276724,0.0068647898039999999,44600.000000099091,0.02521487544502999,0.00027934440773500049,32
28,0.68722339297276724,0.0068647898039999999,44700.000000119464,0.025346008024564527,0.00022899420089728904,32
28,0.68722339297276724,0.0068647898039999999,44800.000000139837,0.02497505023375677,0.00027534399097188777,32
28,0.68722339297276724,0.0068647898039999999,44900.000000160209,0.02538297149459641,0.00018681903194003188,32
28,0.68722339297276724,0.0068647898039999999,45000.000000180582,0.025071985404098152,0.0003144342430175059,32
28,0.68722339297276724,0.0068647898039999999,45100.000000200955,0.02517404687407564,0.00019576606632463003,32
28,0.68722339297276724,0.0068647898039999999,45200.000000221327,0.025371679792297736,0.00021283365593138332,32
28,0.68722339297276724,0.0068647898039999999,45300.0000002417,0.02552980118697825,0.00023738828352873491,32
28,0.68722339297276724,0.0068647898039999999,45400.000000262073,0.025224355644187943,0.00032153403040070621,32
28,0.68722339297276724,0.0068647898039999999,45500.000000282445,0.024851566419337594,0.00028539176282179517,32
28,0.68722339297276724,0.0068647898039999999,45600.000000302818,0.025457965735654332,0.00028294648575080065,32
28,0.68722339297276724,0.0068647898039999999,45700.000000323191,0.02520669315581597,0.00025631332183087042,32
28,0.68722339297276724,0.0068647898039999999,45800.000000343563,0.02558520892134377,0.0002557242678849514,32
28,0.68722339297276724,0.0068647898039999999,45900.000000363936,0.024736065060084658,0.00023637929523824899,32
28,0.68722339297276724,0.0068647898039999999,46000.000000384309,0.025280391516500751,0.00022421405590461842,32
28,0.68722339297276724,0.0068647898039999999,46100.000000404681,0.025175188429331745,0.00027960059995238873,32
28,0.68722339297276724,0.0068647898039999999,46200.000000425054,0.025468427757374165,0.00025808419423790083,32
28,0.68722339297276724,0.0068647898039999999,46300.000000445427,0.025599381686938424,0.00025187036500914006,32
28,0.68722339297276724,0.0068647898039999999,46400.0000004658,0.025244345574888173,0.00022708785821750553,32
28,0.68722339297276724,0.0068647898039999999,46500.000000486172,0.025757664562175309,0.00024251321199657435,32
28,0.68722339297276724,0.0068647898039999999,46600.000000506545,0.025559991685412748,0.00020153555536740322,32
28,0.68722339297276724,0.0068647898039999999,46700.000000526918,0.025513043316477912,0.0002456221799931104,32
28,0.68722339297276724,0.0068647898039999999,46800.00000054729,0.025210095050322113,0.00024363397300728736,32
28,0.68722339297276724,0.0068647898039999999,46900.000000567663,0.025035959503434381,0.00028846039890637054,32
28,0.68722339297276724,0.0068647898039999999,47000.000000588036,0.025266577634097408,0.00022721987569017317,32
28,0.68722339297276724,0.0068647898039999999,47100.000000608408,0.024986040346375211,0.00025033894631653963,32
28,0.68722339297276724,0.0068647898039999999,47200.000000628781,0.025464448745484404,0.00030334718269522742,32
28,0.68722339297276724,0.0068647898039999999,47300.000000649154,0.024941246800678041,0.00025075013451651153,32
28,0.68722339297276724,0.0068647898039999999,47400.000000669526,0.025448407441775161,0.00021653161737693883,32
28,0.68722339297276724,0.0068647898039999999,47500.000000689899,0.025777435134805571,0.0002165040387792425,32
28,0.68722339297276724,0.0068647898039999999,47600.000000710272,0.025333142187173259,0.00027267173340398836,32
28,0.68722339297276724,0.0068647898039999999,47700.000000730644,0.0253449825145424,0.00024788729104743791,32
28,0.68722339297276724,0.0068647898039999999,47800.000000751017,0.025109066057865712,0.0003074313608374697,32
28,0.68722339297276724,0.0068647898039999999,47900.00000077139,0.025665507569496721,0.00027258739734032202,32
28,0.68722339297276724,0.0068647898039999999,48000.000000791762,0.025293917968914829,0.00026051312652005662,32
28,0.68722339297276724,0.0068647898039999999,48100.000000812135,0.025422237411573234,0.00027760799607544828,32
28,0.68722339297276724,0.0068647898039999999,48200.000000832508,0.025142832531333401,0.00028705465505095843,32
28,0.68722339297276724,0.0068647898039999999,48300.00000085288,0.024831444392708568,0.00026315264245032265,32
28,0.68722339297276724,0.0068647898039999999,48400.000000873253,0.025117735649596823,0.00023829460474676927,32
28,0.68722339297276724,0.0068647898039999999,48500.000000893626,0.025621910717583327,0.00025314213145407629,32
28,0.68722339297276724,0.0068647898039999999,48600.000000913999,0.025728130311242964,0.00028761661345427119,32
28,0.68722339297276724,0.0068647898039999999,48700.000000934371,0.025411438800378328,0.00027558119582411051,32
28,0.68722339297276724,0.0068647898039999999,48800.000000954744,0.02531929597247155,0.0002650385042140834,32
28,0.68722339297276724,0.0068647898039999999,48900.000000975117,0.025255865074001349,0.00026390381010059073,32
28,0.68722339297276724,0.0068647898039999999,49000.000000995489,0.025537541057427064,0.00022876323565055025,32
28,0.68722339297276724,0.0068647898039999999,49100.000001015862,0.024936689890307215,0.00028118701407964572,32
28,0.68722339297276724,0.0068647898039999999,49200.000001036235,0.025540094452573037,0.00024172794889726305,32
28,0.68722339297276724,0.0068647898039999999,49300.000001056607,0.025339755301436551,0.00023121683071032647,32
28,0.68722339297276724,0.0068647898039999999,49400.00000107698,0.025511627854266687,0.00020855335676513506,32
28,0.68722339297276724,0.0068647898039999999,49500.000001097353,0.025487967395579701,0.00020689459631515351,32
28,0.68722339297276724,0.0068647898039999999,49600.000001117725,0.025400200303874798,0.00025948078529971786,32
28,0.68722339297276724,0.0068647898039999999,49700.000001138098,0.025052237778765866,0.00024294605677250029,32
28,0.68722339297276724,0.0068647898039999999,49800.000001158471,0.025392013754772361,0.0002925266402909955,32
28,0.68722339297276724,0.0068647898039999999,49900.000001178843,0.024885354227542168,0.00031143743095078349,32
28,0.68722339297276724,0.0068647898039999999,50000.000001199216,0.025417778520814123,0.00026994164485891014,32
32,0.78539816339744828,0.0088955171389999994,100.00000000001425,0.025075698419015066,0.000230332693298653,32
32,0.78539816339744828,0.0088955171389999994,199.99999999996308,0.024687705141820438,0.00026434699660283752,32
32,0.78539816339744828,0.0088955171389999994,299.99999999987216,0.025073193756722397,0.00018732658605552385,32
32,0.78539816339744828,0.0088955171389999994,399.99999999978121,0.025268452553629334,0.00025851148151357273,32
32,0.78539816339744828,0.0088955171389999994,499.99999999969026,0.025439316033973067,0.00020845452056029754,32
32,0.78539816339744828,0.0088955171389999994,599.99999999959937,0.025351885527114332,0.00020740933957659981,32
32,0.78539816339744828,0.0088955171389999994,699.99999999950842,0.025250478544887274,0.00028673463483300731,32
32,0.78539816339744828,0.0088955171389999994,799.99999999941747,0.025467615875525564,0.0002424748765270119,32
32,0.78539816339744828,0.0088955171389999994,899.99999999932652,0.025345650514469617,0.00023134555318264963,32
32,0.78539816339744828,0.0088955171389999994,999.99999999923557,0.025703066596303958,0.00025232572387672204,32
32,0.78539816339744828,0.0088955171389999994,1099.9999999991446,0.02534077695898683,0.00020786826446794168,32
32,0.78539816339744828,0.0088955171389999994,1199.9999999990537,0.025110647593433549,0.00025441372351827512,32
32,0.78539816339744828,0.0088955171389999994,1299.9999999989627,0.025304572290466752,0.00022204916886586757,32
32,0.78539816339744828,0.0088955171389999994,1399.9999999988718,0.024998089802803422,0.00022818128140846572,32
32,0.78539816339744828,0.0088955171389999994,1499.9999999987808,0.025172959632291967,0.00020266506365694857,32
32,0.78539816339744828,0.0088955171389999994,1599.9999999986899,0.025664398263631205,0.0002291343555081941,32
32,0.78539816339744828,0.0088955171389999994,1699.9999999985989,0.025183013470246946,0.00024116678714778824,32
32,0.78539816339744828,0.0088955171389999994,1799.999999998508,0.025118403776948836,0.00021622298656853413,32
32,0.78539816339744828,0.0088955171389999994,1899.999999998417,0.025610367000766986,0.00024404697226727213,32
32,0.78539816339744828,0.0088955171389999994,1999.9999999983261,0.025347315297025181,0.00024318701420806706,32
32,0.78539816339744828,0.0088955171389999994,2099.9999999994175,0.025636081297258351,0.00021062713935483837,32
32,0.78539816339744828,0.0088955171389999994,2200.0000000016003,0.025265477215584899,0.00021974894049670338,32
32,0.78539816339744828,0.0088955171389999994,2300.000000003783,0.025047973624620624,0.0002211217327543285,32
32,0.78539816339744828,0.0088955171389999994,2400.0000000059658,0.025286725448711356,0.00023023689881151844,32
32,0.78539816339744828,0.0088955171389999994,2500.0000000081486,0.025539769910103625,0.00018904529670978894,32
32,0.78539816339744828,0.0088955171389999994,2600.0000000103314,0.024941225852616565,0.00021241099275619955,32
32,0.78539816339744828,0.0088955171389999994,2700.0000000125142,0.025370862860587255,0.00023008696259036674,32
32,0.78539816339744828,0.0088955171389999994,2800.000000014697,0.025461497695398301,0.00023726069640156978,32
32,0.78539816339744828,0.0088955171389999994,2900.0000000168798,0.025384848579476021,0.00027271649829994308,32
32,0.78539816339744828,0.0088955171389999994,3000.0000000190626,0.02547489487808656,0.00022998959495385172,32
32,0.78539816339744828,0.0088955171389999994,3100.0000000212453,0.025312929268181149,0.00022814971208338534,32
32,0.78539816339744828,0.0088955171389999994,3200.0000000234281,0.025494956641237344,0.0002296500823541551,32
32,0.78539816339744828,0.0088955171389999994,3300.0000000256109,0.025394384770292686,0.00029967681199848692,32
32,0.78539816339744828,0.0088955171389999994,3400.0000000277937,0.024918655957583788,0.00020661406979811329,32
32,0.78539816339744828,0.0088955171389999994,3500.0000000299765,0.025485787620649087,0.00025289605630494482,32
32,0.78539816339744828,0.0088955171389999994,3600.0000000321593,0.025688067441376142,0.00021251670758660037,32
32,0.78539816339744828,0.0088955171389999994,3700.0000000343421,0.025485163688760866,0.00020921231054916463,32
32,0.78539816339744828,0.0088955171389999994,3800.0000000365249,0.024983459946712687,0.00020665161736056165,32
32,0.78539816339744828,0.0088955171389999994,3900.0000000387076,0.025124195681823874,0.00022402445899144784,32
32,0.78539816339744828,0.0088955171389999994,4000.0000000408904,0.025325329087789627,0.00026785478471497018,32
32,0.78539816339744828,0.0088955171389999994,4100.0000000430728,0.025184226350608258,0.00025536338953679853,32
32,0.78539816339744828,0.0088955171389999994,4200.0000000452555,0.024836663776460058,0.00017482984773428255,32
32,0.78539816339744828,0.0088955171389999994,4300.0000000474383,0.025579199515860171,0.00020729040240538601,32
32,0.78539816339744828,0.0088955171389999994,4400.0000000496211,0.025516564447293676,0.00020547473053069684,32
32,0.78539816339744828,0.0088955171389999994,4500.0000000518039,0.025412103489212308,0.00030086588568159982,32
32,0.78539816339744828,0.0088955171389999994,4600.0000000539867,0.024976150495537384,0.00023260794012434181,32
32,0.78539816339744828,0.0088955171389999994,4700.0000000561695,0.025789402853982998,0.00019464390812500368,32
32,0.78539816339744828,0.0088955171389999994,4800.0000000583523,0.024977831045952404,0.00021096613422214358,32
32,0.78539816339744828,0.0088955171389999994,4900.0000000605351,0.025279570266402294,0.00018999193371628577,32
32,0.78539816339744828,0.0088955171389999994,5000.0000000627178,0.025081058822506143,0.00020309295677801298,32
32,0.78539816339744828,0.0088955171389999994,5100.0000000649006,0.025538379689360464,0.00022191284982448056,32
32,0.78539816339744828,0.0088955171389999994,5200.0000000670834,0.024872538769589565,0.00033724149692752577,32
32,0.78539816339744828,0.0088955171389999994,5300.0000000692662,0.024842293122959221,0.00023527402242822169,32
32,0.78539816339744828,0.0088955171389999994,5400.000000071449,0.025100145789084545,0.00019588709253772838,32
32,0.78539816339744828,0.0088955171389999994,5500.0000000736318,0.025270351308835322,0.00025977567420404905,32
32,0.78539816339744828,0.0088955171389999994,5600.0000000758146,0.025373572172036941,0.00025527072579300213,32
32,0.78539816339744828,0.0088955171389999994,5700.0000000779974,0.02503790207755878,0.00020803063961835622,32
32,0.78539816339744828,0.0088955171389999994,5800.0000000801801,0.02488471913123165,0.00018404181104980926,32
32,0.78539816339744828,0.0088955171389999994,5900.0000000823629,0.025385514828533309,0.00022800505070862383,32
32,0.78539816339744828,0.0088955171389999994,6000.0000000845457,0.024883886278837964,0.00022047277784104547,32
32,0.78539816339744828,0.0088955171389999994,6100.0000000867285,0.025383761211268351,0.00020729710944123199,32
32,0.78539816339744828,0.0088955171389999994,6200.0000000889113,0.025625553838380579,0.00023084386634387606,32
32,0.78539816339744828,0.0088955171389999994,6300.0000000910941,0.025202585541800451,0.00022036958984047834,32
32,0.78539816339744828,0.0088955171389999994,6400.0000000932769,0.025654413731345995,0.00018888134753765993,32
32,0.78539816339744828,0.0088955171389999994,6500.0000000954597,0.025066598300596137,0.00025250648155651358,32
32,0.78539816339744828,0.0088955171389999994,6600.0000000976424,0.025219560077175882,0.00022802796347374851,32
32,0.78539816339744828,0.0088955171389999994,6700.0000000998252,0.025583704057696863,0.00020636291992627749,32
32,0.78539816339744828,0.0088955171389999994,6800.000000102008,0.025061962498832271,0.00023377785255646697,32
32,0.78539816339744828,0.0088955171389999994,6900.0000001041908,0.024805859147063236,0.00021060944570029544,32
32,0.78539816339744828,0.0088955171389999994,7000.0000001063736,0.025332768361475889,0.00027447649457984367,32
32,0.78539816339744828,0.0088955171389999994,7100.0000001085564,0.025442033828294974,0.00025770186249190542,32
32,0.78539816339744828,0.0088955171389999994,7200.0000001107392,0.025204765769053658,0.00021629162183317059,32
32,0.78539816339744828,0.0088955171389999994,7300.000000112922,0.025530340949054157,0.00019865800070037603,32
32,0.78539816339744828,0.0088955171389999994,7400.0000001151047,0.024996023693978329,0.00020963738233359888,32
32,0.78539816339744828,0.0088955171389999994,7500.0000001172875,0.025326463427551685,0.00022084227244623027,32
32,0.78539816339744828,0.0088955171389999994,7600.0000001194703,0.025287232212443826,0.00022030840637326913,32
32,0.78539816339744828,0.0088955171389999994,7700.0000001216531,0.025038973602448802,0.00027793544452815473,32
32,0.78539816339744828,0.0088955171389999994,7800.0000001238359,0.025331557194717774,0.0002652762155683873,32
32,0.78539816339744828,0.0088955171389999994,7900.0000001260187,0.025366272465162688,0.00022707695583702115,32
32,0.78539816339744828,0.0088955171389999994,8000.0000001282015,0.025181989118966287,0.00021189625292678956,32
32,0.78539816339744828,0.0088955171389999994,8100.0000001303843,0.025366433173444558,0.00019433352936251244,32
32,0.78539816339744828,0.0088955171389999994,8200.0000001325661,0.025431385608128302,0.00018450219576691498,32
32,0.78539816339744828,0.0088955171389999994,8300.0000001347489,0.025359796014413859,0.00023276309699903506,32
32,0.78539816339744828,0.0088955171389999994,8400.0000001369317,0.02540862557989183,0.0001891282283569369,32
32,0.78539816339744828,0.0088955171389999994,8500.0000001391145,0.025143436567013316,0.00024457034775062875,32
32,0.78539816339744828,0.0088955171389999994,8600.0000001412973,0.025256744737222156,0.00023553386730640143,32
32,0.78539816339744828,0.0088955171389999994,8700.0000001434801,0.025592676740496166,0.00020927497428770823,32
32,0.78539816339744828,0.0088955171389999994,8800.0000001456629,0.025314348630896735,0.00022427469205452437,32
32,0.78539816339744828,0.0088955171389999994,8900.0000001478456,0.02536206163233521,0.00021530774505224161,32
32,0.78539816339744828,0.0088955171389999994,9000.0000001500284,0.025476135252878222,0.00030246987154356592,32
32,0.78539816339744828,0.0088955171389999994,9100.0000001522112,0.024768641842244987,0.00021403239998283848,32
32,0.78539816339744828,0.0088955171389999994,9200.000000154394,0.025303158485546064,0.0002310381800146809,32
32,0.78539816339744828,0.0088955171389999994,9300.0000001565768,0.02541321974601329,0.00023545338943267621,32
32,0.78539816339744828,0.0088955171389999994,9400.0000001587596,0.024962873949534555,0.00019321045760740827,32
32,0.78539816339744828,0.0088955171389999994,9500.0000001609424,0.025429251928572032,0.00025318080314291338,32
32,0.78539816339744828,0.0088955171389999994,9600.0000001631252,0.025603977242470606,0.00024618836267906977,32
32,0.78539816339744828,0.0088955171389999994,9700.0000001653079,0.025311666025414077,0.00022371485940636855,32
32,0.78539816339744828,0.0088955171389999994,9800.0000001674907,0.025502920942973593,0.00028097948280196469,32
32,0.78539816339744828,0.0088955171389999994,9900.0000001696735,0.025245863388429615,0.00024435388578726705,32
32,0.78539816339744828,0.0088955171389999994,10000.000000171856,0.025099676551182521,0.0002319395402471457,32
32,0.78539816339744828,0.0088955171389999994,10100.000000174039,0.025674259628496964,0.00029700780299202103,32
32,0.78539816339744828,0.0088955171389999994,10200.000000176222,0.025271321225855937,0.00024231426684960869,32
32,0.78539816339744828,0.0088955171389999994,10300.000000178405,0.025676122793979246,0.00018195905264709676,32
32,0.78539816339744828,0.0088955171389999994,10400.000000180587,0.025342525098812348,0.00023725247749524549,32
32,0.78539816339744828,0.0088955171389999994,10500.00000018277,0.02549030055367774,0.00019994830679013635,32
32,0.78539816339744828,0.0088955171389999994,10600.000000184953,0.025162876196889183,0.00019483405114387707,32
32,0.78539816339744828,0.0088955171389999994,10700.000000187136,0.025236392560714138,0.0001846754166864529,32
32,0.78539816339744828,0.0088955171389999994,10800.000000189319,0.025316940334969871,0.00021834707747746672,32
32,0.78539816339744828,0.0088955171389999994,10900.000000191501,0.025596503777206035,0.00023324824266103425,32
32,0.78539816339744828,0.0088955171389999994,11000.000000193684,0.02517806878380693,0.00021130263099622534,32
32,0.78539816339744828,0.0088955171389999994,11100.000000195867,0.02527603952643066,0.00025382113239902837,32
32,0.78539816339744828,0.0088955171389999994,11200.00000019805,0.025126721087458521,0.00028215916792823472,32
32,0.78539816339744828,0.0088955171389999994,11300.000000200233,0.025003079012798832,0.00024529377201416527,32
32,0.78539816339744828,0.0088955171389999994,11400.000000202415,0.024998231723120486,0.00020157184859436174,32
32,0.78539816339744828,0.0088955171389999994,11500.000000204598,0.025131675112204561,0.00020387441825419169,32
32,0.78539816339744828,0.0088955171389999994,11600.000000206781,0.025450463305012452,0.00022677978915378781,32
32,0.78539816339744828,0.0088955171389999994,11700.000000208964,0.024866480672619744,0.00030289637429835211,32
32,0.78539816339744828,0.0088955171389999994,11800.000000211146,0.025573660961547635,0.00021923410419432492,32
32,0.78539816339744828,0.0088955171389999994,11900.000000213329,0.025414401972149295,0.00017773340773124066,32
32,0.78539816339744828,0.0088955171389999994,12000.000000215512,0.024897820083762474,0.00022705723446258302,32
32,0.78539816339744828,0.0088955171389999994,12100.000000217695,0.025484765951327822,0.00025811726179208772,32
32,0.78539816339744828,0.0088955171389999994,12200.000000219878,0.025368707938803307,0.00026192213562924936,32
32,0.78539816339744828,0.0088955171389999994,12300.00000022206,0.025605420014960457,0.00024271792707635705,32
32,0.78539816339744828,0.0088955171389999994,12400.000000224243,0.025184653942664264,0.00019833778880573997,32
32,0.78539816339744828,0.0088955171389999994,12500.000000226426,0.025092452948472663,0.00025787327678579295,32
32,0.78539816339744828,0.0088955171389999994,12600.000000228609,0.025653429469419935,0.00024460953251147926,32
32,0.78539816339744828,0.0088955171389999994,12700.000000230792,0.025226870960898446,0.00025220598539275874,32
32,0.78539816339744828,0.0088955171389999994,12800.000000232974,0.025193058970870399,0.0002531992760955464,32
32,0.78539816339744828,0.0088955171389999994,12900.000000235157,0.025217669117076111,0.00015493199718662499,32
32,0.78539816339744828,0.0088955171389999994,13000.00000023734,0.024889771144388138,0.00020825302146294778,32
32,0.78539816339744828,0.0088955171389999994,13100.000000239523,0.025255503312792561,0.00023623000023881624,32
32,0.78539816339744828,0.0088955171389999994,13200.000000241705,0.025098941014795827,0.00022288472805937994,32
32,0.78539816339744828,0.0088955171389999994,13300.000000243888,0.024982169941348737,0.00021805876997873873,32
32,0.78539816339744828,0.0088955171389999994,13400.000000246071,0.025143960745601945,0.00023047144646154129,32
32,0.78539816339744828,0.0088955171389999994,13500.000000248254,0.02541546273046465,0.0002112943881314005,32
32,0.78539816339744828,0.0088955171389999994,13600.000000250437,0.024898917092277279,0.00024010231149033121,32
32,0.78539816339744828,0.0088955171389999994,13700.000000252619,0.024923735174642404,0.00021629669819620711,32
32,0.78539816339744828,0.0088955171389999994,13800.000000254802,0.025311502715566588,0.00022239020058335005,32
32,0.78539816339744828,0.0088955171389999994,13900.000000256985,0.025347751734938508,0.00021278649850488466,32
32,0.78539816339744828,0.0088955171389999994,14000.000000259168,0.025412963294080423,0.00023877819542269326,32
32,0.78539816339744828,0.0088955171389999994,14100.000000261351,0.025231337110189683,0.00018215851511887439,32
32,0.78539816339744828,0.0088955171389999994,14200.000000263533,0.025200134148693147,0.00023129463177595888,32
32,0.78539816339744828,0.0088955171389999994,14300.000000265716,0.025066368184418229,0.00023966308202553313,32
32,0.78539816339744828,0.0088955171389999994,14400.000000267899,0.025465356864963977,0.0002205808278948209,32
32,0.78539816339744828,0.0088955171389999994,14500.000000270082,0.025517202238641071,0.00021601408094895072,32
32,0.78539816339744828,0.0088955171389999994,14600.000000272265,0.025673661547723145,0.00027475286820545649,32
32,0.78539816339744828,0.0088955171389999994,14700.000000274447,0.02544206707656493,0.00024521324669664107,32
32,0.78539816339744828,0.0088955171389999994,14800.00000027663,0.025203969533930837,0.00021557868042608891,32
32,0.78539816339744828,0.0088955171389999994,14900.000000278813,0.025166069493369542,0.00025587673526225065,32
32,0.78539816339744828,0.0088955171389999994,15000.000000280996,0.025069573763817701,0.0002296660243457882,32
32,0.78539816339744828,0.0088955171389999994,15100.000000283178,0.025002850629052994,0.00023945939732432448,32
32,0.78539816339744828,0.0088955171389999994,15200.000000285361,0.025238531851163388,0.00024716827435641511,32
32,0.78539816339744828,0.0088955171389999994,15300.000000287544,0.025200344369012591,0.00019428245477356708,32
32,0.78539816339744828,0.0088955171389999994,15400.000000289727,0.02505324409279492,0.00019061525819647477,32
32,0.78539816339744828,0.0088955171389999994,15500.00000029191,0.025229499516501216,0.00019622658732328094,32
32,0.78539816339744828,0.0088955171389999994,15600.000000294092,0.025203244732613771,0.00019745030551061328,32
32,0.78539816339744828,0.0088955171389999994,15700.000000296275,0.025132790641702284,0.00020218408712204881,32
32,0.78539816339744828,0.0088955171389999994,15800.000000298458,0.025185051763381185,0.00022285637313654454,32
32,0.78539816339744828,0.0088955171389999994,15900.000000300641,0.025689449410170186,0.00020371686214319592,32
32,0.78539816339744828,0.0088955171389999994,16000.000000302824,0.02526959659548431,0.00020841804651480086,32
32,0.78539816339744828,0.0088955171389999994,16100.000000305006,0.025476315364992071,0.00021584327289478404,32
32,0.78539816339744828,0.0088955171389999994,16200.000000307189,0.025478264289794817,0.00019421610514016051,32
32,0.78539816339744828,0.0088955171389999994,16300.000000309372,0.025385418477495404,0.00022454292201960641,32
32,0.78539816339744828,0.0088955171389999994,16400.000000308642,0.025106119978350182,0.00021051129452550772,32
32,0.78539816339744828,0.0088955171389999994,16500.000000292635,0.025382494393209797,0.00028133874994516251,32
32,0.78539816339744828,0.0088955171389999994,16600.000000276628,0.025157509031045844,0.0002734436356719651,32
32,0.78539816339744828,0.0088955171389999994,16700.000000260621,0.024952783509216685,0.00024945077185911462,32
32,0.78539816339744828,0.0088955171389999994,16800.000000244614,0.025008363486517873,0.00024856332790686473,32
32,0.78539816339744828,0.0088955171389999994,16900.000000228607,0.025496414054424304,0.0002859752618143882,32
32,0.78539816339744828,0.0088955171389999994,17000.0000002126,0.02557479941986605,0.00023719742984637694,32
32,0.78539816339744828,0.0088955171389999994,17100.000000196593,0.025485321826674068,0.00017900448236052966,32
32,0.78539816339744828,0.0088955171389999994,17200.000000180586,0.025303772682410925,0.00024402358338871852,32
32,0.78539816339744828,0.0088955171389999994,17300.000000164579,0.025302681839569303,0.00026098130849192724,32
32,0.78539816339744828,0.0088955171389999994,17400.000000148571,0.025274430721816205,0.00022543847473246575,32
32,0.78539816339744828,0.0088955171389999994,17500.000000132564,0.024994672876373459,0.00022581261207644699,32
32,0.78539816339744828,0.0088955171389999994,17600.000000116557,0.025098243591856483,0.00024165765464550953,32
32,0.78539816339744828,0.0088955171389999994,17700.00000010055,0.024889479639391917,0.0002337030821627259,32
32,0.78539816339744828,0.0088955171389999994,17800.000000084543,0.025189637329209463,0.00023053018272252901,32
32,0.78539816339744828,0.0088955171389999994,17900.000000068536,0.025291129660541076,0.00024697224376193564,32
32,0.78539816339744828,0.0088955171389999994,18000.000000052529,0.02530257898498783,0.00026011207310872638,32
32,0.78539816339744828,0.0088955171389999994,18100.000000036522,0.025529119866619165,0.00018816100362999643,32
32,0.78539816339744828,0.0088955171389999994,18200.000000020515,0.02547909589590425,0.00021826075254098161,32
32,0.78539816339744828,0.0088955171389999994,18300.000000004507,0.025057260564675644,0.00021670551879848085,32
32,0.78539816339744828,0.0088955171389999994,18399.9999999885,0.024951787584178996,0.00022183801461356855,32
32,0.78539816339744828,0.0088955171389999994,18499.999999972493,0.025113312208179691,0.00019922322585528342,32
32,0.78539816339744828,0.0088955171389999994,18599.999999956486,0.024715351435459706,0.0002205082716627757,32
32,0.78539816339744828,0.0088955171389999994,18699.999999940479,0.025409795312907081,0.00023642461059205505,32
32,0.78539816339744828,0.0088955171389999994,18799.999999924472,0.025422235316085715,0.00024775230928757668,32
32,0.78539816339744828,0.0088955171389999994,18899.999999908465,0.025178015517761214,0.00024046018148573631,32
32,0.78539816339744828,0.0088955171389999994,18999.999999892458,0.025266595199241501,0.00021954788150366247,32
32,0.78539816339744828,0.0088955171389999994,19099.999999876451,0.024942128355670841,0.00016928113542292572,32
32,0.78539816339744828,0.0088955171389999994,19199.999999860443,0.025017185192203389,0.00027078486350133287,32
32,0.78539816339744828,0.0088955171389999994,19299.999999844436,0.025380041333930896,0.00021401225402550365,32
32,0.78539816339744828,0.0088955171389999994,19399.999999828429,0.025358343013361449,0.00022966498756005896,32
32,0.78539816339744828,0.0088955171389999994,19499.999999812422,0.025163698007453279,0.00027569109731198334,32
32,0.78539816339744828,0.0088955171389999994,19599.999999796415,0.025320084368904802,0.00023626848950520192,32
32,0.78539816339744828,0.0088955171389999994,19699.999999780408,0.025234222082833227,0.00021363189168143663,32
32,0.78539816339744828,0.0088955171389999994,19799.999999764401,0.025487737044478476,0.00021191954549336028,32
32,0.78539816339744828,0.0088955171389999994,19899.999999748394,0.025598946242752527,0.00020966367915296188,32
32,0.78539816339744828,0.0088955171389999994,19999.999999732387,0.024965428825755216,0.00026209659655118559,32
32,0.78539816339744828,0.0088955171389999994,20099.99999971638,0.025305745793152347,0.0002436867040990192,32
32,0.78539816339744828,0.0088955171389999994,20199.999999700372,0.025043708444543664,0.0001974088386305686,32
32,0.78539816339744828,0.0088955171389999994,20299.999999684365,0.024946626382578302,0.00019183144018645022,32
32,0.78539816339744828,0.0088955171389999994,20399.999999668358,0.025056199524779735,0.00022204126252133198,32
32,0.78539816339744828,0.0088955171389999994,20499.999999652351,0.025267718757915579,0.00020924700618972199,32
32,0.78539816339744828,0.0088955171389999994,20599.999999636344,0.02528054322510857,0.00025972152221497886,32
32,0.78539816339744828,0.0088955171389999994,20699.999999620337,0.025519229238389073,0.00027104047988378045,32
32,0.78539816339744828,0.0088955171389999994,20799.99999960433,0.02509037629204601,0.00020274584295616369,32
32,0.78539816339744828,0.0088955171389999994,20899.999999588323,0.025100354993181938,0.00028640566343570003,32
32,0.78539816339744828,0.0088955171389999994,20999.999999572316,0.02549916870382609,0.0002954153816607142,32
32,0.78539816339744828,0.0088955171389999994,21099.999999556308,0.025053371709611826,0.00022416185791503094,32
32,0.78539816339744828,0.0088955171389999994,21199.999999540301,0.025560382827630387,0.00025811652701366802,32
32,0.78539816339744828,0.0088955171389999994,21299.999999524294,0.025138162176783819,0.00021375184905258243,32
32,0.78539816339744828,0.0088955171389999994,21399.999999508287,0.024693047126820872,0.00027559727215451007,32
32,0.78539816339744828,0.0088955171389999994,21499.99999949228,0.025310033862611898,0.00023057829088615625,32
32,0.78539816339744828,0.0088955171389999994,21599.999999476273,0.025221474801326037,0.0001974681586815406,32
32,0.78539816339744828,0.0088955171389999994,21699.999999460266,0.024592882823948777,0.00022142510682088222,32
32,0.78539816339744828,0.0088955171389999994,21799.999999444259,0.025360391132610592,0.00024330684209610513,32
32,0.78539816339744828,0.0088955171389999994,21899.999999428252,0.02571258069912357,0.00023665196676555958,32
32,0.78539816339744828,0.0088955171389999994,21999.999999412245,0.025322610110675145,0.00020132254824505055,32
32,0.78539816339744828,0.0088955171389999994,22099.999999396237,0.025265171348762154,0.00024598907506039129,32
32,0.78539816339744828,0.0088955171389999994,22199.99999938023,0.025236710449052666,0.00020914626522696288,32
32,0.78539816339744828,0.0088955171389999994,22299.999999364223,0.025203115752863822,0.00024376894392573762,32
32,0.78539816339744828,0.0088955171389999994,22399.999999348216,0.025152467764071373,0.00023348146889185946,32
32,0.78539816339744828,0.0088955171389999994,22499.999999332209,0.02532344261769584,0.00022496325878114439,32
32,0.78539816339744828,0.0088955171389999994,22599.999999316202,0.02520091119041255,0.00022008111726071853,32
32,0.78539816339744828,0.0088955171389999994,22699.999999300195,0.025063301945600674,0.00020308515465894433,32
32,0.78539816339744828,0.0088955171389999994,22799.999999284188,0.025410756939430842,0.00020348447470653738,32
32,0.78539816339744828,0.0088955171389999994,22899.999999268181,0.025462955736665637,0.00022096883151952881,32
32,0.78539816339744828,0.0088955171389999994,22999.999999252173,0.025193132820041392,0.00021405613123676807,32
32,0.78539816339744828,0.0088955171389999994,23099.999999236166,0.025471768453025557,0.00026796407016818445,32
32,0.78539816339744828,0.0088955171389999994,23199.999999220159,0.025267217259045731,0.00018202914314949706,32
32,0.78539816339744828,0.0088955171389999994,23299.999999204152,0.02542749451819246,0.00020382935101875282,32
32,0.78539816339744828,0.0088955171389999994,23399.999999188145,0.02520034254068531,0.00025478344812354941,32
32,0.78539816339744828,0.0088955171389999994,23499.999999172138,0.025697376760746113,0.00021093612383404819,32
32,0.78539816339744828,0.0088955171389999994,23599.999999156131,0.025400100641749801,0.00021145858515698651,32
32,0.78539816339744828,0.0088955171389999994,23699.999999140124,0.02551684440550548,0.00023776770311034707,32
32,0.78539816339744828,0.0088955171389999994,23799.999999124117,0.025068669591088253,0.00022230200543360345,32
32,0.78539816339744828,0.0088955171389999994,23899.999999108109,0.024997197305660013,0.00022104366835144429,32
32,0.78539816339744828,0.0088955171389999994,23999.999999092102,0.025079761003769001,0.00029607977754214637,32
32,0.78539816339744828,0.0088955171389999994,24099.999999076095,0.025233951433997467,0.00018675759212844322,32
32,0.78539816339744828,0.0088955171389999994,24199.999999060088,0.025260019577134946,0.00026813824033286365,32
32,0.78539816339744828,0.0088955171389999994,24299.999999044081,0.025206312644265563,0.00023054752791000472,32
32,0.78539816339744828,0.0088955171389999994,24399.999999028074,0.025442877654373131,0.00022388310151237313,32
32,0.78539816339744828,0.0088955171389999994,24499.999999012067,0.025329459102551886,0.00024482991382335895,32
32,0.78539816339744828,0.0088955171389999994,24599.99999899606,0.025325598259865127,0.00017693956837300804,32
32,0.78539816339744828,0.0088955171389999994,24699.999998980053,0.02505177039120305,0.00022975365264714788,32
32,0.78539816339744828,0.0088955171389999994,24799.999998964046,0.025448020617804285,0.00026219112394783252,32
32,0.78539816339744828,0.0088955171389999994,24899.999998948038,0.02514944972077619,0.00025421932409881357,32
32,0.78539816339744828,0.0088955171389999994,24999.999998932031,0.024920315365526587,0.00019836378008002815,32
32,0.78539816339744828,0.0088955171389999994,25099.999998916024,0.025128874414013711,0.00022664232536761047,32
32,0.78539816339744828,0.0088955171389999994,25199.999998900017,0.025202219849114187,0.00026282802370226617,32
32,0.78539816339744828,0.0088955171389999994,25299.99999888401,0.025077024079185228,0.00024075888175767798,32
32,0.78539816339744828,0.0088955171389999994,25399.999998868003,0.025119955974572568,0.00022876154981873033,32
32,0.78539816339744828,0.0088955171389999994,25499.999998851996,0.024897182850727863,0.0001970719068739885,32
32,0.78539816339744828,0.0088955171389999994,25599.999998835989,0.025320404047194218,0.00021726043769034893,32
32,0.78539816339744828,0.0088955171389999994,25699.999998819982,0.025210118740200481,0.00025820135969430164,32
32,0.78539816339744828,0.0088955171389999994,25799.999998803974,0.025122276200155877,0.00015534797407210842,32
32,0.78539816339744828,0.0088955171389999994,25899.999998787967,0.025313927574479186,0.00026945450990736088,32
32,0.78539816339744828,0.0088955171389999994,25999.99999877196,0.025330054744434352,0.00020002956547519177,32
32,0.78539816339744828,0.0088955171389999994,26099.999998755953,0.025314443423864248,0.00024281109681943968,32
32,0.78539816339744828,0.0088955171389999994,26199.999998739946,0.024969317480984358,0.00025903298644530171,32
32,0.78539816339744828,0.0088955171389999994,26299.999998723939,0.0250093750843772,0.00022310925617418216,32
32,0.78539816339744828,0.0088955171389999994,26399.999998707932,0.025127589657234332,0.00029419808585989777,32
32,0.78539816339744828,0.0088955171389999994,26499.999998691925,0.024964703450209132,0.00023169105978513622,32
32,0.78539816339744828,0.0088955171389999994,26599.999998675918,0.025317702690151857,0.00021524697732122386,32
32,0.78539816339744828,0.0088955171389999994,26699.99999865991,0.025309420373343623,0.00016078111522340401,32
32,0.78539816339744828,0.0088955171389999994,26799.999998643903,0.025131781368063998,0.00018534726233549934,32
32,0.78539816339744828,0.0088955171389999994,26899.999998627896,0.025483545083944421,0.00018901447652136622,32
32,0.78539816339744828,0.0088955171389999994,26999.999998611889,0.024912528419765666,0.0002296580234863689,32
32,0.78539816339744828,0.0088955171389999994,27099.999998595882,0.025482308432307029,0.00024577031467859565,32
32,0.78539816339744828,0.0088955171389999994,27199.999998579875,0.025074292011429432,0.00022997135492869566,32
32,0.78539816339744828,0.0088955171389999994,27299.999998563868,0.02520110969908906,0.0002092320063267188,32
32,0.78539816339744828,0.0088955171389999994,27399.999998547861,0.025579010589208244,0.00030673420552357198,32
32,0.78539816339744828,0.0088955171389999994,27499.999998531854,0.025261864258015829,0.00026608957392622079,32
32,0.78539816339744828,0.0088955171389999994,27599.999998515847,0.025279392588021941,0.0002324999714382701,32
32,0.78539816339744828,0.0088955171389999994,27699.999998499839,0.025087637107514452,0.00019976542722511712,32
32,0.78539816339744828,0.0088955171389999994,27799.999998483832,0.025120025677604584,0.00024233119813713729,32
32,0.78539816339744828,0.0088955171389999994,27899.999998467825,0.025436176467384053,0.0002063686251907949,32
32,0.78539816339744828,0.0088955171389999994,27999.999998451818,0.025262368243415437,0.00022785364445700241,32
32,0.78539816339744828,0.0088955171389999994,28099.999998435811,0.025376964206667196,0.00021187445697101842,32
32,0.78539816339744828,0.0088955171389999994,28199.999998419804,0.025479515059527742,0.00022144519242481791,32
32,0.78539816339744828,0.0088955171389999994,28299.999998403797,0.025289812845174564,0.00024357963862101369,32
32,0.78539816339744828,0.0088955171389999994,28399.99999838779,0.025394260300640976,0.00022097510953931077,32
32,0.78539816339744828,0.0088955171389999994,28499.999998371783,0.025335243720280266,0.00020804957388502338,32
32,0.78539816339744828,0.0088955171389999994,28599.999998355775,0.025248089593967276,0.00023548767199803541,32
32,0.78539816339744828,0.0088955171389999994,28699.999998339768,0.025448778139231066,0.00022648692797605738,32
32,0.78539816339744828,0.0088955171389999994,28799.999998323761,0.025022413715569871,0.00025758974217192398,32
32,0.78539816339744828,0.0088955171389999994,28899.999998307754,0.025216294779952204,0.00018787405316026627,32
32,0.78539816339744828,0.0088955171389999994,28999.999998291747,0.025006278314438114,0.00025331512976076024,32
32,0.78539816339744828,0.0088955171389999994,29099.99999827574,0.025272266414747956,0.00028066640814302095,32
32,0.78539816339744828,0.0088955171389999994,29199.999998259733,0.025157862907994433,0.00026183431525122222,32
32,0.78539816339744828,0.0088955171389999994,29299.999998243726,0.024895578393417613,0.00019057240879655197,32
32,0.78539816339744828,0.0088955171389999994,29399.999998227719,0.02531364848972522,0.00021404925383248236,32
32,0.78539816339744828,0.0088955171389999994,29499.999998211711,0.025265512256441264,0.00026249531925926888,32
32,0.78539816339744828,0.0088955171389999994,29599.999998195704,0.025634757382849618,0.00028908796204974384,32
32,0.78539816339744828,0.0088955171389999994,29699.999998179697,0.025449864495498527,0.00020362668472467764,32
32,0.78539816339744828,0.0088955171389999994,29799.99999816369,0.025345755640197348,0.00029001961957032812,32
32,0.78539816339744828,0.0088955171389999994,29899.999998147683,0.025362803076564279,0.0002341367444124532,32
32,0.78539816339744828,0.0088955171389999994,29999.999998131676,0.024759316479687047,0.00029122830139248897,32
32,0.78539816339744828,0.0088955171389999994,30099.999998115669,0.025604559478052753,0.00026865036336819024,32
32,0.78539816339744828,0.0088955171389999994,30199.999998099662,0.024852935344816078,0.00023509229793494132,32
32,0.78539816339744828,0.0088955171389999994,30299.999998083655,0.025405478604469529,0.00027019189772275125,32
32,0.78539816339744828,0.0088955171389999994,30399.999998067648,0.025190880436868051,0.0002750550140302054,32
32,0.78539816339744828,0.0088955171389999994,30499.99999805164,0.025498032725257455,0.0002216616195560043,32
32,0.78539816339744828,0.0088955171389999994,30599.999998035633,0.025125657574439401,0.000239065469314875,32
32,0.78539816339744828,0.0088955171389999994,30699.999998019626,0.024798896769347493,0.00022744133828009897,32
32,0.78539816339744828,0.0088955171389999994,30799.999998003619,0.025523510499340509,0.00021915938095456999,32
32,0.78539816339744828,0.0088955171389999994,30899.999997987612,0.025311537116774207,0.00025796502926029783,32
32,0.78539816339744828,0.0088955171389999994,30999.999997971605,0.025165129913223935,0.00020744705363439544,32
32,0.78539816339744828,0.0088955171389999994,31099.999997955598,0.025215156770479211,0.00020810832656880315,32
32,0.78539816339744828,0.0088955171389999994,31199.999997939591,0.025048620691871949,0.0002176453171497295,32
32,0.78539816339744828,0.0088955171389999994,31299.999997923584,0.025377003867234113,0.00022855288099560904,32
32,0.78539816339744828,0.0088955171389999994,31399.999997907576,0.025405146898764223,0.00022198734656913766,32
32,0.78539816339744828,0.0088955171389999994,31499.999997891569,0.025870719498609581,0.00022925239463138716,32
32,0.78539816339744828,0.0088955171389999994,31599.999997875562,0.025389435366276171,0.00024892710578648544,32
32,0.78539816339744828,0.0088955171389999994,31699.999997859555,0.025063304078862206,0.00029682991489155962,32
32,0.78539816339744828,0.0088955171389999994,31799.999997843548,0.025257079792956862,0.00028400523920682659,32
32,0.78539816339744828,0.0088955171389999994,31899.999997827541,0.025483615927191797,0.00023655762630321475,32
32,0.78539816339744828,0.0088955171389999994,31999.999997811534,0.025164688667628648,0.00016571882761839553,32
32,0.78539816339744828,0.0088955171389999994,32099.999997795527,0.025601770106407212,0.0002021835044940203,32
32,0.78539816339744828,0.0088955171389999994,32199.99999777952,0.025320120702417844,0.00022297377067102722,32
32,0.78539816339744828,0.0088955171389999994,32299.999997763513,0.02489919410067876,0.00022226181822583929,32
32,0.78539816339744828,0.0088955171389999994,32399.999997747505,0.025132912100748667,0.00027432027642000011,32
32,0.78539816339744828,0.0088955171389999994,32499.999997731498,0.025538220161888607,0.00025881019242903733,32
32,0.78539816339744828,0.0088955171389999994,32599.999997715491,0.024683510886922385,0.00020848191871157413,32
32,0.78539816339744828,0.0088955171389999994,32699.999997699484,0.025252802205211266,0.00020420040622511941,32
32,0.78539816339744828,0.0088955171389999994,32799.999997695115,0.025301519823189511,0.00017352498236818738,32
32,0.78539816339744828,0.0088955171389999994,32899.999997715488,0.025335238506215347,0.00024352888036575685,32
32,0.78539816339744828,0.0088955171389999994,32999.99999773586,0.025169135900131825,0.00020125053361006993,32
32,0.78539816339744828,0.0088955171389999994,33099.999997756233,0.025034683309046943,0.0002278746753633684,32
32,0.78539816339744828,0.0088955171389999994,33199.999997776606,0.025346841172056794,0.0002976947233625948,32
32,0.78539816339744828,0.0088955171389999994,33299.999997796978,0.025326657427659265,0.00024271746639267918,32
32,0.78539816339744828,0.0088955171389999994,33399.999997817351,0.025406398159765916,0.0002307822357891849,32
32,0.78539816339744828,0.0088955171389999994,33499.999997837724,0.025055361401410386,0.00022155236409601896,32
32,0.78539816339744828,0.0088955171389999994,33599.999997858096,0.025470905179104442,0.00024977110042089673,32
32,0.78539816339744828,0.0088955171389999994,33699.999997878469,0.025453289284886896,0.00022786481073978684,32
32,0.78539816339744828,0.0088955171389999994,33799.999997898842,0.025633694385807801,0.00028897507775762929,32
32,0.78539816339744828,0.0088955171389999994,33899.999997919214,0.025041074656768147,0.0002636124550578146,32
32,0.78539816339744828,0.0088955171389999994,33999.999997939587,0.025333841499960055,0.00025085358272028657,32
32,0.78539816339744828,0.0088955171389999994,34099.99999795996,0.024650657426938734,0.0001716378983520022,32
32,0.78539816339744828,0.0088955171389999994,34199.999997980332,0.025379547507740324,0.00027948311191635007,32
32,0.78539816339744828,0.0088955171389999994,34299.999998000705,0.025188749677002627,0.00022777440016370689,32
32,0.78539816339744828,0.0088955171389999994,34399.999998021078,0.025470193267920754,0.00027474305098580752,32
32,0.78539816339744828,0.0088955171389999994,34499.99999804145,0.024956929966094627,0.00022535039923601008,32
32,0.78539816339744828,0.0088955171389999994,34599.999998061823,0.025013837695344109,0.00027596278765050849,32
32,0.78539816339744828,0.0088955171389999994,34699.999998082196,0.025088617150741239,0.00026144816787030377,32
32,0.78539816339744828,0.0088955171389999994,34799.999998102568,0.025267738967160065,0.00020613847151803905,32
32,0.78539816339744828,0.0088955171389999994,34899.999998122941,0.025295393146887481,0.00018448478287478866,32
32,0.78539816339744828,0.0088955171389999994,34999.999998143314,0.025119555653161849,0.00026585633275157664,32
32,0.78539816339744828,0.0088955171389999994,35099.999998163687,0.025413364022748731,0.00031718154543262722,32
32,0.78539816339744828,0.0088955171389999994,35199.999998184059,0.025284218601778066,0.00023367293651147095,32
32,0.78539816339744828,0.0088955171389999994,35299.999998204432,0.02538736155122627,0.00023286896758853041,32
32,0.78539816339744828,0.0088955171389999994,35399.999998224805,0.024795413552185439,0.00023769532806052978,32
32,0.78539816339744828,0.0088955171389999994,35499.999998245177,0.025207363671458583,0.00024309190122049178,32
32,0.78539816339744828,0.0088955171389999994,35599.99999826555,0.025055770730979223,0.00026235714153923287,32
32,0.78539816339744828,0.0088955171389999994,35699.999998285923,0.025521735173750313,0.00025145952075902753,32
32,0.78539816339744828,0.0088955171389999994,35799.999998306295,0.025514826622058135,0.00023880819031827112,32
32,0.78539816339744828,0.0088955171389999994,35899.999998326668,0.025388362797075514,0.00026045602693958354,32
32,0.78539816339744828,0.0088955171389999994,35999.999998347041,0.025502994371552852,0.00027307796557212534,32
32,0.78539816339744828,0.0088955171389999994,36099.999998367413,0.025154909690280964,0.00026512592340976115,32
32,0.78539816339744828,0.0088955171389999994,36199.999998387786,0.024927900052855164,0.00023448918359923108,32
32,0.78539816339744828,0.0088955171389999994,36299.999998408159,0.02579788040764908,0.00022111264187979441,32
32,0.78539816339744828,0.0088955171389999994,36399.999998428531,0.025327799356154236,0.00022569307316787175,32
32,0.78539816339744828,0.0088955171389999994,36499.999998448904,0.025177448596117417,0.00023486380753175981,32
32,0.78539816339744828,0.0088955171389999994,36599.999998469277,0.02540648017987206,0.00020887384284179114,32
32,0.78539816339744828,0.0088955171389999994,36699.999998489649,0.024746025514016442,0.00024228461327493108,32
32,0.78539816339744828,0.0088955171389999994,36799.999998510022,0.025096125879719884,0.00021146552832395824,32
32,0.78539816339744828,0.0088955171389999994,36899.999998530395,0.025677917700193335,0.00021181951579040119,32
32,0.78539816339744828,0.0088955171389999994,36999.999998550767,0.025024816285268928,0.00028389989436426261,32
32,0.78539816339744828,0.0088955171389999994,37099.99999857114,0.02541229058760671,0.0002111542226105585,32
32,0.78539816339744828,0.0088955171389999994,37199.999998591513,0.025156782577474657,0.00022417703474404617,32
32,0.78539816339744828,0.0088955171389999994,37299.999998611886,0.025089312122330568,0.00024547522421950428,32
32,0.78539816339744828,0.0088955171389999994,37399.999998632258,0.025511897339651465,0.00022268602495707763,32
32,0.78539816339744828,0.0088955171389999994,37499.999998652631,0.025429137733456963,0.00027505769468577239,32
32,0.78539816339744828,0.0088955171389999994,37599.999998673004,0.024886713719191583,0.00025397602735539263,32
32,0.78539816339744828,0.0088955171389999994,37699.999998693376,0.025308798326229162,0.00023926621916950456,32
32,0.78539816339744828,0.0088955171389999994,37799.999998713749,0.025157508700281956,0.00022767447037776398,32
32,0.78539816339744828,0.0088955171389999994,37899.999998734122,0.02497196994316498,0.00014072408176181225,32
32,0.78539816339744828,0.0088955171389999994,37999.999998754494,0.025076223463798168,0.00020156570818955898,32
32,0.78539816339744828,0.0088955171389999994,38099.999998774867,0.025024586396330723,0.00017187133638263597,32
32,0.78539816339744828,0.0088955171389999994,38199.99999879524,0.025493018899452193,0.00023127964023275961,32
32,0.78539816339744828,0.0088955171389999994,38299.999998815612,0.024970795402553776,0.00025667223366117455,32
32,0.78539816339744828,0.0088955171389999994,38399.999998835985,0.025366671036711974,0.00020385781099724939,32
32,0.78539816339744828,0.0088955171389999994,38499.999998856358,0.024949274367400496,0.0002224335894401622,32
32,0.78539816339744828,0.0088955171389999994,38599.99999887673,0.025444042673954871,0.00020035072888543589,32
32,0.78539816339744828,0.0088955171389999994,38699.999998897103,0.025154001040885686,0.00019301537836419034,32
32,0.78539816339744828,0.0088955171389999994,38799.999998917476,0.025541893899519032,0.00024609114332550249,32
32,0.78539816339744828,0.0088955171389999994,38899.999998937848,0.025440745287757749,0.00026180057929606199,32
32,0.78539816339744828,0.0088955171389999994,38999.999998958221,0.025456612880692508,0.00021799509473611502,32
32,0.78539816339744828,0.0088955171389999994,39099.999998978594,0.025182629446864304,0.00025351976499443581,32
32,0.78539816339744828,0.0088955171389999994,39199.999998998966,0.024822870555120908,0.00024690440930076287,32
32,0.78539816339744828,0.0088955171389999994,39299.999999019339,0.02520983485113357,0.00022792010682498465,32
32,0.78539816339744828,0.0088955171389999994,39399.999999039712,0.025418675968722458,0.00019341605012243736,32
32,0.78539816339744828,0.0088955171389999994,39499.999999060085,0.02568167739491135,0.00020633736456185297,32
32,0.78539816339744828,0.0088955171389999994,39599.999999080457,0.025304659683172546,0.00024859635786361837,32
32,0.78539816339744828,0.0088955171389999994,39699.99999910083,0.025204412059047002,0.00021425837228657849,32
32,0.78539816339744828,0.0088955171389999994,39799.999999121203,0.025053287766064958,0.00021082275869574273,32
32,0.78539816339744828,0.0088955171389999994,39899.999999141575,0.025310931055315053,0.00022304274517228606,32
32,0.78539816339744828,0.0088955171389999994,39999.999999161948,0.025115815043014297,0.00025456277044133189,32
32,0.78539816339744828,0.0088955171389999994,40099.999999182321,0.024843205307028486,0.00023477683267041457,32
32,0.78539816339744828,0.0088955171389999994,40199.999999202693,0.025535439184092137,0.00024084959393990267,32
32,0.78539816339744828,0.0088955171389999994,40299.999999223066,0.025091341268896582,0.00020658261920299362,32
32,0.78539816339744828,0.0088955171389999994,40399.999999243439,0.025579360878536284,0.00019518658083731314,32
32,0.78539816339744828,0.0088955171389999994,40499.999999263811,0.025436715455792198,0.00027124439066720493,32
32,0.78539816339744828,0.0088955171389999994,40599.999999284184,0.025333571584291569,0.00025369219741014571,32
32,0.78539816339744828,0.0088955171389999994,40699.999999304557,0.02524209167591774,0.00018649797608060983,32
32,0.78539816339744828,0.0088955171389999994,40799.999999324929,0.025517854297774839,0.00024077238011251077,32
32,0.78539816339744828,0.0088955171389999994,40899.999999345302,0.025260614949415731,0.00023292050137722577,32
32,0.78539816339744828,0.0088955171389999994,40999.999999365675,0.024867054908272627,0.00021119082027915608,32
32,0.78539816339744828,0.0088955171389999994,41099.999999386047,0.025223205656643839,0.00027306788704174875,32
32,0.78539816339744828,0.0088955171389999994,41199.99999940642,0.025354022486530903,0.00021340960292486516,32
32,0.78539816339744828,0.0088955171389999994,41299.999999426793,0.02575133758680637,0.00023816019915006404,32
32,0.78539816339744828,0.0088955171389999994,41399.999999447165,0.024963888538554493,0.00024083401355743991,32
32,0.78539816339744828,0.0088955171389999994,41499.999999467538,0.025013694372204888,0.00018284433390977644,32
32,0.78539816339744828,0.0088955171389999994,41599.999999487911,0.025032209097400681,0.00015638229867491043,32
32,0.78539816339744828,0.0088955171389999994,41699.999999508284,0.02543922741629831,0.00027587915270559598,32
32,0.78539816339744828,0.0088955171389999994,41799.999999528656,0.025453541453615901,0.00021499981041690243,32
32,0.78539816339744828,0.0088955171389999994,41899.999999549029,0.025568367874919135,0.0002442114846299367,32
32,0.78539816339744828,0.0088955171389999994,41999.999999569402,0.02540345279120888,0.00022760083237796484,32
32,0.78539816339744828,0.0088955171389999994,42099.999999589774,0.025010385899724683,0.00019881881897342268,32
32,0.78539816339744828,0.0088955171389999994,42199.999999610147,0.025485097147845852,0.00021726167208137333,32
32,0.78539816339744828,0.0088955171389999994,42299.99999963052,0.025309165020576375,0.00023160200727427295,32
32,0.78539816339744828,0.0088955171389999994,42399.999999650892,0.025411459910040103,0.00021882382849784708,32
32,0.78539816339744828,0.0088955171389999994,42499.999999671265,0.025194170210069793,0.00022043312822840204,32
32,0.78539816339744828,0.0088955171389999994,42599.999999691638,0.025354082260766894,0.00029200383638709239,32
32,0.78539816339744828,0.0088955171389999994,42699.99999971201,0.025171456806516584,0.00019596409738275469,32
32,0.78539816339744828,0.0088955171389999994,42799.999999732383,0.025134715446556429,0.00026401037149427768,32
32,0.78539816339744828,0.0088955171389999994,42899.999999752756,0.025067173370153177,0.00021306276856283154,32
32,0.78539816339744828,0.0088955171389999994,42999.999999773128,0.025339446277097385,0.00024036831320338882,32
32,0.78539816339744828,0.0088955171389999994,43099.999999793501,0.024819754290305425,0.00029624387198263797,32
32,0.78539816339744828,0.0088955171389999994,43199.999999813874,0.02518279244826244,0.00028059856617602106,32
32,0.78539816339744828,0.0088955171389999994,43299.999999834246,0.025392563650558222,0.00023173986053348823,32
32,0.78539816339744828,0.0088955171389999994,43399.999999854619,0.025151751578811419,0.00025073750333587733,32
32,0.78539816339744828,0.0088955171389999994,43499.999999874992,0.024965546575037915,0.00021325998909052865,32
32,0.78539816339744828,0.0088955171389999994,43599.999999895364,0.025055309007765921,0.00024336423423269927,32
32,0.78539816339744828,0.0088955171389999994,43699.999999915737,0.025034954077874386,0.0002496229163769605,32
32,0.78539816339744828,0.0088955171389999994,43799.99999993611,0.024929313644173071,0.00020610393530102339,32
32,0.78539816339744828,0.0088955171389999994,43899.999999956482,0.025113901791546142,0.00024486111697550114,32
32,0.78539816339744828,0.0088955171389999994,43999.999999976855,0.025559962301394592,0.00020812600233003194,32
32,0.78539816339744828,0.0088955171389999994,44099.999999997228,0.025570083162945977,0.00027949043246313927,32
32,0.78539816339744828,0.0088955171389999994,44200.000000017601,0.025434805242016897,0.00022477915045416037,32
32,0.78539816339744828,0.0088955171389999994,44300.000000037973,0.025520106856434435,0.00021961024540042789,32
32,0.78539816339744828,0.0088955171389999994,44400.000000058346,0.025049732956996158,0.00021931865426898003,32
32,0.78539816339744828,0.0088955171389999994,44500.000000078719,0.025039783809266639,0.00019311535528149834,32
32,0.78539816339744828,0.0088955171389999994,44600.000000099091,0.024867404249660007,0.00020916434618099743,32
32,0.78539816339744828,0.0088955171389999994,44700.000000119464,0.025262559729845417,0.00020187858352987693,32
32,0.78539816339744828,0.0088955171389999994,44800.000000139837,0.025206042771823766,0.00021551124483180602,32
32,0.78539816339744828,0.0088955171389999994,44900.000000160209,0.025444271037310378,0.00021861917256779049,32
32,0.78539816339744828,0.0088955171389999994,45000.000000180582,0.025127869240130815,0.00020630926948814212,32
32,0.78539816339744828,0.0088955171389999994,45100.000000200955,0.025525951043010999,0.00020048039901821621,32
32,0.78539816339744828,0.0088955171389999994,45200.000000221327,0.025339839072542454,0.00020024471294567735,32
32,0.78539816339744828,0.0088955171389999994,45300.0000002417,0.025193031126308538,0.00027287499109116751,32
32,0.78539816339744828,0.0088955171389999994,45400.000000262073,0.025219399473908423,0.00026592610905123851,32
32,0.78539816339744828,0.0088955171389999994,45500.000000282445,0.025493070922340905,0.00024361234888651485,32
32,0.78539816339744828,0.0088955171389999994,45600.000000302818,0.024950827831996574,0.00028449290602534911,32
32,0.78539816339744828,0.0088955171389999994,45700.000000323191,0.025195357430226304,0.00020106982357819597,32
32,0.78539816339744828,0.0088955171389999994,45800.000000343563,0.025328720033829803,0.00026158977661202936,32
32,0.78539816339744828,0.0088955171389999994,45900.000000363936,0.025178259908357134,0.00020839750207696578,32
32,0.78539816339744828,0.0088955171389999994,46000.000000384309,0.025000214466149053,0.0002690121296236579,32
32,0.78539816339744828,0.0088955171389999994,46100.000000404681,0.02503106933644041,0.00024161500377598984,32
32,0.78539816339744828,0.0088955171389999994,46200.000000425054,0.025027057096842879,0.00025439932461172188,32
32,0.78539816339744828,0.0088955171389999994,46300.000000445427,0.025189953876473558,0.00025033670222819235,32
32,0.78539816339744828,0.0088955171389999994,46400.0000004658,0.025110502634414136,0.00017104483777121777,32
32,0.78539816339744828,0.0088955171389999994,46500.000000486172,0.025043809981029501,0.00016103618945899372,32
32,0.78539816339744828,0.0088955171389999994,46600.000000506545,0.025513979129437963,0.00021210747987956898,32
32,0.78539816339744828,0.0088955171389999994,46700.000000526918,0.025065556582529756,0.00022595573988508504,32
32,0.78539816339744828,0.0088955171389999994,46800.00000054729,0.025225023262608528,0.00027676008307402392,32
32,0.78539816339744828,0.0088955171389999994,46900.000000567663,0.025218350759985818,0.00020528837145398555,32
32,0.78539816339744828,0.0088955171389999994,47000.000000588036,0.025244399252640663,0.00025735979410198277,32
32,0.78539816339744828,0.0088955171389999994,47100.000000608408,0.025327625837997057,0.00027213448744615223,32
32,0.78539816339744828,0.0088955171389999994,47200.000000628781,0.025382390036767056,0.00021006911776766293,32
32,0.78539816339744828,0.0088955171389999994,47300.000000649154,0.025229065383054975,0.00022432239979509793,32
32,0.78539816339744828,0.0088955171389999994,47400.000000669526,0.025345046651449449,0.00017190381179007586,32
32,0.78539816339744828,0.0088955171389999994,47500.000000689899,0.025116439408094573,0.00026772422363065241,32
32,0.78539816339744828,0.0088955171389999994,47600.000000710272,0.025446173855329862,0.00017281102934549124,32
32,0.78539816339744828,0.0088955171389999994,47700.000000730644,0.025461615355167416,0.00023416960258473583,32
32,0.78539816339744828,0.0088955171389999994,47800.000000751017,0.025248292339632952,0.00018430694275928803,32
32,0.78539816339744828,0.0088955171389999994,47900.00000077139,0.025577342597158478,0.00023453633004016225,32
32,0.78539816339744828,0.0088955171389999994,48000.000000791762,0.025254414285524013,0.00019480530565055954,32
32,0.78539816339744828,0.0088955171389999994,48100.000000812135,0.025497412337224672,0.00021575697955862901,32
32,0.78539816339744828,0.0088955171389999994,48200.000000832508,0.025369208874985671,0.00018104240037536255,32
32,0.78539816339744828,0.0088955171389999994,48300.00000085288,0.025126337354934185,0.00017418984530236017,32
32,0.78539816339744828,0.0088955171389999994,48400.000000873253,0.025534730700989512,0.00022164818926599726,32
32,0.78539816339744828,0.0088955171389999994,48500.000000893626,0.025471529210894243,0.00018684340693824426,32
32,0.78539816339744828,0.0088955171389999994,48600.000000913999,0.025419658178068367,0.00024481395376553896,32
32,0.78539816339744828,0.0088955171389999994,48700.000000934371,0.025005933777775748,0.00020336653519232274,32
32,0.78539816339744828,0.0088955171389999994,48800.000000954744,0.02524515572328067,0.00022388677481967895,32
32,0.78539816339744828,0.0088955171389999994,48900.000000975117,0.025561636098446118,0.00022741153631361592,32
32,0.78539816339744828,0.0088955171389999994,49000.000000995489,0.024886713042851911,0.00019907981412073966,32
32,0.78539816339744828,0.0088955171389999994,49100.000001015862,0.025548994899163419,0.00017280922343800481,32
32,0.78539816339744828,0.0088955171389999994,49200.000001036235,0.025340241253732104,0.00027122343694591772,32
32,0.78539816339744828,0.0088955171389999994,49300.000001056607,0.025414465959666056,0.0002174912193532356,32
32,0.78539816339744828,0.0088955171389999994,49400.00000107698,0.025220417078925791,0.00029544260514802374,32
32,0.78539816339744828,0.0088955171389999994,49500.000001097353,0.025559073451019061,0.00019644218800983292,32
32,0.78539816339744828,0.0088955171389999994,49600.000001117725,0.025129914184902957,0.00024648577161911226,32
32,0.78539816339744828,0.0088955171389999994,49700.000001138098,0.02537740803723966,0.00028128084630472971,32
32,0.78539816339744828,0.0088955171389999994,49800.000001158471,0.025041237251325652,0.00022800159379165211,32
32,0.78539816339744828,0.0088955171389999994,49900.000001178843,0.025206477252077249,0.00024887101151860699,32
32,0.78539816339744828,0.0088955171389999994,50000.000001199216,0.025489978850820872,0.00020525732471822529,32
36,0.88357293382212931,0.0111788236,100.00000000001425,0.025044771612014946,0.00022513637042035405,32
36,0.88357293382212931,0.0111788236,199.99999999996308,0.025353721645772587,0.00018873732018951099,32
36,0.88357293382212931,0.0111788236,299.99999999987216,0.025653559638885839,0.00021253095732985848,32
36,0.88357293382212931,0.0111788236,399.99999999978121,0.025477301626311809,0.00020133569113068303,32
36,0.88357293382212931,0.0111788236,499.99999999969026,0.025159482142301508,0.00020677419440654653,32
36,0.88357293382212931,0.0111788236,599.99999999959937,0.025226613480066856,0.00019171839326749554,32
36,0.88357293382212931,0.0111788236,699.99999999950842,0.025687867353138442,0.00019662720747941697,32
36,0.88357293382212931,0.0111788236,799.99999999941747,0.025340289581466995,0.0002064484059379902,32
36,0.88357293382212931,0.0111788236,899.99999999932652,0.025267268105878957,0.0001898316375708945,32
36,0.88357293382212931,0.0111788236,999.99999999923557,0.025319686142180071,0.00016715923780166243,32
36,0.88357293382212931,0.0111788236,1099.9999999991446,0.025303208802389784,0.00019259643504236849,32
36,0.88357293382212931,0.0111788236,1199.9999999990537,0.025410111934244001,0.00023586590946100865,32
36,0.88357293382212931,0.0111788236,1299.9999999989627,0.025147643302234804,0.00022202958647595168,32
36,0.88357293382212931,0.0111788236,1399.9999999988718,0.025338941018204435,0.00027843009310383164,32
36,0.88357293382212931,0.0111788236,1499.9999999987808,0.025380594043772815,0.0001876851411802817,32
36,0.88357293382212931,0.0111788236,1599.9999999986899,0.025020780875033465,0.00021204884020790011,32
36,0.88357293382212931,0.0111788236,1699.9999999985989,0.025513691133159183,0.00022021367614937548,32
36,0.88357293382212931,0.0111788236,1799.999999998508,0.025298719579984377,0.00019810278965575777,32
36,0.88357293382212931,0.0111788236,1899.999999998417,0.025250801131891595,0.0001865305929851144,32
36,0.88357293382212931,0.0111788236,1999.9999999983261,0.025362233917737492,0.00015415035108960284,32
36,0.88357293382212931,0.0111788236,2099.9999999994175,0.025049221699531415,0.00020001181060140213,32
36,0.88357293382212931,0.0111788236,2200.0000000016003,0.02526666265807688,0.00018915905653897104,32
36,0.88357293382212931,0.0111788236,2300.000000003783,0.024915589804904895,0.00020880501031870821,32
36,0.88357293382212931,0.0111788236,2400.0000000059658,0.025334674296800155,0.00020713940322464178,32
36,0.88357293382212931,0.0111788236,2500.0000000081486,0.02530315755762428,0.00020571989094077427,32
36,0.88357293382212931,0.0111788236,2600.0000000103314,0.025563231311763038,0.0002111360670156538,32
36,0.88357293382212931,0.0111788236,2700.0000000125142,0.025534515087112852,0.00017935722660984579,32
36,0.88357293382212931,0.0111788236,2800.000000014697,0.025546061261024284,0.00016870973548992576,32
36,0.88357293382212931,0.0111788236,2900.0000000168798,0.024781913249838906,0.00020079297246247186,32
36,0.88357293382212931,0.0111788236,3000.0000000190626,0.025078294587873827,0.00021618151139085818,32
36,0.88357293382212931,0.0111788236,3100.0000000212453,0.025361723528951122,0.0002149279354588917,32
36,0.88357293382212931,0.0111788236,3200.0000000234281,0.025094284140782974,0.00019136095748251044,32
36,0.88357293382212931,0.0111788236,3300.0000000256109,0.025207282437343714,0.00022087722607796976,32
36,0.88357293382212931,0.0111788236,3400.0000000277937,0.02512541988481819,0.0001569775773083406,32
36,0.88357293382212931,0.0111788236,3500.0000000299765,0.025246175334874475,0.00018616113499370901,32
36,0.88357293382212931,0.0111788236,3600.0000000321593,0.025335921883979731,0.00019150312914636888,32
36,0.88357293382212931,0.0111788236,3700.0000000343421,0.025733239685954507,0.00024170459603952495,32
36,0.88357293382212931,0.0111788236,3800.0000000365249,0.024996882869419489,0.00019883765931822929,32
36,0.88357293382212931,0.0111788236,3900.0000000387076,0.025585965544650487,0.00016018076984151039,32
36,0.88357293382212931,0.0111788236,4000.0000000408904,0.024980047842072493,0.00020119761228685294,32
36,0.88357293382212931,0.0111788236,4100.0000000430728,0.02532772227359863,0.00016309307640754279,32
36,0.88357293382212931,0.0111788236,4200.0000000452555,0.02532031727631549,0.0002249303462096933,32
36,0.88357293382212931,0.0111788236,4300.0000000474383,0.025265889377910897,0.00016467016426698064,32
36,0.88357293382212931,0.0111788236,4400.0000000496211,0.025179605984827574,0.00020592466619967557,32
36,0.88357293382212931,0.0111788236,4500.0000000518039,0.025504035919205859,0.00019779232007440919,32
36,0.88357293382212931,0.0111788236,4600.0000000539867,0.025077801881113304,0.00022370790300425716,32
36,0.88357293382212931,0.0111788236,4700.0000000561695,0.025237181220514354,0.00027123293729218922,32
36,0.88357293382212931,0.0111788236,4800.0000000583523,0.025284294858892366,0.00020221955008937722,32
36,0.88357293382212931,0.0111788236,4900.0000000605351,0.025471007324406436,0.00014996418144770513,32
36,0.88357293382212931,0.0111788236,5000.0000000627178,0.024994685520749283,0.00019584682674746184,32
36,0.88357293382212931,0.0111788236,5100.0000000649006,0.025330943096848361,0.00021095384787390989,32
36,0.88357293382212931,0.0111788236,5200.0000000670834,0.024969852287316994,0.00024534642993001197,32
36,0.88357293382212931,0.0111788236,5300.0000000692662,0.02518005265514895,0.0001695822535406561,32
36,0.88357293382212931,0.0111788236,5400.000000071449,0.025319708081747837,0.00014750593805340013,32
36,0.88357293382212931,0.0111788236,5500.0000000736318,0.025434332976632158,0.00019133594140826511,32
36,0.88357293382212931,0.0111788236,5600.0000000758146,0.025144954035512503,0.00022102456135406781,32
36,0.88357293382212931,0.0111788236,5700.0000000779974,0.025182125056463851,0.00016494333189445297,32
36,0.88357293382212931,0.0111788236,5800.0000000801801,0.024952509189896679,0.00019056599147351889,32
36,0.88357293382212931,0.0111788236,5900.0000000823629,0.024872212815757921,0.00023661615839099391,32
36,0.88357293382212931,0.0111788236,6000.0000000845457,0.025107698093593051,0.00023380098261418202,32
36,0.88357293382212931,0.0111788236,6100.0000000867285,0.025632982176979041,0.00019525928803113655,32
36,0.88357293382212931,0.0111788236,6200.0000000889113,0.025506918713216371,0.00018736086430923719,32
36,0.88357293382212931,0.0111788236,6300.0000000910941,0.025453891847435128,0.00023862187280030965,32
36,0.88357293382212931,0.0111788236,6400.0000000932769,0.025146596024724382,0.00021185548411072362,32
36,0.88357293382212931,0.0111788236,6500.0000000954597,0.025257272648800108,0.0001816937137472803,32
36,0.88357293382212931,0.0111788236,6600.0000000976424,0.02527640833695715,0.00018493743130588766,32
36,0.88357293382212931,0.0111788236,6700.0000000998252,0.025081922442274678,0.0002020530083606831,32
36,0.88357293382212931,0.0111788236,6800.000000102008,0.024912160496002731,0.00021693889365629709,32
36,0.88357293382212931,0.0111788236,6900.0000001041908,0.025321390578507397,0.00018116361441773208,32
36,0.88357293382212931,0.0111788236,7000.0000001063736,0.025535155887674913,0.00020158713494485288,32
36,0.88357293382212931,0.0111788236,7100.0000001085564,0.025392922131902231,0.00024848064277105777,32
36,0.88357293382212931,0.0111788236,7200.0000001107392,0.025378678137135988,0.00020159901880242365,32
36,0.88357293382212931,0.0111788236,7300.000000112922,0.024987573646325589,0.00020876291829807466,32
36,0.88357293382212931,0.0111788236,7400.0000001151047,0.02517010437568144,0.00020729567057780655,32
36,0.88357293382212931,0.0111788236,7500.0000001172875,0.025384973779560206,0.00020076173189201706,32
36,0.88357293382212931,0.0111788236,7600.0000001194703,0.025440225088602907,0.00019813014846274595,32
36,0.88357293382212931,0.0111788236,7700.0000001216531,0.025447704111271053,0.0002067321696502876,32
36,0.88357293382212931,0.0111788236,7800.0000001238359,0.025298900097350065,0.00024673629818787956,32
36,0.88357293382212931,0.0111788236,7900.0000001260187,0.025787580228466681,0.0002118440021046752,32
36,0.88357293382212931,0.0111788236,8000.0000001282015,0.025409846592173973,0.00021183392376461466,32
36,0.88357293382212931,0.0111788236,8100.0000001303843,0.025301794291820175,0.00021529960171534659,32
36,0.88357293382212931,0.0111788236,8200.0000001325661,0.025460708192794664,0.00014805568873255687,32
36,0.88357293382212931,0.0111788236,8300.0000001347489,0.025027266941956922,0.00019954323693425552,32
36,0.88357293382212931,0.0111788236,8400.0000001369317,0.025431660086719068,0.00017990531004640146,32
36,0.88357293382212931,0.0111788236,8500.0000001391145,0.025507745525180519,0.00019111537388956298,32
36,0.88357293382212931,0.0111788236,8600.0000001412973,0.025294263139650445,0.00023641334262251536,32
36,0.88357293382212931,0.0111788236,8700.0000001434801,0.024998084333196231,0.00024672481077888379,32
36,0.88357293382212931,0.0111788236,8800.0000001456629,0.024752033316448173,0.00017795995597115843,32
36,0.88357293382212931,0.0111788236,8900.0000001478456,0.024711398947708497,0.00025388817167496447,32
36,0.88357293382212931,0.0111788236,9000.0000001500284,0.025124214929158669,0.00020833220085605727,32
36,0.88357293382212931,0.0111788236,9100.0000001522112,0.025335008123216748,0.00015658104092847777,32
36,0.88357293382212931,0.0111788236,9200.000000154394,0.024751813482905755,0.00022401613637326276,32
36,0.88357293382212931,0.0111788236,9300.0000001565768,0.02508752828014418,0.00019080086769771969,32
36,0.88357293382212931,0.0111788236,9400.0000001587596,0.025106579906447091,0.00022688159444072243,32
36,0.88357293382212931,0.0111788236,9500.0000001609424,0.025180699017440859,0.00021112126901671324,32
36,0.88357293382212931,0.0111788236,9600.0000001631252,0.025292531375239208,0.00022449631950280711,32
36,0.88357293382212931,0.0111788236,9700.0000001653079,0.025355020381532683,0.00021176766574992534,32
36,0.88357293382212931,0.0111788236,9800.0000001674907,0.025543366802919069,0.00023296296836204121,32
36,0.88357293382212931,0.0111788236,9900.0000001696735,0.025173639121340394,0.0002217012738003024,32
36,0.88357293382212931,0.0111788236,10000.000000171856,0.025282593324195083,0.0001547266293806919,32
36,0.88357293382212931,0.0111788236,10100.000000174039,0.025656299591981527,0.00019735187291523956,32
36,0.88357293382212931,0.0111788236,10200.000000176222,0.025017218678810665,0.00021151812485140092,32
36,0.88357293382212931,0.0111788236,10300.000000178405,0.025281758210618305,0.00023399655988502545,32
36,0.88357293382212931,0.0111788236,10400.000000180587,0.025534131314603893,0.00016810754749882568,32
36,0.88357293382212931,0.0111788236,10500.00000018277,0.025617906640974047,0.00021625450013766171,32
36,0.88357293382212931,0.0111788236,10600.000000184953,0.025621973146522908,0.00016500101785103813,32
36,0.88357293382212931,0.0111788236,10700.000000187136,0.025319778062120494,0.00025399526035120861,32
36,0.88357293382212931,0.0111788236,10800.000000189319,0.025649417420300247,0.00021074641366386175,32
36,0.88357293382212931,0.0111788236,10900.000000191501,0.024631785498654503,0.0001861930498175544,32
36,0.88357293382212931,0.0111788236,11000.000000193684,0.025582673848007231,0.00022764587905620126,32
36,0.88357293382212931,0.0111788236,11100.000000195867,0.02555468726416588,0.00020543365548262912,32
36,0.88357293382212931,0.0111788236,11200.00000019805,0.025127370895326837,0.00022954807086558078,32
36,0.88357293382212931,0.0111788236,11300.000000200233,0.025358755306157547,0.00019162055131132497,32
36,0.88357293382212931,0.0111788236,11400.000000202415,0.025460039803881708,0.00019656295853094516,32
36,0.88357293382212931,0.0111788236,11500.000000204598,0.025004896292170318,0.00019423205959137108,32
36,0.88357293382212931,0.0111788236,11600.000000206781,0.025112618700542086,0.00018110022048910553,32
36,0.88357293382212931,0.0111788236,11700.000000208964,0.025077845952098169,0.00020163877806404941,32
36,0.88357293382212931,0.0111788236,11800.000000211146,0.025280366307993605,0.00019805781748655863,32
36,0.88357293382212931,0.0111788236,11900.000000213329,0.02565018060926889,0.00018990544226758289,32
36,0.88357293382212931,0.0111788236,12000.000000215512,0.025229127645894203,0.00019348858249841367,32
36,0.88357293382212931,0.0111788236,12100.000000217695,0.025035120613867933,0.0001877882226021652,32
36,0.88357293382212931,0.0111788236,12200.000000219878,0.025216480637253749,0.00021011534201831997,32
36,0.88357293382212931,0.0111788236,12300.00000022206,0.025025232678914777,0.00018842543606588185,32
36,0.88357293382212931,0.0111788236,12400.000000224243,0.025024782866223859,0.00026303822323807071,32
36,0.88357293382212931,0.0111788236,12500.000000226426,0.024960792723595571,0.00021164942680260097,32
36,0.88357293382212931,0.0111788236,12600.000000228609,0.025603958874896544,0.00021789767687090464,32
36,0.88357293382212931,0.0111788236,12700.000000230792,0.02524915287382595,0.00021054206250005155,32
36,0.88357293382212931,0.0111788236,12800.000000232974,0.025105708761298272,0.00014542780039915342,32
36,0.88357293382212931,0.0111788236,12900.000000235157,0.025251501679901745,0.00020320846416200914,32
36,0.88357293382212931,0.0111788236,13000.00000023734,0.025313961675459063,0.00021892519637283978,32
36,0.88357293382212931,0.0111788236,13100.000000239523,0.024803814866384392,0.00018632973582973725,32
36,0.88357293382212931,0.0111788236,13200.000000241705,0.025610922598194169,0.00019046796453897784,32
36,0.88357293382212931,0.0111788236,13300.000000243888,0.025082634002829451,0.0002493015306508593,32
36,0.88357293382212931,0.0111788236,13400.000000246071,0.025317046367090822,0.00017924699454134412,32
36,0.88357293382212931,0.0111788236,13500.000000248254,0.025161436964628133,0.0001891094038618997,32
36,0.88357293382212931,0.0111788236,13600.000000250437,0.025350212285333976,0.00018720887718573343,32
36,0.88357293382212931,0.0111788236,13700.000000252619,0.024958904919352227,0.00015603976946679428,32
36,0.88357293382212931,0.0111788236,13800.000000254802,0.025287656569136608,0.00020186384106676828,32
36,0.88357293382212931,0.0111788236,13900.000000256985,0.025389263865980803,0.00018724578674263198,32
36,0.88357293382212931,0.0111788236,14000.000000259168,0.025324347479287596,0.00022588865437859197,32
36,0.88357293382212931,0.0111788236,14100.000000261351,0.025323381850134885,0.0002560422328759793,32
36,0.88357293382212931,0.0111788236,14200.000000263533,0.025388148506685502,0.00016608798921680223,32
36,0.88357293382212931,0.0111788236,14300.000000265716,0.025722403090014292,0.00021150632343002861,32
36,0.88357293382212931,0.0111788236,14400.000000267899,0.025306638782653462,0.00019652942256664064,32
36,0.88357293382212931,0.0111788236,14500.000000270082,0.025556821099856089,0.00017087329603196466,32
36,0.88357293382212931,0.0111788236,14600.000000272265,0.025408030227549776,0.00021005736903247389,32
36,0.88357293382212931,0.0111788236,14700.000000274447,0.025087435097263307,0.00019235688548666213,32
36,0.88357293382212931,0.0111788236,14800.00000027663,0.025253445482164467,0.00019875848296121653,32
36,0.88357293382212931,0.0111788236,14900.000000278813,0.02547803212940011,0.00020104795403809591,32
36,0.88357293382212931,0.0111788236,15000.000000280996,0.025188133257804186,0.00021236428105002173,32
36,0.88357293382212931,0.0111788236,15100.000000283178,0.024993697726873796,0.00023107629156135848,32
36,0.88357293382212931,0.0111788236,15200.000000285361,0.025175318145744724,0.0002302567903587894,32
36,0.88357293382212931,0.0111788236,15300.000000287544,0.025414197794419655,0.00020648569881599182,32
36,0.88357293382212931,0.0111788236,15400.000000289727,0.024870411097793404,0.00023920681130359988,32
36,0.88357293382212931,0.0111788236,15500.00000029191,0.02528883550038568,0.00020257109344628657,32
36,0.88357293382212931,0.0111788236,15600.000000294092,0.025170666745524296,0.00020833071337165732,32
36,0.88357293382212931,0.0111788236,15700.000000296275,0.024927110720759781,0.00020713936217406291,32
36,0.88357293382212931,0.0111788236,15800.000000298458,0.025222141466454951,0.00017641737593165113,32
36,0.88357293382212931,0.0111788236,15900.000000300641,0.025056662234364972,0.00020996251084637066,32
36,0.88357293382212931,0.0111788236,16000.000000302824,0.025470205059511478,0.00017400039363537183,32
36,0.88357293382212931,0.0111788236,16100.000000305006,0.025612040935810723,0.00021269286142044512,32
36,0.88357293382212931,0.0111788236,16200.000000307189,0.025265422707729836,0.00026223390253581866,32
36,0.88357293382212931,0.0111788236,16300.000000309372,0.025493686721415779,0.00020788822410677414,32
36,0.88357293382212931,0.0111788236,16400.000000308642,0.025181010042168932,0.00019349641015254038,32
36,0.88357293382212931,0.0111788236,16500.000000292635,0.025269716439799507,0.00024234223653041384,32
36,0.88357293382212931,0.0111788236,16600.000000276628,0.025394533317806951,0.00016401681228861737,32
36,0.88357293382212931,0.0111788236,16700.000000260621,0.025113669876707941,0.00017260122972152249,32
36,0.88357293382212931,0.0111788236,16800.000000244614,0.024954006213536498,0.00022853016677557611,32
36,0.88357293382212931,0.0111788236,16900.000000228607,0.025033739498521456,0.00019622148754329938,32
36,0.88357293382212931,0.0111788236,17000.0000002126,0.025219828793399863,0.00016533511837491573,32
36,0.88357293382212931,0.0111788236,17100.000000196593,0.025314304630735779,0.00016987715225667176,32
36,0.88357293382212931,0.0111788236,17200.000000180586,0.025483372184996907,0.00018201318812935364,32
36,0.88357293382212931,0.0111788236,17300.000000164579,0.025402983441714662,0.00020739902845387899,32
36,0.88357293382212931,0.0111788236,17400.000000148571,0.025514937635285298,0.00016910142938259321,32
36,0.88357293382212931,0.0111788236,17500.000000132564,0.025143657734400613,0.00022768980497457649,32
36,0.88357293382212931,0.0111788236,17600.000000116557,0.025514267058008779,0.00018270890817503782,32
36,0.88357293382212931,0.0111788236,17700.00000010055,0.025516197830378409,0.00023338272387272551,32
36,0.88357293382212931,0.0111788236,17800.000000084543,0.025421734636938163,0.00021700789692110791,32
36,0.88357293382212931,0.0111788236,17900.000000068536,0.02521564123942005,0.00023646863950097554,32
36,0.88357293382212931,0.0111788236,18000.000000052529,0.024913690932642524,0.00023658833559766593,32
36,0.88357293382212931,0.0111788236,18100.000000036522,0.025302628378549349,0.00020842077065527155,32
36,0.88357293382212931,0.0111788236,18200.000000020515,0.025333882000165925,0.00024293967305049691,32
36,0.88357293382212931,0.0111788236,18300.000000004507,0.025474363257178799,0.00016931432576219342,32
36,0.88357293382212931,0.0111788236,18399.9999999885,0.025794161546140067,0.00027982277526737774,32
36,0.88357293382212931,0.0111788236,18499.999999972493,0.025134710287698613,0.00018804342190455089,32
36,0.88357293382212931,0.0111788236,18599.999999956486,0.025244178141353615,0.00020471851077146476,32
36,0.88357293382212931,0.0111788236,18699.999999940479,0.025485394760915717,0.00025021550379293779,32
36,0.88357293382212931,0.0111788236,18799.999999924472,0.025439757351646327,0.00024544377882841395,32
36,0.88357293382212931,0.0111788236,18899.999999908465,0.025292861717440863,0.00016444164242160889,32
36,0.88357293382212931,0.0111788236,18999.999999892458,0.025015442167540494,0.00017679398221532916,32
36,0.88357293382212931,0.0111788236,19099.999999876451,0.025265374132429498,0.00022114502188869006,32
36,0.88357293382212931,0.0111788236,19199.999999860443,0.025293774182206699,0.00022474664409397163,32
36,0.88357293382212931,0.0111788236,19299.999999844436,0.025128589351739745,0.0002073699694876829,32
36,0.88357293382212931,0.0111788236,19399.999999828429,0.025264630545434187,0.00026402955314014712,32
36,0.88357293382212931,0.0111788236,19499.999999812422,0.025166939015529043,0.00018198633807535997,32
36,0.88357293382212931,0.0111788236,19599.999999796415,0.025233255062311791,0.0001830458176752542,32
36,0.88357293382212931,0.0111788236,19699.999999780408,0.025466434230718159,0.00017066201652496992,32
36,0.88357293382212931,0.0111788236,19799.999999764401,0.025139836444520603,0.00017577193151820634,32
36,0.88357293382212931,0.0111788236,19899.999999748394,0.025113572530733933,0.0002706405566844912,32
36,0.88357293382212931,0.0111788236,19999.999999732387,0.025172514091244255,0.00022416032901726295,32
36,0.88357293382212931,0.0111788236,20099.99999971638,0.025139302964224227,0.00020122763628891994,32
36,0.88357293382212931,0.0111788236,20199.999999700372,0.025198455568053814,0.00020804620986004585,32
36,0.88357293382212931,0.0111788236,20299.999999684365,0.025265627004570131,0.00017656287426228519,32
36,0.88357293382212931,0.0111788236,20399.999999668358,0.02537713020778987,0.00021182568613017716,32
36,0.88357293382212931,0.0111788236,20499.999999652351,0.025072536530158757,0.00022431849460519636,32
36,0.88357293382212931,0.0111788236,20599.999999636344,0.025055777095122092,0.00015816647443592252,32
36,0.88357293382212931,0.0111788236,20699.999999620337,0.025348557915068525,0.00018502727129692177,32
36,0.88357293382212931,0.0111788236,20799.99999960433,0.025125502619680044,0.00018625464275765633,32
36,0.88357293382212931,0.0111788236,20899.999999588323,0.025262040919949772,0.00017098196637724272,32
36,0.88357293382212931,0.0111788236,20999.999999572316,0.025403212699953593,0.00021380596986707954,32
36,0.88357293382212931,0.0111788236,21099.999999556308,0.025390367282066326,0.00023328627213464379,32
36,0.88357293382212931,0.0111788236,21199.999999540301,0.025344387839577414,0.00019335733364833976,32
36,0.88357293382212931,0.0111788236,21299.999999524294,0.02546761809648045,0.00017067261149387802,32
36,0.88357293382212931,0.0111788236,21399.999999508287,0.025495884374244823,0.00021002216463052192,32
36,0.88357293382212931,0.0111788236,21499.99999949228,0.025556334781597818,0.00021081894250475999,32
36,0.88357293382212931,0.0111788236,21599.999999476273,0.025317058939106712,0.00019671980020966682,32
36,0.88357293382212931,0.0111788236,21699.999999460266,0.025458482993790849,0.00019266962835657808,32
36,0.88357293382212931,0.0111788236,21799.999999444259,0.02527576310166026,0.00018472970420829946,32
36,0.88357293382212931,0.0111788236,21899.999999428252,0.025378092209658292,0.00023566297835293632,32
36,0.88357293382212931,0.0111788236,21999.999999412245,0.025661993566005837,0.000163805776080258,32
36,0.88357293382212931,0.0111788236,22099.999999396237,0.025310676606054489,0.00016374331180534006,32
36,0.88357293382212931,0.0111788236,22199.99999938023,0.025170575369259575,0.00021844790480045941,32
36,0.88357293382212931,0.0111788236,22299.999999364223,0.025047712942500949,0.00016775999640837396,32
36,0.88357293382212931,0.0111788236,22399.999999348216,0.024853182097916239,0.00021438253908046022,32
36,0.88357293382212931,0.0111788236,22499.999999332209,0.025240959685261535,0.00019450377544623357,32
36,0.88357293382212931,0.0111788236,22599.999999316202,0.025357518104800279,0.00018697820304004148,32
36,0.88357293382212931,0.0111788236,22699.999999300195,0.025183401627237593,0.00018032284974580168,32
36,0.88357293382212931,0.0111788236,22799.999999284188,0.024924804045155853,0.00022030486286395709,32
36,0.88357293382212931,0.0111788236,22899.999999268181,0.025186182675068631,0.00024777172302925467,32
36,0.88357293382212931,0.0111788236,22999.999999252173,0.025211848990930871,0.0002060348260480482,32
36,0.88357293382212931,0.0111788236,23099.999999236166,0.02524509599546906,0.00020667884063691017,32
36,0.88357293382212931,0.0111788236,23199.999999220159,0.025294829742081127,0.0002206743510604202,32
36,0.88357293382212931,0.0111788236,23299.999999204152,0.0252906279085479,0.00026822804213145563,32
36,0.88357293382212931,0.0111788236,23399.999999188145,0.025060675571348147,0.00021642701397792637,32
36,0.88357293382212931,0.0111788236,23499.999999172138,0.025286507704950691,0.00020670797565104239,32
36,0.88357293382212931,0.0111788236,23599.999999156131,0.024813038749590947,0.00019870799714238714,32
36,0.88357293382212931,0.0111788236,23699.999999140124,0.025177054195687828,0.00019895340869025582,32
36,0.88357293382212931,0.0111788236,23799.999999124117,0.02517501580529391,0.00012882360075511286,32
36,0.88357293382212931,0.0111788236,23899.999999108109,0.025180071003236715,0.00018630767007954134,32
36,0.88357293382212931,0.0111788236,23999.999999092102,0.025110424148387135,0.00023138815037511166,32
36,0.88357293382212931,0.0111788236,24099.999999076095,0.025066413422062377,0.00020749977634855151,32
36,0.88357293382212931,0.0111788236,24199.999999060088,0.025313000510771275,0.00019489883719406499,32
36,0.88357293382212931,0.0111788236,24299.999999044081,0.025019338478164014,0.00022386130090163838,32
36,0.88357293382212931,0.0111788236,24399.999999028074,0.025582777281591012,0.00019985178711201597,32
36,0.88357293382212931,0.0111788236,24499.999999012067,0.025214637618195763,0.0002053507612948529,32
36,0.88357293382212931,0.0111788236,24599.99999899606,0.024946459451069238,0.00018929150381553051,32
36,0.88357293382212931,0.0111788236,24699.999998980053,0.025593553561107828,0.00017790895582736233,32
36,0.88357293382212931,0.0111788236,24799.999998964046,0.02511019020751783,0.00020216218722551423,32
36,0.88357293382212931,0.0111788236,24899.999998948038,0.025123736645948611,0.00020124447398033932,32
36,0.88357293382212931,0.0111788236,24999.999998932031,0.024931334017641464,0.00020085292596498864,32
36,0.88357293382212931,0.0111788236,25099.999998916024,0.025224099101575512,0.00017416499468000303,32
36,0.88357293382212931,0.0111788236,25199.999998900017,0.025242943408065002,0.00017927772393178297,32
36,0.88357293382212931,0.0111788236,25299.99999888401,0.02559304406673785,0.00018517215113232564,32
36,0.88357293382212931,0.0111788236,25399.999998868003,0.025150780442056674,0.00018229613752589099,32
36,0.88357293382212931,0.0111788236,25499.999998851996,0.025430490269113346,0.00017250651884969897,32
36,0.88357293382212931,0.0111788236,25599.999998835989,0.02525362803582052,0.00018531190350024507,32
36,0.88357293382212931,0.0111788236,25699.999998819982,0.025407247890581554,0.00019926836350578838,32
36,0.88357293382212931,0.0111788236,25799.999998803974,0.025338220917299925,0.00022912062764696606,32
36,0.88357293382212931,0.0111788236,25899.999998787967,0.025018388863585976,0.00022853197265198369,32
36,0.88357293382212931,0.0111788236,25999.99999877196,0.025382552704264483,0.00022781185451986548,32
36,0.88357293382212931,0.0111788236,26099.999998755953,0.025078857076526202,0.00025417672266820241,32
36,0.88357293382212931,0.0111788236,26199.999998739946,0.025280789019620529,0.00022629838611500704,32
36,0.88357293382212931,0.0111788236,26299.999998723939,0.02500602540643895,0.00023268629352802281,32
36,0.88357293382212931,0.0111788236,26399.999998707932,0.025263479949161213,0.00020001810654975778,32
36,0.88357293382212931,0.0111788236,26499.999998691925,0.025118223820866346,0.00018626145611784487,32
36,0.88357293382212931,0.0111788236,26599.999998675918,0.025379905113002324,0.00016417261297362905,32
36,0.88357293382212931,0.0111788236,26699.99999865991,0.024992520537858075,0.0002468902589366719,32
36,0.88357293382212931,0.0111788236,26799.999998643903,0.025377585142147194,0.00020155396702723025,32
36,0.88357293382212931,0.0111788236,26899.999998627896,0.024877411235392052,0.00019951067720828605,32
36,0.88357293382212931,0.0111788236,26999.999998611889,0.025225630451906872,0.00019701275808891981,32
36,0.88357293382212931,0.0111788236,27099.999998595882,0.02535758070699113,0.00019388715994169499,32
36,0.88357293382212931,0.0111788236,27199.999998579875,0.025113622122238513,0.00020939789749198991,32
36,0.88357293382212931,0.0111788236,27299.999998563868,0.025337028475432448,0.0002232148400405791,32
36,0.88357293382212931,0.0111788236,27399.999998547861,0.025410265897539894,0.00021617290785504013,32
36,0.88357293382212931,0.0111788236,27499.999998531854,0.025575682919227467,0.00021785483600630267,32
36,0.88357293382212931,0.0111788236,27599.999998515847,0.025450692915284311,0.00017190644047364472,32
36,0.88357293382212931,0.0111788236,27699.999998499839,0.024959200580266586,0.00019631936198554465,32
36,0.88357293382212931,0.0111788236,27799.999998483832,0.025533250604677489,0.00022584049736583736,32
36,0.88357293382212931,0.0111788236,27899.999998467825,0.025537182322772019,0.0001597843196118193,32
36,0.88357293382212931,0.0111788236,27999.999998451818,0.025243085884461999,0.00022623880345866659,32
36,0.88357293382212931,0.0111788236,28099.999998435811,0.02532353409014082,0.00018129872491308091,32
36,0.88357293382212931,0.0111788236,28199.999998419804,0.025093500831439974,0.0001981933816123767,32
36,0.88357293382212931,0.0111788236,28299.999998403797,0.025108202394177964,0.00022918448786321693,32
36,0.88357293382212931,0.0111788236,28399.99999838779,0.025412349751995706,0.00015716719306419014,32
36,0.88357293382212931,0.0111788236,28499.999998371783,0.025325976025039627,0.0001667004082878832,32
36,0.88357293382212931,0.0111788236,28599.999998355775,0.025105444404787076,0.00027401369744022307,32
36,0.88357293382212931,0.0111788236,28699.999998339768,0.025329978166428513,0.00015206075924530826,32
36,0.88357293382212931,0.0111788236,28799.999998323761,0.02503349582846294,0.00026117516576371758,32
36,0.88357293382212931,0.0111788236,28899.999998307754,0.02527315124311379,0.00023774840131251986,32
36,0.88357293382212931,0.0111788236,28999.999998291747,0.025259506092958815,0.00019978473065083584,32
36,0.88357293382212931,0.0111788236,29099.99999827574,0.024999289051378527,0.00020429558211961603,32
36,0.88357293382212931,0.0111788236,29199.999998259733,0.02525543860940134,0.00018609431067499293,32
36,0.88357293382212931,0.0111788236,29299.999998243726,0.025303232139339008,0.00022740971242669257,32
36,0.88357293382212931,0.0111788236,29399.999998227719,0.025051385476760415,0.00020463196960923878,32
36,0.88357293382212931,0.0111788236,29499.999998211711,0.025441694031825494,0.00024374317513243133,32
36,0.88357293382212931,0.0111788236,29599.999998195704,0.02508914340467841,0.00022837509814518616,32
36,0.88357293382212931,0.0111788236,29699.999998179697,0.025423863489373026,0.00019198432258116379,32
36,0.88357293382212931,0.0111788236,29799.99999816369,0.025381216535153468,0.00023316460636261927,32
36,0.88357293382212931,0.0111788236,29899.999998147683,0.02503129382815953,0.00017029089592209993,32
36,0.88357293382212931,0.0111788236,29999.999998131676,0.02517905395418139,0.00020387528729342517,32
36,0.88357293382212931,0.0111788236,30099.999998115669,0.025379853635524995,0.00023311025621106351,32
36,0.88357293382212931,0.0111788236,30199.999998099662,0.025231598270431744,0.00022054059972484834,32
36,0.88357293382212931,0.0111788236,30299.999998083655,0.024882267204077647,0.00017222118742313297,32
36,0.88357293382212931,0.0111788236,30399.999998067648,0.025196802935512665,0.00018198591796762334,32
36,0.88357293382212931,0.0111788236,30499.99999805164,0.025295959260540939,0.00023457077869939454,32
36,0.88357293382212931,0.0111788236,30599.999998035633,0.02560508902590632,0.00021626776548352408,32
36,0.88357293382212931,0.0111788236,30699.999998019626,0.025393610407231607,0.00019723518445916209,32
36,0.88357293382212931,0.0111788236,30799.999998003619,0.02538864126499665,0.00022150591549909121,32
36,0.88357293382212931,0.0111788236,30899.999997987612,0.025165121064651727,0.00020699300983347731,32
36,0.88357293382212931,0.0111788236,30999.999997971605,0.025756796422748304,0.00019317633650161198,32
36,0.88357293382212931,0.0111788236,31099.999997955598,0.025002274908075304,0.00018019529795915067,32
36,0.88357293382212931,0.0111788236,31199.999997939591,0.025189045122794691,0.00021613593133656066,32
36,0.88357293382212931,0.0111788236,31299.999997923584,0.025474540071943098,0.00022703689590843046,32
36,0.88357293382212931,0.0111788236,31399.999997907576,0.025017160989158738,0.00018939091508311985,32
36,0.88357293382212931,0.0111788236,31499.999997891569,0.0255710569448627,0.0001775630719199842,32
36,0.88357293382212931,0.0111788236,31599.999997875562,0.025361063448001007,0.00017855728143842455,32
36,0.88357293382212931,0.0111788236,31699.999997859555,0.02535135576903497,0.00017493765718916974,32
36,0.88357293382212931,0.0111788236,31799.999997843548,0.025247869568770398,0.00020536112535872352,32
36,0.88357293382212931,0.0111788236,31899.999997827541,0.025274047730594495,0.000245451494961464,32
36,0.88357293382212931,0.0111788236,31999.999997811534,0.025640566282371689,0.00019975691837629162,32
36,0.88357293382212931,0.0111788236,32099.999997795527,0.025752040007760345,0.00020030319614893123,32
36,0.88357293382212931,0.0111788236,32199.99999777952,0.025539143828210875,0.00017320682529731169,32
36,0.88357293382212931,0.0111788236,32299.999997763513,0.02533049891590259,0.00020977561574170319,32
36,0.88357293382212931,0.0111788236,32399.999997747505,0.0251278557119534,0.0001910058951955884,32
36,0.88357293382212931,0.0111788236,32499.999997731498,0.02528354265619814,0.0002040352471316335,32
36,0.88357293382212931,0.0111788236,32599.999997715491,0.025258877625579775,0.00024345928992731858,32
36,0.88357293382212931,0.0111788236,32699.999997699484,0.024975765237282135,0.00021708809112261652,32
36,0.88357293382212931,0.0111788236,32799.999997695115,0.025458304744397722,0.00021479806888613894,32
36,0.88357293382212931,0.0111788236,32899.999997715488,0.025314860921292006,0.00020649757374536083,32
36,0.88357293382212931,0.0111788236,32999.99999773586,0.025476002600994991,0.00020684065771411065,32
36,0.88357293382212931,0.0111788236,33099.999997756233,0.025212563368193174,0.00015702220480368363,32
36,0.88357293382212931,0.0111788236,33199.999997776606,0.025400872154962607,0.00020062192128004,32
36,0.88357293382212931,0.0111788236,33299.999997796978,0.02502298049526273,0.00021370951720315809,32
36,0.88357293382212931,0.0111788236,33399.999997817351,0.025495854191165322,0.00022298610587189108,32
36,0.88357293382212931,0.0111788236,33499.999997837724,0.025254129831306073,0.0002070793286860482,32
36,0.88357293382212931,0.0111788236,33599.999997858096,0.025055473586734742,0.00014735988770126838,32
36,0.88357293382212931,0.0111788236,33699.999997878469,0.025389439219550725,0.00024629498072473719,32
36,0.88357293382212931,0.0111788236,33799.999997898842,0.025289172796266413,0.00017908722003476808,32
36,0.88357293382212931,0.0111788236,33899.999997919214,0.025196317917112365,0.00019280850388992286,32
36,0.88357293382212931,0.0111788236,33999.999997939587,0.025629718566238094,0.000232020059471552,32
36,0.88357293382212931,0.0111788236,34099.99999795996,0.025302203697644521,0.00017949752869701426,32
36,0.88357293382212931,0.0111788236,34199.999997980332,0.025702572880648176,0.00024841002062566184,32
36,0.88357293382212931,0.0111788236,34299.999998000705,0.02563916526052382,0.00018919585299590413,32
36,0.88357293382212931,0.0111788236,34399.999998021078,0.025240968137872986,0.00019197004611750526,32
36,0.88357293382212931,0.0111788236,34499.99999804145,0.025460155802429635,0.00023266509665854801,32
36,0.88357293382212931,0.0111788236,34599.999998061823,0.025733062826265748,0.00022935570689458002,32
36,0.88357293382212931,0.0111788236,34699.999998082196,0.025392088491082637,0.00016885387900812809,32
36,0.88357293382212931,0.0111788236,34799.999998102568,0.025443356265538609,0.00023264079429704336,32
36,0.88357293382212931,0.0111788236,34899.999998122941,0.025434573113744471,0.00023630361715612765,32
36,0.88357293382212931,0.0111788236,34999.999998143314,0.024975484859315496,0.00019727742040843161,32
36,0.88357293382212931,0.0111788236,35099.999998163687,0.025156772850906065,0.00019464855798624603,32
36,0.88357293382212931,0.0111788236,35199.999998184059,0.025116420663786224,0.00023119841185767902,32
36,0.88357293382212931,0.0111788236,35299.999998204432,0.025113730773861542,0.00018873306209130021,32
36,0.88357293382212931,0.0111788236,35399.999998224805,0.025122429549308697,0.00020132226655941398,32
36,0.88357293382212931,0.0111788236,35499.999998245177,0.025201738719844137,0.00023181553267540386,32
36,0.88357293382212931,0.0111788236,35599.99999826555,0.025355360799744275,0.00023430947847806707,32
36,0.88357293382212931,0.0111788236,35699.999998285923,0.025224439735791183,0.00025743225592451209,32
36,0.88357293382212931,0.0111788236,35799.999998306295,0.025331377860996884,0.00017289206846071074,32
36,0.88357293382212931,0.0111788236,35899.999998326668,0.0249952079800888,0.00026428117814847519,32
36,0.88357293382212931,0.0111788236,35999.999998347041,0.025133542479159592,0.00015619992914070376,32
36,0.88357293382212931,0.0111788236,36099.999998367413,0.025083098284985644,0.00015668637441070202,32
36,0.88357293382212931,0.0111788236,36199.999998387786,0.02511137095660225,0.00021655858296048519,32
36,0.88357293382212931,0.0111788236,36299.999998408159,0.025363515988882861,0.0002090006032597947,32
36,0.88357293382212931,0.0111788236,36399.999998428531,0.025160557761765408,0.00016618249101451354,32
36,0.88357293382212931,0.0111788236,36499.999998448904,0.025374065240772549,0.00017619649573890123,32
36,0.88357293382212931,0.0111788236,36599.999998469277,0.025673387035764082,0.00023989251658555023,32
36,0.88357293382212931,0.0111788236,36699.999998489649,0.025415100845809536,0.00019887610506725227,32
36,0.88357293382212931,0.0111788236,36799.999998510022,0.025669916580575589,0.0002130124188470918,32
36,0.88357293382212931,0.0111788236,36899.999998530395,0.025139334737890474,0.0002392502957279087,32
36,0.88357293382212931,0.0111788236,36999.999998550767,0.025302894055356472,0.00027222178265691812,32
36,0.88357293382212931,0.0111788236,37099.99999857114,0.025559537271563258,0.00021795459748727287,32
36,0.88357293382212931,0.0111788236,37199.999998591513,0.024910571997957775,0.00020919851161351217,32
36,0.88357293382212931,0.0111788236,37299.999998611886,0.024947339679727221,0.00018401588895446461,32
36,0.88357293382212931,0.0111788236,37399.999998632258,0.025022877465305057,0.00018755421335150361,32
36,0.88357293382212931,0.0111788236,37499.999998652631,0.025643851623583413,0.00026908067198365502,32
36,0.88357293382212931,0.0111788236,37599.999998673004,0.024898988118135023,0.00020320411789802304,32
36,0.88357293382212931,0.0111788236,37699.999998693376,0.025213435631607443,0.00018894424446814877,32
36,0.88357293382212931,0.0111788236,37799.999998713749,0.025148062103094032,0.00016206582401696846,32
36,0.88357293382212931,0.0111788236,37899.999998734122,0.025278658967633979,0.00016029381049730549,32
36,0.88357293382212931,0.0111788236,37999.999998754494,0.025871412938281199,0.00017302982283965703,32
36,0.88357293382212931,0.0111788236,38099.999998774867,0.025454469914241988,0.00020845114606314589,32
36,0.88357293382212931,0.0111788236,38199.99999879524,0.025251609501404485,0.00022418521738654169,32
36,0.88357293382212931,0.0111788236,38299.999998815612,0.025267408307514332,0.00020336813564447259,32
36,0.88357293382212931,0.0111788236,38399.999998835985,0.025163915579116548,0.00024944586874639947,32
36,0.88357293382212931,0.0111788236,38499.999998856358,0.025392390351142345,0.00021970099575120371,32
36,0.88357293382212931,0.0111788236,38599.99999887673,0.025278323328763057,0.00021468299980533599,32
36,0.88357293382212931,0.0111788236,38699.999998897103,0.025330763770674034,0.00019884104063092986,32
36,0.88357293382212931,0.0111788236,38799.999998917476,0.024918401563065191,0.00018317566004263523,32
36,0.88357293382212931,0.0111788236,38899.999998937848,0.025355334057956036,0.00020475079307298228,32
36,0.88357293382212931,0.0111788236,38999.999998958221,0.025364475252901416,0.00018631164156269027,32
36,0.88357293382212931,0.0111788236,39099.999998978594,0.025353614069057662,0.00019988296480745387,32
36,0.88357293382212931,0.0111788236,39199.999998998966,0.025251930599657361,0.00022957256528145651,32
36,0.88357293382212931,0.0111788236,39299.999999019339,0.025553717985566906,0.00023082469106605036,32
36,0.88357293382212931,0.0111788236,39399.999999039712,0.025315029355937803,0.00023299312025645318,32
36,0.88357293382212931,0.0111788236,39499.999999060085,0.025155614851442354,0.00024453871854316126,32
36,0.88357293382212931,0.0111788236,39599.999999080457,0.025031214227209525,0.00020337840188956865,32
36,0.88357293382212931,0.0111788236,39699.99999910083,0.025561904678673027,0.00024624354253024349,32
36,0.88357293382212931,0.0111788236,39799.999999121203,0.025302374205819902,0.00022785094027053334,32
36,0.88357293382212931,0.0111788236,39899.999999141575,0.025408776643856313,0.00018522750340359972,32
36,0.88357293382212931,0.0111788236,39999.999999161948,0.025156142349031144,0.00016351982752009213,32
36,0.88357293382212931,0.0111788236,40099.999999182321,0.025182431710332215,0.00022785476946747164,32
36,0.88357293382212931,0.0111788236,40199.999999202693,0.025026599451507023,0.00025147728182831628,32
36,0.88357293382212931,0.0111788236,40299.999999223066,0.025284309797926247,0.00021044219119371548,32
36,0.88357293382212931,0.0111788236,40399.999999243439,0.025544161219114275,0.0001993455966001162,32
36,0.88357293382212931,0.0111788236,40499.999999263811,0.025106406338028305,0.00017923238360856972,32
36,0.88357293382212931,0.0111788236,40599.999999284184,0.025401212699910948,0.00018431498548861902,32
36,0.88357293382212931,0.0111788236,40699.999999304557,0.025009542776308992,0.00026635185119156521,32
36,0.88357293382212931,0.0111788236,40799.999999324929,0.025165071384651801,0.00022395467191803768,32
36,0.88357293382212931,0.0111788236,40899.999999345302,0.025513999713143602,0.00023073826029600009,32
36,0.88357293382212931,0.0111788236,40999.999999365675,0.025172605255557971,0.00016351127716517978,32
36,0.88357293382212931,0.0111788236,41099.999999386047,0.02524572851654246,0.00019681803787996425,32
36,0.88357293382212931,0.0111788236,41199.99999940642,0.025466900124253077,0.00019125555298613199,32
36,0.88357293382212931,0.0111788236,41299.999999426793,0.024612891633748343,0.0002443269017802354,32
36,0.88357293382212931,0.0111788236,41399.999999447165,0.025000639628872022,0.00020462275604724565,32
36,0.88357293382212931,0.0111788236,41499.999999467538,0.025545533757575206,0.00017158323480836671,32
36,0.88357293382212931,0.0111788236,41599.999999487911,0.025120334269867445,0.0001908635379099478,32
36,0.88357293382212931,0.0111788236,41699.999999508284,0.025072539649610221,0.00018757185001193547,32
36,0.88357293382212931,0.0111788236,41799.999999528656,0.025567647070473761,0.00020163528662214188,32
36,0.88357293382212931,0.0111788236,41899.999999549029,0.025580430414906534,0.0002180890700305926,32
36,0.88357293382212931,0.0111788236,41999.999999569402,0.025176391456328672,0.00020449966978790019,32
36,0.88357293382212931,0.0111788236,42099.999999589774,0.02514912551555723,0.00019330575279178928,32
36,0.88357293382212931,0.0111788236,42199.999999610147,0.025225705503096035,0.00020960538220630127,32
36,0.88357293382212931,0.0111788236,42299.99999963052,0.025296762838198258,0.00017485037478816385,32
36,0.88357293382212931,0.0111788236,42399.999999650892,0.024946009953785826,0.00020927748874359934,32
36,0.88357293382212931,0.0111788236,42499.999999671265,0.025623987953948758,0.00023716900109789342,32
36,0.88357293382212931,0.0111788236,42599.999999691638,0.025440930045007467,0.00023767769028237103,32
36,0.88357293382212931,0.0111788236,42699.99999971201,0.02565505027636665,0.00018980420666691781,32
36,0.88357293382212931,0.0111788236,42799.999999732383,0.02525115403205283,0.00020558978244012552,32
36,0.88357293382212931,0.0111788236,42899.999999752756,0.025162956188053944,0.00017983060867146072,32
36,0.88357293382212931,0.0111788236,42999.999999773128,0.025236152459733568,0.00021066172157871758,32
36,0.88357293382212931,0.0111788236,43099.999999793501,0.025372271700237876,0.00017406191046950628,32
36,0.88357293382212931,0.0111788236,43199.999999813874,0.025109899438418647,0.00021797220105420397,32
36,0.88357293382212931,0.0111788236,43299.999999834246,0.024986018964817929,0.00022593607761627844,32
36,0.88357293382212931,0.0111788236,43399.999999854619,0.024995065923557169,0.00018500497985060111,32
36,0.88357293382212931,0.0111788236,43499.999999874992,0.025431784881213355,0.0002128320640761488,32
36,0.88357293382212931,0.0111788236,43599.999999895364,0.025354285485110553,0.00016814591256140838,32
36,0.88357293382212931,0.0111788236,43699.999999915737,0.025437809732827821,0.00020805753916689946,32
36,0.88357293382212931,0.0111788236,43799.99999993611,0.025481449242569516,0.00017893015085912245,32
36,0.88357293382212931,0.0111788236,43899.999999956482,0.025719360245968305,0.00016797482865654425,32
36,0.88357293382212931,0.0111788236,43999.999999976855,0.025237275870830047,0.00018586686086431803,32
36,0.88357293382212931,0.0111788236,44099.999999997228,0.025362055077653409,0.00016331470507064316,32
36,0.88357293382212931,0.0111788236,44200.000000017601,0.025140121079741447,0.00024231617661629105,32
36,0.88357293382212931,0.0111788236,44300.000000037973,0.025057319098739358,0.0002094686825502774,32
36,0.88357293382212931,0.0111788236,44400.000000058346,0.025148053326919946,0.00020186929730751151,32
36,0.88357293382212931,0.0111788236,44500.000000078719,0.024945174444213097,0.00018308636522707802,32
36,0.88357293382212931,0.0111788236,44600.000000099091,0.02530761977747896,0.00016450838544456689,32
36,0.88357293382212931,0.0111788236,44700.000000119464,0.025437065428010414,0.00021539110138484336,32
36,0.88357293382212931,0.0111788236,44800.000000139837,0.025357982570341862,0.00021543131261924462,32
36,0.88357293382212931,0.0111788236,44900.000000160209,0.025621677739342649,0.00022351057863330862,32
36,0.88357293382212931,0.0111788236,45000.000000180582,0.025174304076357241,0.00023523657060729448,32
36,0.88357293382212931,0.0111788236,45100.000000200955,0.025151913196471205,0.00019988959136048833,32
36,0.88357293382212931,0.0111788236,45200.000000221327,0.025375968004355501,0.00021487402775459066,32
36,0.88357293382212931,0.0111788236,45300.0000002417,0.025481006458672413,0.00026539383050660977,32
36,0.88357293382212931,0.0111788236,45400.000000262073,0.025457872622422432,0.00022999925403584281,32
36,0.88357293382212931,0.0111788236,45500.000000282445,0.02494908464644735,0.00015985147087948254,32
36,0.88357293382212931,0.0111788236,45600.000000302818,0.025573319499860123,0.00018447775489989618,32
36,0.88357293382212931,0.0111788236,45700.000000323191,0.025273218414872629,0.00019581180050243777,32
36,0.88357293382212931,0.0111788236,45800.000000343563,0.024892894803619357,0.00017333096960364823,32
36,0.88357293382212931,0.0111788236,45900.000000363936,0.025159445425146719,0.00024378579870185593,32
36,0.88357293382212931,0.0111788236,46000.000000384309,0.025440871123492758,0.0002700155517717757,32
36,0.88357293382212931,0.0111788236,46100.000000404681,0.025555289514151213,0.00025491753419315771,32
36,0.88357293382212931,0.0111788236,46200.000000425054,0.025397905312540076,0.00022891914028462718,32
36,0.88357293382212931,0.0111788236,46300.000000445427,0.025507233313350509,0.00021875242202287117,32
36,0.88357293382212931,0.0111788236,46400.0000004658,0.025207733864595652,0.0001952743922646817,32
36,0.88357293382212931,0.0111788236,46500.000000486172,0.025327031471452651,0.00021850873977160122,32
36,0.88357293382212931,0.0111788236,46600.000000506545,0.025242183163932834,0.00018178190751368597,32
36,0.88357293382212931,0.0111788236,46700.000000526918,0.025122284226816529,0.00015923327828966141,32
36,0.88357293382212931,0.0111788236,46800.00000054729,0.025295420279365113,0.00021410900455095904,32
36,0.88357293382212931,0.0111788236,46900.000000567663,0.025376416839763809,0.00018106793899853104,32
36,0.88357293382212931,0.0111788236,47000.000000588036,0.025283167491154793,0.00022267256120499666,32
36,0.88357293382212931,0.0111788236,47100.000000608408,0.025266167296360009,0.00015315827365620978,32
36,0.88357293382212931,0.0111788236,47200.000000628781,0.025639012437437859,0.00021010017660467791,32
36,0.88357293382212931,0.0111788236,47300.000000649154,0.02532959016800123,0.00017864159216172292,32
36,0.88357293382212931,0.0111788236,47400.000000669526,0.025368072666141606,0.00024933026456978109,32
36,0.88357293382212931,0.0111788236,47500.000000689899,0.025821183499086516,0.00019886847230587835,32
36,0.88357293382212931,0.0111788236,47600.000000710272,0.0250335068576324,0.00021554650484544518,32
36,0.88357293382212931,0.0111788236,47700.000000730644,0.025442581760421842,0.00014286336787324461,32
36,0.88357293382212931,0.0111788236,47800.000000751017,0.025481889412086366,0.00019063975378726973,32
36,0.88357293382212931,0.0111788236,47900.00000077139,0.025329127083001099,0.00017132073911214693,32
36,0.88357293382212931,0.0111788236,48000.000000791762,0.025669093928842788,0.00016281880118213684,32
36,0.88357293382212931,0.0111788236,48100.000000812135,0.025109424782394585,0.00020124417447386141,32
36,0.88357293382212931,0.0111788236,48200.000000832508,0.025016350618682383,0.00021757740818955295,32
36,0.88357293382212931,0.0111788236,48300.00000085288,0.025124182635998457,0.00021122706788425597,32
36,0.88357293382212931,0.0111788236,48400.000000873253,0.025448634385696521,0.0002198837667152986,32
36,0.88357293382212931,0.0111788236,48500.000000893626,0.02526455617409256,0.00016948434417337043,32
36,0.88357293382212931,0.0111788236,48600.000000913999,0.025249980317362038,0.00019321984217440946,32
36,0.88357293382212931,0.0111788236,48700.000000934371,0.025161283117512364,0.0002285103844966287,32
36,0.88357293382212931,0.0111788236,48800.000000954744,0.025562132369866323,0.00021300921389611727,32
36,0.88357293382212931,0.0111788236,48900.000000975117,0.025525280347475997,0.00018168879507644926,32
36,0.88357293382212931,0.0111788236,49000.000000995489,0.025361612344057666,0.00018034671855363352,32
36,0.88357293382212931,0.0111788236,49100.000001015862,0.025370753403626798,0.00019955959117521729,32
36,0.88357293382212931,0.0111788236,49200.000001036235,0.024887013203957007,0.00019490142404443328,32
36,0.88357293382212931,0.0111788236,49300.000001056607,0.024985328912370125,0.00023398323389783304,32
36,0.88357293382212931,0.0111788236,49400.00000107698,0.025221682119385015,0.00016359073592107115,32
36,0.88357293382212931,0.0111788236,49500.000001097353,0.025135834455199312,0.00021773643969950009,32
36,0.88357293382212931,0.0111788236,49600.000001117725,0.025538049862850045,0.00019568954885015662,32
36,0.88357293382212931,0.0111788236,49700.000001138098,0.025160932706064006,0.00021554745155800614,32
36,0.88357293382212931,0.0111788236,49800.000001158471,0.025178376089202734,0.0001821007706993063,32
36,0.88357293382212931,0.0111788236,49900.000001178843,0.025098468343229374,0.00023974667970313898,32
36,0.88357293382212931,0.0111788236,50000.000001199216,0.025266087403802751,0.00024078060244222199,32
40,0.98174770424681035,0.01371255194,100.00000000001425,0.025141655907237537,0.00016705289500542879,32
40,0.98174770424681035,0.01371255194,199.99999999996308,0.02548508206358549,0.00021354850774529037,32
40,0.98174770424681035,0.01371255194,299.99999999987216,0.025321755252974403,0.00016822850239235417,32
40,0.98174770424681035,0.01371255194,399.99999999978121,0.025211037389872973,0.00016516428794108803,32
40,0.98174770424681035,0.01371255194,499.99999999969026,0.02548096307472027,0.00019309531201302014,32
40,0.98174770424681035,0.01371255194,599.99999999959937,0.025252398402768945,0.00018761541165621928,32
40,0.98174770424681035,0.01371255194,699.99999999950842,0.024943925014923894,0.00019925988725700604,32
40,0.98174770424681035,0.01371255194,799.99999999941747,0.025190108590374374,0.00013131555402016743,32
40,0.98174770424681035,0.01371255194,899.99999999932652,0.025280692925462415,0.00018283506518288663,32
40,0.98174770424681035,0.01371255194,999.99999999923557,0.025499098646596986,0.00020261522930266451,32
40,0.98174770424681035,0.01371255194,1099.9999999991446,0.025100185098700632,0.0001752869968142502,32
40,0.98174770424681035,0.01371255194,1199.9999999990537,0.02515302624036285,0.00015600202909609283,32
40,0.98174770424681035,0.01371255194,1299.9999999989627,0.025471745102821457,0.00017228580143199929,32
40,0.98174770424681035,0.01371255194,1399.9999999988718,0.025103605596072644,0.00019040833264274843,32
40,0.98174770424681035,0.01371255194,1499.9999999987808,0.025192144998294082,0.00013792340457791048,32
40,0.98174770424681035,0.01371255194,1599.9999999986899,0.024995379188248127,0.00019093532717052731,32
40,0.98174770424681035,0.01371255194,1699.9999999985989,0.025190792923295409,0.00013593620923912621,32
40,0.98174770424681035,0.01371255194,1799.999999998508,0.025627714108900516,0.00019889781332243036,32
40,0.98174770424681035,0.01371255194,1899.999999998417,0.025228599469189497,0.00019512830637996841,32
40,0.98174770424681035,0.01371255194,1999.9999999983261,0.02562608838184342,0.00020080960233884491,32
40,0.98174770424681035,0.01371255194,2099.9999999994175,0.024845370565411928,0.00013940154417740487,32
40,0.98174770424681035,0.01371255194,2200.0000000016003,0.025388611100113031,0.00024137934048663138,32
40,0.98174770424681035,0.01371255194,2300.000000003783,0.02542397112571379,0.00017295696582672252,32
40,0.98174770424681035,0.01371255194,2400.0000000059658,0.02526287627382098,0.00020968405070230465,32
40,0.98174770424681035,0.01371255194,2500.0000000081486,0.02552274935516622,0.00016869002159662375,32
40,0.98174770424681035,0.01371255194,2600.0000000103314,0.025181899907610876,0.00017995196543902831,32
40,0.98174770424681035,0.01371255194,2700.0000000125142,0.02519539519721508,0.00020851329972597881,32
40,0.98174770424681035,0.01371255194,2800.000000014697,0.025188188367357318,0.00014992489936797355,32
40,0.98174770424681035,0.01371255194,2900.0000000168798,0.025302714647310983,0.00015853240133309338,32
40,0.98174770424681035,0.01371255194,3000.0000000190626,0.025143823249923918,0.00019615924061664342,32
40,0.98174770424681035,0.01371255194,3100.0000000212453,0.025183838280756952,0.00018904065959321652,32
40,0.98174770424681035,0.01371255194,3200.0000000234281,0.025396427848703478,0.00018075383758689399,32
40,0.98174770424681035,0.01371255194,3300.0000000256109,0.025162064881260833,0.00015072520887258399,32
40,0.98174770424681035,0.01371255194,3400.0000000277937,0.025181025042622606,0.00017296265964167784,32
40,0.98174770424681035,0.01371255194,3500.0000000299765,0.025301884519513651,0.00018430541807322882,32
40,0.98174770424681035,0.01371255194,3600.0000000321593,0.025697170541600457,0.00020604639906998565,32
40,0.98174770424681035,0.01371255194,3700.0000000343421,0.025342191397894037,0.00014702208283328211,32
40,0.98174770424681035,0.01371255194,3800.0000000365249,0.024957980862855323,0.00022265489514969715,32
40,0.98174770424681035,0.01371255194,3900.0000000387076,0.0257254861944567,0.00019818518434164538,32
40,0.98174770424681035,0.01371255194,4000.0000000408904,0.025540788452881612,0.00021542642584441494,32
40,0.98174770424681035,0.01371255194,4100.0000000430728,0.025158605695669741,0.00022247914479203777,32
40,0.98174770424681035,0.01371255194,4200.0000000452555,0.025371563466866486,0.0001665420096629891,32
40,0.98174770424681035,0.01371255194,4300.0000000474383,0.025371294767529081,0.00019293998507898295,32
40,0.98174770424681035,0.01371255194,4400.0000000496211,0.025210530461836671,0.000149972953578896,32
40,0.98174770424681035,0.01371255194,4500.0000000518039,0.025076410916109345,0.00019657414707700257,32
40,0.98174770424681035,0.01371255194,4600.0000000539867,0.02505518255101629,0.00018119975370266853,32
40,0.98174770424681035,0.01371255194,4700.0000000561695,0.025457825366703025,0.00019454686017275361,32
40,0.98174770424681035,0.01371255194,4800.0000000583523,0.025549343787568866,0.00015860200922552267,32
40,0.98174770424681035,0.01371255194,4900.0000000605351,0.02552451698044314,0.00019690638540418012,32
40,0.98174770424681035,0.01371255194,5000.0000000627178,0.025598025721806472,0.00020022002118199374,32
40,0.98174770424681035,0.01371255194,5100.0000000649006,0.025492361420993082,0.00019182815723305276,32
40,0.98174770424681035,0.01371255194,5200.0000000670834,0.02532993570730251,0.00018505460591228661,32
40,0.98174770424681035,0.01371255194,5300.0000000692662,0.025181696366982125,0.00017001593384298057,32
40,0.98174770424681035,0.01371255194,5400.000000071449,0.025146869506454752,0.00024131276850861678,32
40,0.98174770424681035,0.01371255194,5500.0000000736318,0.025428437207225558,0.00017361973909037906,32
40,0.98174770424681035,0.01371255194,5600.0000000758146,0.025058806225504635,0.00019623240044269586,32
40,0.98174770424681035,0.01371255194,5700.0000000779974,0.025338559571364952,0.00014099855196142346,32
40,0.98174770424681035,0.01371255194,5800.0000000801801,0.025493340775330702,0.00012583499237178931,32
40,0.98174770424681035,0.01371255194,5900.0000000823629,0.025443430490525127,0.00018135034292837853,32
40,0.98174770424681035,0.01371255194,6000.0000000845457,0.02487564913622994,0.00017080739283856564,32
40,0.98174770424681035,0.01371255194,6100.0000000867285,0.025281890284053407,0.00020940556010347279,32
40,0.98174770424681035,0.01371255194,6200.0000000889113,0.025417524719541059,0.00018519560181057393,32
40,0.98174770424681035,0.01371255194,6300.0000000910941,0.0253638939209716,0.00017117414988133156,32
40,0.98174770424681035,0.01371255194,6400.0000000932769,0.025376480147543484,0.00015774004587600039,32
40,0.98174770424681035,0.01371255194,6500.0000000954597,0.024979700167229155,0.00016585326643150952,32
40,0.98174770424681035,0.01371255194,6600.0000000976424,0.025263079229954452,0.00015983286817313258,32
40,0.98174770424681035,0.01371255194,6700.0000000998252,0.025149778899708312,0.00018550841742453707,32
40,0.98174770424681035,0.01371255194,6800.000000102008,0.025166191473294432,0.00016149692956455555,32
40,0.98174770424681035,0.01371255194,6900.0000001041908,0.025300087204145533,0.0002141862921731769,32
40,0.98174770424681035,0.01371255194,7000.0000001063736,0.02525377333638398,0.00022050706608496386,32
40,0.98174770424681035,0.01371255194,7100.0000001085564,0.025307088555333444,0.00018546955371685111,32
40,0.98174770424681035,0.01371255194,7200.0000001107392,0.025743958402654612,0.00017605702310307306,32
40,0.98174770424681035,0.01371255194,7300.000000112922,0.025433466416671449,0.00016814704744432823,32
40,0.98174770424681035,0.01371255194,7400.0000001151047,0.025122149895932883,0.00016039887127547003,32
40,0.98174770424681035,0.01371255194,7500.0000001172875,0.025310955307312727,0.00016114394192671912,32
40,0.98174770424681035,0.01371255194,7600.0000001194703,0.025361755055057604,0.00019936131458733617,32
40,0.98174770424681035,0.01371255194,7700.0000001216531,0.025255373084630474,0.00016494434259351913,32
40,0.98174770424681035,0.01371255194,7800.0000001238359,0.025156408815015831,0.00018179409159193677,32
40,0.98174770424681035,0.01371255194,7900.0000001260187,0.025055136458455172,0.0001795587783430204,32
40,0.98174770424681035,0.01371255194,8000.0000001282015,0.02535722774583192,0.00015521269185152312,32
40,0.98174770424681035,0.01371255194,8100.0000001303843,0.0250502337872654,0.00017640473781585717,32
40,0.98174770424681035,0.01371255194,8200.0000001325661,0.02533281054401984,0.0001617087299642325,32
40,0.98174770424681035,0.01371255194,8300.0000001347489,0.025394998145914699,0.00016051686748306949,32
40,0.98174770424681035,0.01371255194,8400.0000001369317,0.025235419319016766,0.0001892546874838746,32
40,0.98174770424681035,0.01371255194,8500.0000001391145,0.025161486620321079,0.00018106461631053796,32
40,0.98174770424681035,0.01371255194,8600.0000001412973,0.025497153471885421,0.00019819161961612158,32
40,0.98174770424681035,0.01371255194,8700.0000001434801,0.025464092594146451,0.00020790889341733848,32
40,0.98174770424681035,0.01371255194,8800.0000001456629,0.025207044768957871,0.00018236197427928813,32
40,0.98174770424681035,0.01371255194,8900.0000001478456,0.025580701829230987,0.00021625188719666662,32
40,0.98174770424681035,0.01371255194,9000.0000001500284,0.025271884915207311,0.00019064106352493707,32
40,0.98174770424681035,0.01371255194,9100.0000001522112,0.025145133456366011,0.000202791785699696,32
40,0.98174770424681035,0.01371255194,9200.000000154394,0.025139365040647121,0.00013906719390083326,32
40,0.98174770424681035,0.01371255194,9300.0000001565768,0.025208254416403043,0.00017229685059849296,32
40,0.98174770424681035,0.01371255194,9400.0000001587596,0.025396712190851614,0.00020336952937668998,32
40,0.98174770424681035,0.01371255194,9500.0000001609424,0.025307216336954284,0.00015920729984041557,32
40,0.98174770424681035,0.01371255194,9600.0000001631252,0.025186222633487774,0.00019641316449355725,32
40,0.98174770424681035,0.01371255194,9700.0000001653079,0.025278649246004863,0.00019722637520618144,32
40,0.98174770424681035,0.01371255194,9800.0000001674907,0.025001488359635202,0.00019587364215891773,32
40,0.98174770424681035,0.01371255194,9900.0000001696735,0.025328899324058754,0.00017874446089316429,32
40,0.98174770424681035,0.01371255194,10000.000000171856,0.025323830741006709,0.00019974782463328888,32
40,0.98174770424681035,0.01371255194,10100.000000174039,0.025099248713663994,0.00018627468162834868,32
40,0.98174770424681035,0.01371255194,10200.000000176222,0.025360649796539635,0.00018825431252439618,32
40,0.98174770424681035,0.01371255194,10300.000000178405,0.025264756892077887,0.0001936943644674575,32
40,0.98174770424681035,0.01371255194,10400.000000180587,0.025358199872215895,0.00019526511885532935,32
40,0.98174770424681035,0.01371255194,10500.00000018277,0.025226676496710006,0.00018221002072710998,32
40,0.98174770424681035,0.01371255194,10600.000000184953,0.025294097491793694,0.00013670069275879669,32
40,0.98174770424681035,0.01371255194,10700.000000187136,0.025315712303305784,0.00016298866764947838,32
40,0.98174770424681035,0.01371255194,10800.000000189319,0.025022624997340464,0.00017592626645604928,32
40,0.98174770424681035,0.01371255194,10900.000000191501,0.025157770786711095,0.00017844078319358025,32
40,0.98174770424681035,0.01371255194,11000.000000193684,0.025157412642451148,0.00018170215654108411,32
40,0.98174770424681035,0.01371255194,11100.000000195867,0.02524443453301381,0.00021431090867152949,32
40,0.98174770424681035,0.01371255194,11200.00000019805,0.025460346753215686,0.00017201878782902651,32
40,0.98174770424681035,0.01371255194,11300.000000200233,0.025225861422106633,0.00018914664604937549,32
40,0.98174770424681035,0.01371255194,11400.000000202415,0.02546121165326487,0.00015879321723120835,32
40,0.98174770424681035,0.01371255194,11500.000000204598,0.025295498715269919,0.0001839569296804469,32
40,0.98174770424681035,0.01371255194,11600.000000206781,0.0251996912414712,0.00018221596534362042,32
40,0.98174770424681035,0.01371255194,11700.000000208964,0.025660757720700231,0.00019546976897096506,32
40,0.98174770424681035,0.01371255194,11800.000000211146,0.025419574556797386,0.00015463652317802682,32
40,0.98174770424681035,0.01371255194,11900.000000213329,0.025381398827734873,0.00019837966174665093,32
40,0.98174770424681035,0.01371255194,12000.000000215512,0.025269072421942804,0.00018971557712240948,32
40,0.98174770424681035,0.01371255194,12100.000000217695,0.025301342096715463,0.00014559292603585591,32
40,0.98174770424681035,0.01371255194,12200.000000219878,0.025247774170458512,0.00016931266279602224,32
40,0.98174770424681035,0.01371255194,12300.00000022206,0.025779367242185668,0.0001764116556210399,32
40,0.98174770424681035,0.01371255194,12400.000000224243,0.025132571055793904,0.00019241106043550301,32
40,0.98174770424681035,0.01371255194,12500.000000226426,0.025072816442572945,0.00021620073456277416,32
40,0.98174770424681035,0.01371255194,12600.000000228609,0.025691326668674751,0.00017557564726511366,32
40,0.98174770424681035,0.01371255194,12700.000000230792,0.025182591570953615,0.00023152737770787559,32
40,0.98174770424681035,0.01371255194,12800.000000232974,0.025183884962190543,0.00018735530656449956,32
40,0.98174770424681035,0.01371255194,12900.000000235157,0.025057164299374695,0.00023265281031778154,32
40,0.98174770424681035,0.01371255194,13000.00000023734,0.025085245241039129,0.00019617240614265644,32
40,0.98174770424681035,0.01371255194,13100.000000239523,0.025562648644885794,0.00016262273362155526,32
40,0.98174770424681035,0.01371255194,13200.000000241705,0.025132997032998799,0.00020202615414724763,32
40,0.98174770424681035,0.01371255194,13300.000000243888,0.025112533028934562,0.00016781940319386842,32
40,0.98174770424681035,0.01371255194,13400.000000246071,0.025234087592489286,0.00020662263426539761,32
40,0.98174770424681035,0.01371255194,13500.000000248254,0.025218246849892684,0.00022792190138911281,32
40,0.98174770424681035,0.01371255194,13600.000000250437,0.025498203182072191,0.00021939651623339583,32
40,0.98174770424681035,0.01371255194,13700.000000252619,0.024919055743833993,0.00017029026706581157,32
40,0.98174770424681035,0.01371255194,13800.000000254802,0.025281727263239153,0.00019723794007225264,32
40,0.98174770424681035,0.01371255194,13900.000000256985,0.025276354300007908,0.00015992217115903137,32
40,0.98174770424681035,0.01371255194,14000.000000259168,0.025215240878364593,0.00016010854159671686,32
40,0.98174770424681035,0.01371255194,14100.000000261351,0.025167188832227537,0.00017529417649894176,32
40,0.98174770424681035,0.01371255194,14200.000000263533,0.02541951725981954,0.00019233090817348552,32
40,0.98174770424681035,0.01371255194,14300.000000265716,0.025546751368282113,0.0001884341370432487,32
40,0.98174770424681035,0.01371255194,14400.000000267899,0.025495403865257983,0.00018445267533499801,32
40,0.98174770424681035,0.01371255194,14500.000000270082,0.025106110590874069,0.00019253719838016446,32
40,0.98174770424681035,0.01371255194,14600.000000272265,0.025228135606251461,0.00021735405607469578,32
40,0.98174770424681035,0.01371255194,14700.000000274447,0.025297914804889216,0.00025049759812293619,32
40,0.98174770424681035,0.01371255194,14800.00000027663,0.025215981109532739,0.00023262709322310267,32
40,0.98174770424681035,0.01371255194,14900.000000278813,0.025612898580677272,0.00017421082255839756,32
40,0.98174770424681035,0.01371255194,15000.000000280996,0.025307764804381218,0.00019537221372478326,32
40,0.98174770424681035,0.01371255194,15100.000000283178,0.02527114210347918,0.00022028441687860049,32
40,0.98174770424681035,0.01371255194,15200.000000285361,0.025554889963516722,0.0002177836387516111,32
40,0.98174770424681035,0.01371255194,15300.000000287544,0.025064856402349178,0.00020954753912647876,32
40,0.98174770424681035,0.01371255194,15400.000000289727,0.025349574166560081,0.00017368207722681894,32
40,0.98174770424681035,0.01371255194,15500.00000029191,0.025368791333192364,0.0001709026745455617,32
40,0.98174770424681035,0.01371255194,15600.000000294092,0.024884327016330029,0.00015619709900103676,32
40,0.98174770424681035,0.01371255194,15700.000000296275,0.025454947207794662,0.00020568840387830543,32
40,0.98174770424681035,0.01371255194,15800.000000298458,0.025113176101669611,0.00018797842682521807,32
40,0.98174770424681035,0.01371255194,15900.000000300641,0.025242063350501904,0.00015948531738081635,32
40,0.98174770424681035,0.01371255194,16000.000000302824,0.025365895895543979,0.00016175583513126105,32
40,0.98174770424681035,0.01371255194,16100.000000305006,0.025396741277191808,0.00022239485029579479,32
40,0.98174770424681035,0.01371255194,16200.000000307189,0.025172072905726834,0.00019226742508622027,32
40,0.98174770424681035,0.01371255194,16300.000000309372,0.025296091395723409,0.00022320534531604445,32
40,0.98174770424681035,0.01371255194,16400.000000308642,0.02524111851024401,0.00016716910259046891,32
40,0.98174770424681035,0.01371255194,16500.000000292635,0.025230416375788933,0.00017935931604765132,32
40,0.98174770424681035,0.01371255194,16600.000000276628,0.02511824503122119,0.00016629079559125773,32
40,0.98174770424681035,0.01371255194,16700.000000260621,0.025581536997352342,0.00018470718423929495,32
40,0.98174770424681035,0.01371255194,16800.000000244614,0.025259294115152962,0.00017279061941634919,32
40,0.98174770424681035,0.01371255194,16900.000000228607,0.025328406507925255,0.00017891159374427336,32
40,0.98174770424681035,0.01371255194,17000.0000002126,0.025039974881340722,0.00022388466020426247,32
40,0.98174770424681035,0.01371255194,17100.000000196593,0.025239673533198805,0.00016756879176735618,32
40,0.98174770424681035,0.01371255194,17200.000000180586,0.025027593050814825,0.00021649657129162931,32
40,0.98174770424681035,0.01371255194,17300.000000164579,0.025465400587933031,0.00020521166215058619,32
40,0.98174770424681035,0.01371255194,17400.000000148571,0.025293589190413888,0.00015809502477468967,32
40,0.98174770424681035,0.01371255194,17500.000000132564,0.02518915416143961,0.00017105476291347116,32
40,0.98174770424681035,0.01371255194,17600.000000116557,0.025190961081558823,0.00019149369492399868,32
40,0.98174770424681035,0.01371255194,17700.00000010055,0.025239904076941308,0.00019259143711723549,32
40,0.98174770424681035,0.01371255194,17800.000000084543,0.025277524835110369,0.00018907511810923119,32
40,0.98174770424681035,0.01371255194,17900.000000068536,0.025402621439022638,0.00016035096206183517,32
40,0.98174770424681035,0.01371255194,18000.000000052529,0.02547792851326644,0.00014109738109778611,32
40,0.98174770424681035,0.01371255194,18100.000000036522,0.025291031452394062,0.00017156878614859507,32
40,0.98174770424681035,0.01371255194,18200.000000020515,0.025477780568687974,0.00017309038456034398,32
40,0.98174770424681035,0.01371255194,18300.000000004507,0.025235758325200846,0.00019720106197387036,32
40,0.98174770424681035,0.01371255194,18399.9999999885,0.025494028062409722,0.00019421055408725627,32
40,0.98174770424681035,0.01371255194,18499.999999972493,0.025487930414391732,0.00018629208086985734,32
40,0.98174770424681035,0.01371255194,18599.999999956486,0.025373717531736836,0.00017896324478317932,32
40,0.98174770424681035,0.01371255194,18699.999999940479,0.025335138160326585,0.00017288245748531221,32
40,0.98174770424681035,0.01371255194,18799.999999924472,0.025352913028556634,0.0002088433936677327,32
40,0.98174770424681035,0.01371255194,18899.999999908465,0.025331158967720285,0.00015948097388764805,32
40,0.98174770424681035,0.01371255194,18999.999999892458,0.025576685122319625,0.0001993435070688003,32
40,0.98174770424681035,0.01371255194,19099.999999876451,0.025419610545594676,0.00021287374805848208,32
40,0.98174770424681035,0.01371255194,19199.999999860443,0.024977128558768949,0.00018994455461634181,32
40,0.98174770424681035,0.01371255194,19299.999999844436,0.025442634857901027,0.00016570397074624981,32
40,0.98174770424681035,0.01371255194,19399.999999828429,0.025163990602637992,0.00020772283060753547,32
40,0.98174770424681035,0.01371255194,19499.999999812422,0.024993501221846591,0.0001528323718460831,32
40,0.98174770424681035,0.01371255194,19599.999999796415,0.025035033444007326,0.00019877040374175427,32
40,0.98174770424681035,0.01371255194,19699.999999780408,0.025442396781930925,0.00019704568242481107,32
40,0.98174770424681035,0.01371255194,19799.999999764401,0.025577388411688978,0.00017778892878915793,32
40,0.98174770424681035,0.01371255194,19899.999999748394,0.025233041485361554,0.0001930844449828157,32
40,0.98174770424681035,0.01371255194,19999.999999732387,0.025041398067389819,0.00017943867607895863,32
40,0.98174770424681035,0.01371255194,20099.99999971638,0.02513868217894813,0.00018121167641126475,32
40,0.98174770424681035,0.01371255194,20199.999999700372,0.024969810614928926,0.00017575632116610381,32
40,0.98174770424681035,0.01371255194,20299.999999684365,0.025039060812701512,0.00017540995430109107,32
40,0.98174770424681035,0.01371255194,20399.999999668358,0.025523239245569582,0.00019398579959566917,32
40,0.98174770424681035,0.01371255194,20499.999999652351,0.024909301273165155,0.00019785158333451044,32
40,0.98174770424681035,0.01371255194,20599.999999636344,0.025314329291901357,0.0002323638809075416,32
40,0.98174770424681035,0.01371255194,20699.999999620337,0.025184217807488678,0.00018262778690676486,32
40,0.98174770424681035,0.01371255194,20799.99999960433,0.025120213125176233,0.00016646641718872119,32
40,0.98174770424681035,0.01371255194,20899.999999588323,0.025386520715444519,0.00018175191102599587,32
40,0.98174770424681035,0.01371255194,20999.999999572316,0.02557126013451887,0.00019187408855103898,32
40,0.98174770424681035,0.01371255194,21099.999999556308,0.025414482291305045,0.00019427573694076467,32
40,0.98174770424681035,0.01371255194,21199.999999540301,0.02533007760491399,0.00015143933800965581,32
40,0.98174770424681035,0.01371255194,21299.999999524294,0.025018309187307131,0.00015635311099663297,32
40,0.98174770424681035,0.01371255194,21399.999999508287,0.025358137992197931,0.00020321856638252987,32
40,0.98174770424681035,0.01371255194,21499.99999949228,0.025238095770761117,0.00016288913757119927,32
40,0.98174770424681035,0.01371255194,21599.999999476273,0.02525869478004155,0.00019893974977417466,32
40,0.98174770424681035,0.01371255194,21699.999999460266,0.025187879775569199,0.00023490070140594379,32
40,0.98174770424681035,0.01371255194,21799.999999444259,0.025474412190363404,0.0001693238803108833,32
40,0.98174770424681035,0.01371255194,21899.999999428252,0.025293691819338743,0.00015390708477399355,32
40,0.98174770424681035,0.01371255194,21999.999999412245,0.025253340874714484,0.00018427756235051825,32
40,0.98174770424681035,0.01371255194,22099.999999396237,0.025469750847647642,0.00017584757438893496,32
40,0.98174770424681035,0.01371255194,22199.99999938023,0.02533104737717198,0.00020738708635091349,32
40,0.98174770424681035,0.01371255194,22299.999999364223,0.025396558744692595,0.00019992242282726726,32
40,0.98174770424681035,0.01371255194,22399.999999348216,0.025204076935651624,0.00013829905114003336,32
40,0.98174770424681035,0.01371255194,22499.999999332209,0.025338700273141765,0.0001428784888698012,32
40,0.98174770424681035,0.01371255194,22599.999999316202,0.025488544467667178,0.00014501914976384369,32
40,0.98174770424681035,0.01371255194,22699.999999300195,0.025280812754143261,0.00019032429265360845,32
40,0.98174770424681035,0.01371255194,22799.999999284188,0.024850811268275562,0.00016908377212900805,32
40,0.98174770424681035,0.01371255194,22899.999999268181,0.025284760502630382,0.00016322585542922824,32
40,0.98174770424681035,0.01371255194,22999.999999252173,0.025412493679404444,0.00013501092867080914,32
40,0.98174770424681035,0.01371255194,23099.999999236166,0.02522937651702134,0.00021738064285477829,32
40,0.98174770424681035,0.01371255194,23199.999999220159,0.025060104685766263,0.0001961215340255546,32
40,0.98174770424681035,0.01371255194,23299.999999204152,0.025272037204206576,0.00017716328661204845,32
40,0.98174770424681035,0.01371255194,23399.999999188145,0.025078156583969956,0.00017542907135287104,32
40,0.98174770424681035,0.01371255194,23499.999999172138,0.025302826584886921,0.0001748615825797276,32
40,0.98174770424681035,0.01371255194,23599.999999156131,0.025448609581583494,0.00017836622273199485,32
40,0.98174770424681035,0.01371255194,23699.999999140124,0.025388739574621927,0.0001654599867929555,32
40,0.98174770424681035,0.01371255194,23799.999999124117,0.025106027419205923,0.0002169335824000616,32
40,0.98174770424681035,0.01371255194,23899.999999108109,0.025330140610171987,0.00016907070819353328,32
40,0.98174770424681035,0.01371255194,23999.999999092102,0.025468158743750146,0.00011941610133136449,32
40,0.98174770424681035,0.01371255194,24099.999999076095,0.024824446361433088,0.00017777124792935954,32
40,0.98174770424681035,0.01371255194,24199.999999060088,0.025148069448827994,0.00018285253483737012,32
40,0.98174770424681035,0.01371255194,24299.999999044081,0.025099050030129116,0.00021981840124489513,32
40,0.98174770424681035,0.01371255194,24399.999999028074,0.025101192394334795,0.00017182573401205187,32
40,0.98174770424681035,0.01371255194,24499.999999012067,0.025186920494621356,0.00021470782865370126,32
40,0.98174770424681035,0.01371255194,24599.99999899606,0.025004413557335497,0.00019889118972235445,32
40,0.98174770424681035,0.01371255194,24699.999998980053,0.025171305470028184,0.00020217738770500802,32
40,0.98174770424681035,0.01371255194,24799.999998964046,0.025325555018800374,0.00021631960432710225,32
40,0.98174770424681035,0.01371255194,24899.999998948038,0.025348395116552944,0.00014185295041990926,32
40,0.98174770424681035,0.01371255194,24999.999998932031,0.025443797453498923,0.00019690788408786028,32
40,0.98174770424681035,0.01371255194,25099.999998916024,0.025134856921601334,0.00019454749846178616,32
40,0.98174770424681035,0.01371255194,25199.999998900017,0.025380771572237091,0.00016700162913364935,32
40,0.98174770424681035,0.01371255194,25299.99999888401,0.025180307732687583,0.00015553363937010841,32
40,0.98174770424681035,0.01371255194,25399.999998868003,0.02526005815328964,0.00018553598416239686,32
40,0.98174770424681035,0.01371255194,25499.999998851996,0.025112351899476228,0.00019233688291404326,32
40,0.98174770424681035,0.01371255194,25599.999998835989,0.025298854820139379,0.00019452123974599545,32
40,0.98174770424681035,0.01371255194,25699.999998819982,0.025141732251043197,0.0002346728161088491,32
40,0.98174770424681035,0.01371255194,25799.999998803974,0.025340460731939435,0.00025192552223502732,32
40,0.98174770424681035,0.01371255194,25899.999998787967,0.0253355617999763,0.00023474146439185972,32
40,0.98174770424681035,0.01371255194,25999.99999877196,0.025501015371609825,0.00019640114612512282,32
40,0.98174770424681035,0.01371255194,26099.999998755953,0.025588622152364595,0.00016172578624259448,32
40,0.98174770424681035,0.01371255194,26199.999998739946,0.025045233536646453,0.00018465431831718112,32
40,0.98174770424681035,0.01371255194,26299.999998723939,0.025541729834442153,0.00017678711931415052,32
40,0.98174770424681035,0.01371255194,26399.999998707932,0.025415021378571028,0.00021450099485216011,32
40,0.98174770424681035,0.01371255194,26499.999998691925,0.025343875768973727,0.00020487987714142556,32
40,0.98174770424681035,0.01371255194,26599.999998675918,0.025372431489880574,0.00017861442096505669,32
40,0.98174770424681035,0.01371255194,26699.99999865991,0.02516274662020462,0.00018715508112938752,32
40,0.98174770424681035,0.01371255194,26799.999998643903,0.025328465957025731,0.00020793281730876719,32
40,0.98174770424681035,0.01371255194,26899.999998627896,0.025299256637692218,0.00020191796324064217,32
40,0.98174770424681035,0.01371255194,26999.999998611889,0.025684901950689714,0.00022903401789299525,32
40,0.98174770424681035,0.01371255194,27099.999998595882,0.025524024623716231,0.00017595684212115309,32
40,0.98174770424681035,0.01371255194,27199.999998579875,0.025714033068402819,0.00019575878594102602,32
40,0.98174770424681035,0.01371255194,27299.999998563868,0.025311151527762088,0.0001972534369235277,32
40,0.98174770424681035,0.01371255194,27399.999998547861,0.024951338950502597,0.0002078340040216611,32
40,0.98174770424681035,0.01371255194,27499.999998531854,0.025390290187691442,0.00019518063316916576,32
40,0.98174770424681035,0.01371255194,27599.999998515847,0.025177561948729769,0.00021106710656569713,32
40,0.98174770424681035,0.01371255194,27699.999998499839,0.025245183920864282,0.00019077246387763492,32
40,0.98174770424681035,0.01371255194,27799.999998483832,0.025165359657409101,0.00018672118778843632,32
40,0.98174770424681035,0.01371255194,27899.999998467825,0.025650783249422243,0.00021459175632572867,32
40,0.98174770424681035,0.01371255194,27999.999998451818,0.025305064659324503,0.00020143671631042351,32
40,0.98174770424681035,0.01371255194,28099.999998435811,0.024971048049472352,0.00018428438053156882,32
40,0.98174770424681035,0.01371255194,28199.999998419804,0.025356779759376117,0.00016133856374668163,32
40,0.98174770424681035,0.01371255194,28299.999998403797,0.025456165649313207,0.00018856639863174397,32
40,0.98174770424681035,0.01371255194,28399.99999838779,0.025106232476471448,0.00019259512407047635,32
40,0.98174770424681035,0.01371255194,28499.999998371783,0.024986700572894316,0.00017940682579335133,32
40,0.98174770424681035,0.01371255194,28599.999998355775,0.025497312002524194,0.00015878087751812581,32
40,0.98174770424681035,0.01371255194,28699.999998339768,0.025290887242242929,0.00017221396102372094,32
40,0.98174770424681035,0.01371255194,28799.999998323761,0.025374877957401273,0.00018684777905214587,32
40,0.98174770424681035,0.01371255194,28899.999998307754,0.025062011093211548,0.00019229419714744854,32
40,0.98174770424681035,0.01371255194,28999.999998291747,0.025109306985570283,0.0002287077197963001,32
40,0.98174770424681035,0.01371255194,29099.99999827574,0.025265243010789886,0.00020625969655819999,32
40,0.98174770424681035,0.01371255194,29199.999998259733,0.025403289376741307,0.00017181334838543849,32
40,0.98174770424681035,0.01371255194,29299.999998243726,0.025307047435769971,0.00022908908140916451,32
40,0.98174770424681035,0.01371255194,29399.999998227719,0.025282213759022194,0.00019120920453001054,32
40,0.98174770424681035,0.01371255194,29499.999998211711,0.025451148806235169,0.00018044852622684193,32
40,0.98174770424681035,0.01371255194,29599.999998195704,0.025213051645388663,0.00020534912386600655,32
40,0.98174770424681035,0.01371255194,29699.999998179697,0.025208503649418155,0.00019446511774449086,32
40,0.98174770424681035,0.01371255194,29799.99999816369,0.025042495577569681,0.00016681429665145925,32
40,0.98174770424681035,0.01371255194,29899.999998147683,0.025647716298863053,0.00020687724926559409,32
40,0.98174770424681035,0.01371255194,29999.999998131676,0.02504012880521032,0.00019051661387057449,32
40,0.98174770424681035,0.01371255194,30099.999998115669,0.025336033662174826,0.00021467830682234275,32
40,0.98174770424681035,0.01371255194,30199.999998099662,0.025182435238520831,0.00015805512714165676,32
40,0.98174770424681035,0.01371255194,30299.999998083655,0.025218791542789738,0.00021019734069073002,32
40,0.98174770424681035,0.01371255194,30399.999998067648,0.025081581245909739,0.00013656447522575265,32
40,0.98174770424681035,0.01371255194,30499.99999805164,0.025189920187624004,0.00019314355285611484,32
40,0.98174770424681035,0.01371255194,30599.999998035633,0.025352261460750068,0.00020030959602272805,32
40,0.98174770424681035,0.01371255194,30699.999998019626,0.024950716830513128,0.00016250609169635169,32
40,0.98174770424681035,0.01371255194,30799.999998003619,0.025364128344210833,0.0002204333440294884,32
40,0.98174770424681035,0.01371255194,30899.999997987612,0.025317423500093101,0.00024057789987159961,32
40,0.98174770424681035,0.01371255194,30999.999997971605,0.025414234193446256,0.00017724413594254979,32
40,0.98174770424681035,0.01371255194,31099.999997955598,0.02548600270414339,0.00013135580086639994,32
40,0.98174770424681035,0.01371255194,31199.999997939591,0.025475434817295556,0.00018147846386651521,32
40,0.98174770424681035,0.01371255194,31299.999997923584,0.024880302963127026,0.00017501089096431542,32
40,0.98174770424681035,0.01371255194,31399.999997907576,0.025335008818456486,0.00020300023406279142,32
40,0.98174770424681035,0.01371255194,31499.999997891569,0.025046561532259377,0.00016398371986247939,32
40,0.98174770424681035,0.01371255194,31599.999997875562,0.024820258357548475,0.00021532569020957161,32
40,0.98174770424681035,0.01371255194,31699.999997859555,0.025237215095746567,0.00016238382710164338,32
40,0.98174770424681035,0.01371255194,31799.999997843548,0.02556345559569102,0.00020326752322898361,32
40,0.98174770424681035,0.01371255194,31899.999997827541,0.025171431876497442,0.00019491956892618166,32
40,0.98174770424681035,0.01371255194,31999.999997811534,0.025680183719768528,0.00016682281590580248,32
40,0.98174770424681035,0.01371255194,32099.999997795527,0.025261832274864456,0.00013931651190269404,32
40,0.98174770424681035,0.01371255194,32199.99999777952,0.02502246341572583,0.00021228463096247815,32
40,0.98174770424681035,0.01371255194,32299.999997763513,0.025274694944428189,0.0002157880881399075,32
40,0.98174770424681035,0.01371255194,32399.999997747505,0.025426391319498684,0.00016157080736143513,32
40,0.98174770424681035,0.01371255194,32499.999997731498,0.02559791051878315,0.00016578395255782024,32
40,0.98174770424681035,0.01371255194,32599.999997715491,0.025179039459944649,0.00019624116028161867,32
40,0.98174770424681035,0.01371255194,32699.999997699484,0.025242755633453802,0.00019767334378116558,32
40,0.98174770424681035,0.01371255194,32799.999997695115,0.025104984184544193,0.00017326565908975841,32
40,0.98174770424681035,0.01371255194,32899.999997715488,0.025464966408546997,0.00019378633764033799,32
40,0.98174770424681035,0.01371255194,32999.99999773586,0.025008579064199787,0.0001645955280127159,32
40,0.98174770424681035,0.01371255194,33099.999997756233,0.025440248462793295,0.00016938252455459831,32
40,0.98174770424681035,0.01371255194,33199.999997776606,0.025267778198728476,0.00013792289631625045,32
40,0.98174770424681035,0.01371255194,33299.999997796978,0.025388695857299793,0.00015475249957302338,32
40,0.98174770424681035,0.01371255194,33399.999997817351,0.025426829452252386,0.00020276270518597666,32
40,0.98174770424681035,0.01371255194,33499.999997837724,0.024912495353327232,0.00018836417091979866,32
40,0.98174770424681035,0.01371255194,33599.999997858096,0.02514222002092447,0.00016926214878555613,32
40,0.98174770424681035,0.01371255194,33699.999997878469,0.025435203267526976,0.00019205705130512135,32
40,0.98174770424681035,0.01371255194,33799.999997898842,0.025557012466691561,0.00014921214098725228,32
40,0.98174770424681035,0.01371255194,33899.999997919214,0.025209196123381912,0.00019453111787128097,32
40,0.98174770424681035,0.01371255194,33999.999997939587,0.025214341944779457,0.0002353712691528375,32
40,0.98174770424681035,0.01371255194,34099.99999795996,0.025521165164725537,0.00018273349307722979,32
40,0.98174770424681035,0.01371255194,34199.999997980332,0.025415513070077764,0.00018465619966394982,32
40,0.98174770424681035,0.01371255194,34299.999998000705,0.025364151792598703,0.00021595016943469467,32
40,0.98174770424681035,0.01371255194,34399.999998021078,0.025307392837613799,0.00021309201782801593,32
40,0.98174770424681035,0.01371255194,34499.99999804145,0.025411038324176231,0.00022479439315900487,32
40,0.98174770424681035,0.01371255194,34599.999998061823,0.025111502567020445,0.00022331124942515687,32
40,0.98174770424681035,0.01371255194,34699.999998082196,0.025009045163563656,0.00021847538341468426,32
40,0.98174770424681035,0.01371255194,34799.999998102568,0.025312046197283257,0.00018360048436219672,32
40,0.98174770424681035,0.01371255194,34899.999998122941,0.025420411696242564,0.00020216629355610113,32
40,0.98174770424681035,0.01371255194,34999.999998143314,0.025392351018936828,0.00019343492738646342,32
40,0.98174770424681035,0.01371255194,35099.999998163687,0.025200796970006427,0.00016778665072932509,32
40,0.98174770424681035,0.01371255194,35199.999998184059,0.025432824204234112,0.00015346882196859584,32
40,0.98174770424681035,0.01371255194,35299.999998204432,0.025370050817509652,0.00017658380221196861,32
40,0.98174770424681035,0.01371255194,35399.999998224805,0.025492825800784977,0.00020985643097378465,32
40,0.98174770424681035,0.01371255194,35499.999998245177,0.02508828863026966,0.00021740332490257524,32
40,0.98174770424681035,0.01371255194,35599.99999826555,0.025363042885541476,0.0001934219705215005,32
40,0.98174770424681035,0.01371255194,35699.999998285923,0.025009523323264879,0.00019622145137950797,32
40,0.98174770424681035,0.01371255194,35799.999998306295,0.025116844785149677,0.00016729660780028928,32
40,0.98174770424681035,0.01371255194,35899.999998326668,0.025272991454731844,0.00016609795473009273,32
40,0.98174770424681035,0.01371255194,35999.999998347041,0.025253440311320725,0.00021821414173786089,32
40,0.98174770424681035,0.01371255194,36099.999998367413,0.02538297007098719,0.00016845978994132829,32
40,0.98174770424681035,0.01371255194,36199.999998387786,0.025383249959749513,0.00018767316116896746,32
40,0.98174770424681035,0.01371255194,36299.999998408159,0.025208075496403554,0.00015595777950023012,32
40,0.98174770424681035,0.01371255194,36399.999998428531,0.025549627700872428,0.00020396074482387504,32
40,0.98174770424681035,0.01371255194,36499.999998448904,0.025264206536344345,0.00015590813491248416,32
40,0.98174770424681035,0.01371255194,36599.999998469277,0.025123808212686588,0.00019882413307687887,32
40,0.98174770424681035,0.01371255194,36699.999998489649,0.025317965418212924,0.00018170362465119193,32
40,0.98174770424681035,0.01371255194,36799.999998510022,0.025432915573935067,0.00019038044269977894,32
40,0.98174770424681035,0.01371255194,36899.999998530395,0.025379899018452064,0.00019408082492017306,32
40,0.98174770424681035,0.01371255194,36999.999998550767,0.025258753628493582,0.00015578947285541821,32
40,0.98174770424681035,0.01371255194,37099.99999857114,0.025201198523052734,0.00016027961903317261,32
40,0.98174770424681035,0.01371255194,37199.999998591513,0.025290567121820599,0.00021049494882015713,32
40,0.98174770424681035,0.01371255194,37299.999998611886,0.024891107856128532,0.00020302098913418815,32
40,0.98174770424681035,0.01371255194,37399.999998632258,0.025362313000894959,0.00019576284314565926,32
40,0.98174770424681035,0.01371255194,37499.999998652631,0.025473728871828007,0.00022933810603508121,32
40,0.98174770424681035,0.01371255194,37599.999998673004,0.025067051384863568,0.00017240025625474777,32
40,0.98174770424681035,0.01371255194,37699.999998693376,0.025311319650438237,0.0001892561302760459,32
40,0.98174770424681035,0.01371255194,37799.999998713749,0.025570353460961797,0.00020329356475341564,32
40,0.98174770424681035,0.01371255194,37899.999998734122,0.025108963076064944,0.00018574490750661958,32
40,0.98174770424681035,0.01371255194,37999.999998754494,0.025365842995034034,0.00016524666103926954,32
40,0.98174770424681035,0.01371255194,38099.999998774867,0.025355879817737046,0.00016393043468719551,32
40,0.98174770424681035,0.01371255194,38199.99999879524,0.025279273697420026,0.00019482645336546807,32
40,0.98174770424681035,0.01371255194,38299.999998815612,0.025599631805647234,0.00020549631168025661,32
40,0.98174770424681035,0.01371255194,38399.999998835985,0.025710500507929508,0.00019446568201108246,32
40,0.98174770424681035,0.01371255194,38499.999998856358,0.025213340742284963,0.00019698046894633728,32
40,0.98174770424681035,0.01371255194,38599.99999887673,0.025434585087730013,0.00025442241941788771,32
40,0.98174770424681035,0.01371255194,38699.999998897103,0.025271352402483949,0.00020118416096598154,32
40,0.98174770424681035,0.01371255194,38799.999998917476,0.025163350667968907,0.00021650671647122443,32
40,0.98174770424681035,0.01371255194,38899.999998937848,0.025088272355760055,0.00019180066343029123,32
40,0.98174770424681035,0.01371255194,38999.999998958221,0.025550458959109058,0.00014575783044151752,32
40,0.98174770424681035,0.01371255194,39099.999998978594,0.025315415477044762,0.00020622371694752588,32
40,0.98174770424681035,0.01371255194,39199.999998998966,0.025457609883244484,0.00018746299836302566,32
40,0.98174770424681035,0.01371255194,39299.999999019339,0.025595260460934896,0.00019070280227166054,32
40,0.98174770424681035,0.01371255194,39399.999999039712,0.025819025834396346,0.00016307679654323099,32
40,0.98174770424681035,0.01371255194,39499.999999060085,0.025259186031299192,0.000192502618608688,32
40,0.98174770424681035,0.01371255194,39599.999999080457,0.025543440115625093,0.00018228807315808149,32
40,0.98174770424681035,0.01371255194,39699.99999910083,0.025093638337640445,0.00018074788557535706,32
40,0.98174770424681035,0.01371255194,39799.999999121203,0.024841458478943586,0.0001859803030324781,32
40,0.98174770424681035,0.01371255194,39899.999999141575,0.025173382874619777,0.00017194696946762919,32
40,0.98174770424681035,0.01371255194,39999.999999161948,0.025360740016385712,0.00017075616853013369,32
40,0.98174770424681035,0.01371255194,40099.999999182321,0.025236463548637525,0.00016756476073276412,32
40,0.98174770424681035,0.01371255194,40199.999999202693,0.02526334614987806,0.00012978714931692167,32
40,0.98174770424681035,0.01371255194,40299.999999223066,0.025346673615076906,0.00019189469374305119,32
40,0.98174770424681035,0.01371255194,40399.999999243439,0.025336405571467609,0.0001394996506072645,32
40,0.98174770424681035,0.01371255194,40499.999999263811,0.02557635205502385,0.00019581996437000035,32
40,0.98174770424681035,0.01371255194,40599.999999284184,0.025163713335933275,0.00014643093853538227,32
40,0.98174770424681035,0.01371255194,40699.999999304557,0.025307640398486035,0.00020446896440912224,32
40,0.98174770424681035,0.01371255194,40799.999999324929,0.025059907547657984,0.0001608321627876844,32
40,0.98174770424681035,0.01371255194,40899.999999345302,0.025319934413410624,0.00014708432765074344,32
40,0.98174770424681035,0.01371255194,40999.999999365675,0.025419960816972859,0.00018631770402517746,32
40,0.98174770424681035,0.01371255194,41099.999999386047,0.025265785966238314,0.00018032989616011968,32
40,0.98174770424681035,0.01371255194,41199.99999940642,0.02519138172894218,0.00015769314734140089,32
40,0.98174770424681035,0.01371255194,41299.999999426793,0.025355989901605716,0.00011753584261688773,32
40,0.98174770424681035,0.01371255194,41399.999999447165,0.025237479988916497,0.00016081815189346638,32
40,0.98174770424681035,0.01371255194,41499.999999467538,0.025368888611789618,0.00021676751033678228,32
40,0.98174770424681035,0.01371255194,41599.999999487911,0.025254888745119046,0.00021310706398215172,32
40,0.98174770424681035,0.01371255194,41699.999999508284,0.025175855884143446,0.00019802657775192545,32
40,0.98174770424681035,0.01371255194,41799.999999528656,0.025072731294801323,0.0001631424961021407,32
40,0.98174770424681035,0.01371255194,41899.999999549029,0.025617184763590494,0.00018643993156890255,32
40,0.98174770424681035,0.01371255194,41999.999999569402,0.025264866158355725,0.00018329652504348872,32
40,0.98174770424681035,0.01371255194,42099.999999589774,0.025398069761838234,0.00021106101085796358,32
40,0.98174770424681035,0.01371255194,42199.999999610147,0.025462570480111246,0.00017397431601344303,32
40,0.98174770424681035,0.01371255194,42299.99999963052,0.025225211511880841,0.00018785347188731767,32
40,0.98174770424681035,0.01371255194,42399.999999650892,0.02509825469199542,0.00018701093161931919,32
40,0.98174770424681035,0.01371255194,42499.999999671265,0.025065764131725898,0.00021334203012813216,32
40,0.98174770424681035,0.01371255194,42599.999999691638,0.025335853992454922,0.0001679017502330026,32
40,0.98174770424681035,0.01371255194,42699.99999971201,0.025184849095224372,0.00019903686493470419,32
40,0.98174770424681035,0.01371255194,42799.999999732383,0.025227794080853138,0.00016312416197416445,32
40,0.98174770424681035,0.01371255194,42899.999999752756,0.025312043668164447,0.00021965192862825178,32
40,0.98174770424681035,0.01371255194,42999.999999773128,0.025276502154655902,0.00024103378419208289,32
40,0.98174770424681035,0.01371255194,43099.999999793501,0.025169319270284044,0.00017569982874487858,32
40,0.98174770424681035,0.01371255194,43199.999999813874,0.025319429815485985,0.00016681040577348804,32
40,0.98174770424681035,0.01371255194,43299.999999834246,0.024981922643784162,0.00021668746820486555,32
40,0.98174770424681035,0.01371255194,43399.999999854619,0.025450332113958831,0.00018564889651171096,32
40,0.98174770424681035,0.01371255194,43499.999999874992,0.025136557901523103,0.00019023016319577954,32
40,0.98174770424681035,0.01371255194,43599.999999895364,0.025258381487489965,0.00019159915541356275,32
40,0.98174770424681035,0.01371255194,43699.999999915737,0.02551792625225198,0.00017090170016089426,32
40,0.98174770424681035,0.01371255194,43799.99999993611,0.025025142298748373,0.00019774878923979418,32
40,0.98174770424681035,0.01371255194,43899.999999956482,0.025318904864192516,0.00024949412825478907,32
40,0.98174770424681035,0.01371255194,43999.999999976855,0.025615200538440495,0.00016289100927359979,32
40,0.98174770424681035,0.01371255194,44099.999999997228,0.025272845181550721,0.00020786780149203499,32
40,0.98174770424681035,0.01371255194,44200.000000017601,0.0254214646922881,0.0002203029279767862,32
40,0.98174770424681035,0.01371255194,44300.000000037973,0.025260267962956145,0.00021172488538475894,32
40,0.98174770424681035,0.01371255194,44400.000000058346,0.025226814071642574,0.00018691907679804114,32
40,0.98174770424681035,0.01371255194,44500.000000078719,0.025190308793429029,0.00018665707565636831,32
40,0.98174770424681035,0.01371255194,44600.000000099091,0.025373829345015086,0.00017198589703419832,32
40,0.98174770424681035,0.01371255194,44700.000000119464,0.025144412572182275,0.00023098917228026912,32
40,0.98174770424681035,0.01371255194,44800.000000139837,0.025396192754704311,0.00019042838692867901,32
40,0.98174770424681035,0.01371255194,44900.000000160209,0.025058017409282009,0.00019469560759497617,32
40,0.98174770424681035,0.01371255194,45000.000000180582,0.025375802498628475,0.00017307478278036996,32
40,0.98174770424681035,0.01371255194,45100.000000200955,0.025326857241793385,0.00017676490734871135,32
40,0.98174770424681035,0.01371255194,45200.000000221327,0.025076097762061374,0.00018309927579802216,32
40,0.98174770424681035,0.01371255194,45300.0000002417,0.025467438162525842,0.00020110011656032431,32
40,0.98174770424681035,0.01371255194,45400.000000262073,0.025432606158851744,0.00024902494354510981,32
40,0.98174770424681035,0.01371255194,45500.000000282445,0.0251260125725499,0.00021846942717822012,32
40,0.98174770424681035,0.01371255194,45600.000000302818,0.025525148658847072,0.00017127629697353877,32
40,0.98174770424681035,0.01371255194,45700.000000323191,0.025120037110797015,0.00016580655760526356,32
40,0.98174770424681035,0.01371255194,45800.000000343563,0.025228120756303554,0.00014971661143758802,32
40,0.98174770424681035,0.01371255194,45900.000000363936,0.025035584026848825,0.00014054678324450869,32
40,0.98174770424681035,0.01371255194,46000.000000384309,0.025422861268139904,0.00018644246283847223,32
40,0.98174770424681035,0.01371255194,46100.000000404681,0.025251169478984266,0.00018896428319273957,32
40,0.98174770424681035,0.01371255194,46200.000000425054,0.025401840167983761,0.00018591923895827143,32
40,0.98174770424681035,0.01371255194,46300.000000445427,0.025074116617241272,0.00019233953535926818,32
40,0.98174770424681035,0.01371255194,46400.0000004658,0.025282358675809181,0.00019467767445141887,32
40,0.98174770424681035,0.01371255194,46500.000000486172,0.02535772062965698,0.00023909737651113227,32
40,0.98174770424681035,0.01371255194,46600.000000506545,0.025286666368478577,0.0001476732411375227,32
40,0.98174770424681035,0.01371255194,46700.000000526918,0.025201079863814403,0.00021819367313687202,32
40,0.98174770424681035,0.01371255194,46800.00000054729,0.025483725939520051,0.00019989904469486908,32
40,0.98174770424681035,0.01371255194,46900.000000567663,0.025013663240756684,0.00016117622694531041,32
40,0.98174770424681035,0.01371255194,47000.000000588036,0.025201459866200662,0.00017325124361374151,32
40,0.98174770424681035,0.01371255194,47100.000000608408,0.025178193303191005,0.00019623266994834432,32
40,0.98174770424681035,0.01371255194,47200.000000628781,0.025286086204293345,0.00023246001183178605,32
40,0.98174770424681035,0.01371255194,47300.000000649154,0.025109155667666513,0.00020371108022892629,32
40,0.98174770424681035,0.01371255194,47400.000000669526,0.025301901497198871,0.00020005539844350544,32
40,0.98174770424681035,0.01371255194,47500.000000689899,0.025381569178927182,0.00019308579995152376,32
40,0.98174770424681035,0.01371255194,47600.000000710272,0.025092521280195321,0.00022426011437831067,32
40,0.98174770424681035,0.01371255194,47700.000000730644,0.025343065691726903,0.00019634787228594422,32
40,0.98174770424681035,0.01371255194,47800.000000751017,0.025345854598924501,0.00021287257794338864,32
40,0.98174770424681035,0.01371255194,47900.00000077139,0.025109406425858464,0.00021668866445275186,32
40,0.98174770424681035,0.01371255194,48000.000000791762,0.025079049216233575,0.00015953670206873572,32
40,0.98174770424681035,0.01371255194,48100.000000812135,0.025529773589003841,0.00016405483054953565,32
40,0.98174770424681035,0.01371255194,48200.000000832508,0.025196248471552312,0.00018015099914471083,32
40,0.98174770424681035,0.01371255194,48300.00000085288,0.025110517726886671,0.00017717169935596865,32
40,0.98174770424681035,0.01371255194,48400.000000873253,0.02500323520570813,0.00019947980767617241,32
40,0.98174770424681035,0.01371255194,48500.000000893626,0.02531571393425229,0.00017550856160749049,32
40,0.98174770424681035,0.01371255194,48600.000000913999,0.025283987728664959,0.00015030593370631563,32
40,0.98174770424681035,0.01371255194,48700.000000934371,0.025322340426017026,0.00015832705520426633,32
40,0.98174770424681035,0.01371255194,48800.000000954744,0.025535116224307285,0.00017493130072762008,32
40,0.98174770424681035,0.01371255194,48900.000000975117,0.025170795756270067,0.00018784905548753449,32
40,0.98174770424681035,0.01371255194,49000.000000995489,0.025485902921150799,0.00019076426977287475,32
40,0.98174770424681035,0.01371255194,49100.000001015862,0.025247158872021967,0.00022587753987061255,32
40,0.98174770424681035,0.01371255194,49200.000001036235,0.0252627438338093,0.00019380007833905746,32
40,0.98174770424681035,0.01371255194,49300.000001056607,0.025157831129334812,0.00017463121531903269,32
40,0.98174770424681035,0.01371255194,49400.00000107698,0.025651814688599815,0.00022120565754602304,32
40,0.98174770424681035,0.01371255194,49500.000001097353,0.025293774193349612,0.00015767023517784996,32
40,0.98174770424681035,0.01371255194,49600.000001117725,0.025198702780201788,0.00016323137016515028,32
40,0.98174770424681035,0.01371255194,49700.000001138098,0.025255084458240842,0.00016974167305347629,32
40,0.98174770424681035,0.01371255194,49800.000001158471,0.025059161075647315,0.00019061059639693731,32
40,0.98174770424681035,0.01371255194,49900.000001178843,0.025291387124732428,0.00020087030352022872,32
40,0.98174770424681035,0.01371255194,50000.000001199216,0.025416570016903887,0.00017907230143117709,32
48,1.1780972450961724,0.019523669739999999,100.00000000001425,0.02530689719655883,0.00016050492523508305,32
48,1.1780972450961724,0.019523669739999999,199.99999999996308,0.025401533378588595,0.00018400949629175488,32
48,1.1780972450961724,0.019523669739999999,299.99999999987216,0.025120739448617986,0.00013593122270728585,32
48,1.1780972450961724,0.019523669739999999,399.99999999978121,0.025223742023208935,0.00015935162248346355,32
48,1.1780972450961724,0.019523669739999999,499.99999999969026,0.025192523541995762,0.00015085457795920045,32
48,1.1780972450961724,0.019523669739999999,599.99999999959937,0.02546872412967028,0.00016607080953736221,32
48,1.1780972450961724,0.019523669739999999,699.99999999950842,0.025342159539207567,0.00016644087784424948,32
48,1.1780972450961724,0.019523669739999999,799.99999999941747,0.025542003858505767,0.00014211482758304624,32
48,1.1780972450961724,0.019523669739999999,899.99999999932652,0.025078519383096694,0.00015683083142230156,32
48,1.1780972450961724,0.019523669739999999,999.99999999923557,0.025173393116969967,0.00017998982484104825,32
48,1.1780972450961724,0.019523669739999999,1099.9999999991446,0.025131032406619291,0.0001671682122535683,32
48,1.1780972450961724,0.019523669739999999,1199.9999999990537,0.025488116476412987,0.00013755626101291782,32
48,1.1780972450961724,0.019523669739999999,1299.9999999989627,0.025100159143585071,0.00017067406782584368,32
48,1.1780972450961724,0.019523669739999999,1399.9999999988718,0.025275494493966974,0.00018058327986977184,32
48,1.1780972450961724,0.019523669739999999,1499.9999999987808,0.02529228092834971,0.00015706950916219431,32
48,1.1780972450961724,0.019523669739999999,1599.9999999986899,0.025372889355637373,0.00011070487788260549,32
48,1.1780972450961724,0.019523669739999999,1699.9999999985989,0.025478116978241698,0.00015550002473771785,32
48,1.1780972450961724,0.019523669739999999,1799.999999998508,0.025229025121511973,0.00014297802188727355,32
48,1.1780972450961724,0.019523669739999999,1899.999999998417,0.025280056459454209,0.00016502663234155274,32
48,1.1780972450961724,0.019523669739999999,1999.9999999983261,0.025322813035349657,0.00020692049938294749,32
48,1.1780972450961724,0.019523669739999999,2099.9999999994175,0.025622350199312006,0.00013444375233698691,32
48,1.1780972450961724,0.019523669739999999,2200.0000000016003,0.025335708716809964,0.00014922668347685519,32
48,1.1780972450961724,0.019523669739999999,2300.000000003783,0.02492128015489806,0.00016260252834091201,32
48,1.1780972450961724,0.019523669739999999,2400.0000000059658,0.025374190647455996,0.00016228812181164342,32
48,1.1780972450961724,0.019523669739999999,2500.0000000081486,0.024973006624517038,0.00012908388437062252,32
48,1.1780972450961724,0.019523669739999999,2600.0000000103314,0.025336251676815948,0.00015621540746886832,32
48,1.1780972450961724,0.019523669739999999,2700.0000000125142,0.025221548864949948,0.00014319222443492078,32
48,1.1780972450961724,0.019523669739999999,2800.000000014697,0.025191227357484122,0.0001452419237727522,32
48,1.1780972450961724,0.019523669739999999,2900.0000000168798,0.02505050449522607,0.00015871629691163784,32
48,1.1780972450961724,0.019523669739999999,3000.0000000190626,0.025345455110941217,0.00015654127611411018,32
48,1.1780972450961724,0.019523669739999999,3100.0000000212453,0.025413033075264022,0.00015639869430578295,32
48,1.1780972450961724,0.019523669739999999,3200.0000000234281,0.025495415104594809,0.00011717732518125269,32
48,1.1780972450961724,0.019523669739999999,3300.0000000256109,0.025584896347168554,0.00021215522487491009,32
48,1.1780972450961724,0.019523669739999999,3400.0000000277937,0.025465978534324044,0.00013118108778263459,32
48,1.1780972450961724,0.019523669739999999,3500.0000000299765,0.0252536167321782,0.00012415039099427296,32
48,1.1780972450961724,0.019523669739999999,3600.0000000321593,0.025133937948625631,0.00014118523539470852,32
48,1.1780972450961724,0.019523669739999999,3700.0000000343421,0.025522715865122413,0.00018136692468987914,32
48,1.1780972450961724,0.019523669739999999,3800.0000000365249,0.025445534796492843,0.00016506795871838671,32
48,1.1780972450961724,0.019523669739999999,3900.0000000387076,0.025560143083221871,0.00019757318362111437,32
48,1.1780972450961724,0.019523669739999999,4000.0000000408904,0.025373846335820138,0.00014354555830597447,32
48,1.1780972450961724,0.019523669739999999,4100.0000000430728,0.02557408979881878,0.00017166094389887727,32
48,1.1780972450961724,0.019523669739999999,4200.0000000452555,0.025182529493201794,0.00017093343446455809,32
48,1.1780972450961724,0.019523669739999999,4300.0000000474383,0.025218532032124298,0.00016787743499594156,32
48,1.1780972450961724,0.019523669739999999,4400.0000000496211,0.025091021143648702,0.00015097096542468819,32
48,1.1780972450961724,0.019523669739999999,4500.0000000518039,0.025132716379988523,0.00019997874930425727,32
48,1.1780972450961724,0.019523669739999999,4600.0000000539867,0.025253277371768419,0.0001606616937918247,32
48,1.1780972450961724,0.019523669739999999,4700.0000000561695,0.025388726955452769,0.00014794884704787969,32
48,1.1780972450961724,0.019523669739999999,4800.0000000583523,0.025437150748358131,0.00017194662504009856,32
48,1.1780972450961724,0.019523669739999999,4900.0000000605351,0.025314318990908084,0.00017041457537112994,32
48,1.1780972450961724,0.019523669739999999,5000.0000000627178,0.025338978606820887,0.00015552916660763311,32
48,1.1780972450961724,0.019523669739999999,5100.0000000649006,0.025284164725996424,0.00013406580027080608,32
48,1.1780972450961724,0.019523669739999999,5200.0000000670834,0.025203918176949183,0.00015551536519294051,32
48,1.1780972450961724,0.019523669739999999,5300.0000000692662,0.025433694305255609,0.00015152931805453938,32
48,1.1780972450961724,0.019523669739999999,5400.000000071449,0.025216114686756379,0.00015674333547221445,32
48,1.1780972450961724,0.019523669739999999,5500.0000000736318,0.025283901999304775,0.00015337300462298653,32
48,1.1780972450961724,0.019523669739999999,5600.0000000758146,0.025307615144278546,0.00014662122679608901,32
48,1.1780972450961724,0.019523669739999999,5700.0000000779974,0.025421056565883605,0.00014896138946440335,32
48,1.1780972450961724,0.019523669739999999,5800.0000000801801,0.025132696350765656,0.00013492392993713447,32
48,1.1780972450961724,0.019523669739999999,5900.0000000823629,0.025450214728855055,0.00014409741580856647,32
48,1.1780972450961724,0.019523669739999999,6000.0000000845457,0.025494550014566294,0.0001549178363450524,32
48,1.1780972450961724,0.019523669739999999,6100.0000000867285,0.025425583906957219,0.00020127849148016542,32
48,1.1780972450961724,0.019523669739999999,6200.0000000889113,0.025571247743487086,0.00017702531891843187,32
48,1.1780972450961724,0.019523669739999999,6300.0000000910941,0.025288808445972453,0.00015752955967740845,32
48,1.1780972450961724,0.019523669739999999,6400.0000000932769,0.025438736623672867,0.00019072186223182137,32
48,1.1780972450961724,0.019523669739999999,6500.0000000954597,0.02536284678042558,0.00015052905907503438,32
48,1.1780972450961724,0.019523669739999999,6600.0000000976424,0.02522841865862779,0.00017609620105994586,32
48,1.1780972450961724,0.019523669739999999,6700.0000000998252,0.025194968864611811,0.00013167249218572614,32
48,1.1780972450961724,0.019523669739999999,6800.000000102008,0.025150023683068005,0.00017340494340932952,32
48,1.1780972450961724,0.019523669739999999,6900.0000001041908,0.02539001126952798,0.00016486544016412955,32
48,1.1780972450961724,0.019523669739999999,7000.0000001063736,0.024892100929984298,0.0001728639683217529,32
48,1.1780972450961724,0.019523669739999999,7100.0000001085564,0.025406311785549803,0.00016706023111609243,32
48,1.1780972450961724,0.019523669739999999,7200.0000001107392,0.025169267303068479,0.00013898481835131026,32
48,1.1780972450961724,0.019523669739999999,7300.000000112922,0.025039858380754561,0.00018489030243090703,32
48,1.1780972450961724,0.019523669739999999,7400.0000001151047,0.025352216768518059,0.0001772404590800643,32
48,1.1780972450961724,0.019523669739999999,7500.0000001172875,0.025102808017752776,0.0001149323288400582,32
48,1.1780972450961724,0.019523669739999999,7600.0000001194703,0.025525807827614988,0.0001620052564222944,32
48,1.1780972450961724,0.019523669739999999,7700.0000001216531,0.025208545118812157,0.00017570447129030089,32
48,1.1780972450961724,0.019523669739999999,7800.0000001238359,0.025411527719099221,0.00015928128899537927,32
48,1.1780972450961724,0.019523669739999999,7900.0000001260187,0.025281499863204777,0.00016721549378971804,32
48,1.1780972450961724,0.019523669739999999,8000.0000001282015,0.025411752593211743,0.00015638362884522682,32
48,1.1780972450961724,0.019523669739999999,8100.0000001303843,0.025195286758021785,0.00013956928496251434,32
48,1.1780972450961724,0.019523669739999999,8200.0000001325661,0.025369773240523356,0.00016485181069180891,32
48,1.1780972450961724,0.019523669739999999,8300.0000001347489,0.025411938341538189,0.00014459491994930264,32
48,1.1780972450961724,0.019523669739999999,8400.0000001369317,0.025455007164348196,0.00018599964187306111,32
48,1.1780972450961724,0.019523669739999999,8500.0000001391145,0.025252390695809767,0.00011634610190352487,32
48,1.1780972450961724,0.019523669739999999,8600.0000001412973,0.025338397533864722,0.00016786373956795237,32
48,1.1780972450961724,0.019523669739999999,8700.0000001434801,0.025216575122293469,0.00014696265603389314,32
48,1.1780972450961724,0.019523669739999999,8800.0000001456629,0.025286331640251843,0.00014503418425468304,32
48,1.1780972450961724,0.019523669739999999,8900.0000001478456,0.025513492591484162,0.00015671628501939645,32
48,1.1780972450961724,0.019523669739999999,9000.0000001500284,0.025589843962003551,0.00014441869929458768,32
48,1.1780972450961724,0.019523669739999999,9100.0000001522112,0.025229132386773195,0.00018138197795942762,32
48,1.1780972450961724,0.019523669739999999,9200.000000154394,0.025330420268726485,0.00017493142182599953,32
48,1.1780972450961724,0.019523669739999999,9300.0000001565768,0.025187965681072129,0.00016352064512327054,32
48,1.1780972450961724,0.019523669739999999,9400.0000001587596,0.025275994165449091,0.00015855274810019031,32
48,1.1780972450961724,0.019523669739999999,9500.0000001609424,0.025056464230926338,0.00012708501319425112,32
48,1.1780972450961724,0.019523669739999999,9600.0000001631252,0.025549537550696683,0.00016355517165394837,32
48,1.1780972450961724,0.019523669739999999,9700.0000001653079,0.025190057950230417,0.00016536298877433005,32
48,1.1780972450961724,0.019523669739999999,9800.0000001674907,0.02542021888232425,0.00017458442420446001,32
48,1.1780972450961724,0.019523669739999999,9900.0000001696735,0.025224998544916489,0.00018603740747141916,32
48,1.1780972450961724,0.019523669739999999,10000.000000171856,0.025474984618510634,0.00015978240641443124,32
48,1.1780972450961724,0.019523669739999999,10100.000000174039,0.025114316515297289,0.00017876095211450318,32
48,1.1780972450961724,0.019523669739999999,10200.000000176222,0.025217445630239838,0.00011230292101646864,32
48,1.1780972450961724,0.019523669739999999,10300.000000178405,0.025580618374963542,0.00020689982842291618,32
48,1.1780972450961724,0.019523669739999999,10400.000000180587,0.025501435559598384,0.00014896883571494787,32
48,1.1780972450961724,0.019523669739999999,10500.00000018277,0.025343972003588042,0.00012069800516961554,32
48,1.1780972450961724,0.019523669739999999,10600.000000184953,0.025220502044719921,0.00017239338190929549,32
48,1.1780972450961724,0.019523669739999999,10700.000000187136,0.025644376081865781,0.00016137248528974839,32
48,1.1780972450961724,0.019523669739999999,10800.000000189319,0.025082157728681512,0.00015495256497420336,32
48,1.1780972450961724,0.019523669739999999,10900.000000191501,0.025366653080362872,0.00012608511607378381,32
48,1.1780972450961724,0.019523669739999999,11000.000000193684,0.025700322300634067,0.00015600866111233031,32
48,1.1780972450961724,0.019523669739999999,11100.000000195867,0.02527626234079727,0.00015523517002725924,32
48,1.1780972450961724,0.019523669739999999,11200.00000019805,0.025251026994418647,0.00018282682666736019,32
48,1.1780972450961724,0.019523669739999999,11300.000000200233,0.025496880090072022,0.00013132275235166265,32
48,1.1780972450961724,0.019523669739999999,11400.000000202415,0.025532208923406675,0.00012732686283014049,32
48,1.1780972450961724,0.019523669739999999,11500.000000204598,0.024869913865917054,0.00017737579149284768,32
48,1.1780972450961724,0.019523669739999999,11600.000000206781,0.025115303397969024,0.00015754601242845293,32
48,1.1780972450961724,0.019523669739999999,11700.000000208964,0.025416292470873677,0.00016293102842536319,32
48,1.1780972450961724,0.019523669739999999,11800.000000211146,0.025129157031972497,0.00016248863452782492,32
48,1.1780972450961724,0.019523669739999999,11900.000000213329,0.025447593292261241,0.0001698858908674763,32
48,1.1780972450961724,0.019523669739999999,12000.000000215512,0.02521810866156356,0.00012499939315216657,32
48,1.1780972450961724,0.019523669739999999,12100.000000217695,0.02541175161893219,0.00015739919411961149,32
48,1.1780972450961724,0.019523669739999999,12200.000000219878,0.025576710940651247,0.00015783745094297233,32
48,1.1780972450961724,0.019523669739999999,12300.00000022206,0.025461727470867158,0.00013298868697654838,32
48,1.1780972450961724,0.019523669739999999,12400.000000224243,0.025328517731230744,0.00016897144102146668,32
48,1.1780972450961724,0.019523669739999999,12500.000000226426,0.025558009775492174,0.00013152707839157425,32
48,1.1780972450961724,0.019523669739999999,12600.000000228609,0.025007745547290888,0.00016384249402713564,32
48,1.1780972450961724,0.019523669739999999,12700.000000230792,0.025706606060778313,0.00017042622949795837,32
48,1.1780972450961724,0.019523669739999999,12800.000000232974,0.025400151156103421,0.00018962681789612041,32
48,1.1780972450961724,0.019523669739999999,12900.000000235157,0.025579234180802161,0.00015000578906167669,32
48,1.1780972450961724,0.019523669739999999,13000.00000023734,0.024999702963856941,0.0001627214152779597,32
48,1.1780972450961724,0.019523669739999999,13100.000000239523,0.025289779175539925,0.00015945053342076408,32
48,1.1780972450961724,0.019523669739999999,13200.000000241705,0.025206430261501957,0.00012564349913192095,32
48,1.1780972450961724,0.019523669739999999,13300.000000243888,0.025266776062945813,0.00014074838950733486,32
48,1.1780972450961724,0.019523669739999999,13400.000000246071,0.025619257036711199,0.00014563186227815791,32
48,1.1780972450961724,0.019523669739999999,13500.000000248254,0.025334415575202558,0.00018161363804190385,32
48,1.1780972450961724,0.019523669739999999,13600.000000250437,0.025464955515847886,0.00018459132368582755,32
48,1.1780972450961724,0.019523669739999999,13700.000000252619,0.025414567497092443,0.00016975008570311223,32
48,1.1780972450961724,0.019523669739999999,13800.000000254802,0.025354188785385388,0.00013656773092464046,32
48,1.1780972450961724,0.019523669739999999,13900.000000256985,0.025427128271895257,0.00018372083565489943,32
48,1.1780972450961724,0.019523669739999999,14000.000000259168,0.025364809494813824,0.00014500655932663404,32
48,1.1780972450961724,0.019523669739999999,14100.000000261351,0.025196480242126371,0.00016350731278732433,32
48,1.1780972450961724,0.019523669739999999,14200.000000263533,0.025268760296904193,0.00019244475194367164,32
48,1.1780972450961724,0.019523669739999999,14300.000000265716,0.025601587189471586,0.00017324466116062443,32
48,1.1780972450961724,0.019523669739999999,14400.000000267899,0.025228787917709845,0.00015470120731177526,32
48,1.1780972450961724,0.019523669739999999,14500.000000270082,0.025337607981934598,0.00015035118990247451,32
48,1.1780972450961724,0.019523669739999999,14600.000000272265,0.025536805463025929,0.00014040301923746618,32
48,1.1780972450961724,0.019523669739999999,14700.000000274447,0.025105334752139732,0.00017160860158749828,32
48,1.1780972450961724,0.019523669739999999,14800.00000027663,0.025269538970957087,0.00017034227846669147,32
48,1.1780972450961724,0.019523669739999999,14900.000000278813,0.025545348204932521,0.00017667336420318196,32
48,1.1780972450961724,0.019523669739999999,15000.000000280996,0.02512672045512505,0.00016021172051223161,32
48,1.1780972450961724,0.019523669739999999,15100.000000283178,0.025134854331237827,0.0001431137945631815,32
48,1.1780972450961724,0.019523669739999999,15200.000000285361,0.025163515045017949,0.000146034340150569,32
48,1.1780972450961724,0.019523669739999999,15300.000000287544,0.025478243306328339,0.00014745227449398365,32
48,1.1780972450961724,0.019523669739999999,15400.000000289727,0.025290870806744969,0.00016025795442273347,32
48,1.1780972450961724,0.019523669739999999,15500.00000029191,0.025289373655298167,0.00014463018542098572,32
48,1.1780972450961724,0.019523669739999999,15600.000000294092,0.025323958565061661,0.00012008737545227068,32
48,1.1780972450961724,0.019523669739999999,15700.000000296275,0.025274153935314566,0.00016113392465659596,32
48,1.1780972450961724,0.019523669739999999,15800.000000298458,0.02523249382634438,0.0001323616023520706,32
48,1.1780972450961724,0.019523669739999999,15900.000000300641,0.025243308893961206,0.0001481782560697408,32
48,1.1780972450961724,0.019523669739999999,16000.000000302824,0.025343642294525005,0.00015991222710679231,32
48,1.1780972450961724,0.019523669739999999,16100.000000305006,0.025245422300023128,0.00016227659735125582,32
48,1.1780972450961724,0.019523669739999999,16200.000000307189,0.025425657815945676,0.00015972372714544373,32
48,1.1780972450961724,0.019523669739999999,16300.000000309372,0.025237448506341784,0.00016422340083499919,32
48,1.1780972450961724,0.019523669739999999,16400.000000308642,0.025283232205938987,0.00015333292101047768,32
48,1.1780972450961724,0.019523669739999999,16500.000000292635,0.02550077530076772,0.00014527790381067043,32
48,1.1780972450961724,0.019523669739999999,16600.000000276628,0.025090164037749357,0.00015664742473724469,32
48,1.1780972450961724,0.019523669739999999,16700.000000260621,0.025311616366838961,0.00014069507340846532,32
48,1.1780972450961724,0.019523669739999999,16800.000000244614,0.025555684641405015,0.00015882775428710045,32
48,1.1780972450961724,0.019523669739999999,16900.000000228607,0.025086540925202058,0.00014958327830099665,32
48,1.1780972450961724,0.019523669739999999,17000.0000002126,0.02512453872514572,0.00014460081115048366,32
48,1.1780972450961724,0.019523669739999999,17100.000000196593,0.025500093517335832,0.00014313675254577264,32
48,1.1780972450961724,0.019523669739999999,17200.000000180586,0.025419980626061951,0.00016518944321871991,32
48,1.1780972450961724,0.019523669739999999,17300.000000164579,0.025279037279769281,0.00016745655355599124,32
48,1.1780972450961724,0.019523669739999999,17400.000000148571,0.025321135919046403,0.00011499929292044094,32
48,1.1780972450961724,0.019523669739999999,17500.000000132564,0.025274321166058888,0.00016726309116876111,32
48,1.1780972450961724,0.019523669739999999,17600.000000116557,0.025452546897639757,0.00019957921074677343,32
48,1.1780972450961724,0.019523669739999999,17700.00000010055,0.02553363589746218,0.00018288494981133179,32
48,1.1780972450961724,0.019523669739999999,17800.000000084543,0.025202476442082539,0.00015036635972919088,32
48,1.1780972450961724,0.019523669739999999,17900.000000068536,0.02505509951594102,0.00017716511116860071,32
48,1.1780972450961724,0.019523669739999999,18000.000000052529,0.025425505397565346,0.00016701949993035408,32
48,1.1780972450961724,0.019523669739999999,18100.000000036522,0.025525132271989992,0.00016430348609616788,32
48,1.1780972450961724,0.019523669739999999,18200.000000020515,0.025344601074977914,0.00018192608153928756,32
48,1.1780972450961724,0.019523669739999999,18300.000000004507,0.025156617423690849,0.00018450689054819969,32
48,1.1780972450961724,0.019523669739999999,18399.9999999885,0.025212930310882408,0.00015664640959240329,32
48,1.1780972450961724,0.019523669739999999,18499.999999972493,0.025306732722334257,0.00012655677011246921,32
48,1.1780972450961724,0.019523669739999999,18599.999999956486,0.024964925975023929,0.00014674236127996954,32
48,1.1780972450961724,0.019523669739999999,18699.999999940479,0.025312320991053936,0.00017790608264240046,32
48,1.1780972450961724,0.019523669739999999,18799.999999924472,0.025210567472152189,0.00014463976912966792,32
48,1.1780972450961724,0.019523669739999999,18899.999999908465,0.025553502462895426,0.00013687169868873656,32
48,1.1780972450961724,0.019523669739999999,18999.999999892458,0.02551048507440826,0.00015328746441690925,32
48,1.1780972450961724,0.019523669739999999,19099.999999876451,0.025280884868240532,0.00016453813891840322,32
48,1.1780972450961724,0.019523669739999999,19199.999999860443,0.025415036740675929,0.00014271806600471307,32
48,1.1780972450961724,0.019523669739999999,19299.999999844436,0.025478550818107605,0.00016335650385703753,32
48,1.1780972450961724,0.019523669739999999,19399.999999828429,0.02503639849592821,0.00017366596854893256,32
48,1.1780972450961724,0.019523669739999999,19499.999999812422,0.025199592407392817,0.00015621657052248877,32
48,1.1780972450961724,0.019523669739999999,19599.999999796415,0.025509663681264026,0.00017283236997126038,32
48,1.1780972450961724,0.019523669739999999,19699.999999780408,0.025069299222791368,0.00013154908181045572,32
48,1.1780972450961724,0.019523669739999999,19799.999999764401,0.025211921625740565,0.00014115718667296757,32
48,1.1780972450961724,0.019523669739999999,19899.999999748394,0.025485452669657523,0.00018570396820314253,32
48,1.1780972450961724,0.019523669739999999,19999.999999732387,0.025358286180217661,0.00019616430160501719,32
48,1.1780972450961724,0.019523669739999999,20099.99999971638,0.025311531126128901,0.00016368151155307518,32
48,1.1780972450961724,0.019523669739999999,20199.999999700372,0.025254018123249396,0.00015819551061723372,32
48,1.1780972450961724,0.019523669739999999,20299.999999684365,0.025439280477381528,0.00014205207216534744,32
48,1.1780972450961724,0.019523669739999999,20399.999999668358,0.02529147307969843,0.00014474384374021579,32
48,1.1780972450961724,0.019523669739999999,20499.999999652351,0.025367750572601371,0.00015856690525969637,32
48,1.1780972450961724,0.019523669739999999,20599.999999636344,0.025582991369921267,0.00015772642993241431,32
48,1.1780972450961724,0.019523669739999999,20699.999999620337,0.025370981674650218,0.00014986325998006997,32
48,1.1780972450961724,0.019523669739999999,20799.99999960433,0.025278315881816501,0.0001344584247214353,32
48,1.1780972450961724,0.019523669739999999,20899.999999588323,0.025555050043749482,0.00018284923661645382,32
48,1.1780972450961724,0.019523669739999999,20999.999999572316,0.02560293137426678,0.00015194874102960967,32
48,1.1780972450961724,0.019523669739999999,21099.999999556308,0.025124863713948266,0.00016019498317749851,32
48,1.1780972450961724,0.019523669739999999,21199.999999540301,0.025231154340419316,0.00013962261651380054,32
48,1.1780972450961724,0.019523669739999999,21299.999999524294,0.02534395926666845,0.00015930898374649869,32
48,1.1780972450961724,0.019523669739999999,21399.999999508287,0.025253080417542519,0.00017053010908620918,32
48,1.1780972450961724,0.019523669739999999,21499.99999949228,0.025279179100376869,0.00014621234927959597,32
48,1.1780972450961724,0.019523669739999999,21599.999999476273,0.025373507666329509,0.00015195686448460247,32
48,1.1780972450961724,0.019523669739999999,21699.999999460266,0.025251239519479381,0.00015889087070551625,32
48,1.1780972450961724,0.019523669739999999,21799.999999444259,0.025376845535809666,0.0002014108056037992,32
48,1.1780972450961724,0.019523669739999999,21899.999999428252,0.02533234831430925,0.00013994709339510786,32
48,1.1780972450961724,0.019523669739999999,21999.999999412245,0.02561839153328813,0.00015615679311296982,32
48,1.1780972450961724,0.019523669739999999,22099.999999396237,0.025118639701300908,0.00014878740049154531,32
48,1.1780972450961724,0.019523669739999999,22199.99999938023,0.025288300684309945,0.00016511819194288147,32
48,1.1780972450961724,0.019523669739999999,22299.999999364223,0.02519512482828281,0.00013181691817326475,32
48,1.1780972450961724,0.019523669739999999,22399.999999348216,0.025236374919290951,0.00019062441364741932,32
48,1.1780972450961724,0.019523669739999999,22499.999999332209,0.025466804238348344,0.00017109020575525592,32
48,1.1780972450961724,0.019523669739999999,22599.999999316202,0.025280223475431664,0.00019244875774307189,32
48,1.1780972450961724,0.019523669739999999,22699.999999300195,0.025211606332037027,0.0001585237557195472,32
48,1.1780972450961724,0.019523669739999999,22799.999999284188,0.02538848077723509,0.00013259728212180536,32
48,1.1780972450961724,0.019523669739999999,22899.999999268181,0.025180259035537965,0.00018118227109557153,32
48,1.1780972450961724,0.019523669739999999,22999.999999252173,0.025132469898393971,0.00012691167064624414,32
48,1.1780972450961724,0.019523669739999999,23099.999999236166,0.025742526478657182,0.00016460281809789557,32
48,1.1780972450961724,0.019523669739999999,23199.999999220159,0.025276051357179894,0.00017599924463113862,32
48,1.1780972450961724,0.019523669739999999,23299.999999204152,0.025166717685570574,0.00016911057656376555,32
48,1.1780972450961724,0.019523669739999999,23399.999999188145,0.025336418642000702,0.0001499674837852891,32
48,1.1780972450961724,0.019523669739999999,23499.999999172138,0.025539606663921403,0.00018350978146315151,32
48,1.1780972450961724,0.019523669739999999,23599.999999156131,0.025418126037424681,0.00021706726767144552,32
48,1.1780972450961724,0.019523669739999999,23699.999999140124,0.025272126780886337,0.00014367371369400299,32
48,1.1780972450961724,0.019523669739999999,23799.999999124117,0.025264471026444427,0.00015457922974977054,32
48,1.1780972450961724,0.019523669739999999,23899.999999108109,0.025270207453878823,0.00012186592898572564,32
48,1.1780972450961724,0.019523669739999999,23999.999999092102,0.025399528676892425,0.00013018686094334861,32
48,1.1780972450961724,0.019523669739999999,24099.999999076095,0.02513087082975617,0.00015879368465981353,32
48,1.1780972450961724,0.019523669739999999,24199.999999060088,0.025637797749581664,0.00015960829374241409,32
48,1.1780972450961724,0.019523669739999999,24299.999999044081,0.025332522377016404,0.00014405853713973828,32
48,1.1780972450961724,0.019523669739999999,24399.999999028074,0.025220018435259273,0.00015983463605541467,32
48,1.1780972450961724,0.019523669739999999,24499.999999012067,0.025554974140572763,0.00012716789285229494,32
48,1.1780972450961724,0.019523669739999999,24599.99999899606,0.02535122998252741,0.0001677371507074534,32
48,1.1780972450961724,0.019523669739999999,24699.999998980053,0.025167163865953319,0.00018326282667327162,32
48,1.1780972450961724,0.019523669739999999,24799.999998964046,0.025020553976056438,0.00015687161286157068,32
48,1.1780972450961724,0.019523669739999999,24899.999998948038,0.02543330980881256,0.00016458582141198682,32
48,1.1780972450961724,0.019523669739999999,24999.999998932031,0.025093483047548507,0.00015196518204191106,32
48,1.1780972450961724,0.019523669739999999,25099.999998916024,0.025288703933865345,0.00014608337191703802,32
48,1.1780972450961724,0.019523669739999999,25199.999998900017,0.025286204014779524,0.0001662625916217353,32
48,1.1780972450961724,0.019523669739999999,25299.99999888401,0.025247112774938834,0.00017789373098828798,32
48,1.1780972450961724,0.019523669739999999,25399.999998868003,0.025257956897482458,0.00016598965024125349,32
48,1.1780972450961724,0.019523669739999999,25499.999998851996,0.025232392798821203,0.00016166176338781047,32
48,1.1780972450961724,0.019523669739999999,25599.999998835989,0.025263636524966725,0.00014088074500532224,32
48,1.1780972450961724,0.019523669739999999,25699.999998819982,0.025445835306374159,0.00018993453995363996,32
48,1.1780972450961724,0.019523669739999999,25799.999998803974,0.025333841930911684,0.00012214367656980212,32
48,1.1780972450961724,0.019523669739999999,25899.999998787967,0.025383838425523469,0.00012518449482641416,32
48,1.1780972450961724,0.019523669739999999,25999.99999877196,0.025334389432562533,0.00020559486691368648,32
48,1.1780972450961724,0.019523669739999999,26099.999998755953,0.025091305290143608,0.00015828575852290934,32
48,1.1780972450961724,0.019523669739999999,26199.999998739946,0.025489268990351432,0.00014017163888526609,32
48,1.1780972450961724,0.019523669739999999,26299.999998723939,0.025232334846036875,0.00018865293300216132,32
48,1.1780972450961724,0.019523669739999999,26399.999998707932,0.024970496659548105,0.00015852765154113471,32
48,1.1780972450961724,0.019523669739999999,26499.999998691925,0.025199822761557987,0.00017557176552832727,32
48,1.1780972450961724,0.019523669739999999,26599.999998675918,0.025298250390458472,0.00015728259936660254,32
48,1.1780972450961724,0.019523669739999999,26699.99999865991,0.025499652981742602,0.00012017618978622125,32
48,1.1780972450961724,0.019523669739999999,26799.999998643903,0.025382482293360775,0.0001591394958611558,32
48,1.1780972450961724,0.019523669739999999,26899.999998627896,0.025025050193856011,0.00016246099812411061,32
48,1.1780972450961724,0.019523669739999999,26999.999998611889,0.025496708538445011,0.00016707314096336398,32
48,1.1780972450961724,0.019523669739999999,27099.999998595882,0.025559517875747773,0.00019628744000885437,32
48,1.1780972450961724,0.019523669739999999,27199.999998579875,0.02541430187091313,0.00017324100102930081,32
48,1.1780972450961724,0.019523669739999999,27299.999998563868,0.025399775706893654,0.0002135622729870478,32
48,1.1780972450961724,0.019523669739999999,27399.999998547861,0.025429665221977111,0.00015482957320397557,32
48,1.1780972450961724,0.019523669739999999,27499.999998531854,0.025420426443826499,0.00014856441322268882,32
48,1.1780972450961724,0.019523669739999999,27599.999998515847,0.025232486455778125,0.00017220778177905931,32
48,1.1780972450961724,0.019523669739999999,27699.999998499839,0.025306730045326794,0.00014374666636260324,32
48,1.1780972450961724,0.019523669739999999,27799.999998483832,0.0249562996531855,0.00017844120197166156,32
48,1.1780972450961724,0.019523669739999999,27899.999998467825,0.025492892837366745,0.00017112603203959316,32
48,1.1780972450961724,0.019523669739999999,27999.999998451818,0.025327590237921811,0.00015417286873550294,32
48,1.1780972450961724,0.019523669739999999,28099.999998435811,0.025338668464558966,0.00013132445240150991,32
48,1.1780972450961724,0.019523669739999999,28199.999998419804,0.025649579186009661,0.00016987366335947886,32
48,1.1780972450961724,0.019523669739999999,28299.999998403797,0.025379922066675241,0.00013985606850007161,32
48,1.1780972450961724,0.019523669739999999,28399.99999838779,0.025236679365085491,0.0001354279046558446,32
48,1.1780972450961724,0.019523669739999999,28499.999998371783,0.025289664384276864,0.00013823948799170191,32
48,1.1780972450961724,0.019523669739999999,28599.999998355775,0.02533225422905926,0.00013328228154081416,32
48,1.1780972450961724,0.019523669739999999,28699.999998339768,0.025229105000115933,0.000189478965208646,32
48,1.1780972450961724,0.019523669739999999,28799.999998323761,0.025676580973231656,0.00017428651314980718,32
48,1.1780972450961724,0.019523669739999999,28899.999998307754,0.0252983285281447,0.00014946833381508166,32
48,1.1780972450961724,0.019523669739999999,28999.999998291747,0.025104160840285317,0.00011206589820141927,32
48,1.1780972450961724,0.019523669739999999,29099.99999827574,0.025275948572634648,0.00016604685785523107,32
48,1.1780972450961724,0.019523669739999999,29199.999998259733,0.025637952606732652,0.00015685837098216101,32
48,1.1780972450961724,0.019523669739999999,29299.999998243726,0.025368820128487683,0.00015621987263877252,32
48,1.1780972450961724,0.019523669739999999,29399.999998227719,0.025354050708446318,0.00016805041647748744,32
48,1.1780972450961724,0.019523669739999999,29499.999998211711,0.025381036836636971,0.00014399052844481323,32
48,1.1780972450961724,0.019523669739999999,29599.999998195704,0.0254271228824989,0.0001143606082947934,32
48,1.1780972450961724,0.019523669739999999,29699.999998179697,0.025203735593469178,0.00016325608026612914,32
48,1.1780972450961724,0.019523669739999999,29799.99999816369,0.025198146697157947,0.0001262585968028774,32
48,1.1780972450961724,0.019523669739999999,29899.999998147683,0.025363066416434672,0.00021212682329313471,32
48,1.1780972450961724,0.019523669739999999,29999.999998131676,0.025440298762508518,0.0001799457783115305,32
48,1.1780972450961724,0.019523669739999999,30099.999998115669,0.025249609379868164,0.0001534536999669523,32
48,1.1780972450961724,0.019523669739999999,30199.999998099662,0.0253942091056234,0.00017784371658707796,32
48,1.1780972450961724,0.019523669739999999,30299.999998083655,0.025340838850720509,0.00016960634799689455,32
48,1.1780972450961724,0.019523669739999999,30399.999998067648,0.025442398082381964,0.00016923743504649273,32
48,1.1780972450961724,0.019523669739999999,30499.99999805164,0.025313703723689154,0.00015493075699257039,32
48,1.1780972450961724,0.019523669739999999,30599.999998035633,0.025256956955122051,0.00018358241549727258,32
48,1.1780972450961724,0.019523669739999999,30699.999998019626,0.025133598618636042,0.00014866901401523066,32
48,1.1780972450961724,0.019523669739999999,30799.999998003619,0.025539366720830719,0.00016648156513582047,32
48,1.1780972450961724,0.019523669739999999,30899.999997987612,0.025282805047232074,0.00017688476208559798,32
48,1.1780972450961724,0.019523669739999999,30999.999997971605,0.025306654040265331,0.000157550673787988,32
48,1.1780972450961724,0.019523669739999999,31099.999997955598,0.025086049746407157,0.00016078161364800923,32
48,1.1780972450961724,0.019523669739999999,31199.999997939591,0.025260982054699208,0.00015047249332134541,32
48,1.1780972450961724,0.019523669739999999,31299.999997923584,0.025225343172496584,0.00015701084921239159,32
48,1.1780972450961724,0.019523669739999999,31399.999997907576,0.025164175853153069,0.00015472939601427155,32
48,1.1780972450961724,0.019523669739999999,31499.999997891569,0.02495491528608269,0.00015458426217305048,32
48,1.1780972450961724,0.019523669739999999,31599.999997875562,0.025572407731487227,0.00017048253608714601,32
48,1.1780972450961724,0.019523669739999999,31699.999997859555,0.025157339980573328,0.00015852838363975276,32
48,1.1780972450961724,0.019523669739999999,31799.999997843548,0.025135397726596256,0.00015141571555540341,32
48,1.1780972450961724,0.019523669739999999,31899.999997827541,0.025527173458466591,0.00017393976519631781,32
48,1.1780972450961724,0.019523669739999999,31999.999997811534,0.025448940171099603,0.00015710659762820266,32
48,1.1780972450961724,0.019523669739999999,32099.999997795527,0.02542056141485673,0.00014720919448314913,32
48,1.1780972450961724,0.019523669739999999,32199.99999777952,0.025267436965197627,0.00018339920105512922,32
48,1.1780972450961724,0.019523669739999999,32299.999997763513,0.025502596819451835,0.00012505887139748647,32
48,1.1780972450961724,0.019523669739999999,32399.999997747505,0.025289077707226534,0.00012914521073498146,32
48,1.1780972450961724,0.019523669739999999,32499.999997731498,0.025102123372899993,0.000179992829904139,32
48,1.1780972450961724,0.019523669739999999,32599.999997715491,0.025459755126810327,0.00017194625054701811,32
48,1.1780972450961724,0.019523669739999999,32699.999997699484,0.025151512024825406,0.00013281360823069521,32
48,1.1780972450961724,0.019523669739999999,32799.999997695115,0.025096173571812451,0.00016835478904845885,32
48,1.1780972450961724,0.019523669739999999,32899.999997715488,0.025473023213185876,0.00015904510591694467,32
48,1.1780972450961724,0.019523669739999999,32999.99999773586,0.025469963464415112,0.00015119612402619904,32
48,1.1780972450961724,0.019523669739999999,33099.999997756233,0.025182197611890684,0.00015929876350740735,32
48,1.1780972450961724,0.019523669739999999,33199.999997776606,0.025151302487231585,0.00014450909894145135,32
48,1.1780972450961724,0.019523669739999999,33299.999997796978,0.025329768576927078,0.00015244040529670082,32
48,1.1780972450961724,0.019523669739999999,33399.999997817351,0.025243470787119533,0.00016606310915352773,32
48,1.1780972450961724,0.019523669739999999,33499.999997837724,0.025029301824419398,0.00014692879940789492,32
48,1.1780972450961724,0.019523669739999999,33599.999997858096,0.025205381137335631,0.00015935580448308697,32
48,1.1780972450961724,0.019523669739999999,33699.999997878469,0.02531897710887597,0.00017249009917670095,32
48,1.1780972450961724,0.019523669739999999,33799.999997898842,0.025091652081861517,0.00017870150944056395,32
48,1.1780972450961724,0.019523669739999999,33899.999997919214,0.025620956289249205,0.00013430948188400879,32
48,1.1780972450961724,0.019523669739999999,33999.999997939587,0.025154208446254871,0.00015049533519981151,32
48,1.1780972450961724,0.019523669739999999,34099.99999795996,0.025630937974377412,0.00015919850425269617,32
48,1.1780972450961724,0.019523669739999999,34199.999997980332,0.025365306677450156,0.0001172711073289228,32
48,1.1780972450961724,0.019523669739999999,34299.999998000705,0.025390602969672368,0.00014982110967997646,32
48,1.1780972450961724,0.019523669739999999,34399.999998021078,0.025272920926392401,0.0001837183575263213,32
48,1.1780972450961724,0.019523669739999999,34499.99999804145,0.025429243433485897,0.00015928012459184973,32
48,1.1780972450961724,0.019523669739999999,34599.999998061823,0.025219674438030595,0.00015005354344379846,32
48,1.1780972450961724,0.019523669739999999,34699.999998082196,0.02551103434917526,0.00018287632092874211,32
48,1.1780972450961724,0.019523669739999999,34799.999998102568,0.025420462874765803,0.00015577010217972343,32
48,1.1780972450961724,0.019523669739999999,34899.999998122941,0.025389358316399182,0.00016639396370187089,32
48,1.1780972450961724,0.019523669739999999,34999.999998143314,0.025517389325874572,0.0001560631351295773,32
48,1.1780972450961724,0.019523669739999999,35099.999998163687,0.025313278922791272,0.00014454635184475345,32
48,1.1780972450961724,0.019523669739999999,35199.999998184059,0.025276259533877212,0.00016774923403493246,32
48,1.1780972450961724,0.019523669739999999,35299.999998204432,0.025406705700936737,0.00014789150638174728,32
48,1.1780972450961724,0.019523669739999999,35399.999998224805,0.025239487492727974,0.00017909649305868484,32
48,1.1780972450961724,0.019523669739999999,35499.999998245177,0.024964296595215794,0.00013068640686315867,32
48,1.1780972450961724,0.019523669739999999,35599.99999826555,0.025531548885426466,0.00015013315258093939,32
48,1.1780972450961724,0.019523669739999999,35699.999998285923,0.025088466421336407,0.00016465207660750351,32
48,1.1780972450961724,0.019523669739999999,35799.999998306295,0.025183504223084036,0.00019425731935630199,32
48,1.1780972450961724,0.019523669739999999,35899.999998326668,0.02526684097629904,0.00013814730239276299,32
48,1.1780972450961724,0.019523669739999999,35999.999998347041,0.025285486872845837,0.00013203557490853445,32
48,1.1780972450961724,0.019523669739999999,36099.999998367413,0.025403476826493812,0.00016729333794064766,32
48,1.1780972450961724,0.019523669739999999,36199.999998387786,0.025480552153991122,0.00017270787697701967,32
48,1.1780972450961724,0.019523669739999999,36299.999998408159,0.025446426163972642,0.00013552356947180128,32
48,1.1780972450961724,0.019523669739999999,36399.999998428531,0.025308813970487155,0.00018309944818520815,32
48,1.1780972450961724,0.019523669739999999,36499.999998448904,0.02537335773408738,0.00016296612839738882,32
48,1.1780972450961724,0.019523669739999999,36599.999998469277,0.025357888559541339,0.0001545612052901364,32
48,1.1780972450961724,0.019523669739999999,36699.999998489649,0.0253923487495748,0.00012971051141229229,32
48,1.1780972450961724,0.019523669739999999,36799.999998510022,0.025277716697942307,0.00019760518026237412,32
48,1.1780972450961724,0.019523669739999999,36899.999998530395,0.025487374666847945,0.00018093319138147112,32
48,1.1780972450961724,0.019523669739999999,36999.999998550767,0.025446213580227216,0.00015870425765869529,32
48,1.1780972450961724,0.019523669739999999,37099.99999857114,0.025620988149801651,0.00018130428172085077,32
48,1.1780972450961724,0.019523669739999999,37199.999998591513,0.025651982050371138,0.00017027416343701741,32
48,1.1780972450961724,0.019523669739999999,37299.999998611886,0.025379421429717362,0.00018537412666190631,32
48,1.1780972450961724,0.019523669739999999,37399.999998632258,0.025209221943558936,0.00016796191704861895,32
48,1.1780972450961724,0.019523669739999999,37499.999998652631,0.025483706426852028,0.00015593850253640287,32
48,1.1780972450961724,0.019523669739999999,37599.999998673004,0.025500500812455831,0.00016346537288914952,32
48,1.1780972450961724,0.019523669739999999,37699.999998693376,0.025366303781619873,0.00015870366772228548,32
48,1.1780972450961724,0.019523669739999999,37799.999998713749,0.025223791887263758,0.00014904173360988688,32
48,1.1780972450961724,0.019523669739999999,37899.999998734122,0.025370362501994898,0.00013515076700390419,32
48,1.1780972450961724,0.019523669739999999,37999.999998754494,0.025317892666718907,0.00015834502260047764,32
48,1.1780972450961724,0.019523669739999999,38099.999998774867,0.025360342343695622,0.00015079181263185406,32
48,1.1780972450961724,0.019523669739999999,38199.99999879524,0.025380591558637162,0.00014498012599567658,32
48,1.1780972450961724,0.019523669739999999,38299.999998815612,0.025482322387559042,0.0001636703713729814,32
48,1.1780972450961724,0.019523669739999999,38399.999998835985,0.025331383435361912,0.00013761051628890511,32
48,1.1780972450961724,0.019523669739999999,38499.999998856358,0.025465401214819678,0.00016040694122277795,32
48,1.1780972450961724,0.019523669739999999,38599.99999887673,0.025563048977601057,0.00013154725675637021,32
48,1.1780972450961724,0.019523669739999999,38699.999998897103,0.02514067867657668,0.00018300685572378113,32
48,1.1780972450961724,0.019523669739999999,38799.999998917476,0.02548418128347394,0.00015052560422537179,32
48,1.1780972450961724,0.019523669739999999,38899.999998937848,0.025181491399026975,0.00013704025742431876,32
48,1.1780972450961724,0.019523669739999999,38999.999998958221,0.025482942765558333,0.00016678601949360431,32
48,1.1780972450961724,0.019523669739999999,39099.999998978594,0.025234310747729301,0.00011437321253204034,32
48,1.1780972450961724,0.019523669739999999,39199.999998998966,0.02523962213259389,0.00015017183159763111,32
48,1.1780972450961724,0.019523669739999999,39299.999999019339,0.025042133254766188,0.00014686821970369201,32
48,1.1780972450961724,0.019523669739999999,39399.999999039712,0.025336488017323848,0.00017632682946250259,32
48,1.1780972450961724,0.019523669739999999,39499.999999060085,0.025431325538723477,0.00017682806620212933,32
48,1.1780972450961724,0.019523669739999999,39599.999999080457,0.02506663559731423,0.00019864894540565694,32
48,1.1780972450961724,0.019523669739999999,39699.99999910083,0.02530870642117878,0.00014277636551992385,32
48,1.1780972450961724,0.019523669739999999,39799.999999121203,0.025148238408254375,0.00015093001620929846,32
48,1.1780972450961724,0.019523669739999999,39899.999999141575,0.025617288542546371,0.00015595352457035581,32
48,1.1780972450961724,0.019523669739999999,39999.999999161948,0.025493545117611854,0.00014076718383091301,32
48,1.1780972450961724,0.019523669739999999,40099.999999182321,0.025156439513955711,0.00016185005146909006,32
48,1.1780972450961724,0.019523669739999999,40199.999999202693,0.025408259321421836,0.00011667113570357333,32
48,1.1780972450961724,0.019523669739999999,40299.999999223066,0.025509427586655985,0.00017977838639692798,32
48,1.1780972450961724,0.019523669739999999,40399.999999243439,0.02552224397429477,0.00016322471598112991,32
48,1.1780972450961724,0.019523669739999999,40499.999999263811,0.025167589351928799,0.00015178013063285505,32
48,1.1780972450961724,0.019523669739999999,40599.999999284184,0.025198901770487024,0.00011656055463608259,32
48,1.1780972450961724,0.019523669739999999,40699.999999304557,0.025041192574716372,0.00014980431702958666,32
48,1.1780972450961724,0.019523669739999999,40799.999999324929,0.025243267013059057,0.00014886459896452548,32
48,1.1780972450961724,0.019523669739999999,40899.999999345302,0.025282739037309872,0.00017713606235548977,32
48,1.1780972450961724,0.019523669739999999,40999.999999365675,0.025120334570464212,0.00016007892435690414,32
48,1.1780972450961724,0.019523669739999999,41099.999999386047,0.025354109014666962,0.00018182384537963198,32
48,1.1780972450961724,0.019523669739999999,41199.99999940642,0.024996251232579338,0.00018554411118913841,32
48,1.1780972450961724,0.019523669739999999,41299.999999426793,0.025352335204340548,0.00016416363168626891,32
48,1.1780972450961724,0.019523669739999999,41399.999999447165,0.02523765086437452,0.00015111566263792698,32
48,1.1780972450961724,0.019523669739999999,41499.999999467538,0.025196505765333874,0.00016906968006115687,32
48,1.1780972450961724,0.019523669739999999,41599.999999487911,0.025251243516322307,0.00020994685469590354,32
48,1.1780972450961724,0.019523669739999999,41699.999999508284,0.025150650274658005,0.00014214648219627822,32
48,1.1780972450961724,0.019523669739999999,41799.999999528656,0.025151118348229279,0.0001568762547337109,32
48,1.1780972450961724,0.019523669739999999,41899.999999549029,0.025322396932168874,0.00015122917221994746,32
48,1.1780972450961724,0.019523669739999999,41999.999999569402,0.0251271916027123,0.00010230811812143494,32
48,1.1780972450961724,0.019523669739999999,42099.999999589774,0.025329773165335877,0.00020466545575282034,32
48,1.1780972450961724,0.019523669739999999,42199.999999610147,0.025539943296048331,0.00015917681432378106,32
48,1.1780972450961724,0.019523669739999999,42299.99999963052,0.025320513796125238,0.00016291395087270495,32
48,1.1780972450961724,0.019523669739999999,42399.999999650892,0.025407271429755286,0.00013699337524340587,32
48,1.1780972450961724,0.019523669739999999,42499.999999671265,0.025275194478475534,0.00016308342722170415,32
48,1.1780972450961724,0.019523669739999999,42599.999999691638,0.025131970154739013,0.00016964918687904424,32
48,1.1780972450961724,0.019523669739999999,42699.99999971201,0.025166061918443117,0.00014434151301411356,32
48,1.1780972450961724,0.019523669739999999,42799.999999732383,0.025205821468182368,0.00014444446550197163,32
48,1.1780972450961724,0.019523669739999999,42899.999999752756,0.025478816610023058,0.00014352023893401342,32
48,1.1780972450961724,0.019523669739999999,42999.999999773128,0.025189408563406613,0.00016296588085748726,32
48,1.1780972450961724,0.019523669739999999,43099.999999793501,0.025502799085469124,0.00017319486742489412,32
48,1.1780972450961724,0.019523669739999999,43199.999999813874,0.025428844059326806,0.0001202662730401288,32
48,1.1780972450961724,0.019523669739999999,43299.999999834246,0.025541960818365971,0.00014260344919881133,32
48,1.1780972450961724,0.019523669739999999,43399.999999854619,0.025414219966358915,0.00016679473823471552,32
48,1.1780972450961724,0.019523669739999999,43499.999999874992,0.025185231746726308,0.00013411137928558326,32
48,1.1780972450961724,0.019523669739999999,43599.999999895364,0.025230788914813566,0.00019819637111499525,32
48,1.1780972450961724,0.019523669739999999,43699.999999915737,0.025286325189409067,0.00014711528151547404,32
48,1.1780972450961724,0.019523669739999999,43799.99999993611,0.025369081705257906,0.00016027702737661813,32
48,1.1780972450961724,0.019523669739999999,43899.999999956482,0.025456242263051713,0.00016774426759361035,32
48,1.1780972450961724,0.019523669739999999,43999.999999976855,0.025335267176380811,0.00015036607750446197,32
48,1.1780972450961724,0.019523669739999999,44099.999999997228,0.025436750019336898,0.00015829851571667121,32
48,1.1780972450961724,0.019523669739999999,44200.000000017601,0.025343555966406389,0.00015571910735638549,32
48,1.1780972450961724,0.019523669739999999,44300.000000037973,0.025378152389863066,0.0001672866223042894,32
48,1.1780972450961724,0.019523669739999999,44400.000000058346,0.025469778147851785,0.0001717522945841804,32
48,1.1780972450961724,0.019523669739999999,44500.000000078719,0.025286858228428254,0.00012869705545966777,32
48,1.1780972450961724,0.019523669739999999,44600.000000099091,0.025132241506418913,0.00014670822299703089,32
48,1.1780972450961724,0.019523669739999999,44700.000000119464,0.02564635856992933,0.00019146725994304543,32
48,1.1780972450961724,0.019523669739999999,44800.000000139837,0.025552190424992065,0.00017397706192023241,32
48,1.1780972450961724,0.019523669739999999,44900.000000160209,0.025317284065008848,0.00015392419395450664,32
48,1.1780972450961724,0.019523669739999999,45000.000000180582,0.025255111437102472,0.00015583441805185901,32
48,1.1780972450961724,0.019523669739999999,45100.000000200955,0.025269182511074625,0.00015776481300474519,32
48,1.1780972450961724,0.019523669739999999,45200.000000221327,0.025286811332298108,0.00012846276273328138,32
48,1.1780972450961724,0.019523669739999999,45300.0000002417,0.025250830697849599,0.00011389928465577005,32
48,1.1780972450961724,0.019523669739999999,45400.000000262073,0.025381055073306184,0.00011530563639235781,32
48,1.1780972450961724,0.019523669739999999,45500.000000282445,0.025555983074266639,0.00015533861584793486,32
48,1.1780972450961724,0.019523669739999999,45600.000000302818,0.025121009301112083,0.00017643359823836757,32
48,1.1780972450961724,0.019523669739999999,45700.000000323191,0.025325977272088861,0.00014709525503630737,32
48,1.1780972450961724,0.019523669739999999,45800.000000343563,0.025199851841442231,0.00017181484113168658,32
48,1.1780972450961724,0.019523669739999999,45900.000000363936,0.025218394726032101,0.00014249824909246656,32
48,1.1780972450961724,0.019523669739999999,46000.000000384309,0.025482027754596528,0.00018014607917351064,32
48,1.1780972450961724,0.019523669739999999,46100.000000404681,0.025130282273540867,0.00017534986892350944,32
48,1.1780972450961724,0.019523669739999999,46200.000000425054,0.025312957040350064,0.00013968356338522021,32
48,1.1780972450961724,0.019523669739999999,46300.000000445427,0.025198374738249776,0.00017191664731015617,32
48,1.1780972450961724,0.019523669739999999,46400.0000004658,0.025211205730705216,0.00014809374721141193,32
48,1.1780972450961724,0.019523669739999999,46500.000000486172,0.025322411451423676,0.00015079362738674223,32
48,1.1780972450961724,0.019523669739999999,46600.000000506545,0.025566242169906751,0.00014011105407433884,32
48,1.1780972450961724,0.019523669739999999,46700.000000526918,0.025169768435524979,0.00016294008805858891,32
48,1.1780972450961724,0.019523669739999999,46800.00000054729,0.025274983811563841,0.00015094007925739054,32
48,1.1780972450961724,0.019523669739999999,46900.000000567663,0.02516384612337353,0.00013956516949650816,32
48,1.1780972450961724,0.019523669739999999,47000.000000588036,0.025268696901946233,0.0001545639823205662,32
48,1.1780972450961724,0.019523669739999999,47100.000000608408,0.025158868190625523,0.00013166891936412851,32
48,1.1780972450961724,0.019523669739999999,47200.000000628781,0.025463497045469088,0.00016034814125379514,32
48,1.1780972450961724,0.019523669739999999,47300.000000649154,0.025615886496931695,0.00014698698367407201,32
48,1.1780972450961724,0.019523669739999999,47400.000000669526,0.02514995421203212,0.00014960094925136477,32
48,1.1780972450961724,0.019523669739999999,47500.000000689899,0.025257180135659106,0.00014137667723996576,32
48,1.1780972450961724,0.019523669739999999,47600.000000710272,0.025297476961760709,0.00015373618942831716,32
48,1.1780972450961724,0.019523669739999999,47700.000000730644,0.025050101948165645,0.00016522279775655992,32
48,1.1780972450961724,0.019523669739999999,47800.000000751017,0.025281330247502294,0.0001831815975193103,32
48,1.1780972450961724,0.019523669739999999,47900.00000077139,0.025459367537263133,0.00020260043372953944,32
48,1.1780972450961724,0.019523669739999999,48000.000000791762,0.025495376676814466,0.00015595575306118854,32
48,1.1780972450961724,0.019523669739999999,48100.000000812135,0.025539359454137808,0.00015199664751810551,32
48,1.1780972450961724,0.019523669739999999,48200.000000832508,0.02553391837541057,0.00013993437360876039,32
48,1.1780972450961724,0.019523669739999999,48300.00000085288,0.025683373651867319,0.00013019233159036145,32
48,1.1780972450961724,0.019523669739999999,48400.000000873253,0.025286699508534884,0.00018440818656209642,32
48,1.1780972450961724,0.019523669739999999,48500.000000893626,0.025408165443916719,0.00018395502035325264,32
48,1.1780972450961724,0.019523669739999999,48600.000000913999,0.025291855016948552,0.00016498425893629522,32
48,1.1780972450961724,0.019523669739999999,48700.000000934371,0.025174075379266275,0.00012914209406289368,32
48,1.1780972450961724,0.019523669739999999,48800.000000954744,0.025233348431534377,0.00016834855988606822,32
48,1.1780972450961724,0.019523669739999999,48900.000000975117,0.025370780280933699,0.00017764740501623492,32
48,1.1780972450961724,0.019523669739999999,49000.000000995489,0.0253663987691863,0.00015456529421525422,32
48,1.1780972450961724,0.019523669739999999,49100.000001015862,0.02537003336303827,0.00016952052939605313,32
48,1.1780972450961724,0.019523669739999999,49200.000001036235,0.025434422248087656,0.00014063133742168521,32
48,1.1780972450961724,0.019523669739999999,49300.000001056607,0.025185019652087907,0.00018132753147353427,32
48,1.1780972450961724,0.019523669739999999,49400.00000107698,0.025201802970976312,0.00015781001306703669,32
48,1.1780972450961724,0.019523669739999999,49500.000001097353,0.025439718856442559,0.00013169777096453238,32
48,1.1780972450961724,0.019523669739999999,49600.000001117725,0.024989798507070924,0.00017073122986302201,32
48,1.1780972450961724,0.019523669739999999,49700.000001138098,0.025494040340446566,0.00015525594232398485,32
48,1.1780972450961724,0.019523669739999999,49800.000001158471,0.025557403416509316,0.00015382034818401668,32
48,1.1780972450961724,0.019523669739999999,49900.000001178843,0.025052590707498861,0.00016764838478004353,32
48,1.1780972450961724,0.019523669739999999,50000.000001199216,0.025266240645267335,0.00017139608465387463,32
64,1.5707963267948966,0.03407554284,100.00000000001425,0.025368678549319918,0.00012437371503665336,32
64,1.5707963267948966,0.03407554284,199.99999999996308,0.025558632392390861,0.0001394615009113618,32
64,1.5707963267948966,0.03407554284,299.99999999987216,0.025491098853942119,0.00011401912627298687,32
64,1.5707963267948966,0.03407554284,399.99999999978121,0.025492835894106364,0.0001130638930669081,32
64,1.5707963267948966,0.03407554284,499.99999999969026,0.025496706055324645,0.00012412080406574356,32
64,1.5707963267948966,0.03407554284,599.99999999959937,0.025370557744458365,0.00010732306490164431,32
64,1.5707963267948966,0.03407554284,699.99999999950842,0.025327849548169523,0.00013844737227449203,32
64,1.5707963267948966,0.03407554284,799.99999999941747,0.025640035002087783,0.00012632613640050543,32
64,1.5707963267948966,0.03407554284,899.99999999932652,0.025610647026062239,0.0001324540782015709,32
64,1.5707963267948966,0.03407554284,999.99999999923557,0.025278498320804099,0.00013286511134920896,32
64,1.5707963267948966,0.03407554284,1099.9999999991446,0.025516186949323821,0.00013067833507243506,32
64,1.5707963267948966,0.03407554284,1199.9999999990537,0.025566303916385449,0.00013994965445334617,32
64,1.5707963267948966,0.03407554284,1299.9999999989627,0.025369771398749429,0.00012484240718884661,32
64,1.5707963267948966,0.03407554284,1399.9999999988718,0.025545822260114624,0.0001401369307104649,32
64,1.5707963267948966,0.03407554284,1499.9999999987808,0.025504471676837028,0.00014940537007250099,32
64,1.5707963267948966,0.03407554284,1599.9999999986899,0.025417914713463274,0.00011423026151072465,32
64,1.5707963267948966,0.03407554284,1699.9999999985989,0.025223439600363894,0.00013657085276916949,32
64,1.5707963267948966,0.03407554284,1799.999999998508,0.025580213517681853,0.00014102579404024946,32
64,1.5707963267948966,0.03407554284,1899.999999998417,0.025461842369313759,0.00012235520237640561,32
64,1.5707963267948966,0.03407554284,1999.9999999983261,0.025608910420751689,0.00013243524111569084,32
64,1.5707963267948966,0.03407554284,2099.9999999994175,0.025635612233269444,0.00013450810131785079,32
64,1.5707963267948966,0.03407554284,2200.0000000016003,0.025449071979920006,0.00015163140506646523,32
64,1.5707963267948966,0.03407554284,2300.000000003783,0.025320863433362144,0.00010885152575120926,32
64,1.5707963267948966,0.03407554284,2400.0000000059658,0.025519418991144131,0.00014203201671517853,32
64,1.5707963267948966,0.03407554284,2500.0000000081486,0.025319004506134141,0.0001281782003037366,32
64,1.5707963267948966,0.03407554284,2600.0000000103314,0.025259394858662115,0.00011902071057731472,32
64,1.5707963267948966,0.03407554284,2700.0000000125142,0.02537626690460313,0.00012509118075422333,32
64,1.5707963267948966,0.03407554284,2800.000000014697,0.025481798738795976,0.00011651630685737476,32
64,1.5707963267948966,0.03407554284,2900.0000000168798,0.025586392908843729,0.00013410776371036682,32
64,1.5707963267948966,0.03407554284,3000.0000000190626,0.025363070925491876,0.00012811608951857862,32
64,1.5707963267948966,0.03407554284,3100.0000000212453,0.025128844531256956,0.00011115537250899143,32
64,1.5707963267948966,0.03407554284,3200.0000000234281,0.025448224806571218,0.0001437995175572198,32
64,1.5707963267948966,0.03407554284,3300.0000000256109,0.025698144827608405,0.0001154276248263647,32
64,1.5707963267948966,0.03407554284,3400.0000000277937,0.025171013173567468,0.00012492000599431262,32
64,1.5707963267948966,0.03407554284,3500.0000000299765,0.025414724903318395,0.00011960993681182629,32
64,1.5707963267948966,0.03407554284,3600.0000000321593,0.025377849172290041,0.00016558857092256274,32
64,1.5707963267948966,0.03407554284,3700.0000000343421,0.025329643752792178,0.00014579524619351219,32
64,1.5707963267948966,0.03407554284,3800.0000000365249,0.025416442806054356,0.00011992573503120905,32
64,1.5707963267948966,0.03407554284,3900.0000000387076,0.025407547496633896,0.00010453899031841218,32
64,1.5707963267948966,0.03407554284,4000.0000000408904,0.025477612262519787,0.0001388786082903146,32
64,1.5707963267948966,0.03407554284,4100.0000000430728,0.025436470697640472,0.00012073468959353582,32
64,1.5707963267948966,0.03407554284,4200.0000000452555,0.025385342916486968,0.00011518868749375472,32
64,1.5707963267948966,0.03407554284,4300.0000000474383,0.025290614418920145,0.00012032119591628411,32
64,1.5707963267948966,0.03407554284,4400.0000000496211,0.025504155084930598,0.00011973017159600628,32
64,1.5707963267948966,0.03407554284,4500.0000000518039,0.025271706929454917,0.00013464825779786665,32
64,1.5707963267948966,0.03407554284,4600.0000000539867,0.025435756688585252,0.00011872012191427845,32
64,1.5707963267948966,0.03407554284,4700.0000000561695,0.025434392633583294,0.00013747761535488613,32
64,1.5707963267948966,0.03407554284,4800.0000000583523,0.025440994014258221,0.00010188450543898338,32
64,1.5707963267948966,0.03407554284,4900.0000000605351,0.02550882792452926,0.00011973510840073997,32
64,1.5707963267948966,0.03407554284,5000.0000000627178,0.025349755788906931,0.00014329428587123814,32
64,1.5707963267948966,0.03407554284,5100.0000000649006,0.025267569382183303,0.00010929013667494184,32
64,1.5707963267948966,0.03407554284,5200.0000000670834,0.025436404394697399,0.0001219829788798721,32
64,1.5707963267948966,0.03407554284,5300.0000000692662,0.025252425722983824,0.00013172598377496087,32
64,1.5707963267948966,0.03407554284,5400.000000071449,0.025656023418926834,0.0001176804149502766,32
64,1.5707963267948966,0.03407554284,5500.0000000736318,0.025220072703276496,0.00011189051622181234,32
64,1.5707963267948966,0.03407554284,5600.0000000758146,0.025497604190529519,0.00012650066440318187,32
64,1.5707963267948966,0.03407554284,5700.0000000779974,0.02561199744198709,0.00012415505974082809,32
64,1.5707963267948966,0.03407554284,5800.0000000801801,0.0254236745830369,0.00014425510217253387,32
64,1.5707963267948966,0.03407554284,5900.0000000823629,0.025420546023435794,0.00012236135935338733,32
64,1.5707963267948966,0.03407554284,6000.0000000845457,0.025518713669257412,0.0001468436674701855,32
64,1.5707963267948966,0.03407554284,6100.0000000867285,0.02539165851936355,0.000147838062629082,32
64,1.5707963267948966,0.03407554284,6200.0000000889113,0.025367900114711066,0.000127334233631802,32
64,1.5707963267948966,0.03407554284,6300.0000000910941,0.025337219072803854,0.0001250254319004218,32
64,1.5707963267948966,0.03407554284,6400.0000000932769,0.025568581182618004,0.00012609869478509973,32
64,1.5707963267948966,0.03407554284,6500.0000000954597,0.025412611256125976,0.0001074901477929338,32
64,1.5707963267948966,0.03407554284,6600.0000000976424,0.025523204522936081,0.00014087369656626305,32
64,1.5707963267948966,0.03407554284,6700.0000000998252,0.025446001819629336,0.00013373234784203985,32
64,1.5707963267948966,0.03407554284,6800.000000102008,0.025294802540684436,0.00013253274932322661,32
64,1.5707963267948966,0.03407554284,6900.0000001041908,0.025540903517365713,0.00013627104552440121,32
64,1.5707963267948966,0.03407554284,7000.0000001063736,0.02540656876023209,0.00013497540979728586,32
64,1.5707963267948966,0.03407554284,7100.0000001085564,0.025412128102090686,0.00013160986904221388,32
64,1.5707963267948966,0.03407554284,7200.0000001107392,0.025233148699713787,0.00013147495532004827,32
64,1.5707963267948966,0.03407554284,7300.000000112922,0.025420414302532619,8.5846869335673426e-05,32
64,1.5707963267948966,0.03407554284,7400.0000001151047,0.025465989742231236,0.00010991978714823073,32
64,1.5707963267948966,0.03407554284,7500.0000001172875,0.025555875468504206,0.00012253792564660262,32
64,1.5707963267948966,0.03407554284,7600.0000001194703,0.025043092539016609,0.00015657464147316499,32
64,1.5707963267948966,0.03407554284,7700.0000001216531,0.025457611878118729,0.0001447777163421844,32
64,1.5707963267948966,0.03407554284,7800.0000001238359,0.025615789361089426,0.00011742590080806015,32
64,1.5707963267948966,0.03407554284,7900.0000001260187,0.025415993821276604,0.00012275511681153747,32
64,1.5707963267948966,0.03407554284,8000.0000001282015,0.025319919098529944,0.00011029887195132495,32
64,1.5707963267948966,0.03407554284,8100.0000001303843,0.025425995905713521,0.00013544113491551716,32
64,1.5707963267948966,0.03407554284,8200.0000001325661,0.025472687698835803,0.00014796924738601705,32
64,1.5707963267948966,0.03407554284,8300.0000001347489,0.025505003273610799,0.00012405617232573237,32
64,1.5707963267948966,0.03407554284,8400.0000001369317,0.02559533692434628,0.00011072762203506924,32
64,1.5707963267948966,0.03407554284,8500.0000001391145,0.025411698639602406,0.00012397667114108783,32
64,1.5707963267948966,0.03407554284,8600.0000001412973,0.025363328134849414,0.00015587029885501231,32
64,1.5707963267948966,0.03407554284,8700.0000001434801,0.025307682000142849,0.00011010245780173504,32
64,1.5707963267948966,0.03407554284,8800.0000001456629,0.025340608944913558,0.0001268593514577391,32
64,1.5707963267948966,0.03407554284,8900.0000001478456,0.025371281249301304,0.00011442074913304692,32
64,1.5707963267948966,0.03407554284,9000.0000001500284,0.02532723638695266,0.00010411057519916596,32
64,1.5707963267948966,0.03407554284,9100.0000001522112,0.025359413580763265,0.00015705224299192381,32
64,1.5707963267948966,0.03407554284,9200.000000154394,0.025256591695588238,0.0001288604448266449,32
64,1.5707963267948966,0.03407554284,9300.0000001565768,0.025482223534987834,0.00011176160232365672,32
64,1.5707963267948966,0.03407554284,9400.0000001587596,0.025355330596310191,0.00013016437022392766,32
64,1.5707963267948966,0.03407554284,9500.0000001609424,0.025374057126379936,0.00012403869201257469,32
64,1.5707963267948966,0.03407554284,9600.0000001631252,0.025371384535157186,0.00013442873598074474,32
64,1.5707963267948966,0.03407554284,9700.0000001653079,0.02531319440148945,0.00010922687304240645,32
64,1.5707963267948966,0.03407554284,9800.0000001674907,0.025606460111889075,0.00014683995800910906,32
64,1.5707963267948966,0.03407554284,9900.0000001696735,0.025261465846041792,0.00014624190079793833,32
64,1.5707963267948966,0.03407554284,10000.000000171856,0.025402870556719269,0.00012532428046769441,32
64,1.5707963267948966,0.03407554284,10100.000000174039,0.025350983044700768,0.00014051390868513941,32
64,1.5707963267948966,0.03407554284,10200.000000176222,0.025575359708212658,0.00014345066551644294,32
64,1.5707963267948966,0.03407554284,10300.000000178405,0.025367417468227307,0.00012815465371811234,32
64,1.5707963267948966,0.03407554284,10400.000000180587,0.025600243080681165,0.00011408897390580115,32
64,1.5707963267948966,0.03407554284,10500.00000018277,0.025471659582507081,0.00012149575640645982,32
64,1.5707963267948966,0.03407554284,10600.000000184953,0.025399218818221606,0.00011640935125897795,32
64,1.5707963267948966,0.03407554284,10700.000000187136,0.025444967164304839,0.00012332352747982772,32
64,1.5707963267948966,0.03407554284,10800.000000189319,0.025618898417354583,0.00011042817688818966,32
64,1.5707963267948966,0.03407554284,10900.000000191501,0.025451498728516493,0.00013767737354888435,32
64,1.5707963267948966,0.03407554284,11000.000000193684,0.025496747095319707,0.0001496826973742548,32
64,1.5707963267948966,0.03407554284,11100.000000195867,0.025267223365751247,0.0001281126958233883,32
64,1.5707963267948966,0.03407554284,11200.00000019805,0.025481438805223973,0.00015069587238024606,32
64,1.5707963267948966,0.03407554284,11300.000000200233,0.025407207046261825,0.00014031424867388156,32
64,1.5707963267948966,0.03407554284,11400.000000202415,0.0251283074705555,0.00013055006535876021,32
64,1.5707963267948966,0.03407554284,11500.000000204598,0.025214587252478774,0.00012517784997563873,32
64,1.5707963267948966,0.03407554284,11600.000000206781,0.025353662775817659,0.00013764311746163529,32
64,1.5707963267948966,0.03407554284,11700.000000208964,0.025626381318141607,0.00011823488777074546,32
64,1.5707963267948966,0.03407554284,11800.000000211146,0.025284982434175617,0.00012495310815757829,32
64,1.5707963267948966,0.03407554284,11900.000000213329,0.025276515428681923,0.00012392231590207986,32
64,1.5707963267948966,0.03407554284,12000.000000215512,0.025331845021537337,0.00014080360896844048,32
64,1.5707963267948966,0.03407554284,12100.000000217695,0.025525716890318399,0.00012710724311015652,32
64,1.5707963267948966,0.03407554284,12200.000000219878,0.025566024388464205,0.00012893964699210695,32
64,1.5707963267948966,0.03407554284,12300.00000022206,0.025229203958601076,0.00011794370518846144,32
64,1.5707963267948966,0.03407554284,12400.000000224243,0.025336420085900081,0.00013243221025681877,32
64,1.5707963267948966,0.03407554284,12500.000000226426,0.025164565321076904,0.00012037590877250062,32
64,1.5707963267948966,0.03407554284,12600.000000228609,0.025320966078286048,9.5844415842501586e-05,32
64,1.5707963267948966,0.03407554284,12700.000000230792,0.025558429719838256,9.4959006308770872e-05,32
64,1.5707963267948966,0.03407554284,12800.000000232974,0.025344832216084797,0.0001140373434356307,32
64,1.5707963267948966,0.03407554284,12900.000000235157,0.025247881631567923,0.0001320202383662822,32
64,1.5707963267948966,0.03407554284,13000.00000023734,0.025452082385227365,0.00010047341747023545,32
64,1.5707963267948966,0.03407554284,13100.000000239523,0.02543109944162248,0.00011382547652747998,32
64,1.5707963267948966,0.03407554284,13200.000000241705,0.025502304146816503,0.00012979641367388866,32
64,1.5707963267948966,0.03407554284,13300.000000243888,0.025326410963012073,0.00013636417415170715,32
64,1.5707963267948966,0.03407554284,13400.000000246071,0.025173920813522727,0.00013254522525790751,32
64,1.5707963267948966,0.03407554284,13500.000000248254,0.025361701104730062,0.00014364339194089176,32
64,1.5707963267948966,0.03407554284,13600.000000250437,0.025428113755512186,0.00014550118829047853,32
64,1.5707963267948966,0.03407554284,13700.000000252619,0.02547278415225222,0.00011019022420715245,32
64,1.5707963267948966,0.03407554284,13800.000000254802,0.02550239154840005,0.00013816403141348157,32
64,1.5707963267948966,0.03407554284,13900.000000256985,0.025361384985927719,0.00011180446029597546,32
64,1.5707963267948966,0.03407554284,14000.000000259168,0.025405637025296472,0.00011677865657589744,32
64,1.5707963267948966,0.03407554284,14100.000000261351,0.025303607599370385,0.00011792884713611897,32
64,1.5707963267948966,0.03407554284,14200.000000263533,0.025442621184511512,0.00010357986573948246,32
64,1.5707963267948966,0.03407554284,14300.000000265716,0.025318540859581913,0.00013600033281730355,32
64,1.5707963267948966,0.03407554284,14400.000000267899,0.02542768524981797,0.00011525519459890533,32
64,1.5707963267948966,0.03407554284,14500.000000270082,0.025266571565773298,0.00014143837263902938,32
64,1.5707963267948966,0.03407554284,14600.000000272265,0.025373395717694262,0.0001300829723572377,32
64,1.5707963267948966,0.03407554284,14700.000000274447,0.025342332223590593,0.00011777137840410072,32
64,1.5707963267948966,0.03407554284,14800.00000027663,0.025284937817913158,0.00011474947191695439,32
64,1.5707963267948966,0.03407554284,14900.000000278813,0.025423568135474736,0.00013126387815630346,32
64,1.5707963267948966,0.03407554284,15000.000000280996,0.025503434419704124,0.0001217689889879978,32
64,1.5707963267948966,0.03407554284,15100.000000283178,0.025377005389985996,0.00011998662718526198,32
64,1.5707963267948966,0.03407554284,15200.000000285361,0.025458705235349495,9.5358547027390525e-05,32
64,1.5707963267948966,0.03407554284,15300.000000287544,0.025403351358756134,0.00012931991530390084,32
64,1.5707963267948966,0.03407554284,15400.000000289727,0.025401676666798708,0.00011434398166544136,32
64,1.5707963267948966,0.03407554284,15500.00000029191,0.025332588306908238,0.00012960036377696494,32
64,1.5707963267948966,0.03407554284,15600.000000294092,0.025321673342219405,0.00011194674705147618,32
64,1.5707963267948966,0.03407554284,15700.000000296275,0.025542096357432056,0.00012806050904821668,32
64,1.5707963267948966,0.03407554284,15800.000000298458,0.025524823426764091,0.00013945031291260978,32
64,1.5707963267948966,0.03407554284,15900.000000300641,0.025551672053573522,0.00013834062213330368,32
64,1.5707963267948966,0.03407554284,16000.000000302824,0.025408281416418339,0.00012926916412843485,32
64,1.5707963267948966,0.03407554284,16100.000000305006,0.025486704459652794,0.00014136507305977423,32
64,1.5707963267948966,0.03407554284,16200.000000307189,0.025475750536779741,0.00013011712645803218,32
64,1.5707963267948966,0.03407554284,16300.000000309372,0.025406211138375243,0.00011139540500934635,32
64,1.5707963267948966,0.03407554284,16400.000000308642,0.025511133363280755,0.00013530595436245696,32
64,1.5707963267948966,0.03407554284,16500.000000292635,0.025552655985601153,0.00014664620714214749,32
64,1.5707963267948966,0.03407554284,16600.000000276628,0.025355687239014952,0.00012650246408587164,32
64,1.5707963267948966,0.03407554284,16700.000000260621,0.025463703312895648,0.00013908014950542486,32
64,1.5707963267948966,0.03407554284,16800.000000244614,0.025341585570847393,0.00010729431976981381,32
64,1.5707963267948966,0.03407554284,16900.000000228607,0.025253187570499158,0.00010263247638354318,32
64,1.5707963267948966,0.03407554284,17000.0000002126,0.025555889789001709,0.00012026926472320104,32
64,1.5707963267948966,0.03407554284,17100.000000196593,0.025166891787386847,0.00012336002264336373,32
64,1.5707963267948966,0.03407554284,17200.000000180586,0.025185347575937368,0.00012780494628852719,32
64,1.5707963267948966,0.03407554284,17300.000000164579,0.025424500748874864,0.0001434935022352502,32
64,1.5707963267948966,0.03407554284,17400.000000148571,0.025358410320955996,0.00012861049458757164,32
64,1.5707963267948966,0.03407554284,17500.000000132564,0.025273695329998406,0.00012758837568444857,32
64,1.5707963267948966,0.03407554284,17600.000000116557,0.025531308864151184,0.00010610865064871788,32
64,1.5707963267948966,0.03407554284,17700.00000010055,0.025424905302751662,0.00012460936711378674,32
64,1.5707963267948966,0.03407554284,17800.000000084543,0.025589997762094231,0.00013153903409364242,32
64,1.5707963267948966,0.03407554284,17900.000000068536,0.025319300511897007,0.00013442418878245528,32
64,1.5707963267948966,0.03407554284,18000.000000052529,0.025257506790160266,0.00013164006918074195,32
64,1.5707963267948966,0.03407554284,18100.000000036522,0.02545275757739502,0.00013211796363717538,32
64,1.5707963267948966,0.03407554284,18200.000000020515,0.02551104935279884,0.00013207318428158014,32
64,1.5707963267948966,0.03407554284,18300.000000004507,0.025286056831991602,0.00012312535450031205,32
64,1.5707963267948966,0.03407554284,18399.9999999885,0.025366125884369862,0.00012416324445529297,32
64,1.5707963267948966,0.03407554284,18499.999999972493,0.025224119856313888,0.00014885966941087723,32
64,1.5707963267948966,0.03407554284,18599.999999956486,0.025352535188312212,0.00010991769094327801,32
64,1.5707963267948966,0.03407554284,18699.999999940479,0.025462434116959119,0.00014299071674372154,32
64,1.5707963267948966,0.03407554284,18799.999999924472,0.025614859614501887,0.00013405441057685375,32
64,1.5707963267948966,0.03407554284,18899.999999908465,0.025357384833588275,0.00013851958585077521,32
64,1.5707963267948966,0.03407554284,18999.999999892458,0.025413788208537656,0.00012431941550159042,32
64,1.5707963267948966,0.03407554284,19099.999999876451,0.025294368827623034,0.00012348423372717885,32
64,1.5707963267948966,0.03407554284,19199.999999860443,0.025472340038837013,0.00012726945847936101,32
64,1.5707963267948966,0.03407554284,19299.999999844436,0.02564919385646465,0.00012946907565870153,32
64,1.5707963267948966,0.03407554284,19399.999999828429,0.025476963672619056,0.00011166653915018526,32
64,1.5707963267948966,0.03407554284,19499.999999812422,0.025222327367211222,9.9632463664793867e-05,32
64,1.5707963267948966,0.03407554284,19599.999999796415,0.025466386483328527,0.000137597167228424,32
64,1.5707963267948966,0.03407554284,19699.999999780408,0.025260001626341788,0.00012664196335123964,32
64,1.5707963267948966,0.03407554284,19799.999999764401,0.025566751467387322,0.00013535838428126528,32
64,1.5707963267948966,0.03407554284,19899.999999748394,0.025427968161784775,0.00012073189582586442,32
64,1.5707963267948966,0.03407554284,19999.999999732387,0.02536169323404612,0.00011282711915500753,32
64,1.5707963267948966,0.03407554284,20099.99999971638,0.025490090545752127,0.00013764581643861939,32
64,1.5707963267948966,0.03407554284,20199.999999700372,0.025446612919353059,0.00014291026603452232,32
64,1.5707963267948966,0.03407554284,20299.999999684365,0.025412133475990018,0.00012188037615656787,32
64,1.5707963267948966,0.03407554284,20399.999999668358,0.025448253438616959,0.00010253103391014223,32
64,1.5707963267948966,0.03407554284,20499.999999652351,0.025487153788182691,0.00013898962710080128,32
64,1.5707963267948966,0.03407554284,20599.999999636344,0.025436239479243786,0.00013753015887537867,32
64,1.5707963267948966,0.03407554284,20699.999999620337,0.025848108413910123,0.00012301278075468633,32
64,1.5707963267948966,0.03407554284,20799.99999960433,0.02544976312376419,0.00012509769845897716,32
64,1.5707963267948966,0.03407554284,20899.999999588323,0.025487970344759615,0.00013419100908272053,32
64,1.5707963267948966,0.03407554284,20999.999999572316,0.025410255932812799,0.00012493163482656358,32
64,1.5707963267948966,0.03407554284,21099.999999556308,0.025709271864667052,0.00011722147450519163,32
64,1.5707963267948966,0.03407554284,21199.999999540301,0.02531019700922094,0.00014050841130813739,32
64,1.5707963267948966,0.03407554284,21299.999999524294,0.025523618422719215,0.00013001234100414044,32
64,1.5707963267948966,0.03407554284,21399.999999508287,0.025457945671592382,0.00016269230274697723,32
64,1.5707963267948966,0.03407554284,21499.99999949228,0.025419334751594726,0.0001202656017874969,32
64,1.5707963267948966,0.03407554284,21599.999999476273,0.025168625120500249,0.00011687813749015505,32
64,1.5707963267948966,0.03407554284,21699.999999460266,0.025439977195216214,0.0001417882152264097,32
64,1.5707963267948966,0.03407554284,21799.999999444259,0.025595296379104151,0.00012886535495658816,32
64,1.5707963267948966,0.03407554284,21899.999999428252,0.025430821962687835,0.00012896550653429642,32
64,1.5707963267948966,0.03407554284,21999.999999412245,0.025096210118927039,0.00013378533856564365,32
64,1.5707963267948966,0.03407554284,22099.999999396237,0.025511904023810067,0.00012891900078582731,32
64,1.5707963267948966,0.03407554284,22199.99999938023,0.025303300914568221,0.00010443389139544736,32
64,1.5707963267948966,0.03407554284,22299.999999364223,0.025311433623905227,0.00011891260303747388,32
64,1.5707963267948966,0.03407554284,22399.999999348216,0.025417886303609475,0.0001290711060929627,32
64,1.5707963267948966,0.03407554284,22499.999999332209,0.025474504906725415,0.00014160565299412093,32
64,1.5707963267948966,0.03407554284,22599.999999316202,0.025355761071804272,0.00011457968119129951,32
64,1.5707963267948966,0.03407554284,22699.999999300195,0.025489984119783805,9.5202627401792914e-05,32
64,1.5707963267948966,0.03407554284,22799.999999284188,0.02537614704700376,0.00013712683050298239,32
64,1.5707963267948966,0.03407554284,22899.999999268181,0.025431606483565829,0.00011537223083766228,32
64,1.5707963267948966,0.03407554284,22999.999999252173,0.025231603967592456,0.00015855741312977069,32
64,1.5707963267948966,0.03407554284,23099.999999236166,0.025384468003171495,0.00011023554798799888,32
64,1.5707963267948966,0.03407554284,23199.999999220159,0.025238750311192801,0.0001328718683649484,32
64,1.5707963267948966,0.03407554284,23299.999999204152,0.025371921713622597,0.00012586112964503788,32
64,1.5707963267948966,0.03407554284,23399.999999188145,0.02560548400639763,0.00012832769347782792,32
64,1.5707963267948966,0.03407554284,23499.999999172138,0.025418860244577977,0.00010877560750219357,32
64,1.5707963267948966,0.03407554284,23599.999999156131,0.025507028082301864,0.00013571604811467839,32
64,1.5707963267948966,0.03407554284,23699.999999140124,0.025618687625896686,0.00012368610093715208,32
64,1.5707963267948966,0.03407554284,23799.999999124117,0.025410628665316553,0.00012605862557597274,32
64,1.5707963267948966,0.03407554284,23899.999999108109,0.025430151603302153,0.00015865264696953365,32
64,1.5707963267948966,0.03407554284,23999.999999092102,0.025427688589452026,0.00011747160880360702,32
64,1.5707963267948966,0.03407554284,24099.999999076095,0.02571601698497104,8.129993540757118e-05,32
64,1.5707963267948966,0.03407554284,24199.999999060088,0.025099691445960574,0.00014510395320262512,32
64,1.5707963267948966,0.03407554284,24299.999999044081,0.025526964138756252,0.00010359225539649084,32
64,1.5707963267948966,0.03407554284,24399.999999028074,0.025363913131856226,0.00013298118293204156,32
64,1.5707963267948966,0.03407554284,24499.999999012067,0.025449008213785644,0.00013395836999550631,32
64,1.5707963267948966,0.03407554284,24599.99999899606,0.025498212405682365,0.00010422203728676502,32
64,1.5707963267948966,0.03407554284,24699.999998980053,0.025427674120919799,0.00012289440794944974,32
64,1.5707963267948966,0.03407554284,24799.999998964046,0.025564106698109927,0.00011208661948265518,32
64,1.5707963267948966,0.03407554284,24899.999998948038,0.025398664047075487,0.00015251943323507726,32
64,1.5707963267948966,0.03407554284,24999.999998932031,0.025316735902055788,0.00011909318264197145,32
64,1.5707963267948966,0.03407554284,25099.999998916024,0.025337769043398895,0.00015496511517960952,32
64,1.5707963267948966,0.03407554284,25199.999998900017,0.025283697797972637,0.00011075814846668389,32
64,1.5707963267948966,0.03407554284,25299.99999888401,0.025310738405512928,0.00014330999419216123,32
64,1.5707963267948966,0.03407554284,25399.999998868003,0.025401743987635853,0.00011341762341095203,32
64,1.5707963267948966,0.03407554284,25499.999998851996,0.025393245751930565,0.00014287203034838802,32
64,1.5707963267948966,0.03407554284,25599.999998835989,0.025281249630279414,0.00011879315075244523,32
64,1.5707963267948966,0.03407554284,25699.999998819982,0.025237717951347542,0.00010969946710233073,32
64,1.5707963267948966,0.03407554284,25799.999998803974,0.025487883910967315,0.00012614630369191981,32
64,1.5707963267948966,0.03407554284,25899.999998787967,0.025342795313176823,0.00011606399298158425,32
64,1.5707963267948966,0.03407554284,25999.99999877196,0.025512237341944303,0.00010213398645669032,32
64,1.5707963267948966,0.03407554284,26099.999998755953,0.025395867779987914,0.00014013894084517636,32
64,1.5707963267948966,0.03407554284,26199.999998739946,0.025220947398085818,0.00013322958165788956,32
64,1.5707963267948966,0.03407554284,26299.999998723939,0.025298300795463385,0.00012209126542947463,32
64,1.5707963267948966,0.03407554284,26399.999998707932,0.02533648077627455,0.00012351115856347426,32
64,1.5707963267948966,0.03407554284,26499.999998691925,0.02540014993206011,0.00012882083632417593,32
64,1.5707963267948966,0.03407554284,26599.999998675918,0.025490891647497561,0.00011731081024846736,32
64,1.5707963267948966,0.03407554284,26699.99999865991,0.025501297920043194,0.0001249869170532418,32
64,1.5707963267948966,0.03407554284,26799.999998643903,0.025531033788803854,0.00012254256425354147,32
64,1.5707963267948966,0.03407554284,26899.999998627896,0.025364243472849775,0.0001111230655959043,32
64,1.5707963267948966,0.03407554284,26999.999998611889,0.025334822819751978,0.00011314336756186625,32
64,1.5707963267948966,0.03407554284,27099.999998595882,0.025442771068526684,0.00011034289170251929,32
64,1.5707963267948966,0.03407554284,27199.999998579875,0.025500486117847145,0.00011818914575990729,32
64,1.5707963267948966,0.03407554284,27299.999998563868,0.025444781204305024,0.0001274376947649314,32
64,1.5707963267948966,0.03407554284,27399.999998547861,0.025370489745296557,0.00012854071483650595,32
64,1.5707963267948966,0.03407554284,27499.999998531854,0.025367952523032627,0.00012882944459580308,32
64,1.5707963267948966,0.03407554284,27599.999998515847,0.025351824055781073,0.00010676816671413819,32
64,1.5707963267948966,0.03407554284,27699.999998499839,0.025644345226688774,0.00013772719007464984,32
64,1.5707963267948966,0.03407554284,27799.999998483832,0.025646036469815007,0.00011019816828691377,32
64,1.5707963267948966,0.03407554284,27899.999998467825,0.025620401145020445,0.00011250281820608607,32
64,1.5707963267948966,0.03407554284,27999.999998451818,0.025293460293210224,0.0001435159926055927,32
64,1.5707963267948966,0.03407554284,28099.999998435811,0.025299026562162388,8.4352802939679231e-05,32
64,1.5707963267948966,0.03407554284,28199.999998419804,0.025293441754415894,0.00012172304221500899,32
64,1.5707963267948966,0.03407554284,28299.999998403797,0.025450397088654032,0.00010685345790023631,32
64,1.5707963267948966,0.03407554284,28399.99999838779,0.025396805763895421,0.00012763610362840342,32
64,1.5707963267948966,0.03407554284,28499.999998371783,0.025337474707932729,0.00013213483848457597,32
64,1.5707963267948966,0.03407554284,28599.999998355775,0.025518260383361791,0.00013644225435659237,32
64,1.5707963267948966,0.03407554284,28699.999998339768,0.025258434946315727,0.00012415084590943222,32
64,1.5707963267948966,0.03407554284,28799.999998323761,0.025393146921052195,0.00011007423093100246,32
64,1.5707963267948966,0.03407554284,28899.999998307754,0.025322605653153418,0.00012433971920163529,32
64,1.5707963267948966,0.03407554284,28999.999998291747,0.025415482350740683,0.00012382877608240717,32
64,1.5707963267948966,0.03407554284,29099.99999827574,0.02554401248771368,0.00011174346226210009,32
64,1.5707963267948966,0.03407554284,29199.999998259733,0.025292102771660142,0.00012959315376234704,32
64,1.5707963267948966,0.03407554284,29299.999998243726,0.025172002113070406,0.00012146956258078144,32
64,1.5707963267948966,0.03407554284,29399.999998227719,0.025532476907118046,0.00011938113309738573,32
64,1.5707963267948966,0.03407554284,29499.999998211711,0.025387721215553292,0.00014529757053586512,32
64,1.5707963267948966,0.03407554284,29599.999998195704,0.025398628746513968,0.0001601331585848491,32
64,1.5707963267948966,0.03407554284,29699.999998179697,0.025488510090019831,0.00011464150601559728,32
64,1.5707963267948966,0.03407554284,29799.99999816369,0.0255061579095738,0.00014700688543489569,32
64,1.5707963267948966,0.03407554284,29899.999998147683,0.025355880274874069,0.00012135849413053255,32
64,1.5707963267948966,0.03407554284,29999.999998131676,0.025517826584939247,0.00012351649665351652,32
64,1.5707963267948966,0.03407554284,30099.999998115669,0.025274530926152596,9.8603489501826135e-05,32
64,1.5707963267948966,0.03407554284,30199.999998099662,0.025386682736080766,0.00011985895627534036,32
64,1.5707963267948966,0.03407554284,30299.999998083655,0.025421642335745263,0.00010955081098119364,32
64,1.5707963267948966,0.03407554284,30399.999998067648,0.025309043087388509,0.00013490768038465197,32
64,1.5707963267948966,0.03407554284,30499.99999805164,0.025244488741321253,0.00010759946164077488,32
64,1.5707963267948966,0.03407554284,30599.999998035633,0.025499797977862195,0.00012813751084719737,32
64,1.5707963267948966,0.03407554284,30699.999998019626,0.025306449100779744,8.8152568744198891e-05,32
64,1.5707963267948966,0.03407554284,30799.999998003619,0.025297974385630514,0.00016094834042296391,32
64,1.5707963267948966,0.03407554284,30899.999997987612,0.025485323789571811,0.00011772881605714548,32
64,1.5707963267948966,0.03407554284,30999.999997971605,0.025544171561399803,8.846450053558783e-05,32
64,1.5707963267948966,0.03407554284,31099.999997955598,0.025560455793827517,0.00012616249862088834,32
64,1.5707963267948966,0.03407554284,31199.999997939591,0.025616225435227687,0.00013119931305368988,32
64,1.5707963267948966,0.03407554284,31299.999997923584,0.025356426325715286,0.00015325401910090092,32
64,1.5707963267948966,0.03407554284,31399.999997907576,0.025602264486052236,0.00011793090951557953,32
64,1.5707963267948966,0.03407554284,31499.999997891569,0.025526634464175739,0.00011481248213998591,32
64,1.5707963267948966,0.03407554284,31599.999997875562,0.025443297918697365,0.00012481688329031077,32
64,1.5707963267948966,0.03407554284,31699.999997859555,0.025439137302107371,0.00014176697858431375,32
64,1.5707963267948966,0.03407554284,31799.999997843548,0.025272523564705097,0.00011338639461580934,32
64,1.5707963267948966,0.03407554284,31899.999997827541,0.025246772528267437,0.00014111256293505489,32
64,1.5707963267948966,0.03407554284,31999.999997811534,0.025209230027583299,0.00014982744013767479,32
64,1.5707963267948966,0.03407554284,32099.999997795527,0.025582516873840108,0.00011264823047423773,32
64,1.5707963267948966,0.03407554284,32199.99999777952,0.025436027192919739,0.00014365224085428766,32
64,1.5707963267948966,0.03407554284,32299.999997763513,0.025312621696100428,0.00011467703700931052,32
64,1.5707963267948966,0.03407554284,32399.999997747505,0.025568416578246496,0.00012783529858277162,32
64,1.5707963267948966,0.03407554284,32499.999997731498,0.025256950179330814,0.00016754529970448823,32
64,1.5707963267948966,0.03407554284,32599.999997715491,0.025361591534846468,0.00012503360574525146,32
64,1.5707963267948966,0.03407554284,32699.999997699484,0.025469213994450703,0.00012158007698596392,32
64,1.5707963267948966,0.03407554284,32799.999997695115,0.025616843250122593,0.00010872832362540624,32
64,1.5707963267948966,0.03407554284,32899.999997715488,0.025330498032167539,0.00011410783294995163,32
64,1.5707963267948966,0.03407554284,32999.99999773586,0.025395773639577363,0.00013166168935316218,32
64,1.5707963267948966,0.03407554284,33099.999997756233,0.025312781673799595,0.00012682463226184785,32
64,1.5707963267948966,0.03407554284,33199.999997776606,0.025458089328225617,0.00013504129303433526,32
64,1.5707963267948966,0.03407554284,33299.999997796978,0.025442603922031529,0.00011890054077586235,32
64,1.5707963267948966,0.03407554284,33399.999997817351,0.025480184298265846,0.00011719191296279092,32
64,1.5707963267948966,0.03407554284,33499.999997837724,0.025479976456060972,0.00012268161180656128,32
64,1.5707963267948966,0.03407554284,33599.999997858096,0.025154318520435731,0.00010737953490484076,32
64,1.5707963267948966,0.03407554284,33699.999997878469,0.025410190582131207,0.00011818047965484814,32
64,1.5707963267948966,0.03407554284,33799.999997898842,0.025428960899400988,0.00011280981158898276,32
64,1.5707963267948966,0.03407554284,33899.999997919214,0.02562495887566044,0.00011832834019258323,32
64,1.5707963267948966,0.03407554284,33999.999997939587,0.025487845601802641,0.00014198313690922532,32
64,1.5707963267948966,0.03407554284,34099.99999795996,0.025470302033984291,0.0001377535503594945,32
64,1.5707963267948966,0.03407554284,34199.999997980332,0.025360948243246226,0.0001481671267568231,32
64,1.5707963267948966,0.03407554284,34299.999998000705,0.025404163723613666,0.00013604278648889328,32
64,1.5707963267948966,0.03407554284,34399.999998021078,0.025262454192893431,0.00010633617276888662,32
64,1.5707963267948966,0.03407554284,34499.99999804145,0.025657381441964132,0.00011743150648856015,32
64,1.5707963267948966,0.03407554284,34599.999998061823,0.025573381409763236,0.00012755716184823052,32
64,1.5707963267948966,0.03407554284,34699.999998082196,0.025412808872129305,0.00011276047896874859,32
64,1.5707963267948966,0.03407554284,34799.999998102568,0.025424065023173979,0.00012677225319348323,32
64,1.5707963267948966,0.03407554284,34899.999998122941,0.025611918927274508,0.00011361078627248898,32
64,1.5707963267948966,0.03407554284,34999.999998143314,0.025530287318728202,0.00011909896980811801,32
64,1.5707963267948966,0.03407554284,35099.999998163687,0.025530737014980719,9.1554469527904049e-05,32
64,1.5707963267948966,0.03407554284,35199.999998184059,0.025442497300824003,0.00012521373382106492,32
64,1.5707963267948966,0.03407554284,35299.999998204432,0.025455123701211346,0.0001021223088303141,32
64,1.5707963267948966,0.03407554284,35399.999998224805,0.025615998808328596,0.00013431934468465293,32
64,1.5707963267948966,0.03407554284,35499.999998245177,0.02534045383569446,0.00011897696378571959,32
64,1.5707963267948966,0.03407554284,35599.99999826555,0.025503347055799992,0.00013178387511728995,32
64,1.5707963267948966,0.03407554284,35699.999998285923,0.025480116830559098,0.00010911607828038475,32
64,1.5707963267948966,0.03407554284,35799.999998306295,0.025235498536075953,0.00011038022321639605,32
64,1.5707963267948966,0.03407554284,35899.999998326668,0.025443687902715194,0.00012334528488898406,32
64,1.5707963267948966,0.03407554284,35999.999998347041,0.025429142741269051,0.0001174149086158914,32
64,1.5707963267948966,0.03407554284,36099.999998367413,0.025352625268889751,0.00012677595607968288,32
64,1.5707963267948966,0.03407554284,36199.999998387786,0.025383645145994553,0.00015207841652590699,32
64,1.5707963267948966,0.03407554284,36299.999998408159,0.025537819292777895,0.00013232404628202264,32
64,1.5707963267948966,0.03407554284,36399.999998428531,0.025230941592693967,0.00012505310317682149,32
64,1.5707963267948966,0.03407554284,36499.999998448904,0.025375674881146292,0.00014565066611024548,32
64,1.5707963267948966,0.03407554284,36599.999998469277,0.025376915827943183,0.00016051959116667375,32
64,1.5707963267948966,0.03407554284,36699.999998489649,0.025395141086800695,0.00012900554884116977,32
64,1.5707963267948966,0.03407554284,36799.999998510022,0.025598962245168846,0.00012948261043483868,32
64,1.5707963267948966,0.03407554284,36899.999998530395,0.025233260732713869,0.00014120545334433656,32
64,1.5707963267948966,0.03407554284,36999.999998550767,0.025612346650194552,0.00010415003145903645,32
64,1.5707963267948966,0.03407554284,37099.99999857114,0.025424963263447183,0.0001361315066761154,32
64,1.5707963267948966,0.03407554284,37199.999998591513,0.025263724426962352,0.00012948724384983422,32
64,1.5707963267948966,0.03407554284,37299.999998611886,0.025411882910331949,0.00011127134010561586,32
64,1.5707963267948966,0.03407554284,37399.999998632258,0.02523647994487142,0.00012203387492098361,32
64,1.5707963267948966,0.03407554284,37499.999998652631,0.025553613928110393,0.00013511903293460476,32
64,1.5707963267948966,0.03407554284,37599.999998673004,0.025338796313812011,0.00011941446244583962,32
64,1.5707963267948966,0.03407554284,37699.999998693376,0.02558112340463552,0.00013905566982935134,32
64,1.5707963267948966,0.03407554284,37799.999998713749,0.025097538774293195,0.00012479060356468735,32
64,1.5707963267948966,0.03407554284,37899.999998734122,0.02538178491775701,0.00013996254574863385,32
64,1.5707963267948966,0.03407554284,37999.999998754494,0.025301406543396059,0.00013946524279788937,32
64,1.5707963267948966,0.03407554284,38099.999998774867,0.025564347018321214,0.00010514411275405111,32
64,1.5707963267948966,0.03407554284,38199.99999879524,0.025256978868754242,0.00012205883699481395,32
64,1.5707963267948966,0.03407554284,38299.999998815612,0.025640495271630225,9.4647983550800338e-05,32
64,1.5707963267948966,0.03407554284,38399.999998835985,0.025642781240791009,0.00010630005478974931,32
64,1.5707963267948966,0.03407554284,38499.999998856358,0.025253516162996779,0.00012144740375073601,32
64,1.5707963267948966,0.03407554284,38599.99999887673,0.025308756209484674,0.00013707547435710404,32
64,1.5707963267948966,0.03407554284,38699.999998897103,0.025486981808074443,0.00014363498604810855,32
64,1.5707963267948966,0.03407554284,38799.999998917476,0.025339515013790004,0.00012339335128103948,32
64,1.5707963267948966,0.03407554284,38899.999998937848,0.025354934152258649,0.00012444814470538321,32
64,1.5707963267948966,0.03407554284,38999.999998958221,0.025039751344569837,0.00013135692940255511,32
64,1.5707963267948966,0.03407554284,39099.999998978594,0.025367333186959093,0.00014069187247135319,32
64,1.5707963267948966,0.03407554284,39199.999998998966,0.025397053781508947,0.00011779539088477859,32
64,1.5707963267948966,0.03407554284,39299.999999019339,0.025156022972970305,0.00012351386667218482,32
64,1.5707963267948966,0.03407554284,39399.999999039712,0.025656987298442603,0.00010257324504427209,32
64,1.5707963267948966,0.03407554284,39499.999999060085,0.025252996264369255,0.00013967588032281068,32
64,1.5707963267948966,0.03407554284,39599.999999080457,0.025372437278286239,0.00010955939048699768,32
64,1.5707963267948966,0.03407554284,39699.99999910083,0.025348908356268209,0.00011238215739378606,32
64,1.5707963267948966,0.03407554284,39799.999999121203,0.025329144784559523,0.00013675401094269922,32
64,1.5707963267948966,0.03407554284,39899.999999141575,0.025260720976057829,0.00013497882403734878,32
64,1.5707963267948966,0.03407554284,39999.999999161948,0.025333944272923212,0.00012497280872097438,32
64,1.5707963267948966,0.03407554284,40099.999999182321,0.025259533716031842,0.0001362748031328359,32
64,1.5707963267948966,0.03407554284,40199.999999202693,0.025384762085657233,9.7962148542230621e-05,32
64,1.5707963267948966,0.03407554284,40299.999999223066,0.025243047571308967,0.0001004388757935241,32
64,1.5707963267948966,0.03407554284,40399.999999243439,0.025443536014821543,0.00013153244852694626,32
64,1.5707963267948966,0.03407554284,40499.999999263811,0.025672163018726837,0.0001236342190401694,32
64,1.5707963267948966,0.03407554284,40599.999999284184,0.025534528614786188,0.00012562396386145205,32
64,1.5707963267948966,0.03407554284,40699.999999304557,0.025343118984642445,0.00012326038299690297,32
64,1.5707963267948966,0.03407554284,40799.999999324929,0.025395481770930685,0.00012291446327330306,32
64,1.5707963267948966,0.03407554284,40899.999999345302,0.025405207264482116,0.00011542933038852688,32
64,1.5707963267948966,0.03407554284,40999.999999365675,0.025605190703973133,0.00010835484078118755,32
64,1.5707963267948966,0.03407554284,41099.999999386047,0.02538784428424417,0.00015329602398478053,32
64,1.5707963267948966,0.03407554284,41199.99999940642,0.025290748151025774,0.00010105086558143256,32
64,1.5707963267948966,0.03407554284,41299.999999426793,0.025172660038422216,9.7334608222473268e-05,32
64,1.5707963267948966,0.03407554284,41399.999999447165,0.025291358382731798,0.00012476187089090367,32
64,1.5707963267948966,0.03407554284,41499.999999467538,0.025478991438487728,0.00013503004532871795,32
64,1.5707963267948966,0.03407554284,41599.999999487911,0.025493515067521066,0.00013307567619987842,32
64,1.5707963267948966,0.03407554284,41699.999999508284,0.025342921179199167,0.00013017523838748557,32
64,1.5707963267948966,0.03407554284,41799.999999528656,0.025501518546370939,0.00012025459960696323,32
64,1.5707963267948966,0.03407554284,41899.999999549029,0.0252673506164986,0.00012125051374316443,32
64,1.5707963267948966,0.03407554284,41999.999999569402,0.025295834457161992,0.00013196436445740711,32
64,1.5707963267948966,0.03407554284,42099.999999589774,0.025622563200103809,0.00013639004554237029,32
64,1.5707963267948966,0.03407554284,42199.999999610147,0.025433013264094688,0.00011758492260382502,32
64,1.5707963267948966,0.03407554284,42299.99999963052,0.025400622638763862,0.00014951108558407272,32
64,1.5707963267948966,0.03407554284,42399.999999650892,0.025405377744481348,0.00013635373156445105,32
64,1.5707963267948966,0.03407554284,42499.999999671265,0.025397443899796934,0.00014205196915995948,32
64,1.5707963267948966,0.03407554284,42599.999999691638,0.025332725414533023,0.00014731838570916528,32
64,1.5707963267948966,0.03407554284,42699.99999971201,0.025498366125672297,0.00013214405369370188,32
64,1.5707963267948966,0.03407554284,42799.999999732383,0.025291386150029214,0.00014386690266225398,32
64,1.5707963267948966,0.03407554284,42899.999999752756,0.025184569810214618,9.3545913025246309e-05,32
64,1.5707963267948966,0.03407554284,42999.999999773128,0.025242651982979595,0.0001248851154520584,32
64,1.5707963267948966,0.03407554284,43099.999999793501,0.025568080340562772,0.00012781160461603644,32
64,1.5707963267948966,0.03407554284,43199.999999813874,0.025294183256063661,0.0001099081015170258,32
64,1.5707963267948966,0.03407554284,43299.999999834246,0.025322223185148492,0.00012970815757033549,32
64,1.5707963267948966,0.03407554284,43399.999999854619,0.025316838495466194,0.00012534157816686939,32
64,1.5707963267948966,0.03407554284,43499.999999874992,0.02545850608549028,0.00012122453257882283,32
64,1.5707963267948966,0.03407554284,43599.999999895364,0.02529935250292302,0.00014391186226604626,32
64,1.5707963267948966,0.03407554284,43699.999999915737,0.025297947971841733,0.0001087852351268263,32
64,1.5707963267948966,0.03407554284,43799.99999993611,0.025353250846178458,0.00013543361478347883,32
64,1.5707963267948966,0.03407554284,43899.999999956482,0.025509834273568097,0.00012576103540990892,32
64,1.5707963267948966,0.03407554284,43999.999999976855,0.025437036395303446,0.00010720919248428801,32
64,1.5707963267948966,0.03407554284,44099.999999997228,0.025465741619058985,0.00013464893516156921,32
64,1.5707963267948966,0.03407554284,44200.000000017601,0.025368355139067923,0.00012829387466305111,32
64,1.5707963267948966,0.03407554284,44300.000000037973,0.025101886327577379,0.00013376213011664359,32
64,1.5707963267948966,0.03407554284,44400.000000058346,0.025319137333153677,0.00011127150469814184,32
64,1.5707963267948966,0.03407554284,44500.000000078719,0.025300943613840315,0.00013407939773201955,32
64,1.5707963267948966,0.03407554284,44600.000000099091,0.025466981135494848,0.00013730770570232441,32
64,1.5707963267948966,0.03407554284,44700.000000119464,0.025364411137454107,0.00010459683263730744,32
64,1.5707963267948966,0.03407554284,44800.000000139837,0.025457961695737927,0.00012403724965742092,32
64,1.5707963267948966,0.03407554284,44900.000000160209,0.025684568714389091,0.00012797107707323158,32
64,1.5707963267948966,0.03407554284,45000.000000180582,0.025308721223996442,0.00014711600426985528,32
64,1.5707963267948966,0.03407554284,45100.000000200955,0.025412205992164139,0.00012842285750724034,32
64,1.5707963267948966,0.03407554284,45200.000000221327,0.025202071002464629,0.00011402093936755447,32
64,1.5707963267948966,0.03407554284,45300.0000002417,0.025279817939934328,0.00014435884466306728,32
64,1.5707963267948966,0.03407554284,45400.000000262073,0.025523948046357967,0.0001442203567046423,32
64,1.5707963267948966,0.03407554284,45500.000000282445,0.025438496559747462,0.00011724681914695022,32
64,1.5707963267948966,0.03407554284,45600.000000302818,0.025204115272009293,0.00013216094937794066,32
64,1.5707963267948966,0.03407554284,45700.000000323191,0.025429454631201633,0.00011668552917393113,32
64,1.5707963267948966,0.03407554284,45800.000000343563,0.025538319600778649,0.00010543145364670947,32
64,1.5707963267948966,0.03407554284,45900.000000363936,0.025565058748541331,0.00011326353714558129,32
64,1.5707963267948966,0.03407554284,46000.000000384309,0.025433182066743814,0.00011575142926699344,32
64,1.5707963267948966,0.03407554284,46100.000000404681,0.025365137677064688,0.0001425970148610474,32
64,1.5707963267948966,0.03407554284,46200.000000425054,0.025426402972917737,0.00012307372801252572,32
64,1.5707963267948966,0.03407554284,46300.000000445427,0.025219350421221531,0.0001162982195378029,32
64,1.5707963267948966,0.03407554284,46400.0000004658,0.025294751351768681,0.00013341960747351438,32
64,1.5707963267948966,0.03407554284,46500.000000486172,0.025512699046989905,0.00013214848962083819,32
64,1.5707963267948966,0.03407554284,46600.000000506545,0.025519053424322945,0.00013801097864584314,32
64,1.5707963267948966,0.03407554284,46700.000000526918,0.025493652345972728,0.00010758687786075332,32
64,1.5707963267948966,0.03407554284,46800.00000054729,0.025572169775988234,0.00010152311543472212,32
64,1.5707963267948966,0.03407554284,46900.000000567663,0.025563761878850504,0.00014207349060688492,32
64,1.5707963267948966,0.03407554284,47000.000000588036,0.025155738621762028,0.00013222243665612739,32
64,1.5707963267948966,0.03407554284,47100.000000608408,0.025462481415107714,0.00010149225947280183,32
64,1.5707963267948966,0.03407554284,47200.000000628781,0.02560568504058729,0.00011990276777532378,32
64,1.5707963267948966,0.03407554284,47300.000000649154,0.025187103807496412,0.00012335478424893971,32
64,1.5707963267948966,0.03407554284,47400.000000669526,0.025291750228530422,0.00011313300258684293,32
64,1.5707963267948966,0.03407554284,47500.000000689899,0.025377714240794321,0.00011972386521840176,32
64,1.5707963267948966,0.03407554284,47600.000000710272,0.025451848129074493,0.00013886924081946746,32
64,1.5707963267948966,0.03407554284,47700.000000730644,0.025470388193119631,0.00011565874451797204,32
64,1.5707963267948966,0.03407554284,47800.000000751017,0.025326853001520426,0.00014485566153190138,32
64,1.5707963267948966,0.03407554284,47900.00000077139,0.025257500649410292,0.00011555821826074309,32
64,1.5707963267948966,0.03407554284,48000.000000791762,0.025402834664313145,0.00011549320533559151,32
64,1.5707963267948966,0.03407554284,48100.000000812135,0.025240586036515529,0.0001088776525970158,32
64,1.5707963267948966,0.03407554284,48200.000000832508,0.025497443927920107,9.7861391439970827e-05,32
64,1.5707963267948966,0.03407554284,48300.00000085288,0.025296769852231862,0.00012158069421945309,32
64,1.5707963267948966,0.03407554284,48400.000000873253,0.025299363429525799,0.00012996646806556688,32
64,1.5707963267948966,0.03407554284,48500.000000893626,0.025468202320523877,0.00012764688910917276,32
64,1.5707963267948966,0.03407554284,48600.000000913999,0.025322149473616568,0.00015962498725612174,32
64,1.5707963267948966,0.03407554284,48700.000000934371,0.025314009666154096,9.468970319440875e-05,32
64,1.5707963267948966,0.03407554284,48800.000000954744,0.025268495601571652,0.00015090693022678961,32
64,1.5707963267948966,0.03407554284,48900.000000975117,0.025259614437927846,0.00012282001726332439,32
64,1.5707963267948966,0.03407554284,49000.000000995489,0.025245567174938546,0.00012885045852811743,32
64,1.5707963267948966,0.03407554284,49100.000001015862,0.025191609022800269,0.00015389119543717371,32
64,1.5707963267948966,0.03407554284,49200.000001036235,0.025325490540199735,9.7826157931910586e-05,32
64,1.5707963267948966,0.03407554284,49300.000001056607,0.025367000719562653,0.00012984046802665071,32
64,1.5707963267948966,0.03407554284,49400.00000107698,0.025834337536891093,0.00010808257738423526,32
64,1.5707963267948966,0.03407554284,49500.000001097353,0.025454770388920606,0.00013669840065026688,32
64,1.5707963267948966,0.03407554284,49600.000001117725,0.025206966024161531,0.00010529581216324899,32
64,1.5707963267948966,0.03407554284,49700.000001138098,0.025565053085830403,0.000125467832036317,32
64,1.5707963267948966,0.03407554284,49800.000001158471,0.025181295976540195,0.00014908864117907405,32
64,1.5707963267948966,0.03407554284,49900.000001178843,0.02561771751578526,7.9237465286934714e-05,32
64,1.5707963267948966,0.03407554284,50000.000001199216,0.025434661486961958,0.00012006516581544063,32
